"sha256"	"count"	"files"	"total_mb"
"069E0791A565EEBEEF88417BA0864FBA3804136A4583D8DC77C85694030F890F"	"274"	"backups\phase11_autoheal_20250729_143113\module_A\11A_automation_flow_breakpoint_map_READY.py; backups\phase11_autoheal_20250729_143113\module_A\11A_missing_module_detector_READY.py; backups\phase11_autoheal_20250729_143113\module_A\11A_script_health_verifier_READY.py; backups\phase11_autoheal_20250729_143113\module_AA\11AA_failure_memory_builder_READY.py; backups\phase11_autoheal_20250729_143113\module_AA\11AA_risk_adaptive_agent_tuner_READY.py; backups\phase11_autoheal_20250729_143113\module_AA\11AA_self_healing_loop_generator_READY.py; backups\phase11_autoheal_20250729_143113\module_AB\11AB_agent_identity_vault_READY.py; backups\phase11_autoheal_20250729_143113\module_AB\11AB_agent_signature_validator_READY.py; backups\phase11_autoheal_20250729_143113\module_AB\11AB_zero_trust_access_policy_engine_READY.py; backups\phase11_autoheal_20250729_143113\module_B\11B_api_key_leak_checker_READY.py; backups\phase11_autoheal_20250729_143113\module_B\11B_credential_vault_manager_READY.py; backups\phase11_autoheal_20250729_143113\module_B\11B_rate_limit_stress_test_READY.py; backups\phase11_autoheal_20250729_143113\module_C\11C_corruption_recovery_agent_READY.py; backups\phase11_autoheal_20250729_143113\module_C\11C_data_quality_validator_READY.py; backups\phase11_autoheal_20250729_143113\module_C\11C_fail_safe_backup_system_READY.py; backups\phase11_autoheal_20250729_143113\module_D\11D_deployment_readiness_auditor_READY.py; backups\phase11_autoheal_20250729_143113\module_D\11D_failpoint_injection_simulator_READY.py; backups\phase11_autoheal_20250729_143113\module_D\11D_orchestration_consistency_check_READY.py; backups\phase11_autoheal_20250729_143113\module_E\11E_api_health_checker_READY.py; backups\phase11_autoheal_20250729_143113\module_E\11E_bottleneck_profiler_READY.py; backups\phase11_autoheal_20250729_143113\module_E\11E_broken_script_detector_READY.py; backups\phase11_autoheal_20250729_143113\module_E\11E_budget_burn_monitor_READY.py; backups\phase11_autoheal_20250729_143113\module_E\11E_file_folder_cleanup_READY.py; backups\phase11_autoheal_20250729_143113\module_F\11F_agent_performance_log_READY.py; backups\phase11_autoheal_20250729_143113\module_F\11F_error_pattern_analyzer_READY.py; backups\phase11_autoheal_20250729_143113\module_F\11F_redundancy_reducer_READY.py; backups\phase11_autoheal_20250729_143113\module_F\11F_retry_dead_job_scanner_READY.py; backups\phase11_autoheal_20250729_143113\module_G\11G_full_system_audit_report_READY.py; backups\phase11_autoheal_20250729_143113\module_H\11H_dead_api_key_validator_READY.py; backups\phase11_autoheal_20250729_143113\module_H\11H_dependency_graph_audit_READY.py; backups\phase11_autoheal_20250729_143113\module_H\11H_logging_coverage_analyzer_READY.py; backups\phase11_autoheal_20250729_143113\module_H\11H_orphan_file_detector_READY.py; backups\phase11_autoheal_20250729_143113\module_H\11H_output_file_validator_READY.py; backups\phase11_autoheal_20250729_143113\module_H\11H_retry_logic_tester_READY.py; backups\phase11_autoheal_20250729_143113\module_I\11I_ai_decision_watchdog_READY.py; backups\phase11_autoheal_20250729_143113\module_I\11I_broken_link_embed_fixer_READY.py; backups\phase11_autoheal_20250729_143113\module_I\11I_central_config_migration_READY.py; backups\phase11_autoheal_20250729_143113\module_I\11I_cost_overflow_stopper_READY.py; backups\phase11_autoheal_20250729_143113\module_I\11I_fallback_agent_builder_READY.py; backups\phase11_autoheal_20250729_143113\module_I\11I_modularize_orchestration_READY.py; backups\phase11_autoheal_20250729_143113\module_I\11I_rate_limit_guard_READY.py; backups\phase11_autoheal_20250729_143113\module_I\11I_regression_test_runner_READY.py; backups\phase11_autoheal_20250729_143113\module_I\11I_system_wide_retry_limiter_READY.py; backups\phase11_autoheal_20250729_143113\module_J\11J_load_spike_simulator_READY.py; backups\phase11_autoheal_20250729_143113\module_J\11J_memory_leak_detector_READY.py; backups\phase11_autoheal_20250729_143113\module_J\11J_random_failure_injector_READY.py; backups\phase11_autoheal_20250729_143113\module_K\11K_admin_access_checker_READY.py; backups\phase11_autoheal_20250729_143113\module_K\11K_config_tamper_detector_READY.py; backups\phase11_autoheal_20250729_143113\module_K\11K_directory_write_lock_verifier_READY.py; backups\phase11_autoheal_20250729_143113\module_L\11L_output_change_diff_checker_READY.py; backups\phase11_autoheal_20250729_143113\module_L\11L_time_stamped_run_archiver_READY.py; backups\phase11_autoheal_20250729_143113\module_L\11L_version_drift_detector_READY.py; backups\phase11_autoheal_20250729_143113\module_M\11M_api_abuse_detector_READY.py; backups\phase11_autoheal_20250729_143113\module_M\11M_input_sanitizer_READY.py; backups\phase11_autoheal_20250729_143113\module_M\11M_prompt_injection_tester_READY.py; backups\phase11_autoheal_20250729_143113\module_N\11N_approval_gate_for_high_risk_ops_READY.py; backups\phase11_autoheal_20250729_143113\module_N\11N_manual_override_toggle_READY.py; backups\phase11_autoheal_20250729_143113\module_N\11N_slack_email_alert_system_READY.py; backups\phase11_autoheal_20250729_143113\module_O\11O_real_time_log_streamer_READY.py; backups\phase11_autoheal_20250729_143113\module_O\11O_telemetry_exporter_READY.py; backups\phase11_autoheal_20250729_143113\module_O\11O_unified_log_aggregator_READY.py; backups\phase11_autoheal_20250729_143113\module_P\11P_api_terms_compliance_checker_READY.py; backups\phase11_autoheal_20250729_143113\module_P\11P_attribution_inserter_READY.py; backups\phase11_autoheal_20250729_143113\module_P\11P_license_file_auditor_READY.py; backups\phase11_autoheal_20250729_143113\module_Q\11Q_dependency_version_pin_checker_READY.py; backups\phase11_autoheal_20250729_143113\module_Q\11Q_python_environment_verifier_READY.py; backups\phase11_autoheal_20250729_143113\module_Q\11Q_virtualenv_isolation_enforcer_READY.py; backups\phase11_autoheal_20250729_143113\module_R\11R_shadow_run_mode_READY.py; backups\phase11_autoheal_20250729_143113\module_R\11R_silent_error_logger_READY.py; backups\phase11_autoheal_20250729_143113\module_R\11R_sneak_audit_agent_READY.py; backups\phase11_autoheal_20250729_143113\module_S\11S_ai_risk_classifier_READY.py; backups\phase11_autoheal_20250729_143113\module_S\11S_mitigation_suggestion_engine_READY.py; backups\phase11_autoheal_20250729_143113\module_S\11S_risk_score_dashboard_READY.py; backups\phase11_autoheal_20250729_143113\module_T\11T_audit_trail_renderer_READY.py; backups\phase11_autoheal_20250729_143113\module_T\11T_decision_chain_visualizer_READY.py; backups\phase11_autoheal_20250729_143113\module_T\11T_output_attribution_tracer_READY.py; backups\phase11_autoheal_20250729_143113\module_U\11U_agent_voting_system_READY.py; backups\phase11_autoheal_20250729_143113\module_U\11U_chain_of_responsibility_resolver_READY.py; backups\phase11_autoheal_20250729_143113\module_U\11U_conflict_detector_between_agents_READY.py; backups\phase11_autoheal_20250729_143113\module_V\11V_maintece_nudger_READY.py; backups\phase11_autoheal_20250729_143113\module_V\11V_output_drift_detector_READY.py; backups\phase11_autoheal_20250729_143113\module_V\11V_unused_agent_scanner_READY.py; backups\phase11_autoheal_20250729_143113\module_W\11W_ethical_decision_flagger_READY.py; backups\phase11_autoheal_20250729_143113\module_W\11W_hallucination_catcher_READY.py; backups\phase11_autoheal_20250729_143113\module_W\11W_toxicity_bias_filter_READY.py; backups\phase11_autoheal_20250729_143113\module_X\11X_agent_sabotage_replay_detector_READY.py; backups\phase11_autoheal_20250729_143113\module_X\11X_llm_jailbreak_resistance_tester_READY.py; backups\phase11_autoheal_20250729_143113\module_X\11X_red_team_threat_simulator_READY.py; backups\phase11_autoheal_20250729_143113\module_Y\11Y_agent_uptime_monitor_READY.py; backups\phase11_autoheal_20250729_143113\module_Y\11Y_multi_tier_auto_restarter_READY.py; backups\phase11_autoheal_20250729_143113\module_Y\11Y_sla_violation_logger_READY.py; backups\phase11_autoheal_20250729_143113\module_Z\11Z_auto_rollback_controller_READY.py; backups\phase11_autoheal_20250729_143113\module_Z\11Z_snapshot_creation_diff_engine_READY.py; backups\phase11_autoheal_20250729_143113\module_Z\11Z_step_by_step_time_travel_debugger_READY.py; backups\phase11_autoheal_20250807_162746\module_A\11A_error_log_monitor_READY.py; backups\phase11_autoheal_20250807_162746\module_A\11A_file_watchdog_READY.py; backups\phase11_autoheal_20250807_162746\module_A\11A_placeholder_READY.py; backups\phase11_autoheal_20250807_162746\module_B\11B_api_key_leak_checker_READY.py; backups\phase11_autoheal_20250807_162746\module_B\11B_missing_script_READY.py; backups\phase11_autoheal_20250807_162746\module_B\11B_placeholder_READY.py; backups\phase11_autoheal_20250807_162746\module_C\11C_placeholder_READY.py; backups\phase11_autoheal_20250807_162746\module_C\11C_script_integrity_checker_READY.py; backups\phase11_autoheal_20250807_162746\module_C\phase11_module_C_placeholder_READY.py; backups\phase11_autoheal_20250807_162746\module_D\11D_placeholder_READY.py; backups\phase11_autoheal_20250807_162746\module_E\11E_placeholder_READY.py; backups\phase11_autoheal_20250807_162746\module_F\11F_error_pattern_analyzer_READY.py; backups\phase11_autoheal_20250807_162746\module_F\11F_placeholder_READY.py; backups\phase11_autoheal_20250807_162746\module_G\11G_placeholder_READY.py; backups\phase11_autoheal_20250807_162746\module_H\11H_placeholder_READY.py; backups\phase11_autoheal_20250807_162746\module_I\11I_placeholder_READY.py; backups\phase11_autoheal_20250807_162746\module_J\11J_placeholder_READY.py; backups\phase11_autoheal_20250807_162746\module_K\11K_placeholder_READY.py; backups\phase11_autoheal_20250807_162746\module_L\11L_placeholder_READY.py; backups\phase11_autoheal_20250807_162746\module_L\11L_rate_limit_guard_READY.py; backups\phase11_autoheal_20250807_162746\module_M\11M_placeholder_READY.py; backups\phase11_autoheal_20250807_162746\module_N\11N_placeholder_READY.py; backups\phase11_autoheal_20250807_162746\module_O\11O_placeholder_READY.py; backups\phase11_autoheal_20250807_162746\module_P\11P_placeholder_READY.py; backups\phase11_autoheal_20250807_162746\module_Q\11Q_placeholder_READY.py; backups\phase11_autoheal_20250807_162746\module_R\11R_placeholder_READY.py; backups\phase11_autoheal_20250807_162746\module_R\11R_silent_error_logger_READY.py; backups\phase11_autoheal_20250807_162746\module_S\11S_placeholder_READY.py; backups\phase11_autoheal_20250807_162746\module_T\11T_placeholder_READY.py; backups\phase11_autoheal_20250807_162746\module_U\11U_placeholder_READY.py; backups\phase11_autoheal_20250807_162746\module_V\11V_placeholder_READY.py; backups\phase11_autoheal_20250807_162746\module_W\11W_placeholder_READY.py; backups\phase11_autoheal_20250807_162746\module_X\11X_placeholder_READY.py; backups\phase11_autoheal_20250807_162746\module_Y\11Y_placeholder_READY.py; backups\phase11_autoheal_20250807_162746\module_Z\11Z_placeholder_READY.py; backups\phase11_autoheal_20250807_162746\outputs\phase11_outputs_placeholder_READY.py; backups\phase11_autoheal_20250807_163038\module_A\11A_error_log_monitor_READY.py; backups\phase11_autoheal_20250807_163038\module_A\11A_file_watchdog_READY.py; backups\phase11_autoheal_20250807_163038\module_A\11A_placeholder_READY.py; backups\phase11_autoheal_20250807_163038\module_B\11B_api_key_leak_checker_READY.py; backups\phase11_autoheal_20250807_163038\module_B\11B_missing_script_READY.py; backups\phase11_autoheal_20250807_163038\module_B\11B_placeholder_READY.py; backups\phase11_autoheal_20250807_163038\module_C\11C_placeholder_READY.py; backups\phase11_autoheal_20250807_163038\module_C\11C_script_integrity_checker_READY.py; backups\phase11_autoheal_20250807_163038\module_C\phase11_module_C_placeholder_READY.py; backups\phase11_autoheal_20250807_163038\module_D\11D_placeholder_READY.py; backups\phase11_autoheal_20250807_163038\module_E\11E_placeholder_READY.py; backups\phase11_autoheal_20250807_163038\module_F\11F_error_pattern_analyzer_READY.py; backups\phase11_autoheal_20250807_163038\module_F\11F_placeholder_READY.py; backups\phase11_autoheal_20250807_163038\module_G\11G_placeholder_READY.py; backups\phase11_autoheal_20250807_163038\module_H\11H_placeholder_READY.py; backups\phase11_autoheal_20250807_163038\module_I\11I_placeholder_READY.py; backups\phase11_autoheal_20250807_163038\module_J\11J_placeholder_READY.py; backups\phase11_autoheal_20250807_163038\module_K\11K_placeholder_READY.py; backups\phase11_autoheal_20250807_163038\module_L\11L_placeholder_READY.py; backups\phase11_autoheal_20250807_163038\module_L\11L_rate_limit_guard_READY.py; backups\phase11_autoheal_20250807_163038\module_M\11M_placeholder_READY.py; backups\phase11_autoheal_20250807_163038\module_N\11N_placeholder_READY.py; backups\phase11_autoheal_20250807_163038\module_O\11O_placeholder_READY.py; backups\phase11_autoheal_20250807_163038\module_P\11P_placeholder_READY.py; backups\phase11_autoheal_20250807_163038\module_Q\11Q_placeholder_READY.py; backups\phase11_autoheal_20250807_163038\module_R\11R_placeholder_READY.py; backups\phase11_autoheal_20250807_163038\module_R\11R_silent_error_logger_READY.py; backups\phase11_autoheal_20250807_163038\module_S\11S_placeholder_READY.py; backups\phase11_autoheal_20250807_163038\module_T\11T_placeholder_READY.py; backups\phase11_autoheal_20250807_163038\module_U\11U_placeholder_READY.py; backups\phase11_autoheal_20250807_163038\module_V\11V_placeholder_READY.py; backups\phase11_autoheal_20250807_163038\module_W\11W_placeholder_READY.py; backups\phase11_autoheal_20250807_163038\module_X\11X_placeholder_READY.py; backups\phase11_autoheal_20250807_163038\module_Y\11Y_placeholder_READY.py; backups\phase11_autoheal_20250807_163038\module_Z\11Z_placeholder_READY.py; backups\phase11_autoheal_20250807_163038\outputs\phase11_outputs_placeholder_READY.py; backups\phase11_autoheal_20250807_163323\module_A\11A_error_log_monitor_READY.py; backups\phase11_autoheal_20250807_163323\module_A\11A_file_watchdog_READY.py; backups\phase11_autoheal_20250807_163323\module_A\11A_placeholder_READY.py; backups\phase11_autoheal_20250807_163323\module_B\11B_api_key_leak_checker_READY.py; backups\phase11_autoheal_20250807_163323\module_B\11B_missing_script_READY.py; backups\phase11_autoheal_20250807_163323\module_B\11B_placeholder_READY.py; backups\phase11_autoheal_20250807_163323\module_C\11C_placeholder_READY.py; backups\phase11_autoheal_20250807_163323\module_C\11C_script_integrity_checker_READY.py; backups\phase11_autoheal_20250807_163323\module_C\phase11_module_C_placeholder_READY.py; backups\phase11_autoheal_20250807_163323\module_D\11D_placeholder_READY.py; backups\phase11_autoheal_20250807_163323\module_E\11E_placeholder_READY.py; backups\phase11_autoheal_20250807_163323\module_F\11F_error_pattern_analyzer_READY.py; backups\phase11_autoheal_20250807_163323\module_F\11F_placeholder_READY.py; backups\phase11_autoheal_20250807_163323\module_G\11G_placeholder_READY.py; backups\phase11_autoheal_20250807_163323\module_H\11H_placeholder_READY.py; backups\phase11_autoheal_20250807_163323\module_I\11I_placeholder_READY.py; backups\phase11_autoheal_20250807_163323\module_J\11J_placeholder_READY.py; backups\phase11_autoheal_20250807_163323\module_K\11K_placeholder_READY.py; backups\phase11_autoheal_20250807_163323\module_L\11L_placeholder_READY.py; backups\phase11_autoheal_20250807_163323\module_L\11L_rate_limit_guard_READY.py; backups\phase11_autoheal_20250807_163323\module_M\11M_placeholder_READY.py; backups\phase11_autoheal_20250807_163323\module_N\11N_placeholder_READY.py; backups\phase11_autoheal_20250807_163323\module_O\11O_placeholder_READY.py; backups\phase11_autoheal_20250807_163323\module_P\11P_placeholder_READY.py; backups\phase11_autoheal_20250807_163323\module_Q\11Q_placeholder_READY.py; backups\phase11_autoheal_20250807_163323\module_R\11R_placeholder_READY.py; backups\phase11_autoheal_20250807_163323\module_R\11R_silent_error_logger_READY.py; backups\phase11_autoheal_20250807_163323\module_S\11S_placeholder_READY.py; backups\phase11_autoheal_20250807_163323\module_T\11T_placeholder_READY.py; backups\phase11_autoheal_20250807_163323\module_U\11U_placeholder_READY.py; backups\phase11_autoheal_20250807_163323\module_V\11V_placeholder_READY.py; backups\phase11_autoheal_20250807_163323\module_W\11W_placeholder_READY.py; backups\phase11_autoheal_20250807_163323\module_X\11X_placeholder_READY.py; backups\phase11_autoheal_20250807_163323\module_Y\11Y_placeholder_READY.py; backups\phase11_autoheal_20250807_163323\module_Z\11Z_placeholder_READY.py; backups\phase11_autoheal_20250807_163323\outputs\phase11_outputs_placeholder_READY.py; backups\phase11_autoheal_20250807_163637\module_A\11A_error_log_monitor_READY.py; backups\phase11_autoheal_20250807_163637\module_A\11A_file_watchdog_READY.py; backups\phase11_autoheal_20250807_163637\module_A\11A_placeholder_READY.py; backups\phase11_autoheal_20250807_163637\module_B\11B_api_key_leak_checker_READY.py; backups\phase11_autoheal_20250807_163637\module_B\11B_missing_script_READY.py; backups\phase11_autoheal_20250807_163637\module_B\11B_placeholder_READY.py; backups\phase11_autoheal_20250807_163637\module_C\11C_placeholder_READY.py; backups\phase11_autoheal_20250807_163637\module_C\11C_script_integrity_checker_READY.py; backups\phase11_autoheal_20250807_163637\module_C\phase11_module_C_placeholder_READY.py; backups\phase11_autoheal_20250807_163637\module_D\11D_placeholder_READY.py; backups\phase11_autoheal_20250807_163637\module_E\11E_placeholder_READY.py; backups\phase11_autoheal_20250807_163637\module_F\11F_error_pattern_analyzer_READY.py; backups\phase11_autoheal_20250807_163637\module_F\11F_placeholder_READY.py; backups\phase11_autoheal_20250807_163637\module_G\11G_placeholder_READY.py; backups\phase11_autoheal_20250807_163637\module_H\11H_placeholder_READY.py; backups\phase11_autoheal_20250807_163637\module_I\11I_placeholder_READY.py; backups\phase11_autoheal_20250807_163637\module_J\11J_placeholder_READY.py; backups\phase11_autoheal_20250807_163637\module_K\11K_placeholder_READY.py; backups\phase11_autoheal_20250807_163637\module_L\11L_placeholder_READY.py; backups\phase11_autoheal_20250807_163637\module_L\11L_rate_limit_guard_READY.py; backups\phase11_autoheal_20250807_163637\module_M\11M_placeholder_READY.py; backups\phase11_autoheal_20250807_163637\module_N\11N_placeholder_READY.py; backups\phase11_autoheal_20250807_163637\module_O\11O_placeholder_READY.py; backups\phase11_autoheal_20250807_163637\module_P\11P_placeholder_READY.py; backups\phase11_autoheal_20250807_163637\module_Q\11Q_placeholder_READY.py; backups\phase11_autoheal_20250807_163637\module_R\11R_placeholder_READY.py; backups\phase11_autoheal_20250807_163637\module_R\11R_silent_error_logger_READY.py; backups\phase11_autoheal_20250807_163637\module_S\11S_placeholder_READY.py; backups\phase11_autoheal_20250807_163637\module_T\11T_placeholder_READY.py; backups\phase11_autoheal_20250807_163637\module_U\11U_placeholder_READY.py; backups\phase11_autoheal_20250807_163637\module_V\11V_placeholder_READY.py; backups\phase11_autoheal_20250807_163637\module_W\11W_placeholder_READY.py; backups\phase11_autoheal_20250807_163637\module_X\11X_placeholder_READY.py; backups\phase11_autoheal_20250807_163637\module_Y\11Y_placeholder_READY.py; backups\phase11_autoheal_20250807_163637\module_Z\11Z_placeholder_READY.py; backups\phase11_autoheal_20250807_163637\outputs\phase11_outputs_placeholder_READY.py; backups\phase11_autoheal_20250807_170218\module_A\11A_error_log_monitor_READY.py; backups\phase11_autoheal_20250807_170218\module_A\11A_file_watchdog_READY.py; backups\phase11_autoheal_20250807_170218\module_A\11A_placeholder_READY.py; backups\phase11_autoheal_20250807_170218\module_B\11B_api_key_leak_checker_READY.py; backups\phase11_autoheal_20250807_170218\module_B\11B_missing_script_READY.py; backups\phase11_autoheal_20250807_170218\module_B\11B_placeholder_READY.py; backups\phase11_autoheal_20250807_170218\module_C\11C_placeholder_READY.py; backups\phase11_autoheal_20250807_170218\module_C\11C_script_integrity_checker_READY.py; backups\phase11_autoheal_20250807_170218\module_C\phase11_module_C_placeholder_READY.py; backups\phase11_autoheal_20250807_170218\module_D\11D_placeholder_READY.py; backups\phase11_autoheal_20250807_170218\module_E\11E_placeholder_READY.py; backups\phase11_autoheal_20250807_170218\module_F\11F_error_pattern_analyzer_READY.py; backups\phase11_autoheal_20250807_170218\module_F\11F_placeholder_READY.py; backups\phase11_autoheal_20250807_170218\module_G\11G_placeholder_READY.py; backups\phase11_autoheal_20250807_170218\module_H\11H_placeholder_READY.py; backups\phase11_autoheal_20250807_170218\module_I\11I_placeholder_READY.py; backups\phase11_autoheal_20250807_170218\module_J\11J_placeholder_READY.py; backups\phase11_autoheal_20250807_170218\module_K\11K_placeholder_READY.py; backups\phase11_autoheal_20250807_170218\module_L\11L_placeholder_READY.py; backups\phase11_autoheal_20250807_170218\module_L\11L_rate_limit_guard_READY.py; backups\phase11_autoheal_20250807_170218\module_M\11M_placeholder_READY.py; backups\phase11_autoheal_20250807_170218\module_N\11N_placeholder_READY.py; backups\phase11_autoheal_20250807_170218\module_O\11O_placeholder_READY.py; backups\phase11_autoheal_20250807_170218\module_P\11P_placeholder_READY.py; backups\phase11_autoheal_20250807_170218\module_Q\11Q_placeholder_READY.py; backups\phase11_autoheal_20250807_170218\module_R\11R_placeholder_READY.py; backups\phase11_autoheal_20250807_170218\module_R\11R_silent_error_logger_READY.py; backups\phase11_autoheal_20250807_170218\module_S\11S_placeholder_READY.py; backups\phase11_autoheal_20250807_170218\module_T\11T_placeholder_READY.py; backups\phase11_autoheal_20250807_170218\module_U\11U_placeholder_READY.py; backups\phase11_autoheal_20250807_170218\module_V\11V_placeholder_READY.py; backups\phase11_autoheal_20250807_170218\module_W\11W_placeholder_READY.py; backups\phase11_autoheal_20250807_170218\module_X\11X_placeholder_READY.py; backups\phase11_autoheal_20250807_170218\module_Y\11Y_placeholder_READY.py; backups\phase11_autoheal_20250807_170218\module_Z\11Z_placeholder_READY.py; backups\phase11_autoheal_20250807_170218\outputs\phase11_outputs_placeholder_READY.py"	"0.02"
"E3B0C44298FC1C149AFBF4C8996FB92427AE41E4649B934CA495991B7852B855"	"159"	"25.1.1; create_test_files.ps1; New Text Document.txt; Untitled.txt; backups\phase11\11G_full_system_audit_report_READY.py; backups\phase11\11N_slack_email_alert_system_READY.py; backups\phase11\11V_maintece_nudger_READY.py; backups\phase11\11W_toxicity_bias_filter_READY.py; backups\phase11\11Z_snapshot_creation_diff_engine_READY.py; backups\phase11_autoheal_20250729_143113\New Text Document.txt; backups\phase11_autoheal_20250729_170744\New Text Document.txt; backups\phase11_autoheal_20250729_170950\New Text Document.txt; backups\phase11_autoheal_20250807_162520\New Text Document.txt; backups\phase11_autoheal_20250807_162520\module_B\11B_missing_script_TEST.py; backups\phase11_autoheal_20250807_162746\New Text Document.txt; backups\phase11_autoheal_20250807_162746\module_B\11B_missing_script_TEST.py; backups\phase11_autoheal_20250807_163038\New Text Document.txt; backups\phase11_autoheal_20250807_163038\module_B\11B_missing_script_TEST.py; backups\phase11_autoheal_20250807_163323\New Text Document.txt; backups\phase11_autoheal_20250807_163323\module_B\11B_missing_script_TEST.py; backups\phase11_autoheal_20250807_163637\New Text Document.txt; backups\phase11_autoheal_20250807_163637\module_B\11B_missing_script_TEST.py; backups\phase11_autoheal_20250807_170218\New Text Document.txt; backups\phase11_autoheal_20250807_170218\module_B\11B_missing_script_TEST.py; backups\phase11_cleanup\New Text Document.txt; backups\phase11_cleanup\module_G\11G_full_system_audit_report_READY.py; backups\phase11_cleanup\module_N\11N_slack_email_alert_system_READY.py; backups\phase11_cleanup\module_V\11V_maintece_nudger_READY.py; backups\phase11_cleanup\module_W\11W_toxicity_bias_filter_READY.py; backups\phase11_final\11G_full_system_audit_report_READY.py; backups\phase11_final\11N_slack_email_alert_system_READY.py; backups\phase11_final\11V_maintece_nudger_READY.py; backups\phase11_final\11W_toxicity_bias_filter_READY.py; backups\phase11_final\11Z_snapshot_creation_diff_engine_READY.py; backups\phase11_full_backup\11G_full_system_audit_report_READY.py; backups\phase11_full_backup\11N_slack_email_alert_system_READY.py; backups\phase11_full_backup\11V_maintece_nudger_READY.py; backups\phase11_full_backup\11W_toxicity_bias_filter_READY.py; backups\phase11_full_backup\New Text Document.txt; backups\phase11_pre_rebuild\New Text Document.txt; backups\phase11_pre_rebuild\module_G\11G_full_system_audit_report_READY.py; backups\phase11_pre_rebuild\module_N\11N_slack_email_alert_system_READY.py; backups\phase11_pre_rebuild\module_V\11V_maintece_nudger_READY.py; backups\phase11_pre_rebuild\module_W\11W_toxicity_bias_filter_READY.py; docs\.cleanup-protect; inbox\10A_sample_READY.py; inbox\11A_sample_READY.py; inbox\12A_sample_READY.py; inbox\13A_sample_READY.py; inbox\14A_sample_READY.py; inbox\15A_sample_READY.py; inbox\16A_sample_READY.py; inbox\17A_sample_READY.py; inbox\18A_sample_READY.py; inbox\1A_sample_READY.py; inbox\2A_sample_READY.py; inbox\3A_sample_READY.py; inbox\4A_sample_READY.py; inbox\5A_sample_READY.py; inbox\6A_sample_READY.py; inbox\7A_sample_READY.py; inbox\8A_sample_READY.py; inbox\9A_sample_READY.py; other_folder\script1.py; other_folder\script2.py; scripts\phase00\INBOX\blacklist_filter_E3B0C442.py; scripts\phase00\INBOX\burnout_signals_E3B0C442.py; scripts\phase00\INBOX\clarity_ranker_E3B0C442.py; scripts\phase00\INBOX\competition_filter_E3B0C442.py; scripts\phase00\INBOX\dashboard_pusher_E3B0C442.py; scripts\phase00\INBOX\decay_predictor_E3B0C442.py; scripts\phase00\INBOX\dummy_input_backup_E3B0C442_E3B0C442.txt; scripts\phase00\INBOX\dummy_input_E3B0C442_E3B0C442.txt; scripts\phase00\INBOX\engagement_velocity_E3B0C442.py; scripts\phase00\INBOX\format_classifier_E3B0C442.py; scripts\phase00\INBOX\google_api_E3B0C442.py; scripts\phase00\INBOX\google_scraper_E3B0C442.py; scripts\phase00\INBOX\ig_scraper_E3B0C442.py; scripts\phase00\INBOX\insert_to_db_E3B0C442.py; scripts\phase00\INBOX\instagram_api_E3B0C442.py; scripts\phase00\INBOX\intent_classifier_E3B0C442.py; scripts\phase00\INBOX\keyword_deduper_E3B0C442.py; scripts\phase00\INBOX\language_detector_E3B0C442.py; scripts\phase00\INBOX\linear_forecast_E3B0C442.py; scripts\phase00\INBOX\locale_filter_E3B0C442.py; scripts\phase00\INBOX\longevity_predictor_E3B0C442.py; scripts\phase00\INBOX\momentum_scaler_E3B0C442.py; scripts\phase00\INBOX\momentum_tracker_E3B0C442.py; scripts\phase00\INBOX\New Text Document_E3B0C442_E3B0C442.txt; scripts\phase00\INBOX\niche_classifier_E3B0C442.py; scripts\phase00\INBOX\niche_weight_E3B0C442.py; scripts\phase00\INBOX\pinterest_api_E3B0C442.py; scripts\phase00\INBOX\pinterest_scraper_E3B0C442.py; scripts\phase00\INBOX\quora_scraper_E3B0C442.py; scripts\phase00\INBOX\reddit_api_E3B0C442.py; scripts\phase00\INBOX\saturation_calc_E3B0C442.py; scripts\phase00\INBOX\save_trends_E3B0C442.py; scripts\phase00\INBOX\score_filter_E3B0C442.py; scripts\phase00\INBOX\scribe_feedback_E3B0C442.py; scripts\phase00\INBOX\script1_E3B0C442.py; scripts\phase00\INBOX\script2_E3B0C442.py; scripts\phase00\INBOX\seo_mapper_E3B0C442.py; scripts\phase00\INBOX\tag_enricher_E3B0C442.py; scripts\phase00\INBOX\tag_icon_mapper_E3B0C442.py; scripts\phase00\INBOX\test_file_not_found.py_E3B0C442_E3B0C442.dummy; scripts\phase00\INBOX\threads_scraper_E3B0C442.py; scripts\phase00\INBOX\tiktok_api_E3B0C442.py; scripts\phase00\INBOX\tiktok_scraper_E3B0C442.py; scripts\phase00\INBOX\trend_explainer_E3B0C442.py; scripts\phase00\INBOX\trend_lifecycle_E3B0C442.py; scripts\phase00\INBOX\trend_spike_detector_E3B0C442.py; scripts\phase00\INBOX\trend_summary_gen_E3B0C442.py; scripts\phase00\INBOX\trend_unifier_E3B0C442.py; scripts\phase00\INBOX\twitter_api_E3B0C442.py; scripts\phase00\INBOX\twitter_scraper_E3B0C442.py; scripts\phase00\INBOX\variance_filter_E3B0C442.py; scripts\phase00\INBOX\youtube_api_E3B0C442.py; scripts\phase00\INBOX\youtube_scraper_E3B0C442.py; scripts\phase00\INBOX\zephyr_alerts_E3B0C442.py; scripts\phase00\INBOX\zephyr_feedback_E3B0C442.py; scripts\phase00\INBOX\zephyr_to_midas_E3B0C442.py; scripts\phase00\INBOX\_E3B0C442_E3B0C442_E3B0C442_E3B0C442.cleanup-protect; scripts\phase00\INBOX\__init___154_E3B0C442.py; scripts\phase00\INBOX\__init___181_E3B0C442.py; scripts\phase00\INBOX\__init___19_E3B0C442.py; scripts\phase00\INBOX\__init___27_E3B0C442.py; scripts\phase00\INBOX\__init___28_E3B0C442.py; scripts\phase00\INBOX\__init___29_E3B0C442.py; scripts\phase00\INBOX\__init___30_E3B0C442.py; scripts\phase00\INBOX\__init___31_E3B0C442.py; scripts\phase00\INBOX\__init___35_E3B0C442.py; scripts\phase00\INBOX\__init___37_E3B0C442.py; scripts\phase00\INBOX\__init___41_E3B0C442.py; scripts\phase00\INBOX\__init___44_E3B0C442.py; scripts\phase00\INBOX\__init___46_E3B0C442.py; scripts\phase00\INBOX\__init___48_E3B0C442.py; scripts\phase00\INBOX\__init___50_E3B0C442.py; scripts\phase00\INBOX\__init___52_E3B0C442.py; scripts\phase00\INBOX\__init___54_E3B0C442.py; scripts\phase00\INBOX\__init___56_E3B0C442.py; scripts\phase00\INBOX\__init___58_E3B0C442.py; scripts\phase00\INBOX\__init___59_E3B0C442.py; scripts\phase00\INBOX\__init___61_E3B0C442.py; scripts\phase00\INBOX\__init___62_E3B0C442.py; scripts\phase00\INBOX\__init___63_E3B0C442.py; scripts\phase00\INBOX\__init___65_E3B0C442.py; scripts\phase00\INBOX\__init___76_E3B0C442.py; scripts\phase00\INBOX\__init___81_E3B0C442.py; scripts\phase00\INBOX\__init___82_E3B0C442.py; scripts\phase00\INBOX\__init___96_E3B0C442.py; scripts\phase00\INBOX\__init___97_E3B0C442.py; scripts\phase00\INBOX\__init___98_E3B0C442.py; scripts\phase00\INBOX\__init___E3B0C442.py; scripts\phase11\module_B\11B_missing_script_TEST.py; scripts\phase14\module_D\14D_dummy_script_TEST.py; scripts\phase15\module_B\15B_dummy_TEST.py; scripts\phase17\module_C\17C_extra_missing_TEST.py; tools\New Text Document.txt; tools\__init__.py"	"0"
"E73A204064E5E89F21AABA254E5CDC161EF165BD48A80F891F7FDBAF793C4A36"	"33"	"scripts\phase00\INBOX\phase11_outputs_placeholder_READY_E73A2040.py; scripts\phase11\module_A\11A_error_log_monitor_READY.py; scripts\phase11\module_A\11A_file_watchdog_READY.py; scripts\phase11\module_A\11A_placeholder_READY.py; scripts\phase11\module_B\11B_api_key_leak_checker_READY.py; scripts\phase11\module_B\11B_missing_script_READY.py; scripts\phase11\module_B\11B_placeholder_READY.py; scripts\phase11\module_D\11D_placeholder_READY.py; scripts\phase11\module_E\11E_placeholder_READY.py; scripts\phase11\module_F\11F_error_pattern_analyzer_READY.py; scripts\phase11\module_F\11F_placeholder_READY.py; scripts\phase11\module_G\11G_placeholder_READY.py; scripts\phase11\module_H\11H_placeholder_READY.py; scripts\phase11\module_I\11I_placeholder_READY.py; scripts\phase11\module_J\11J_placeholder_READY.py; scripts\phase11\module_K\11K_placeholder_READY.py; scripts\phase11\module_L\11L_placeholder_READY.py; scripts\phase11\module_L\11L_rate_limit_guard_READY.py; scripts\phase11\module_M\11M_placeholder_READY.py; scripts\phase11\module_N\11N_placeholder_READY.py; scripts\phase11\module_O\11O_placeholder_READY.py; scripts\phase11\module_P\11P_placeholder_READY.py; scripts\phase11\module_Q\11Q_placeholder_READY.py; scripts\phase11\module_R\11R_placeholder_READY.py; scripts\phase11\module_R\11R_silent_error_logger_READY.py; scripts\phase11\module_S\11S_placeholder_READY.py; scripts\phase11\module_T\11T_placeholder_READY.py; scripts\phase11\module_U\11U_placeholder_READY.py; scripts\phase11\module_V\11V_placeholder_READY.py; scripts\phase11\module_W\11W_placeholder_READY.py; scripts\phase11\module_X\11X_placeholder_READY.py; scripts\phase11\module_Y\11Y_placeholder_READY.py; scripts\phase11\module_Z\11Z_placeholder_READY.py"	"0"
"9F56E761D79BFDB34304A012586CB04D16B435EF6130091A97702E559260A2F2"	"13"	"backups\0A_placeholder_READY.py_20250805_130440.bak; backups\phase11_autoheal_20250807_162520\module_A\11A_error_log_monitor_READY.py; backups\phase11_autoheal_20250807_162520\module_F\11F_error_pattern_analyzer_READY.py; backups\phase11_autoheal_20250807_162520\module_R\11R_silent_error_logger_READY.py; scripts\phase0\module_A\0A_placeholder_READY.py; scripts\phase01\module_D\01D_error_logging_sink_READY.py; scripts\phase04\module_D\04D_error_category_breakdown_READY.py; scripts\phase04\module_D\04D_error_log_viewer_READY.py; scripts\phase06\module_H\06H_error_recovery_republishing_READY.py; scripts\phase08\module_O\08O_funnel_roi_traceback_engine_READY.py; scripts\phase99\module_ZZ\99Z_file_not_found_test_READY.py; scripts\phase99\module_ZZ\99Z_import_error_test_READY.py; scripts\phase99\module_ZZ\99Z_unicode_error_test_READY.py"	"0"
"C29ED783E0C70F79148396B9B2296B51DFB388896A0E6C79EAF1B49CD3221F5C"	"12"	"backups\phase11_autoheal_20250729_143113\outputs\logs\cost_overflow_alerts.txt; backups\phase11_autoheal_20250729_170744\outputs\logs\cost_overflow_alerts.txt; backups\phase11_autoheal_20250729_170950\outputs\logs\cost_overflow_alerts.txt; backups\phase11_autoheal_20250807_162520\outputs\logs\cost_overflow_alerts.txt; backups\phase11_autoheal_20250807_162746\outputs\logs\cost_overflow_alerts.txt; backups\phase11_autoheal_20250807_163038\outputs\logs\cost_overflow_alerts.txt; backups\phase11_autoheal_20250807_163323\outputs\logs\cost_overflow_alerts.txt; backups\phase11_autoheal_20250807_163637\outputs\logs\cost_overflow_alerts.txt; backups\phase11_autoheal_20250807_170218\outputs\logs\cost_overflow_alerts.txt; backups\phase11_cleanup\outputs\logs\cost_overflow_alerts.txt; backups\phase11_pre_rebuild\outputs\logs\cost_overflow_alerts.txt; scripts\phase00\INBOX\cost_overflow_alerts_C29ED783_C29ED783.txt"	"0"
"1B8B7F420E71D84416FBFA758A9E5DA1AE35BAC2785C3E8DF090EE26F016E616"	"9"	"backups\phase11_autoheal_20250729_170744\module_A\11A_script_health_verifier_READY.py; backups\phase11_autoheal_20250729_170950\module_A\11A_script_health_verifier_READY.py; backups\phase11_autoheal_20250807_162520\module_A\11A_script_health_verifier_READY.py; backups\phase11_autoheal_20250807_162746\module_A\11A_script_health_verifier_READY.py; backups\phase11_autoheal_20250807_163038\module_A\11A_script_health_verifier_READY.py; backups\phase11_autoheal_20250807_163323\module_A\11A_script_health_verifier_READY.py; backups\phase11_autoheal_20250807_163637\module_A\11A_script_health_verifier_READY.py; backups\phase11_autoheal_20250807_170218\module_A\11A_script_health_verifier_READY.py; scripts\phase11\module_A\11A_script_health_verifier_READY.py"	"0.02"
"CA2C70DC8970707BACFACAB0B613FC71D00E87F5E3539F9E168DBB2E6496C063"	"8"	"backups\phase11_autoheal_20250729_170744\module_A\11A_automation_flow_breakpoint_map_READY.py; backups\phase11_autoheal_20250729_170950\module_A\11A_automation_flow_breakpoint_map_READY.py; backups\phase11_autoheal_20250807_162520\module_A\11A_automation_flow_breakpoint_map_READY.py; backups\phase11_autoheal_20250807_162746\module_A\11A_automation_flow_breakpoint_map_READY.py; backups\phase11_autoheal_20250807_163038\module_A\11A_automation_flow_breakpoint_map_READY.py; backups\phase11_autoheal_20250807_163323\module_A\11A_automation_flow_breakpoint_map_READY.py; backups\phase11_autoheal_20250807_163637\module_A\11A_automation_flow_breakpoint_map_READY.py; backups\phase11_autoheal_20250807_170218\module_A\11A_automation_flow_breakpoint_map_READY.py"	"0.01"
"B3851EB48DB3EF451241235EF44CB6BB5A35EB14F6E019F1F600DE01D3E136D9"	"8"	"backups\phase11_autoheal_20250729_170744\module_A\11A_missing_module_detector_READY.py; backups\phase11_autoheal_20250729_170950\module_A\11A_missing_module_detector_READY.py; backups\phase11_autoheal_20250807_162520\module_A\11A_missing_module_detector_READY.py; backups\phase11_autoheal_20250807_162746\module_A\11A_missing_module_detector_READY.py; backups\phase11_autoheal_20250807_163038\module_A\11A_missing_module_detector_READY.py; backups\phase11_autoheal_20250807_163323\module_A\11A_missing_module_detector_READY.py; backups\phase11_autoheal_20250807_163637\module_A\11A_missing_module_detector_READY.py; backups\phase11_autoheal_20250807_170218\module_A\11A_missing_module_detector_READY.py"	"0.01"
"76B10E1D4C1B2DDB4C4ED0D963B4638E4094ABA650E525265C8B9646D22966C7"	"8"	"backups\phase11_autoheal_20250729_170744\module_I\11I_ai_decision_watchdog_READY.py; backups\phase11_autoheal_20250729_170950\module_I\11I_ai_decision_watchdog_READY.py; backups\phase11_autoheal_20250807_162520\module_I\11I_ai_decision_watchdog_READY.py; backups\phase11_autoheal_20250807_162746\module_I\11I_ai_decision_watchdog_READY.py; backups\phase11_autoheal_20250807_163038\module_I\11I_ai_decision_watchdog_READY.py; backups\phase11_autoheal_20250807_163323\module_I\11I_ai_decision_watchdog_READY.py; backups\phase11_autoheal_20250807_163637\module_I\11I_ai_decision_watchdog_READY.py; backups\phase11_autoheal_20250807_170218\module_I\11I_ai_decision_watchdog_READY.py"	"0"
"2537E621E69BA1C2B18E9936B7708E9FA190D286C948DC38A3BAAC88C62C4202"	"8"	"backups\phase11_autoheal_20250729_170744\module_I\11I_cost_overflow_stopper_READY.py; backups\phase11_autoheal_20250729_170950\module_I\11I_cost_overflow_stopper_READY.py; backups\phase11_autoheal_20250807_162520\module_I\11I_cost_overflow_stopper_READY.py; backups\phase11_autoheal_20250807_162746\module_I\11I_cost_overflow_stopper_READY.py; backups\phase11_autoheal_20250807_163038\module_I\11I_cost_overflow_stopper_READY.py; backups\phase11_autoheal_20250807_163323\module_I\11I_cost_overflow_stopper_READY.py; backups\phase11_autoheal_20250807_163637\module_I\11I_cost_overflow_stopper_READY.py; backups\phase11_autoheal_20250807_170218\module_I\11I_cost_overflow_stopper_READY.py"	"0"
"8180E39CF3C00AE0165049285668252C751EADBFBFF6FC5A7AE64097FBD0FC26"	"8"	"backups\phase11_autoheal_20250729_170744\module_I\11I_central_config_migration_READY.py; backups\phase11_autoheal_20250729_170950\module_I\11I_central_config_migration_READY.py; backups\phase11_autoheal_20250807_162520\module_I\11I_central_config_migration_READY.py; backups\phase11_autoheal_20250807_162746\module_I\11I_central_config_migration_READY.py; backups\phase11_autoheal_20250807_163038\module_I\11I_central_config_migration_READY.py; backups\phase11_autoheal_20250807_163323\module_I\11I_central_config_migration_READY.py; backups\phase11_autoheal_20250807_163637\module_I\11I_central_config_migration_READY.py; backups\phase11_autoheal_20250807_170218\module_I\11I_central_config_migration_READY.py"	"0"
"43D7655286B201905C9A8828B0312B476C0EE246E615D05A7F320602227DDC9B"	"8"	"backups\phase11_autoheal_20250729_170744\module_I\11I_broken_link_embed_fixer_READY.py; backups\phase11_autoheal_20250729_170950\module_I\11I_broken_link_embed_fixer_READY.py; backups\phase11_autoheal_20250807_162520\module_I\11I_broken_link_embed_fixer_READY.py; backups\phase11_autoheal_20250807_162746\module_I\11I_broken_link_embed_fixer_READY.py; backups\phase11_autoheal_20250807_163038\module_I\11I_broken_link_embed_fixer_READY.py; backups\phase11_autoheal_20250807_163323\module_I\11I_broken_link_embed_fixer_READY.py; backups\phase11_autoheal_20250807_163637\module_I\11I_broken_link_embed_fixer_READY.py; backups\phase11_autoheal_20250807_170218\module_I\11I_broken_link_embed_fixer_READY.py"	"0"
"BA7238A8CA037A4B9258CF7BAD4665315D2A518F6226A7CE3F3124C6F36A4117"	"8"	"backups\phase11_autoheal_20250729_170744\module_H\11H_logging_coverage_analyzer_READY.py; backups\phase11_autoheal_20250729_170950\module_H\11H_logging_coverage_analyzer_READY.py; backups\phase11_autoheal_20250807_162520\module_H\11H_logging_coverage_analyzer_READY.py; backups\phase11_autoheal_20250807_162746\module_H\11H_logging_coverage_analyzer_READY.py; backups\phase11_autoheal_20250807_163038\module_H\11H_logging_coverage_analyzer_READY.py; backups\phase11_autoheal_20250807_163323\module_H\11H_logging_coverage_analyzer_READY.py; backups\phase11_autoheal_20250807_163637\module_H\11H_logging_coverage_analyzer_READY.py; backups\phase11_autoheal_20250807_170218\module_H\11H_logging_coverage_analyzer_READY.py"	"0"
"FB2B6C2027263E357086876BA100664D426BCBA1E5CEF433C066C0A8B8164628"	"8"	"backups\phase11_autoheal_20250729_170744\module_H\11H_dependency_graph_audit_READY.py; backups\phase11_autoheal_20250729_170950\module_H\11H_dependency_graph_audit_READY.py; backups\phase11_autoheal_20250807_162520\module_H\11H_dependency_graph_audit_READY.py; backups\phase11_autoheal_20250807_162746\module_H\11H_dependency_graph_audit_READY.py; backups\phase11_autoheal_20250807_163038\module_H\11H_dependency_graph_audit_READY.py; backups\phase11_autoheal_20250807_163323\module_H\11H_dependency_graph_audit_READY.py; backups\phase11_autoheal_20250807_163637\module_H\11H_dependency_graph_audit_READY.py; backups\phase11_autoheal_20250807_170218\module_H\11H_dependency_graph_audit_READY.py"	"0"
"34AF7E311678410DBFFE36FFA30285BB71AA58FAE385DA94651F7866EFE9A84B"	"8"	"backups\phase11_autoheal_20250729_170744\module_H\11H_orphan_file_detector_READY.py; backups\phase11_autoheal_20250729_170950\module_H\11H_orphan_file_detector_READY.py; backups\phase11_autoheal_20250807_162520\module_H\11H_orphan_file_detector_READY.py; backups\phase11_autoheal_20250807_162746\module_H\11H_orphan_file_detector_READY.py; backups\phase11_autoheal_20250807_163038\module_H\11H_orphan_file_detector_READY.py; backups\phase11_autoheal_20250807_163323\module_H\11H_orphan_file_detector_READY.py; backups\phase11_autoheal_20250807_163637\module_H\11H_orphan_file_detector_READY.py; backups\phase11_autoheal_20250807_170218\module_H\11H_orphan_file_detector_READY.py"	"0"
"0410FE4DAD5975EC8D5538EF5E9B8602D9A1E933162CC0FF79447D1E463D10B3"	"8"	"backups\phase11_autoheal_20250729_170744\module_H\11H_retry_logic_tester_READY.py; backups\phase11_autoheal_20250729_170950\module_H\11H_retry_logic_tester_READY.py; backups\phase11_autoheal_20250807_162520\module_H\11H_retry_logic_tester_READY.py; backups\phase11_autoheal_20250807_162746\module_H\11H_retry_logic_tester_READY.py; backups\phase11_autoheal_20250807_163038\module_H\11H_retry_logic_tester_READY.py; backups\phase11_autoheal_20250807_163323\module_H\11H_retry_logic_tester_READY.py; backups\phase11_autoheal_20250807_163637\module_H\11H_retry_logic_tester_READY.py; backups\phase11_autoheal_20250807_170218\module_H\11H_retry_logic_tester_READY.py"	"0"
"F6BB6FF80C7A71D5D9788151807E808E904FDC54972E568756F25442640A7449"	"8"	"backups\phase11_autoheal_20250729_170744\module_H\11H_output_file_validator_READY.py; backups\phase11_autoheal_20250729_170950\module_H\11H_output_file_validator_READY.py; backups\phase11_autoheal_20250807_162520\module_H\11H_output_file_validator_READY.py; backups\phase11_autoheal_20250807_162746\module_H\11H_output_file_validator_READY.py; backups\phase11_autoheal_20250807_163038\module_H\11H_output_file_validator_READY.py; backups\phase11_autoheal_20250807_163323\module_H\11H_output_file_validator_READY.py; backups\phase11_autoheal_20250807_163637\module_H\11H_output_file_validator_READY.py; backups\phase11_autoheal_20250807_170218\module_H\11H_output_file_validator_READY.py"	"0"
"DFA32E5143BC30E3C78DB4A75B4F86948DB8DE9A82CCFB6C3CC2480E6C58607E"	"8"	"backups\phase11_autoheal_20250729_170744\module_I\11I_fallback_agent_builder_READY.py; backups\phase11_autoheal_20250729_170950\module_I\11I_fallback_agent_builder_READY.py; backups\phase11_autoheal_20250807_162520\module_I\11I_fallback_agent_builder_READY.py; backups\phase11_autoheal_20250807_162746\module_I\11I_fallback_agent_builder_READY.py; backups\phase11_autoheal_20250807_163038\module_I\11I_fallback_agent_builder_READY.py; backups\phase11_autoheal_20250807_163323\module_I\11I_fallback_agent_builder_READY.py; backups\phase11_autoheal_20250807_163637\module_I\11I_fallback_agent_builder_READY.py; backups\phase11_autoheal_20250807_170218\module_I\11I_fallback_agent_builder_READY.py"	"0"
"257AE4A45942E7DA2E7E28A0D2757B002CEAB45EE9A4CD946710F36F6DDB99D1"	"8"	"backups\phase11_autoheal_20250729_170744\module_J\11J_random_failure_injector_READY.py; backups\phase11_autoheal_20250729_170950\module_J\11J_random_failure_injector_READY.py; backups\phase11_autoheal_20250807_162520\module_J\11J_random_failure_injector_READY.py; backups\phase11_autoheal_20250807_162746\module_J\11J_random_failure_injector_READY.py; backups\phase11_autoheal_20250807_163038\module_J\11J_random_failure_injector_READY.py; backups\phase11_autoheal_20250807_163323\module_J\11J_random_failure_injector_READY.py; backups\phase11_autoheal_20250807_163637\module_J\11J_random_failure_injector_READY.py; backups\phase11_autoheal_20250807_170218\module_J\11J_random_failure_injector_READY.py"	"0"
"B6E32C67F0C0032DCD231DF97EA9298639B716FF1EACCF341A107D541D025A1B"	"8"	"backups\phase11_autoheal_20250729_170744\module_J\11J_memory_leak_detector_READY.py; backups\phase11_autoheal_20250729_170950\module_J\11J_memory_leak_detector_READY.py; backups\phase11_autoheal_20250807_162520\module_J\11J_memory_leak_detector_READY.py; backups\phase11_autoheal_20250807_162746\module_J\11J_memory_leak_detector_READY.py; backups\phase11_autoheal_20250807_163038\module_J\11J_memory_leak_detector_READY.py; backups\phase11_autoheal_20250807_163323\module_J\11J_memory_leak_detector_READY.py; backups\phase11_autoheal_20250807_163637\module_J\11J_memory_leak_detector_READY.py; backups\phase11_autoheal_20250807_170218\module_J\11J_memory_leak_detector_READY.py"	"0"
"C60A4B4CE64C84201799FABF4CC201C8CC7BCFC22B929CD64F62E60813418790"	"8"	"backups\phase11_autoheal_20250729_170744\module_K\11K_config_tamper_detector_READY.py; backups\phase11_autoheal_20250729_170950\module_K\11K_config_tamper_detector_READY.py; backups\phase11_autoheal_20250807_162520\module_K\11K_config_tamper_detector_READY.py; backups\phase11_autoheal_20250807_162746\module_K\11K_config_tamper_detector_READY.py; backups\phase11_autoheal_20250807_163038\module_K\11K_config_tamper_detector_READY.py; backups\phase11_autoheal_20250807_163323\module_K\11K_config_tamper_detector_READY.py; backups\phase11_autoheal_20250807_163637\module_K\11K_config_tamper_detector_READY.py; backups\phase11_autoheal_20250807_170218\module_K\11K_config_tamper_detector_READY.py"	"0"
"23532394BC666CABF6ABBCDE97104B2C40EBAE6B78D296B5D84BAF9F87000976"	"8"	"backups\phase11_autoheal_20250729_170744\module_K\11K_admin_access_checker_READY.py; backups\phase11_autoheal_20250729_170950\module_K\11K_admin_access_checker_READY.py; backups\phase11_autoheal_20250807_162520\module_K\11K_admin_access_checker_READY.py; backups\phase11_autoheal_20250807_162746\module_K\11K_admin_access_checker_READY.py; backups\phase11_autoheal_20250807_163038\module_K\11K_admin_access_checker_READY.py; backups\phase11_autoheal_20250807_163323\module_K\11K_admin_access_checker_READY.py; backups\phase11_autoheal_20250807_163637\module_K\11K_admin_access_checker_READY.py; backups\phase11_autoheal_20250807_170218\module_K\11K_admin_access_checker_READY.py"	"0"
"9ADE5819C54BECF7062A2912E08B0B5730CBE2917359C679352BF15A8E4B31B7"	"8"	"backups\phase11_autoheal_20250729_170744\module_J\11J_load_spike_simulator_READY.py; backups\phase11_autoheal_20250729_170950\module_J\11J_load_spike_simulator_READY.py; backups\phase11_autoheal_20250807_162520\module_J\11J_load_spike_simulator_READY.py; backups\phase11_autoheal_20250807_162746\module_J\11J_load_spike_simulator_READY.py; backups\phase11_autoheal_20250807_163038\module_J\11J_load_spike_simulator_READY.py; backups\phase11_autoheal_20250807_163323\module_J\11J_load_spike_simulator_READY.py; backups\phase11_autoheal_20250807_163637\module_J\11J_load_spike_simulator_READY.py; backups\phase11_autoheal_20250807_170218\module_J\11J_load_spike_simulator_READY.py"	"0"
"19BE0B76A44315842AA7374724C8FA08934FF218BBF1CA57DAED0ADC659D39E1"	"8"	"backups\phase11_autoheal_20250729_170744\module_I\11I_rate_limit_guard_READY.py; backups\phase11_autoheal_20250729_170950\module_I\11I_rate_limit_guard_READY.py; backups\phase11_autoheal_20250807_162520\module_I\11I_rate_limit_guard_READY.py; backups\phase11_autoheal_20250807_162746\module_I\11I_rate_limit_guard_READY.py; backups\phase11_autoheal_20250807_163038\module_I\11I_rate_limit_guard_READY.py; backups\phase11_autoheal_20250807_163323\module_I\11I_rate_limit_guard_READY.py; backups\phase11_autoheal_20250807_163637\module_I\11I_rate_limit_guard_READY.py; backups\phase11_autoheal_20250807_170218\module_I\11I_rate_limit_guard_READY.py"	"0"
"63977F9DC395B313301003A76A78BA02F578543C17E9B02DD4897C225261F6BE"	"8"	"backups\phase11_autoheal_20250729_170744\module_I\11I_modularize_orchestration_READY.py; backups\phase11_autoheal_20250729_170950\module_I\11I_modularize_orchestration_READY.py; backups\phase11_autoheal_20250807_162520\module_I\11I_modularize_orchestration_READY.py; backups\phase11_autoheal_20250807_162746\module_I\11I_modularize_orchestration_READY.py; backups\phase11_autoheal_20250807_163038\module_I\11I_modularize_orchestration_READY.py; backups\phase11_autoheal_20250807_163323\module_I\11I_modularize_orchestration_READY.py; backups\phase11_autoheal_20250807_163637\module_I\11I_modularize_orchestration_READY.py; backups\phase11_autoheal_20250807_170218\module_I\11I_modularize_orchestration_READY.py"	"0"
"F5A8F05A2D2786538DC90398E6FC082A26A687E5B41F9027983BE2D681BEA848"	"8"	"backups\phase11_autoheal_20250729_170744\module_I\11I_system_wide_retry_limiter_READY.py; backups\phase11_autoheal_20250729_170950\module_I\11I_system_wide_retry_limiter_READY.py; backups\phase11_autoheal_20250807_162520\module_I\11I_system_wide_retry_limiter_READY.py; backups\phase11_autoheal_20250807_162746\module_I\11I_system_wide_retry_limiter_READY.py; backups\phase11_autoheal_20250807_163038\module_I\11I_system_wide_retry_limiter_READY.py; backups\phase11_autoheal_20250807_163323\module_I\11I_system_wide_retry_limiter_READY.py; backups\phase11_autoheal_20250807_163637\module_I\11I_system_wide_retry_limiter_READY.py; backups\phase11_autoheal_20250807_170218\module_I\11I_system_wide_retry_limiter_READY.py"	"0"
"DA545B3661359D51619338F88C755852EDA326741E4220F8AE669E4234FAAAF9"	"8"	"backups\phase11_autoheal_20250729_170744\module_I\11I_regression_test_runner_READY.py; backups\phase11_autoheal_20250729_170950\module_I\11I_regression_test_runner_READY.py; backups\phase11_autoheal_20250807_162520\module_I\11I_regression_test_runner_READY.py; backups\phase11_autoheal_20250807_162746\module_I\11I_regression_test_runner_READY.py; backups\phase11_autoheal_20250807_163038\module_I\11I_regression_test_runner_READY.py; backups\phase11_autoheal_20250807_163323\module_I\11I_regression_test_runner_READY.py; backups\phase11_autoheal_20250807_163637\module_I\11I_regression_test_runner_READY.py; backups\phase11_autoheal_20250807_170218\module_I\11I_regression_test_runner_READY.py"	"0"
"A8EF67164497FA0789E61E2AB01A754C65C994DC9E36FC9C31F600EEF0938D57"	"8"	"backups\phase11_autoheal_20250729_170744\module_AB\11AB_zero_trust_access_policy_engine_READY.py; backups\phase11_autoheal_20250729_170950\module_AB\11AB_zero_trust_access_policy_engine_READY.py; backups\phase11_autoheal_20250807_162520\module_AB\11AB_zero_trust_access_policy_engine_READY.py; backups\phase11_autoheal_20250807_162746\module_AB\11AB_zero_trust_access_policy_engine_READY.py; backups\phase11_autoheal_20250807_163038\module_AB\11AB_zero_trust_access_policy_engine_READY.py; backups\phase11_autoheal_20250807_163323\module_AB\11AB_zero_trust_access_policy_engine_READY.py; backups\phase11_autoheal_20250807_163637\module_AB\11AB_zero_trust_access_policy_engine_READY.py; backups\phase11_autoheal_20250807_170218\module_AB\11AB_zero_trust_access_policy_engine_READY.py"	"0"
"BF9496DC4A8F0C40D82C9C83059DE4AE890F42982FED06C7F59D6503AF750C34"	"8"	"backups\phase11_autoheal_20250729_170744\module_AB\11AB_agent_signature_validator_READY.py; backups\phase11_autoheal_20250729_170950\module_AB\11AB_agent_signature_validator_READY.py; backups\phase11_autoheal_20250807_162520\module_AB\11AB_agent_signature_validator_READY.py; backups\phase11_autoheal_20250807_162746\module_AB\11AB_agent_signature_validator_READY.py; backups\phase11_autoheal_20250807_163038\module_AB\11AB_agent_signature_validator_READY.py; backups\phase11_autoheal_20250807_163323\module_AB\11AB_agent_signature_validator_READY.py; backups\phase11_autoheal_20250807_163637\module_AB\11AB_agent_signature_validator_READY.py; backups\phase11_autoheal_20250807_170218\module_AB\11AB_agent_signature_validator_READY.py"	"0"
"D0D36650AE86971C7D007432FF6AD709591ED4116B60C0B78BD850B8FE7ACD76"	"8"	"backups\phase11_autoheal_20250729_170744\module_D\11D_deployment_readiness_auditor_READY.py; backups\phase11_autoheal_20250729_170950\module_D\11D_deployment_readiness_auditor_READY.py; backups\phase11_autoheal_20250807_162520\module_D\11D_deployment_readiness_auditor_READY.py; backups\phase11_autoheal_20250807_162746\module_D\11D_deployment_readiness_auditor_READY.py; backups\phase11_autoheal_20250807_163038\module_D\11D_deployment_readiness_auditor_READY.py; backups\phase11_autoheal_20250807_163323\module_D\11D_deployment_readiness_auditor_READY.py; backups\phase11_autoheal_20250807_163637\module_D\11D_deployment_readiness_auditor_READY.py; backups\phase11_autoheal_20250807_170218\module_D\11D_deployment_readiness_auditor_READY.py"	"0"
"CC81B7C8707F88DCF4D477DE443C7027F77D1646BAB9A57D4A0DFD0A8D4A3182"	"8"	"backups\phase11_autoheal_20250729_170744\module_D\11D_orchestration_consistency_check_READY.py; backups\phase11_autoheal_20250729_170950\module_D\11D_orchestration_consistency_check_READY.py; backups\phase11_autoheal_20250807_162520\module_D\11D_orchestration_consistency_check_READY.py; backups\phase11_autoheal_20250807_162746\module_D\11D_orchestration_consistency_check_READY.py; backups\phase11_autoheal_20250807_163038\module_D\11D_orchestration_consistency_check_READY.py; backups\phase11_autoheal_20250807_163323\module_D\11D_orchestration_consistency_check_READY.py; backups\phase11_autoheal_20250807_163637\module_D\11D_orchestration_consistency_check_READY.py; backups\phase11_autoheal_20250807_170218\module_D\11D_orchestration_consistency_check_READY.py"	"0"
"FA190F3D6C43B3AA70B86F9B305F93B64E7FD17395DB91353FB4DA8B85071772"	"8"	"backups\phase11_autoheal_20250729_170744\module_D\11D_failpoint_injection_simulator_READY.py; backups\phase11_autoheal_20250729_170950\module_D\11D_failpoint_injection_simulator_READY.py; backups\phase11_autoheal_20250807_162520\module_D\11D_failpoint_injection_simulator_READY.py; backups\phase11_autoheal_20250807_162746\module_D\11D_failpoint_injection_simulator_READY.py; backups\phase11_autoheal_20250807_163038\module_D\11D_failpoint_injection_simulator_READY.py; backups\phase11_autoheal_20250807_163323\module_D\11D_failpoint_injection_simulator_READY.py; backups\phase11_autoheal_20250807_163637\module_D\11D_failpoint_injection_simulator_READY.py; backups\phase11_autoheal_20250807_170218\module_D\11D_failpoint_injection_simulator_READY.py"	"0"
"6B6829A3F3474B29E0036E21607826AAAA58938E39B3F66A5E5B59E0B151B5FD"	"8"	"backups\phase11_autoheal_20250729_170744\module_AA\11AA_failure_memory_builder_READY.py; backups\phase11_autoheal_20250729_170950\module_AA\11AA_failure_memory_builder_READY.py; backups\phase11_autoheal_20250807_162520\module_AA\11AA_failure_memory_builder_READY.py; backups\phase11_autoheal_20250807_162746\module_AA\11AA_failure_memory_builder_READY.py; backups\phase11_autoheal_20250807_163038\module_AA\11AA_failure_memory_builder_READY.py; backups\phase11_autoheal_20250807_163323\module_AA\11AA_failure_memory_builder_READY.py; backups\phase11_autoheal_20250807_163637\module_AA\11AA_failure_memory_builder_READY.py; backups\phase11_autoheal_20250807_170218\module_AA\11AA_failure_memory_builder_READY.py"	"0"
"22FE2AD9B1477AA3F8553AA6FF8B44426AD7636E17961EC02D43A33834AF03D4"	"8"	"backups\phase11_autoheal_20250729_170744\module_L\11L_time_stamped_run_archiver_READY.py; backups\phase11_autoheal_20250729_170950\module_L\11L_time_stamped_run_archiver_READY.py; backups\phase11_autoheal_20250807_162520\module_L\11L_time_stamped_run_archiver_READY.py; backups\phase11_autoheal_20250807_162746\module_L\11L_time_stamped_run_archiver_READY.py; backups\phase11_autoheal_20250807_163038\module_L\11L_time_stamped_run_archiver_READY.py; backups\phase11_autoheal_20250807_163323\module_L\11L_time_stamped_run_archiver_READY.py; backups\phase11_autoheal_20250807_163637\module_L\11L_time_stamped_run_archiver_READY.py; backups\phase11_autoheal_20250807_170218\module_L\11L_time_stamped_run_archiver_READY.py"	"0"
"A1286F9088F4EB5705CF29E7C7C58667EACB57106516C472BB70204974DB3A86"	"8"	"backups\phase11_autoheal_20250729_170744\module_AA\11AA_risk_adaptive_agent_tuner_READY.py; backups\phase11_autoheal_20250729_170950\module_AA\11AA_risk_adaptive_agent_tuner_READY.py; backups\phase11_autoheal_20250807_162520\module_AA\11AA_risk_adaptive_agent_tuner_READY.py; backups\phase11_autoheal_20250807_162746\module_AA\11AA_risk_adaptive_agent_tuner_READY.py; backups\phase11_autoheal_20250807_163038\module_AA\11AA_risk_adaptive_agent_tuner_READY.py; backups\phase11_autoheal_20250807_163323\module_AA\11AA_risk_adaptive_agent_tuner_READY.py; backups\phase11_autoheal_20250807_163637\module_AA\11AA_risk_adaptive_agent_tuner_READY.py; backups\phase11_autoheal_20250807_170218\module_AA\11AA_risk_adaptive_agent_tuner_READY.py"	"0"
"970A56FA4A7333A039746E49B4F51F81078D0377841ABB3D07A1261DAF5F779C"	"8"	"backups\phase11_autoheal_20250729_170744\module_AB\11AB_agent_identity_vault_READY.py; backups\phase11_autoheal_20250729_170950\module_AB\11AB_agent_identity_vault_READY.py; backups\phase11_autoheal_20250807_162520\module_AB\11AB_agent_identity_vault_READY.py; backups\phase11_autoheal_20250807_162746\module_AB\11AB_agent_identity_vault_READY.py; backups\phase11_autoheal_20250807_163038\module_AB\11AB_agent_identity_vault_READY.py; backups\phase11_autoheal_20250807_163323\module_AB\11AB_agent_identity_vault_READY.py; backups\phase11_autoheal_20250807_163637\module_AB\11AB_agent_identity_vault_READY.py; backups\phase11_autoheal_20250807_170218\module_AB\11AB_agent_identity_vault_READY.py"	"0"
"3F8E737D1E91CF0CF1802AA306FEFB7478F0B934F2A484EED5C80080CC59140E"	"8"	"backups\phase11_autoheal_20250729_170744\module_AA\11AA_self_healing_loop_generator_READY.py; backups\phase11_autoheal_20250729_170950\module_AA\11AA_self_healing_loop_generator_READY.py; backups\phase11_autoheal_20250807_162520\module_AA\11AA_self_healing_loop_generator_READY.py; backups\phase11_autoheal_20250807_162746\module_AA\11AA_self_healing_loop_generator_READY.py; backups\phase11_autoheal_20250807_163038\module_AA\11AA_self_healing_loop_generator_READY.py; backups\phase11_autoheal_20250807_163323\module_AA\11AA_self_healing_loop_generator_READY.py; backups\phase11_autoheal_20250807_163637\module_AA\11AA_self_healing_loop_generator_READY.py; backups\phase11_autoheal_20250807_170218\module_AA\11AA_self_healing_loop_generator_READY.py"	"0"
"CD4E2D96B5B284AA8007B3EB10E07FFB69245C7F40A28A6AC8CD3B66EA412602"	"8"	"backups\phase11_autoheal_20250729_170744\module_F\11F_redundancy_reducer_READY.py; backups\phase11_autoheal_20250729_170950\module_F\11F_redundancy_reducer_READY.py; backups\phase11_autoheal_20250807_162520\module_F\11F_redundancy_reducer_READY.py; backups\phase11_autoheal_20250807_162746\module_F\11F_redundancy_reducer_READY.py; backups\phase11_autoheal_20250807_163038\module_F\11F_redundancy_reducer_READY.py; backups\phase11_autoheal_20250807_163323\module_F\11F_redundancy_reducer_READY.py; backups\phase11_autoheal_20250807_163637\module_F\11F_redundancy_reducer_READY.py; backups\phase11_autoheal_20250807_170218\module_F\11F_redundancy_reducer_READY.py"	"0"
"BB0CB87611CC8F40D650948933C302529244DC2ABF54A879E1DEF16E12E8B935"	"8"	"backups\phase11_autoheal_20250729_170744\module_F\11F_agent_performance_log_READY.py; backups\phase11_autoheal_20250729_170950\module_F\11F_agent_performance_log_READY.py; backups\phase11_autoheal_20250807_162520\module_F\11F_agent_performance_log_READY.py; backups\phase11_autoheal_20250807_162746\module_F\11F_agent_performance_log_READY.py; backups\phase11_autoheal_20250807_163038\module_F\11F_agent_performance_log_READY.py; backups\phase11_autoheal_20250807_163323\module_F\11F_agent_performance_log_READY.py; backups\phase11_autoheal_20250807_163637\module_F\11F_agent_performance_log_READY.py; backups\phase11_autoheal_20250807_170218\module_F\11F_agent_performance_log_READY.py"	"0"
"19AC011729CC6554913E975B8EEBCF3CFF48F9ACF17A38FF894B66F717C8F980"	"8"	"backups\phase11_autoheal_20250729_170744\module_F\11F_retry_dead_job_scanner_READY.py; backups\phase11_autoheal_20250729_170950\module_F\11F_retry_dead_job_scanner_READY.py; backups\phase11_autoheal_20250807_162520\module_F\11F_retry_dead_job_scanner_READY.py; backups\phase11_autoheal_20250807_162746\module_F\11F_retry_dead_job_scanner_READY.py; backups\phase11_autoheal_20250807_163038\module_F\11F_retry_dead_job_scanner_READY.py; backups\phase11_autoheal_20250807_163323\module_F\11F_retry_dead_job_scanner_READY.py; backups\phase11_autoheal_20250807_163637\module_F\11F_retry_dead_job_scanner_READY.py; backups\phase11_autoheal_20250807_170218\module_F\11F_retry_dead_job_scanner_READY.py"	"0"
"95AA0B7E4A868B9984938F239D646BDBD258AE82A50A8A2A2B49E86CDA462FA1"	"8"	"backups\phase11_autoheal_20250729_170744\module_H\11H_dead_api_key_validator_READY.py; backups\phase11_autoheal_20250729_170950\module_H\11H_dead_api_key_validator_READY.py; backups\phase11_autoheal_20250807_162520\module_H\11H_dead_api_key_validator_READY.py; backups\phase11_autoheal_20250807_162746\module_H\11H_dead_api_key_validator_READY.py; backups\phase11_autoheal_20250807_163038\module_H\11H_dead_api_key_validator_READY.py; backups\phase11_autoheal_20250807_163323\module_H\11H_dead_api_key_validator_READY.py; backups\phase11_autoheal_20250807_163637\module_H\11H_dead_api_key_validator_READY.py; backups\phase11_autoheal_20250807_170218\module_H\11H_dead_api_key_validator_READY.py"	"0"
"D7E4749D4697A0470347C37A31607FD4654F8A782141B2BD0CCA282E50AB6BAF"	"8"	"backups\phase11_autoheal_20250729_170744\module_G\11G_full_system_audit_report_READY.py; backups\phase11_autoheal_20250729_170950\module_G\11G_full_system_audit_report_READY.py; backups\phase11_autoheal_20250807_162520\module_G\11G_full_system_audit_report_READY.py; backups\phase11_autoheal_20250807_162746\module_G\11G_full_system_audit_report_READY.py; backups\phase11_autoheal_20250807_163038\module_G\11G_full_system_audit_report_READY.py; backups\phase11_autoheal_20250807_163323\module_G\11G_full_system_audit_report_READY.py; backups\phase11_autoheal_20250807_163637\module_G\11G_full_system_audit_report_READY.py; backups\phase11_autoheal_20250807_170218\module_G\11G_full_system_audit_report_READY.py"	"0"
"407CA2F43396052A39848ADEF42411DB4D12542D3402F99E47DA2FA327B243B5"	"8"	"backups\phase11_autoheal_20250729_170744\module_E\11E_bottleneck_profiler_READY.py; backups\phase11_autoheal_20250729_170950\module_E\11E_bottleneck_profiler_READY.py; backups\phase11_autoheal_20250807_162520\module_E\11E_bottleneck_profiler_READY.py; backups\phase11_autoheal_20250807_162746\module_E\11E_bottleneck_profiler_READY.py; backups\phase11_autoheal_20250807_163038\module_E\11E_bottleneck_profiler_READY.py; backups\phase11_autoheal_20250807_163323\module_E\11E_bottleneck_profiler_READY.py; backups\phase11_autoheal_20250807_163637\module_E\11E_bottleneck_profiler_READY.py; backups\phase11_autoheal_20250807_170218\module_E\11E_bottleneck_profiler_READY.py"	"0"
"F0DE86DF5D5F8549E86DB5F2CB25A64A671BCB32B20E289E86C23DC78C6F871F"	"8"	"backups\phase11_autoheal_20250729_170744\module_E\11E_api_health_checker_READY.py; backups\phase11_autoheal_20250729_170950\module_E\11E_api_health_checker_READY.py; backups\phase11_autoheal_20250807_162520\module_E\11E_api_health_checker_READY.py; backups\phase11_autoheal_20250807_162746\module_E\11E_api_health_checker_READY.py; backups\phase11_autoheal_20250807_163038\module_E\11E_api_health_checker_READY.py; backups\phase11_autoheal_20250807_163323\module_E\11E_api_health_checker_READY.py; backups\phase11_autoheal_20250807_163637\module_E\11E_api_health_checker_READY.py; backups\phase11_autoheal_20250807_170218\module_E\11E_api_health_checker_READY.py"	"0"
"F81E8B46A4E604158D52BCF92374B964E6E903BE0F40C64BBCF8013B4FCFE080"	"8"	"backups\phase11_autoheal_20250729_170744\module_E\11E_broken_script_detector_READY.py; backups\phase11_autoheal_20250729_170950\module_E\11E_broken_script_detector_READY.py; backups\phase11_autoheal_20250807_162520\module_E\11E_broken_script_detector_READY.py; backups\phase11_autoheal_20250807_162746\module_E\11E_broken_script_detector_READY.py; backups\phase11_autoheal_20250807_163038\module_E\11E_broken_script_detector_READY.py; backups\phase11_autoheal_20250807_163323\module_E\11E_broken_script_detector_READY.py; backups\phase11_autoheal_20250807_163637\module_E\11E_broken_script_detector_READY.py; backups\phase11_autoheal_20250807_170218\module_E\11E_broken_script_detector_READY.py"	"0"
"A5287EBF87588D1A3009152BB7C4C6E6E9C68FC2486C37AC3A1AE7CD1D7DE364"	"8"	"backups\phase11_autoheal_20250729_170744\module_E\11E_file_folder_cleanup_READY.py; backups\phase11_autoheal_20250729_170950\module_E\11E_file_folder_cleanup_READY.py; backups\phase11_autoheal_20250807_162520\module_E\11E_file_folder_cleanup_READY.py; backups\phase11_autoheal_20250807_162746\module_E\11E_file_folder_cleanup_READY.py; backups\phase11_autoheal_20250807_163038\module_E\11E_file_folder_cleanup_READY.py; backups\phase11_autoheal_20250807_163323\module_E\11E_file_folder_cleanup_READY.py; backups\phase11_autoheal_20250807_163637\module_E\11E_file_folder_cleanup_READY.py; backups\phase11_autoheal_20250807_170218\module_E\11E_file_folder_cleanup_READY.py"	"0"
"91C6A0F27292333FA7BE62B13F4943AA127782CE3F2D114F0E965B7D803F9CDF"	"8"	"backups\phase11_autoheal_20250729_170744\module_E\11E_budget_burn_monitor_READY.py; backups\phase11_autoheal_20250729_170950\module_E\11E_budget_burn_monitor_READY.py; backups\phase11_autoheal_20250807_162520\module_E\11E_budget_burn_monitor_READY.py; backups\phase11_autoheal_20250807_162746\module_E\11E_budget_burn_monitor_READY.py; backups\phase11_autoheal_20250807_163038\module_E\11E_budget_burn_monitor_READY.py; backups\phase11_autoheal_20250807_163323\module_E\11E_budget_burn_monitor_READY.py; backups\phase11_autoheal_20250807_163637\module_E\11E_budget_burn_monitor_READY.py; backups\phase11_autoheal_20250807_170218\module_E\11E_budget_burn_monitor_READY.py"	"0"
"18849F7C1353613683E38EC632EA47D63827481908A7532314C2374872DE7A76"	"8"	"backups\phase11_autoheal_20250729_170744\module_K\11K_directory_write_lock_verifier_READY.py; backups\phase11_autoheal_20250729_170950\module_K\11K_directory_write_lock_verifier_READY.py; backups\phase11_autoheal_20250807_162520\module_K\11K_directory_write_lock_verifier_READY.py; backups\phase11_autoheal_20250807_162746\module_K\11K_directory_write_lock_verifier_READY.py; backups\phase11_autoheal_20250807_163038\module_K\11K_directory_write_lock_verifier_READY.py; backups\phase11_autoheal_20250807_163323\module_K\11K_directory_write_lock_verifier_READY.py; backups\phase11_autoheal_20250807_163637\module_K\11K_directory_write_lock_verifier_READY.py; backups\phase11_autoheal_20250807_170218\module_K\11K_directory_write_lock_verifier_READY.py"	"0"
"44AA442CE0570D6E824E1403B30638958C3B255FEB9CDA48B82986E003CECBA9"	"8"	"backups\phase11_autoheal_20250729_170744\module_V\11V_maintece_nudger_READY.py; backups\phase11_autoheal_20250729_170950\module_V\11V_maintece_nudger_READY.py; backups\phase11_autoheal_20250807_162520\module_V\11V_maintece_nudger_READY.py; backups\phase11_autoheal_20250807_162746\module_V\11V_maintece_nudger_READY.py; backups\phase11_autoheal_20250807_163038\module_V\11V_maintece_nudger_READY.py; backups\phase11_autoheal_20250807_163323\module_V\11V_maintece_nudger_READY.py; backups\phase11_autoheal_20250807_163637\module_V\11V_maintece_nudger_READY.py; backups\phase11_autoheal_20250807_170218\module_V\11V_maintece_nudger_READY.py"	"0"
"A19E86BFD46582E1FC535BA547755416206DD791C28119581F04D8BD5D3CDC56"	"8"	"backups\phase11_autoheal_20250729_170744\module_U\11U_conflict_detector_between_agents_READY.py; backups\phase11_autoheal_20250729_170950\module_U\11U_conflict_detector_between_agents_READY.py; backups\phase11_autoheal_20250807_162520\module_U\11U_conflict_detector_between_agents_READY.py; backups\phase11_autoheal_20250807_162746\module_U\11U_conflict_detector_between_agents_READY.py; backups\phase11_autoheal_20250807_163038\module_U\11U_conflict_detector_between_agents_READY.py; backups\phase11_autoheal_20250807_163323\module_U\11U_conflict_detector_between_agents_READY.py; backups\phase11_autoheal_20250807_163637\module_U\11U_conflict_detector_between_agents_READY.py; backups\phase11_autoheal_20250807_170218\module_U\11U_conflict_detector_between_agents_READY.py"	"0"
"4654BDEDB3DC260CD4987A187FB47D4E8DD19096FEBA433E9A7AA89F09C2791E"	"8"	"backups\phase11_autoheal_20250729_170744\module_V\11V_output_drift_detector_READY.py; backups\phase11_autoheal_20250729_170950\module_V\11V_output_drift_detector_READY.py; backups\phase11_autoheal_20250807_162520\module_V\11V_output_drift_detector_READY.py; backups\phase11_autoheal_20250807_162746\module_V\11V_output_drift_detector_READY.py; backups\phase11_autoheal_20250807_163038\module_V\11V_output_drift_detector_READY.py; backups\phase11_autoheal_20250807_163323\module_V\11V_output_drift_detector_READY.py; backups\phase11_autoheal_20250807_163637\module_V\11V_output_drift_detector_READY.py; backups\phase11_autoheal_20250807_170218\module_V\11V_output_drift_detector_READY.py"	"0"
"5AD42F1A91D1C3337811017E4456C0ACEF0BF07CF49A97DA6DAFC3EF15C1E085"	"8"	"backups\phase11_autoheal_20250729_170744\module_W\11W_ethical_decision_flagger_READY.py; backups\phase11_autoheal_20250729_170950\module_W\11W_ethical_decision_flagger_READY.py; backups\phase11_autoheal_20250807_162520\module_W\11W_ethical_decision_flagger_READY.py; backups\phase11_autoheal_20250807_162746\module_W\11W_ethical_decision_flagger_READY.py; backups\phase11_autoheal_20250807_163038\module_W\11W_ethical_decision_flagger_READY.py; backups\phase11_autoheal_20250807_163323\module_W\11W_ethical_decision_flagger_READY.py; backups\phase11_autoheal_20250807_163637\module_W\11W_ethical_decision_flagger_READY.py; backups\phase11_autoheal_20250807_170218\module_W\11W_ethical_decision_flagger_READY.py"	"0"
"D34416C2AFB1C6A2BD0921F3052F121C6653C92E876D46E7CC8CE84E6DF6D3D6"	"8"	"backups\phase11_autoheal_20250729_170744\module_V\11V_unused_agent_scanner_READY.py; backups\phase11_autoheal_20250729_170950\module_V\11V_unused_agent_scanner_READY.py; backups\phase11_autoheal_20250807_162520\module_V\11V_unused_agent_scanner_READY.py; backups\phase11_autoheal_20250807_162746\module_V\11V_unused_agent_scanner_READY.py; backups\phase11_autoheal_20250807_163038\module_V\11V_unused_agent_scanner_READY.py; backups\phase11_autoheal_20250807_163323\module_V\11V_unused_agent_scanner_READY.py; backups\phase11_autoheal_20250807_163637\module_V\11V_unused_agent_scanner_READY.py; backups\phase11_autoheal_20250807_170218\module_V\11V_unused_agent_scanner_READY.py"	"0"
"B090D67C1522B0D4D73CB30A0F3202319BB4B6F1CC461B427C84F037233FD536"	"8"	"backups\phase11_autoheal_20250729_170744\module_T\11T_decision_chain_visualizer_READY.py; backups\phase11_autoheal_20250729_170950\module_T\11T_decision_chain_visualizer_READY.py; backups\phase11_autoheal_20250807_162520\module_T\11T_decision_chain_visualizer_READY.py; backups\phase11_autoheal_20250807_162746\module_T\11T_decision_chain_visualizer_READY.py; backups\phase11_autoheal_20250807_163038\module_T\11T_decision_chain_visualizer_READY.py; backups\phase11_autoheal_20250807_163323\module_T\11T_decision_chain_visualizer_READY.py; backups\phase11_autoheal_20250807_163637\module_T\11T_decision_chain_visualizer_READY.py; backups\phase11_autoheal_20250807_170218\module_T\11T_decision_chain_visualizer_READY.py"	"0"
"B5EA7683D8085C9A942E57DA6CBC89E8C1C89C0E1591F5019EBD6D132879F66F"	"8"	"backups\phase11_autoheal_20250729_170744\module_T\11T_audit_trail_renderer_READY.py; backups\phase11_autoheal_20250729_170950\module_T\11T_audit_trail_renderer_READY.py; backups\phase11_autoheal_20250807_162520\module_T\11T_audit_trail_renderer_READY.py; backups\phase11_autoheal_20250807_162746\module_T\11T_audit_trail_renderer_READY.py; backups\phase11_autoheal_20250807_163038\module_T\11T_audit_trail_renderer_READY.py; backups\phase11_autoheal_20250807_163323\module_T\11T_audit_trail_renderer_READY.py; backups\phase11_autoheal_20250807_163637\module_T\11T_audit_trail_renderer_READY.py; backups\phase11_autoheal_20250807_170218\module_T\11T_audit_trail_renderer_READY.py"	"0"
"03BE2F9F1BA62C8AA049FD96BC4BA27E050061B2E98EF041E48F0EA62235B437"	"8"	"backups\phase11_autoheal_20250729_170744\module_T\11T_output_attribution_tracer_READY.py; backups\phase11_autoheal_20250729_170950\module_T\11T_output_attribution_tracer_READY.py; backups\phase11_autoheal_20250807_162520\module_T\11T_output_attribution_tracer_READY.py; backups\phase11_autoheal_20250807_162746\module_T\11T_output_attribution_tracer_READY.py; backups\phase11_autoheal_20250807_163038\module_T\11T_output_attribution_tracer_READY.py; backups\phase11_autoheal_20250807_163323\module_T\11T_output_attribution_tracer_READY.py; backups\phase11_autoheal_20250807_163637\module_T\11T_output_attribution_tracer_READY.py; backups\phase11_autoheal_20250807_170218\module_T\11T_output_attribution_tracer_READY.py"	"0"
"604085019202815E5234D3C2F81F7E971E535F28083D9AEDA1A6572D100615BE"	"8"	"backups\phase11_autoheal_20250729_170744\module_U\11U_chain_of_responsibility_resolver_READY.py; backups\phase11_autoheal_20250729_170950\module_U\11U_chain_of_responsibility_resolver_READY.py; backups\phase11_autoheal_20250807_162520\module_U\11U_chain_of_responsibility_resolver_READY.py; backups\phase11_autoheal_20250807_162746\module_U\11U_chain_of_responsibility_resolver_READY.py; backups\phase11_autoheal_20250807_163038\module_U\11U_chain_of_responsibility_resolver_READY.py; backups\phase11_autoheal_20250807_163323\module_U\11U_chain_of_responsibility_resolver_READY.py; backups\phase11_autoheal_20250807_163637\module_U\11U_chain_of_responsibility_resolver_READY.py; backups\phase11_autoheal_20250807_170218\module_U\11U_chain_of_responsibility_resolver_READY.py"	"0"
"3CE92C7B7A1406D5C2E8BBD2174977E40FF0BF950CC88DAED2AC0139620AE857"	"8"	"backups\phase11_autoheal_20250729_170744\module_U\11U_agent_voting_system_READY.py; backups\phase11_autoheal_20250729_170950\module_U\11U_agent_voting_system_READY.py; backups\phase11_autoheal_20250807_162520\module_U\11U_agent_voting_system_READY.py; backups\phase11_autoheal_20250807_162746\module_U\11U_agent_voting_system_READY.py; backups\phase11_autoheal_20250807_163038\module_U\11U_agent_voting_system_READY.py; backups\phase11_autoheal_20250807_163323\module_U\11U_agent_voting_system_READY.py; backups\phase11_autoheal_20250807_163637\module_U\11U_agent_voting_system_READY.py; backups\phase11_autoheal_20250807_170218\module_U\11U_agent_voting_system_READY.py"	"0"
"3ACA9FA4A156D241EA9665B6F7B2DBD6DD84DF18790BC8E56E1D17D17CF0DE06"	"8"	"backups\phase11_autoheal_20250729_170744\module_W\11W_hallucination_catcher_READY.py; backups\phase11_autoheal_20250729_170950\module_W\11W_hallucination_catcher_READY.py; backups\phase11_autoheal_20250807_162520\module_W\11W_hallucination_catcher_READY.py; backups\phase11_autoheal_20250807_162746\module_W\11W_hallucination_catcher_READY.py; backups\phase11_autoheal_20250807_163038\module_W\11W_hallucination_catcher_READY.py; backups\phase11_autoheal_20250807_163323\module_W\11W_hallucination_catcher_READY.py; backups\phase11_autoheal_20250807_163637\module_W\11W_hallucination_catcher_READY.py; backups\phase11_autoheal_20250807_170218\module_W\11W_hallucination_catcher_READY.py"	"0"
"C63E6476D83055E1B0C747D0F0D9B64B59CDD260DF5C706AE9076C9E0D327471"	"8"	"backups\phase11_autoheal_20250729_170744\module_Y\11Y_sla_violation_logger_READY.py; backups\phase11_autoheal_20250729_170950\module_Y\11Y_sla_violation_logger_READY.py; backups\phase11_autoheal_20250807_162520\module_Y\11Y_sla_violation_logger_READY.py; backups\phase11_autoheal_20250807_162746\module_Y\11Y_sla_violation_logger_READY.py; backups\phase11_autoheal_20250807_163038\module_Y\11Y_sla_violation_logger_READY.py; backups\phase11_autoheal_20250807_163323\module_Y\11Y_sla_violation_logger_READY.py; backups\phase11_autoheal_20250807_163637\module_Y\11Y_sla_violation_logger_READY.py; backups\phase11_autoheal_20250807_170218\module_Y\11Y_sla_violation_logger_READY.py"	"0"
"AFBCEA8DEF83978CD5A72A3705A35BAD6BF4A26DADF51B976FBDA68AE152B689"	"8"	"backups\phase11_autoheal_20250729_170744\module_Y\11Y_multi_tier_auto_restarter_READY.py; backups\phase11_autoheal_20250729_170950\module_Y\11Y_multi_tier_auto_restarter_READY.py; backups\phase11_autoheal_20250807_162520\module_Y\11Y_multi_tier_auto_restarter_READY.py; backups\phase11_autoheal_20250807_162746\module_Y\11Y_multi_tier_auto_restarter_READY.py; backups\phase11_autoheal_20250807_163038\module_Y\11Y_multi_tier_auto_restarter_READY.py; backups\phase11_autoheal_20250807_163323\module_Y\11Y_multi_tier_auto_restarter_READY.py; backups\phase11_autoheal_20250807_163637\module_Y\11Y_multi_tier_auto_restarter_READY.py; backups\phase11_autoheal_20250807_170218\module_Y\11Y_multi_tier_auto_restarter_READY.py"	"0"
"103467C81BD73869B26D3C1F0BB4D0F0A88D9DB4BBCF954D368E784B537C99FC"	"8"	"backups\phase11_autoheal_20250729_170744\module_Z\11Z_auto_rollback_controller_READY.py; backups\phase11_autoheal_20250729_170950\module_Z\11Z_auto_rollback_controller_READY.py; backups\phase11_autoheal_20250807_162520\module_Z\11Z_auto_rollback_controller_READY.py; backups\phase11_autoheal_20250807_162746\module_Z\11Z_auto_rollback_controller_READY.py; backups\phase11_autoheal_20250807_163038\module_Z\11Z_auto_rollback_controller_READY.py; backups\phase11_autoheal_20250807_163323\module_Z\11Z_auto_rollback_controller_READY.py; backups\phase11_autoheal_20250807_163637\module_Z\11Z_auto_rollback_controller_READY.py; backups\phase11_autoheal_20250807_170218\module_Z\11Z_auto_rollback_controller_READY.py"	"0"
"ABDE85027A4239D71FA2302741D0CCF44A975E002BC2909A1BFB46E58B6F425B"	"8"	"backups\phase11_autoheal_20250729_170744\module_Z\11Z_step_by_step_time_travel_debugger_READY.py; backups\phase11_autoheal_20250729_170950\module_Z\11Z_step_by_step_time_travel_debugger_READY.py; backups\phase11_autoheal_20250807_162520\module_Z\11Z_step_by_step_time_travel_debugger_READY.py; backups\phase11_autoheal_20250807_162746\module_Z\11Z_step_by_step_time_travel_debugger_READY.py; backups\phase11_autoheal_20250807_163038\module_Z\11Z_step_by_step_time_travel_debugger_READY.py; backups\phase11_autoheal_20250807_163323\module_Z\11Z_step_by_step_time_travel_debugger_READY.py; backups\phase11_autoheal_20250807_163637\module_Z\11Z_step_by_step_time_travel_debugger_READY.py; backups\phase11_autoheal_20250807_170218\module_Z\11Z_step_by_step_time_travel_debugger_READY.py"	"0"
"6565FA4E0FFCC755246B2097B5FD8F182F5F314064408C9187F6912B653DCC39"	"8"	"backups\phase11_autoheal_20250729_170744\module_Z\11Z_snapshot_creation_diff_engine_READY.py; backups\phase11_autoheal_20250729_170950\module_Z\11Z_snapshot_creation_diff_engine_READY.py; backups\phase11_autoheal_20250807_162520\module_Z\11Z_snapshot_creation_diff_engine_READY.py; backups\phase11_autoheal_20250807_162746\module_Z\11Z_snapshot_creation_diff_engine_READY.py; backups\phase11_autoheal_20250807_163038\module_Z\11Z_snapshot_creation_diff_engine_READY.py; backups\phase11_autoheal_20250807_163323\module_Z\11Z_snapshot_creation_diff_engine_READY.py; backups\phase11_autoheal_20250807_163637\module_Z\11Z_snapshot_creation_diff_engine_READY.py; backups\phase11_autoheal_20250807_170218\module_Z\11Z_snapshot_creation_diff_engine_READY.py"	"0"
"B32691531CFE67A66E5F62074C71C3641C94A6A78E71EC724C1FA8C66934093C"	"8"	"backups\phase11_autoheal_20250729_170744\module_X\11X_agent_sabotage_replay_detector_READY.py; backups\phase11_autoheal_20250729_170950\module_X\11X_agent_sabotage_replay_detector_READY.py; backups\phase11_autoheal_20250807_162520\module_X\11X_agent_sabotage_replay_detector_READY.py; backups\phase11_autoheal_20250807_162746\module_X\11X_agent_sabotage_replay_detector_READY.py; backups\phase11_autoheal_20250807_163038\module_X\11X_agent_sabotage_replay_detector_READY.py; backups\phase11_autoheal_20250807_163323\module_X\11X_agent_sabotage_replay_detector_READY.py; backups\phase11_autoheal_20250807_163637\module_X\11X_agent_sabotage_replay_detector_READY.py; backups\phase11_autoheal_20250807_170218\module_X\11X_agent_sabotage_replay_detector_READY.py"	"0"
"8B12ADAFD44A86B19F48348401A9FAF0FF0C4C4082773A41F9823F4351B119D5"	"8"	"backups\phase11_autoheal_20250729_170744\module_W\11W_toxicity_bias_filter_READY.py; backups\phase11_autoheal_20250729_170950\module_W\11W_toxicity_bias_filter_READY.py; backups\phase11_autoheal_20250807_162520\module_W\11W_toxicity_bias_filter_READY.py; backups\phase11_autoheal_20250807_162746\module_W\11W_toxicity_bias_filter_READY.py; backups\phase11_autoheal_20250807_163038\module_W\11W_toxicity_bias_filter_READY.py; backups\phase11_autoheal_20250807_163323\module_W\11W_toxicity_bias_filter_READY.py; backups\phase11_autoheal_20250807_163637\module_W\11W_toxicity_bias_filter_READY.py; backups\phase11_autoheal_20250807_170218\module_W\11W_toxicity_bias_filter_READY.py"	"0"
"90DBE5DAE096E4BF69A23271FE52060A7F7C19DCC41E3BA4D3B96000040C48A2"	"8"	"backups\phase11_autoheal_20250729_170744\module_X\11X_llm_jailbreak_resistance_tester_READY.py; backups\phase11_autoheal_20250729_170950\module_X\11X_llm_jailbreak_resistance_tester_READY.py; backups\phase11_autoheal_20250807_162520\module_X\11X_llm_jailbreak_resistance_tester_READY.py; backups\phase11_autoheal_20250807_162746\module_X\11X_llm_jailbreak_resistance_tester_READY.py; backups\phase11_autoheal_20250807_163038\module_X\11X_llm_jailbreak_resistance_tester_READY.py; backups\phase11_autoheal_20250807_163323\module_X\11X_llm_jailbreak_resistance_tester_READY.py; backups\phase11_autoheal_20250807_163637\module_X\11X_llm_jailbreak_resistance_tester_READY.py; backups\phase11_autoheal_20250807_170218\module_X\11X_llm_jailbreak_resistance_tester_READY.py"	"0"
"81AF0E18777538BEDBFC390E98949B64CF7F98953C6F67849D7A7DEEA1B627E4"	"8"	"backups\phase11_autoheal_20250729_170744\module_Y\11Y_agent_uptime_monitor_READY.py; backups\phase11_autoheal_20250729_170950\module_Y\11Y_agent_uptime_monitor_READY.py; backups\phase11_autoheal_20250807_162520\module_Y\11Y_agent_uptime_monitor_READY.py; backups\phase11_autoheal_20250807_162746\module_Y\11Y_agent_uptime_monitor_READY.py; backups\phase11_autoheal_20250807_163038\module_Y\11Y_agent_uptime_monitor_READY.py; backups\phase11_autoheal_20250807_163323\module_Y\11Y_agent_uptime_monitor_READY.py; backups\phase11_autoheal_20250807_163637\module_Y\11Y_agent_uptime_monitor_READY.py; backups\phase11_autoheal_20250807_170218\module_Y\11Y_agent_uptime_monitor_READY.py"	"0"
"4DDD0FC01BCD76EFD1D04F9BDCBF503103458592C61F19160D1B42EBDA988D36"	"8"	"backups\phase11_autoheal_20250729_170744\module_X\11X_red_team_threat_simulator_READY.py; backups\phase11_autoheal_20250729_170950\module_X\11X_red_team_threat_simulator_READY.py; backups\phase11_autoheal_20250807_162520\module_X\11X_red_team_threat_simulator_READY.py; backups\phase11_autoheal_20250807_162746\module_X\11X_red_team_threat_simulator_READY.py; backups\phase11_autoheal_20250807_163038\module_X\11X_red_team_threat_simulator_READY.py; backups\phase11_autoheal_20250807_163323\module_X\11X_red_team_threat_simulator_READY.py; backups\phase11_autoheal_20250807_163637\module_X\11X_red_team_threat_simulator_READY.py; backups\phase11_autoheal_20250807_170218\module_X\11X_red_team_threat_simulator_READY.py"	"0"
"3A15FA3181A029FCB3C19083F5797809FD2461B8F56CD0CD4F7E56A327CDA16B"	"8"	"backups\phase11_autoheal_20250729_170744\module_S\11S_risk_score_dashboard_READY.py; backups\phase11_autoheal_20250729_170950\module_S\11S_risk_score_dashboard_READY.py; backups\phase11_autoheal_20250807_162520\module_S\11S_risk_score_dashboard_READY.py; backups\phase11_autoheal_20250807_162746\module_S\11S_risk_score_dashboard_READY.py; backups\phase11_autoheal_20250807_163038\module_S\11S_risk_score_dashboard_READY.py; backups\phase11_autoheal_20250807_163323\module_S\11S_risk_score_dashboard_READY.py; backups\phase11_autoheal_20250807_163637\module_S\11S_risk_score_dashboard_READY.py; backups\phase11_autoheal_20250807_170218\module_S\11S_risk_score_dashboard_READY.py"	"0"
"EA6DDF14C05C1D7D45777CAC27826023099BC578D49E4736A4F097212DBD518E"	"8"	"backups\phase11_autoheal_20250729_170744\module_N\11N_manual_override_toggle_READY.py; backups\phase11_autoheal_20250729_170950\module_N\11N_manual_override_toggle_READY.py; backups\phase11_autoheal_20250807_162520\module_N\11N_manual_override_toggle_READY.py; backups\phase11_autoheal_20250807_162746\module_N\11N_manual_override_toggle_READY.py; backups\phase11_autoheal_20250807_163038\module_N\11N_manual_override_toggle_READY.py; backups\phase11_autoheal_20250807_163323\module_N\11N_manual_override_toggle_READY.py; backups\phase11_autoheal_20250807_163637\module_N\11N_manual_override_toggle_READY.py; backups\phase11_autoheal_20250807_170218\module_N\11N_manual_override_toggle_READY.py"	"0"
"39EB6DB15CE7E73E6E5BD686462060FB1618A2C1B0EAA34A02CC0AB78F5B421A"	"8"	"backups\phase11_autoheal_20250729_170744\module_N\11N_approval_gate_for_high_risk_ops_READY.py; backups\phase11_autoheal_20250729_170950\module_N\11N_approval_gate_for_high_risk_ops_READY.py; backups\phase11_autoheal_20250807_162520\module_N\11N_approval_gate_for_high_risk_ops_READY.py; backups\phase11_autoheal_20250807_162746\module_N\11N_approval_gate_for_high_risk_ops_READY.py; backups\phase11_autoheal_20250807_163038\module_N\11N_approval_gate_for_high_risk_ops_READY.py; backups\phase11_autoheal_20250807_163323\module_N\11N_approval_gate_for_high_risk_ops_READY.py; backups\phase11_autoheal_20250807_163637\module_N\11N_approval_gate_for_high_risk_ops_READY.py; backups\phase11_autoheal_20250807_170218\module_N\11N_approval_gate_for_high_risk_ops_READY.py"	"0"
"EC686A0B5419B44B35952EBEA1E6EE05E68AFA1AE0EEDCB7AF77C2C04FF54D57"	"8"	"backups\phase11_autoheal_20250729_170744\module_N\11N_slack_email_alert_system_READY.py; backups\phase11_autoheal_20250729_170950\module_N\11N_slack_email_alert_system_READY.py; backups\phase11_autoheal_20250807_162520\module_N\11N_slack_email_alert_system_READY.py; backups\phase11_autoheal_20250807_162746\module_N\11N_slack_email_alert_system_READY.py; backups\phase11_autoheal_20250807_163038\module_N\11N_slack_email_alert_system_READY.py; backups\phase11_autoheal_20250807_163323\module_N\11N_slack_email_alert_system_READY.py; backups\phase11_autoheal_20250807_163637\module_N\11N_slack_email_alert_system_READY.py; backups\phase11_autoheal_20250807_170218\module_N\11N_slack_email_alert_system_READY.py"	"0"
"E848F278373F5F4B395F3D887DD68883C75CE86F78C885A4707B13259868F18C"	"8"	"backups\phase11_autoheal_20250729_170744\module_O\11O_telemetry_exporter_READY.py; backups\phase11_autoheal_20250729_170950\module_O\11O_telemetry_exporter_READY.py; backups\phase11_autoheal_20250807_162520\module_O\11O_telemetry_exporter_READY.py; backups\phase11_autoheal_20250807_162746\module_O\11O_telemetry_exporter_READY.py; backups\phase11_autoheal_20250807_163038\module_O\11O_telemetry_exporter_READY.py; backups\phase11_autoheal_20250807_163323\module_O\11O_telemetry_exporter_READY.py; backups\phase11_autoheal_20250807_163637\module_O\11O_telemetry_exporter_READY.py; backups\phase11_autoheal_20250807_170218\module_O\11O_telemetry_exporter_READY.py"	"0"
"822FFB1A9C20B9CE1D78A32B5FE283FACDFF7A0EA777BEA9921A5900ED25BEBC"	"8"	"backups\phase11_autoheal_20250729_170744\module_O\11O_real_time_log_streamer_READY.py; backups\phase11_autoheal_20250729_170950\module_O\11O_real_time_log_streamer_READY.py; backups\phase11_autoheal_20250807_162520\module_O\11O_real_time_log_streamer_READY.py; backups\phase11_autoheal_20250807_162746\module_O\11O_real_time_log_streamer_READY.py; backups\phase11_autoheal_20250807_163038\module_O\11O_real_time_log_streamer_READY.py; backups\phase11_autoheal_20250807_163323\module_O\11O_real_time_log_streamer_READY.py; backups\phase11_autoheal_20250807_163637\module_O\11O_real_time_log_streamer_READY.py; backups\phase11_autoheal_20250807_170218\module_O\11O_real_time_log_streamer_READY.py"	"0"
"6886EC20CE5D26C5B07BC734F79DA8A38A2484B2A69660AC4CF10FD4D9C75055"	"8"	"backups\phase11_autoheal_20250729_170744\module_L\11L_version_drift_detector_READY.py; backups\phase11_autoheal_20250729_170950\module_L\11L_version_drift_detector_READY.py; backups\phase11_autoheal_20250807_162520\module_L\11L_version_drift_detector_READY.py; backups\phase11_autoheal_20250807_162746\module_L\11L_version_drift_detector_READY.py; backups\phase11_autoheal_20250807_163038\module_L\11L_version_drift_detector_READY.py; backups\phase11_autoheal_20250807_163323\module_L\11L_version_drift_detector_READY.py; backups\phase11_autoheal_20250807_163637\module_L\11L_version_drift_detector_READY.py; backups\phase11_autoheal_20250807_170218\module_L\11L_version_drift_detector_READY.py"	"0"
"3F5634D26E68F92687F9AD8B4E22B7F3CAF635E004AAC075FDB02D365D8A95BE"	"8"	"backups\phase11_autoheal_20250729_170744\module_L\11L_output_change_diff_checker_READY.py; backups\phase11_autoheal_20250729_170950\module_L\11L_output_change_diff_checker_READY.py; backups\phase11_autoheal_20250807_162520\module_L\11L_output_change_diff_checker_READY.py; backups\phase11_autoheal_20250807_162746\module_L\11L_output_change_diff_checker_READY.py; backups\phase11_autoheal_20250807_163038\module_L\11L_output_change_diff_checker_READY.py; backups\phase11_autoheal_20250807_163323\module_L\11L_output_change_diff_checker_READY.py; backups\phase11_autoheal_20250807_163637\module_L\11L_output_change_diff_checker_READY.py; backups\phase11_autoheal_20250807_170218\module_L\11L_output_change_diff_checker_READY.py"	"0"
"6D1CBEB288D55E40E0B0EF1AACFB86A279AE74B7FA646FB71AC466CA118F47F3"	"8"	"backups\phase11_autoheal_20250729_170744\module_M\11M_api_abuse_detector_READY.py; backups\phase11_autoheal_20250729_170950\module_M\11M_api_abuse_detector_READY.py; backups\phase11_autoheal_20250807_162520\module_M\11M_api_abuse_detector_READY.py; backups\phase11_autoheal_20250807_162746\module_M\11M_api_abuse_detector_READY.py; backups\phase11_autoheal_20250807_163038\module_M\11M_api_abuse_detector_READY.py; backups\phase11_autoheal_20250807_163323\module_M\11M_api_abuse_detector_READY.py; backups\phase11_autoheal_20250807_163637\module_M\11M_api_abuse_detector_READY.py; backups\phase11_autoheal_20250807_170218\module_M\11M_api_abuse_detector_READY.py"	"0"
"262CBBF98DC2ED5F809D1FEF0831469D9FFA3E78E83B10B6DF9351E2C9A9A642"	"8"	"backups\phase11_autoheal_20250729_170744\module_M\11M_prompt_injection_tester_READY.py; backups\phase11_autoheal_20250729_170950\module_M\11M_prompt_injection_tester_READY.py; backups\phase11_autoheal_20250807_162520\module_M\11M_prompt_injection_tester_READY.py; backups\phase11_autoheal_20250807_162746\module_M\11M_prompt_injection_tester_READY.py; backups\phase11_autoheal_20250807_163038\module_M\11M_prompt_injection_tester_READY.py; backups\phase11_autoheal_20250807_163323\module_M\11M_prompt_injection_tester_READY.py; backups\phase11_autoheal_20250807_163637\module_M\11M_prompt_injection_tester_READY.py; backups\phase11_autoheal_20250807_170218\module_M\11M_prompt_injection_tester_READY.py"	"0"
"6FA6C0C7CB49044458AC79B749D5DA78CF8208B4E11D9DECE7528A6F1984CBFA"	"8"	"backups\phase11_autoheal_20250729_170744\module_M\11M_input_sanitizer_READY.py; backups\phase11_autoheal_20250729_170950\module_M\11M_input_sanitizer_READY.py; backups\phase11_autoheal_20250807_162520\module_M\11M_input_sanitizer_READY.py; backups\phase11_autoheal_20250807_162746\module_M\11M_input_sanitizer_READY.py; backups\phase11_autoheal_20250807_163038\module_M\11M_input_sanitizer_READY.py; backups\phase11_autoheal_20250807_163323\module_M\11M_input_sanitizer_READY.py; backups\phase11_autoheal_20250807_163637\module_M\11M_input_sanitizer_READY.py; backups\phase11_autoheal_20250807_170218\module_M\11M_input_sanitizer_READY.py"	"0"
"C6A71A571C847A72870AAB7BDF6EAD4CB809CAB547FF98A6E9602E39D900EA5B"	"8"	"backups\phase11_autoheal_20250729_170744\module_O\11O_unified_log_aggregator_READY.py; backups\phase11_autoheal_20250729_170950\module_O\11O_unified_log_aggregator_READY.py; backups\phase11_autoheal_20250807_162520\module_O\11O_unified_log_aggregator_READY.py; backups\phase11_autoheal_20250807_162746\module_O\11O_unified_log_aggregator_READY.py; backups\phase11_autoheal_20250807_163038\module_O\11O_unified_log_aggregator_READY.py; backups\phase11_autoheal_20250807_163323\module_O\11O_unified_log_aggregator_READY.py; backups\phase11_autoheal_20250807_163637\module_O\11O_unified_log_aggregator_READY.py; backups\phase11_autoheal_20250807_170218\module_O\11O_unified_log_aggregator_READY.py"	"0"
"D4EF634E9FE159560F6E949931A03DB2E9E0F22D6B5DCA1633CF6B11E97A4065"	"8"	"backups\phase11_autoheal_20250729_170744\module_R\11R_shadow_run_mode_READY.py; backups\phase11_autoheal_20250729_170950\module_R\11R_shadow_run_mode_READY.py; backups\phase11_autoheal_20250807_162520\module_R\11R_shadow_run_mode_READY.py; backups\phase11_autoheal_20250807_162746\module_R\11R_shadow_run_mode_READY.py; backups\phase11_autoheal_20250807_163038\module_R\11R_shadow_run_mode_READY.py; backups\phase11_autoheal_20250807_163323\module_R\11R_shadow_run_mode_READY.py; backups\phase11_autoheal_20250807_163637\module_R\11R_shadow_run_mode_READY.py; backups\phase11_autoheal_20250807_170218\module_R\11R_shadow_run_mode_READY.py"	"0"
"912B89241FC2507A390C09046A23B6D99A74329CEF13F4FAB1DB6A6651F7F06C"	"8"	"backups\phase11_autoheal_20250729_170744\module_Q\11Q_virtualenv_isolation_enforcer_READY.py; backups\phase11_autoheal_20250729_170950\module_Q\11Q_virtualenv_isolation_enforcer_READY.py; backups\phase11_autoheal_20250807_162520\module_Q\11Q_virtualenv_isolation_enforcer_READY.py; backups\phase11_autoheal_20250807_162746\module_Q\11Q_virtualenv_isolation_enforcer_READY.py; backups\phase11_autoheal_20250807_163038\module_Q\11Q_virtualenv_isolation_enforcer_READY.py; backups\phase11_autoheal_20250807_163323\module_Q\11Q_virtualenv_isolation_enforcer_READY.py; backups\phase11_autoheal_20250807_163637\module_Q\11Q_virtualenv_isolation_enforcer_READY.py; backups\phase11_autoheal_20250807_170218\module_Q\11Q_virtualenv_isolation_enforcer_READY.py"	"0"
"3B43113348972114D5439396BBB91AA3960BD19BFC323DA9A43AEDA3BB34C4C6"	"8"	"backups\phase11_autoheal_20250729_170744\module_R\11R_sneak_audit_agent_READY.py; backups\phase11_autoheal_20250729_170950\module_R\11R_sneak_audit_agent_READY.py; backups\phase11_autoheal_20250807_162520\module_R\11R_sneak_audit_agent_READY.py; backups\phase11_autoheal_20250807_162746\module_R\11R_sneak_audit_agent_READY.py; backups\phase11_autoheal_20250807_163038\module_R\11R_sneak_audit_agent_READY.py; backups\phase11_autoheal_20250807_163323\module_R\11R_sneak_audit_agent_READY.py; backups\phase11_autoheal_20250807_163637\module_R\11R_sneak_audit_agent_READY.py; backups\phase11_autoheal_20250807_170218\module_R\11R_sneak_audit_agent_READY.py"	"0"
"7BB8B83742ECF931330479DF71F08054FBC41BB7C42B44DE30E949ACE54E26D2"	"8"	"backups\phase11_autoheal_20250729_170744\module_S\11S_mitigation_suggestion_engine_READY.py; backups\phase11_autoheal_20250729_170950\module_S\11S_mitigation_suggestion_engine_READY.py; backups\phase11_autoheal_20250807_162520\module_S\11S_mitigation_suggestion_engine_READY.py; backups\phase11_autoheal_20250807_162746\module_S\11S_mitigation_suggestion_engine_READY.py; backups\phase11_autoheal_20250807_163038\module_S\11S_mitigation_suggestion_engine_READY.py; backups\phase11_autoheal_20250807_163323\module_S\11S_mitigation_suggestion_engine_READY.py; backups\phase11_autoheal_20250807_163637\module_S\11S_mitigation_suggestion_engine_READY.py; backups\phase11_autoheal_20250807_170218\module_S\11S_mitigation_suggestion_engine_READY.py"	"0"
"1C16A95704BBDDFDAC9A75BDA18E696DB4C991513CF924DD28859C4CC8CA15C9"	"8"	"backups\phase11_autoheal_20250729_170744\module_S\11S_ai_risk_classifier_READY.py; backups\phase11_autoheal_20250729_170950\module_S\11S_ai_risk_classifier_READY.py; backups\phase11_autoheal_20250807_162520\module_S\11S_ai_risk_classifier_READY.py; backups\phase11_autoheal_20250807_162746\module_S\11S_ai_risk_classifier_READY.py; backups\phase11_autoheal_20250807_163038\module_S\11S_ai_risk_classifier_READY.py; backups\phase11_autoheal_20250807_163323\module_S\11S_ai_risk_classifier_READY.py; backups\phase11_autoheal_20250807_163637\module_S\11S_ai_risk_classifier_READY.py; backups\phase11_autoheal_20250807_170218\module_S\11S_ai_risk_classifier_READY.py"	"0"
"D512B37A9F3DBB611E923B1698490C7267B7DCFDDBC57E403DDE0C93FB66A2EB"	"8"	"backups\phase11_autoheal_20250729_170744\module_P\11P_attribution_inserter_READY.py; backups\phase11_autoheal_20250729_170950\module_P\11P_attribution_inserter_READY.py; backups\phase11_autoheal_20250807_162520\module_P\11P_attribution_inserter_READY.py; backups\phase11_autoheal_20250807_162746\module_P\11P_attribution_inserter_READY.py; backups\phase11_autoheal_20250807_163038\module_P\11P_attribution_inserter_READY.py; backups\phase11_autoheal_20250807_163323\module_P\11P_attribution_inserter_READY.py; backups\phase11_autoheal_20250807_163637\module_P\11P_attribution_inserter_READY.py; backups\phase11_autoheal_20250807_170218\module_P\11P_attribution_inserter_READY.py"	"0"
"6E9A7BBC7A8699CAC7156CE6169F863B545E06F9F350E00B77957BDB27943CE1"	"8"	"backups\phase11_autoheal_20250729_170744\module_P\11P_api_terms_compliance_checker_READY.py; backups\phase11_autoheal_20250729_170950\module_P\11P_api_terms_compliance_checker_READY.py; backups\phase11_autoheal_20250807_162520\module_P\11P_api_terms_compliance_checker_READY.py; backups\phase11_autoheal_20250807_162746\module_P\11P_api_terms_compliance_checker_READY.py; backups\phase11_autoheal_20250807_163038\module_P\11P_api_terms_compliance_checker_READY.py; backups\phase11_autoheal_20250807_163323\module_P\11P_api_terms_compliance_checker_READY.py; backups\phase11_autoheal_20250807_163637\module_P\11P_api_terms_compliance_checker_READY.py; backups\phase11_autoheal_20250807_170218\module_P\11P_api_terms_compliance_checker_READY.py"	"0"
"824E1E658E1978C0F3C998D11AD77D2F80A94046562A29612953106ADC4F5266"	"8"	"backups\phase11_autoheal_20250729_170744\module_P\11P_license_file_auditor_READY.py; backups\phase11_autoheal_20250729_170950\module_P\11P_license_file_auditor_READY.py; backups\phase11_autoheal_20250807_162520\module_P\11P_license_file_auditor_READY.py; backups\phase11_autoheal_20250807_162746\module_P\11P_license_file_auditor_READY.py; backups\phase11_autoheal_20250807_163038\module_P\11P_license_file_auditor_READY.py; backups\phase11_autoheal_20250807_163323\module_P\11P_license_file_auditor_READY.py; backups\phase11_autoheal_20250807_163637\module_P\11P_license_file_auditor_READY.py; backups\phase11_autoheal_20250807_170218\module_P\11P_license_file_auditor_READY.py"	"0"
"F0263FF8C83FD43B8B30538F58F2197E56F33F731B43F3F8206666D323BB85FD"	"8"	"backups\phase11_autoheal_20250729_170744\module_Q\11Q_python_environment_verifier_READY.py; backups\phase11_autoheal_20250729_170950\module_Q\11Q_python_environment_verifier_READY.py; backups\phase11_autoheal_20250807_162520\module_Q\11Q_python_environment_verifier_READY.py; backups\phase11_autoheal_20250807_162746\module_Q\11Q_python_environment_verifier_READY.py; backups\phase11_autoheal_20250807_163038\module_Q\11Q_python_environment_verifier_READY.py; backups\phase11_autoheal_20250807_163323\module_Q\11Q_python_environment_verifier_READY.py; backups\phase11_autoheal_20250807_163637\module_Q\11Q_python_environment_verifier_READY.py; backups\phase11_autoheal_20250807_170218\module_Q\11Q_python_environment_verifier_READY.py"	"0"
"8C315F205E4E73F28B06540772483D3B08629691041DDEB0E64C46B50875D78C"	"8"	"backups\phase11_autoheal_20250729_170744\module_Q\11Q_dependency_version_pin_checker_READY.py; backups\phase11_autoheal_20250729_170950\module_Q\11Q_dependency_version_pin_checker_READY.py; backups\phase11_autoheal_20250807_162520\module_Q\11Q_dependency_version_pin_checker_READY.py; backups\phase11_autoheal_20250807_162746\module_Q\11Q_dependency_version_pin_checker_READY.py; backups\phase11_autoheal_20250807_163038\module_Q\11Q_dependency_version_pin_checker_READY.py; backups\phase11_autoheal_20250807_163323\module_Q\11Q_dependency_version_pin_checker_READY.py; backups\phase11_autoheal_20250807_163637\module_Q\11Q_dependency_version_pin_checker_READY.py; backups\phase11_autoheal_20250807_170218\module_Q\11Q_dependency_version_pin_checker_READY.py"	"0"
"64AE584D3864867C59ECD091EC0E24D00CF1F7D643BA243A6309EAB772091AC9"	"7"	"backups\phase11_autoheal_20250807_162520\module_A\11A_anomaly_log_writer_READY.py; backups\phase11_autoheal_20250807_162746\module_A\11A_anomaly_log_writer_READY.py; backups\phase11_autoheal_20250807_163038\module_A\11A_anomaly_log_writer_READY.py; backups\phase11_autoheal_20250807_163323\module_A\11A_anomaly_log_writer_READY.py; backups\phase11_autoheal_20250807_163637\module_A\11A_anomaly_log_writer_READY.py; backups\phase11_autoheal_20250807_170218\module_A\11A_anomaly_log_writer_READY.py; scripts\phase11\module_A\11A_anomaly_log_writer_READY.py"	"0.01"
"373B0C68FD9B727ACA5939937ACDF5BF9ABA8394E06D6067C48002C01BF7897F"	"6"	"backups\phase11_autoheal_20250807_162520\module_A\11A_file_integrity_checker_READY.py; backups\phase11_autoheal_20250807_162746\module_A\11A_file_integrity_checker_READY.py; backups\phase11_autoheal_20250807_163038\module_A\11A_file_integrity_checker_READY.py; backups\phase11_autoheal_20250807_163323\module_A\11A_file_integrity_checker_READY.py; backups\phase11_autoheal_20250807_163637\module_A\11A_file_integrity_checker_READY.py; backups\phase11_autoheal_20250807_170218\module_A\11A_file_integrity_checker_READY.py"	"0"
"EAA6749CE4A3A40308D2EC5D57DFC52D7B96BFDDC52439D92AB60891594229E4"	"6"	"backups\phase11_autoheal_20250807_162520\module_B\11B_credential_vault_manager_READY.py; backups\phase11_autoheal_20250807_162746\module_B\11B_credential_vault_manager_READY.py; backups\phase11_autoheal_20250807_163038\module_B\11B_credential_vault_manager_READY.py; backups\phase11_autoheal_20250807_163323\module_B\11B_credential_vault_manager_READY.py; backups\phase11_autoheal_20250807_163637\module_B\11B_credential_vault_manager_READY.py; backups\phase11_autoheal_20250807_170218\module_B\11B_credential_vault_manager_READY.py"	"0"
"69B796F4EDAAE4B7462A3571B57613F5F7E60E1961213A0BD9A9809D2798DDC5"	"6"	"backups\phase11_autoheal_20250807_162520\module_A\11A_watchdog_agent_READY.py; backups\phase11_autoheal_20250807_162746\module_A\11A_watchdog_agent_READY.py; backups\phase11_autoheal_20250807_163038\module_A\11A_watchdog_agent_READY.py; backups\phase11_autoheal_20250807_163323\module_A\11A_watchdog_agent_READY.py; backups\phase11_autoheal_20250807_163637\module_A\11A_watchdog_agent_READY.py; backups\phase11_autoheal_20250807_170218\module_A\11A_watchdog_agent_READY.py"	"0"
"F3754569C77B45C823527DEB9C09853283C1AFCCE46CEFF5ED627E38E7C557C2"	"6"	"backups\phase11_autoheal_20250807_162520\module_B\11B_rate_limit_stress_test_READY.py; backups\phase11_autoheal_20250807_162746\module_B\11B_rate_limit_stress_test_READY.py; backups\phase11_autoheal_20250807_163038\module_B\11B_rate_limit_stress_test_READY.py; backups\phase11_autoheal_20250807_163323\module_B\11B_rate_limit_stress_test_READY.py; backups\phase11_autoheal_20250807_163637\module_B\11B_rate_limit_stress_test_READY.py; backups\phase11_autoheal_20250807_170218\module_B\11B_rate_limit_stress_test_READY.py"	"0"
"00243A8E197D7A3878E0FC1579D18767752C682E68B0FF533350ADD1FDAEF4BE"	"5"	"backups\phase11\11B_credential_vault_manager_READY.py; backups\phase11_cleanup\module_B\11B_credential_vault_manager_READY.py; backups\phase11_final\11B_credential_vault_manager_READY.py; backups\phase11_full_backup\11B_credential_vault_manager_READY.py; scripts\phase11\module_B\11B_credential_vault_manager_READY.py"	"0.01"
"175C23485ED03AB78BB9BBA3D27F66FAFE7083EE5475C9173477A3B942EB0DF0"	"5"	"reddit_api.ps1; outputs\repo_doctor\hotfix_backups\20250910_121743\scripts\reddit_api_2.py; outputs\repo_doctor\hotfix_backups\20250910_121743\scripts\reddit_api_final.py; outputs\repo_doctor\hotfix_backups\20250910_121743\scripts\reddit_api_fixed.py; scripts\phase00\INBOX\reddit_api_2_175C2348.py"	"0.01"
"F9A632C4E938626534BE0F9F35D3770195550DF1F4F672963D83A53F71E6233A"	"5"	"backups\phase11\11L_time_stamped_run_archiver_READY.py; backups\phase11_cleanup\module_L\11L_time_stamped_run_archiver_READY.py; backups\phase11_final\11L_time_stamped_run_archiver_READY.py; backups\phase11_full_backup\11L_time_stamped_run_archiver_READY.py; backups\phase11_pre_rebuild\module_L\11L_time_stamped_run_archiver_READY.py"	"0"
"62AAB5297D5DC830CC582467B764A57A024C91B49EB4705BCA01F414C0E752E0"	"5"	"backups\phase11\11L_version_drift_detector_READY.py; backups\phase11_cleanup\module_L\11L_version_drift_detector_READY.py; backups\phase11_final\11L_version_drift_detector_READY.py; backups\phase11_full_backup\11L_version_drift_detector_READY.py; backups\phase11_pre_rebuild\module_L\11L_version_drift_detector_READY.py"	"0"
"CF03751D5C3F00A29BC8AB3D4016D75BFB7C02B680B3B163B62A3C4E6B67BEC2"	"5"	"backups\phase11\11J_random_failure_injector_READY.py; backups\phase11_cleanup\module_J\11J_random_failure_injector_READY.py; backups\phase11_final\11J_random_failure_injector_READY.py; backups\phase11_full_backup\11J_random_failure_injector_READY.py; backups\phase11_pre_rebuild\module_J\11J_random_failure_injector_READY.py"	"0"
"0AF0EC9BD4183C154E4998E7B2582D07CFD24EA98D0C558927E288F3DC5B5EDD"	"5"	"backups\phase11\11K_config_tamper_detector_READY.py; backups\phase11_cleanup\module_K\11K_config_tamper_detector_READY.py; backups\phase11_final\11K_config_tamper_detector_READY.py; backups\phase11_full_backup\11K_config_tamper_detector_READY.py; backups\phase11_pre_rebuild\module_K\11K_config_tamper_detector_READY.py"	"0"
"B5DEE43BC46C17B37474C47A307377E174ED7793E0AA8C8AD21D519660860E50"	"5"	"backups\phase11\11L_output_change_diff_checker_READY.py; backups\phase11_cleanup\module_L\11L_output_change_diff_checker_READY.py; backups\phase11_final\11L_output_change_diff_checker_READY.py; backups\phase11_full_backup\11L_output_change_diff_checker_READY.py; backups\phase11_pre_rebuild\module_L\11L_output_change_diff_checker_READY.py"	"0"
"E0C4C9030D1F9FF7FF9F97E891A180BF9B8E8D312EF1DF8E6CF504B1CA5336FA"	"5"	"backups\phase11\11P_attribution_inserter_READY.py; backups\phase11_cleanup\module_P\11P_attribution_inserter_READY.py; backups\phase11_final\11P_attribution_inserter_READY.py; backups\phase11_full_backup\11P_attribution_inserter_READY.py; backups\phase11_pre_rebuild\module_P\11P_attribution_inserter_READY.py"	"0"
"B8F4359FD8008A2459B296738E5F329289B61CDF1FC03B4D428C96CCB5BD0DD9"	"5"	"backups\phase11\11Q_python_environment_verifier_READY.py; backups\phase11_cleanup\module_Q\11Q_python_environment_verifier_READY.py; backups\phase11_final\11Q_python_environment_verifier_READY.py; backups\phase11_full_backup\11Q_python_environment_verifier_READY.py; backups\phase11_pre_rebuild\module_Q\11Q_python_environment_verifier_READY.py"	"0"
"F56B16C30C54ABA15103A44079B35BCDF29851B63BC83BA34E39550979AA4E84"	"5"	"backups\phase11\11P_api_terms_compliance_checker_READY.py; backups\phase11_cleanup\module_P\11P_api_terms_compliance_checker_READY.py; backups\phase11_final\11P_api_terms_compliance_checker_READY.py; backups\phase11_full_backup\11P_api_terms_compliance_checker_READY.py; backups\phase11_pre_rebuild\module_P\11P_api_terms_compliance_checker_READY.py"	"0"
"96B8CC4E9A2DC847498377324BDEDEEFA7780DEFC0A29B3285F6C96B21E6E863"	"5"	"backups\phase11\11M_api_abuse_detector_READY.py; backups\phase11_cleanup\module_M\11M_api_abuse_detector_READY.py; backups\phase11_final\11M_api_abuse_detector_READY.py; backups\phase11_full_backup\11M_api_abuse_detector_READY.py; backups\phase11_pre_rebuild\module_M\11M_api_abuse_detector_READY.py"	"0"
"F4365AB64B2FF640106B2CA6990F9067A131035290F98AD7BD08EF4645141BCF"	"5"	"backups\phase11\11O_real_time_log_streamer_READY.py; backups\phase11_cleanup\module_O\11O_real_time_log_streamer_READY.py; backups\phase11_final\11O_real_time_log_streamer_READY.py; backups\phase11_full_backup\11O_real_time_log_streamer_READY.py; backups\phase11_pre_rebuild\module_O\11O_real_time_log_streamer_READY.py"	"0"
"117575DA4F31D2282DA10E22FF070266DF53FF6534A026C2D161C35E2223C94B"	"5"	"backups\phase11\11AA_self_healing_loop_generator_READY.py; backups\phase11_cleanup\module_A\11AA_self_healing_loop_generator_READY.py; backups\phase11_cleanup\module_AA\11AA_self_healing_loop_generator_READY.py; backups\phase11_final\11AA_self_healing_loop_generator_READY.py; backups\phase11_full_backup\11AA_self_healing_loop_generator_READY.py"	"0"
"C62A20103B0DD8C8AA72B14DA0C0192F5BBFDE52AA2146EC3FF8D72A6102EAB8"	"5"	"backups\phase11\11D_deployment_readiness_auditor_READY.py; backups\phase11_cleanup\module_D\11D_deployment_readiness_auditor_READY.py; backups\phase11_final\11D_deployment_readiness_auditor_READY.py; backups\phase11_full_backup\11D_deployment_readiness_auditor_READY.py; backups\phase11_pre_rebuild\module_D\11D_deployment_readiness_auditor_READY.py"	"0"
"44D71585B51D96E5290977BAA9A600A7C8C58175C7FF5D83270FE816BF653759"	"5"	"backups\phase11\11AA_risk_adaptive_agent_tuner_READY.py; backups\phase11_cleanup\module_A\11AA_risk_adaptive_agent_tuner_READY.py; backups\phase11_cleanup\module_AA\11AA_risk_adaptive_agent_tuner_READY.py; backups\phase11_final\11AA_risk_adaptive_agent_tuner_READY.py; backups\phase11_full_backup\11AA_risk_adaptive_agent_tuner_READY.py"	"0"
"8429EA88ADB4651D1BF73A819B00AFCA250FC577A5EFAA257BA824ADB1FEBC43"	"5"	"backups\phase11\11R_sneak_audit_agent_READY.py; backups\phase11_cleanup\module_R\11R_sneak_audit_agent_READY.py; backups\phase11_final\11R_sneak_audit_agent_READY.py; backups\phase11_full_backup\11R_sneak_audit_agent_READY.py; backups\phase11_pre_rebuild\module_R\11R_sneak_audit_agent_READY.py"	"0"
"05D54290CFC13492605ACA256CB63C6CDDB7630C9C4AB39109DE30C308A7F24A"	"5"	"backups\phase11\11AA_failure_memory_builder_READY.py; backups\phase11_cleanup\module_A\11AA_failure_memory_builder_READY.py; backups\phase11_cleanup\module_AA\11AA_failure_memory_builder_READY.py; backups\phase11_final\11AA_failure_memory_builder_READY.py; backups\phase11_full_backup\11AA_failure_memory_builder_READY.py"	"0"
"CE5CE953502349350C7EBABCDAF07E0286E0648225D4ABA229187196F8153D14"	"5"	"backups\phase11\11J_load_spike_simulator_READY.py; backups\phase11_cleanup\module_J\11J_load_spike_simulator_READY.py; backups\phase11_final\11J_load_spike_simulator_READY.py; backups\phase11_full_backup\11J_load_spike_simulator_READY.py; backups\phase11_pre_rebuild\module_J\11J_load_spike_simulator_READY.py"	"0"
"1E7151DAB4E7E2513A20EDCF8062E695D198F8E261AAA3A88812F73519FED53C"	"5"	"backups\phase11\11J_memory_leak_detector_READY.py; backups\phase11_cleanup\module_J\11J_memory_leak_detector_READY.py; backups\phase11_final\11J_memory_leak_detector_READY.py; backups\phase11_full_backup\11J_memory_leak_detector_READY.py; backups\phase11_pre_rebuild\module_J\11J_memory_leak_detector_READY.py"	"0"
"43EF77B966F639BD5B816F524F1CDDE811C4BB76CE7243318D47F16DAC22D653"	"5"	"backups\phase11\11I_system_wide_retry_limiter_READY.py; backups\phase11_cleanup\module_I\11I_system_wide_retry_limiter_READY.py; backups\phase11_final\11I_system_wide_retry_limiter_READY.py; backups\phase11_full_backup\11I_system_wide_retry_limiter_READY.py; backups\phase11_pre_rebuild\module_I\11I_system_wide_retry_limiter_READY.py"	"0"
"109A1A4663C967847FFBCA87A9C72CFB4450F930930E23A90FEB17F1FFFA3B51"	"5"	"backups\phase11\11G_terms_checker_READY.py; backups\phase11_cleanup\module_G\11G_terms_checker_READY.py; backups\phase11_final\11G_terms_checker_READY.py; backups\phase11_full_backup\11G_terms_checker_READY.py; backups\phase11_pre_rebuild\module_G\11G_terms_checker_READY.py"	"0"
"6F32F3877C7AD76B5B3F3763E0FF9937C1B3E121AD04479DB136544BCCE20F95"	"5"	"backups\phase11\11I_regression_test_runner_READY.py; backups\phase11_cleanup\module_I\11I_regression_test_runner_READY.py; backups\phase11_final\11I_regression_test_runner_READY.py; backups\phase11_full_backup\11I_regression_test_runner_READY.py; backups\phase11_pre_rebuild\module_I\11I_regression_test_runner_READY.py"	"0"
"4037188DCE4C2A9F8B1CF8205BE150C82F540B28794D300E424BC6C9B57A5687"	"5"	"backups\phase11\11Q_virtualenv_isolation_enforcer_READY.py; backups\phase11_cleanup\module_Q\11Q_virtualenv_isolation_enforcer_READY.py; backups\phase11_final\11Q_virtualenv_isolation_enforcer_READY.py; backups\phase11_full_backup\11Q_virtualenv_isolation_enforcer_READY.py; backups\phase11_pre_rebuild\module_Q\11Q_virtualenv_isolation_enforcer_READY.py"	"0"
"90B507134E59C858E92E4047854BE09164A063B36A62B451166C90A9DCF736F4"	"5"	"backups\phase11\11Z_auto_rollback_controller_READY.py; backups\phase11_cleanup\module_Z\11Z_auto_rollback_controller_READY.py; backups\phase11_final\11Z_auto_rollback_controller_READY.py; backups\phase11_full_backup\11Z_auto_rollback_controller_READY.py; backups\phase11_pre_rebuild\module_Z\11Z_auto_rollback_controller_READY.py"	"0"
"218E8F329AB27FEDB661F408BD32D90C207DEC18D94871FEBC72511CC91EDBE8"	"5"	"backups\phase11\11Y_multi_tier_auto_restarter_READY.py; backups\phase11_cleanup\module_Y\11Y_multi_tier_auto_restarter_READY.py; backups\phase11_final\11Y_multi_tier_auto_restarter_READY.py; backups\phase11_full_backup\11Y_multi_tier_auto_restarter_READY.py; backups\phase11_pre_rebuild\module_Y\11Y_multi_tier_auto_restarter_READY.py"	"0"
"AF8B511D550BC9E19CD72279582ACE4B82FA8621B578CD2E84740E9C9840D955"	"5"	"backups\phase11\11U_conflict_detector_between_agents_READY.py; backups\phase11_cleanup\module_U\11U_conflict_detector_between_agents_READY.py; backups\phase11_final\11U_conflict_detector_between_agents_READY.py; backups\phase11_full_backup\11U_conflict_detector_between_agents_READY.py; backups\phase11_pre_rebuild\module_U\11U_conflict_detector_between_agents_READY.py"	"0"
"2E50465395559C0834DAB09CFC031A407E053BD713803696628C289DA55ACB6E"	"5"	"backups\phase11\11U_agent_voting_system_READY.py; backups\phase11_cleanup\module_U\11U_agent_voting_system_READY.py; backups\phase11_final\11U_agent_voting_system_READY.py; backups\phase11_full_backup\11U_agent_voting_system_READY.py; backups\phase11_pre_rebuild\module_U\11U_agent_voting_system_READY.py"	"0"
"95C1D7A140DCA2FFF26991B77ABA750AC5019C92092ECC803A090092FC20E7BB"	"5"	"backups\phase11\11U_chain_of_responsibility_resolver_READY.py; backups\phase11_cleanup\module_U\11U_chain_of_responsibility_resolver_READY.py; backups\phase11_final\11U_chain_of_responsibility_resolver_READY.py; backups\phase11_full_backup\11U_chain_of_responsibility_resolver_READY.py; backups\phase11_pre_rebuild\module_U\11U_chain_of_responsibility_resolver_READY.py"	"0"
"F697AFF8C62EC13240C28CD3015519EF4E96E25FD80B91475FE4C7287A4C1EE8"	"5"	"backups\phase11\11Y_agent_uptime_monitor_READY.py; backups\phase11_cleanup\module_Y\11Y_agent_uptime_monitor_READY.py; backups\phase11_final\11Y_agent_uptime_monitor_READY.py; backups\phase11_full_backup\11Y_agent_uptime_monitor_READY.py; backups\phase11_pre_rebuild\module_Y\11Y_agent_uptime_monitor_READY.py"	"0"
"F20402D4E8DDF6BC9264A1BB35B1438E3EC77A14306E3686BC13C213C49F8BAA"	"5"	"backups\phase11\11W_toxicity_&_bias_filter_READY.py; backups\phase11_cleanup\module_W\11W_toxicity_&_bias_filter_READY.py; backups\phase11_final\11W_toxicity_&_bias_filter_READY.py; backups\phase11_full_backup\11W_toxicity_&_bias_filter_READY.py; backups\phase11_pre_rebuild\module_W\11W_toxicity_&_bias_filter_READY.py"	"0"
"2C5695B5B26FA3355E9C53A35F8FEAF278F118FEA16747DA5FE08D1EEF22A02D"	"5"	"backups\phase11\11W_hallucination_catcher_READY.py; backups\phase11_cleanup\module_W\11W_hallucination_catcher_READY.py; backups\phase11_final\11W_hallucination_catcher_READY.py; backups\phase11_full_backup\11W_hallucination_catcher_READY.py; backups\phase11_pre_rebuild\module_W\11W_hallucination_catcher_READY.py"	"0"
"266A3C644A4A15113658768AB146D96F42E8BA2C21FFE5427C87F36C4A491255"	"5"	"backups\phase11\11X_agent_sabotage_replay_detector_READY.py; backups\phase11_cleanup\module_X\11X_agent_sabotage_replay_detector_READY.py; backups\phase11_final\11X_agent_sabotage_replay_detector_READY.py; backups\phase11_full_backup\11X_agent_sabotage_replay_detector_READY.py; backups\phase11_pre_rebuild\module_X\11X_agent_sabotage_replay_detector_READY.py"	"0"
"A741D445463EF8B005250C5F2400658972FF2758EC1F1E401905D4175150063C"	"5"	"backups\phase11\11X_red_team_threat_simulator_READY.py; backups\phase11_cleanup\module_X\11X_red_team_threat_simulator_READY.py; backups\phase11_final\11X_red_team_threat_simulator_READY.py; backups\phase11_full_backup\11X_red_team_threat_simulator_READY.py; backups\phase11_pre_rebuild\module_X\11X_red_team_threat_simulator_READY.py"	"0"
"9E70CED27419790C2BB40DA928A8F70C0A9C3331EE38F75B90C21BE165A17BD4"	"5"	"backups\phase11\11X_llm_jailbreak_resistance_tester_READY.py; backups\phase11_cleanup\module_X\11X_llm_jailbreak_resistance_tester_READY.py; backups\phase11_final\11X_llm_jailbreak_resistance_tester_READY.py; backups\phase11_full_backup\11X_llm_jailbreak_resistance_tester_READY.py; backups\phase11_pre_rebuild\module_X\11X_llm_jailbreak_resistance_tester_READY.py"	"0"
"DA564BEC6753B2E18F81D10E9B44A270F052D716579E99DE4BC16CB71B6396C1"	"5"	"backups\phase11\11R_shadow_run_mode_READY.py; backups\phase11_cleanup\module_R\11R_shadow_run_mode_READY.py; backups\phase11_final\11R_shadow_run_mode_READY.py; backups\phase11_full_backup\11R_shadow_run_mode_READY.py; backups\phase11_pre_rebuild\module_R\11R_shadow_run_mode_READY.py"	"0"
"B466476BE7043578D5B4F873D327BFA3739CAB9E920A292CEC667715B13ED63C"	"5"	"backups\phase11\11S_ai_risk_classifier_READY.py; backups\phase11_cleanup\module_S\11S_ai_risk_classifier_READY.py; backups\phase11_final\11S_ai_risk_classifier_READY.py; backups\phase11_full_backup\11S_ai_risk_classifier_READY.py; backups\phase11_pre_rebuild\module_S\11S_ai_risk_classifier_READY.py"	"0"
"AA902C58FA69F3ADD770C0CD38E00F19807106F020533E99E6BF23FF894534D8"	"5"	"backups\phase11\11R_silent_error_logger_READY.py; backups\phase11_cleanup\module_R\11R_silent_error_logger_READY.py; backups\phase11_final\11R_silent_error_logger_READY.py; backups\phase11_full_backup\11R_silent_error_logger_READY.py; backups\phase11_pre_rebuild\module_R\11R_silent_error_logger_READY.py"	"0"
"5A364931EDE2EFA7A745C26C06FEE42B473CA9A15255AF85C87686FAE12F1CBA"	"5"	"backups\phase11\11S_mitigation_suggestion_engine_READY.py; backups\phase11_cleanup\module_S\11S_mitigation_suggestion_engine_READY.py; backups\phase11_final\11S_mitigation_suggestion_engine_READY.py; backups\phase11_full_backup\11S_mitigation_suggestion_engine_READY.py; backups\phase11_pre_rebuild\module_S\11S_mitigation_suggestion_engine_READY.py"	"0"
"209B5BE37611A7DB0D076398A8AE82BCFFAE20265D1617CEEA90C56B2C3BF85F"	"5"	"backups\phase11\11T_audit_trail_renderer_READY.py; backups\phase11_cleanup\module_T\11T_audit_trail_renderer_READY.py; backups\phase11_final\11T_audit_trail_renderer_READY.py; backups\phase11_full_backup\11T_audit_trail_renderer_READY.py; backups\phase11_pre_rebuild\module_T\11T_audit_trail_renderer_READY.py"	"0"
"C7E3B9577C1B9C4F9E17B949983D5A1BAC5BFE11EA9864A63C01B37F869C9A0D"	"4"	"backups\backup_2025-07-28_23-29-39.zip; backups\backup_2025-07-28_23-40-25.zip; backups\backup_2025-07-28_23-42-51.zip; backups\backup_2025-07-28_23-44-56.zip"	"0.82"
"EFD13B8F615716850E198DA87A0477B1D1DFA1E852B964ADE7E76ACF08AB50B1"	"4"	"magic_file_tracker_export.csv\magic_file_tracker 23ee718871ad80d49bbdde18ac777aec.csv; magic_file_tracker_export.csv\magic_file_tracker 23ee718871ad80d49bbdde18ac777aec_all.csv; notion_export\magic_file_tracker 23ee718871ad80d49bbdde18ac777aec.csv; notion_export\magic_file_tracker_export.csv"	"0.48"
"6B12E036B6C5918053F6EA4A16B584F6899BFBF598D2D073BB947F86BC84D68F"	"4"	"backups\phase11\11I_cost_overflow_stopper_READY.py; backups\phase11_cleanup\module_I\11I_cost_overflow_stopper_READY.py; backups\phase11_final\11I_cost_overflow_stopper_READY.py; backups\phase11_full_backup\11I_cost_overflow_stopper_READY.py"	"0.01"
"4D774E8364C8439DDFE2BA8A9C21925F89AB680FC5D9CFB00E597687C76B8CFF"	"4"	"backups\phase11\11A_script_health_verifier_READY.py; backups\phase11_cleanup\module_A\11A_script_health_verifier_READY.py; backups\phase11_final\11A_script_health_verifier_READY.py; backups\phase11_full_backup\11A_script_health_verifier_READY.py"	"0.01"
"51201954CF80E54560105A40BB735BE7C1BA50918AB7A7906E71ED4DC5BDCE24"	"4"	"backups\phase11\11I_broken_link_embed_fixer_READY.py; backups\phase11_cleanup\module_I\11I_broken_link_embed_fixer_READY.py; backups\phase11_final\11I_broken_link_embed_fixer_READY.py; backups\phase11_full_backup\11I_broken_link_embed_fixer_READY.py"	"0.01"
"EAC3D0D0A4581AE302E18BB62D2C4898C29CCE72FACA6F576B64C1F93364047E"	"4"	"backups\phase11\11A_anomaly_log_writer_READY.py; backups\phase11_cleanup\module_A\11A_anomaly_log_writer_READY.py; backups\phase11_final\11A_anomaly_log_writer_READY.py; backups\phase11_full_backup\11A_anomaly_log_writer_READY.py"	"0.01"
"F5E7FB43D7CDBEC138850E0D218B1675C16DF9F7B3B814F136FFCCA071F44E46"	"4"	"backups\phase11\11A_automation_flow_breakpoint_map_READY.py; backups\phase11_cleanup\module_A\11A_automation_flow_breakpoint_map_READY.py; backups\phase11_final\11A_automation_flow_breakpoint_map_READY.py; backups\phase11_full_backup\11A_automation_flow_breakpoint_map_READY.py"	"0.01"
"174D687F0AA4D004925CB317CA6B22EA299F87567C20BB279A77E7BC3635D280"	"4"	"backups\phase11\11E_file_folder_cleanup_READY.py; backups\phase11_cleanup\module_E\11E_file_folder_cleanup_READY.py; backups\phase11_final\11E_file_folder_cleanup_READY.py; backups\phase11_full_backup\11E_file_folder_cleanup_READY.py"	"0"
"171378CD58BA30939D8E86DEB3A05D579CC309534B2F8556DFB097F55AD027C0"	"4"	"backups\phase11\11E_budget_burn_monitor_READY.py; backups\phase11_cleanup\module_E\11E_budget_burn_monitor_READY.py; backups\phase11_final\11E_budget_burn_monitor_READY.py; backups\phase11_full_backup\11E_budget_burn_monitor_READY.py"	"0"
"0DC93BB4D9C73A26412606E1D7C079DAFFDC049901FBE7EB7D9BB05F6F6CBEC4"	"4"	"backups\phase11\11E_broken_script_detector_READY.py; backups\phase11_cleanup\module_E\11E_broken_script_detector_READY.py; backups\phase11_final\11E_broken_script_detector_READY.py; backups\phase11_full_backup\11E_broken_script_detector_READY.py"	"0"
"6435DC11C1CE180AC682374AF42991D3E8C89BB70BA2CA2EDDEBF3B152CC0ED1"	"4"	"backups\phase11\11D_orchestration_consistency_check_READY.py; backups\phase11_cleanup\module_D\11D_orchestration_consistency_check_READY.py; backups\phase11_final\11D_orchestration_consistency_check_READY.py; backups\phase11_full_backup\11D_orchestration_consistency_check_READY.py"	"0"
"7F8E3A43A19678683DFFC0C45E7C1A6E6BFBFDA80D27E67D53EBCDBAC8A9566A"	"4"	"backups\phase11\11B_rate_limit_stress_test_READY.py; backups\phase11_cleanup\module_B\11B_rate_limit_stress_test_READY.py; backups\phase11_final\11B_rate_limit_stress_test_READY.py; scripts\phase11\module_B\11B_rate_limit_stress_test_READY.py"	"0"
"2D043D1348706CEEABD525D09122740CA499CDFD58B5F06F967D530041E771B0"	"4"	"backups\phase11\11G_privacy_auditor_READY.py; backups\phase11_cleanup\module_G\11G_privacy_auditor_READY.py; backups\phase11_final\11G_privacy_auditor_READY.py; backups\phase11_full_backup\11G_privacy_auditor_READY.py"	"0"
"C31A8A391D87E5D6BFA3094A7DA71C7ACF65236FBFE5347DBF156062555C4C06"	"4"	"backups\phase11\11V_output_drift_detector_READY.py; backups\phase11_cleanup\module_V\11V_output_drift_detector_READY.py; backups\phase11_final\11V_output_drift_detector_READY.py; backups\phase11_pre_rebuild\module_V\11V_output_drift_detector_READY.py"	"0"
"6DEC2A1A992E463C6BDD1D1601266E60FF97F3F4A16CAE28F50673A50F396893"	"4"	"backups\phase11\11F_retry_dead_job_scanner_READY.py; backups\phase11_cleanup\module_F\11F_retry_dead_job_scanner_READY.py; backups\phase11_final\11F_retry_dead_job_scanner_READY.py; backups\phase11_full_backup\11F_retry_dead_job_scanner_READY.py"	"0"
"A8FFDC2947A5DB50A736605BC60E01064D7D40148F56EB4C75044F00083A91C8"	"4"	"backups\phase11\11C_fail_safe_backup_system_READY.py; backups\phase11_cleanup\module_C\11C_fail_safe_backup_system_READY.py; backups\phase11_final\11C_fail_safe_backup_system_READY.py; backups\phase11_full_backup\11C_fail_safe_backup_system_READY.py"	"0"
"9FA63C37ADEF839B9AFDFBFCF405CC5C0E833265BB75B9FE3ED120C47DD5E1EC"	"4"	"backups\phase11\11F_agent_performance_log_READY.py; backups\phase11_cleanup\module_F\11F_agent_performance_log_READY.py; backups\phase11_final\11F_agent_performance_log_READY.py; backups\phase11_full_backup\11F_agent_performance_log_READY.py"	"0"
"9883BF11630305CCE76E53483F0E159D4EC8A4462E365DB964AF03C9C0E05CE0"	"4"	"backups\phase11\11D_failpoint_injection_simulator_READY.py; backups\phase11_cleanup\module_D\11D_failpoint_injection_simulator_READY.py; backups\phase11_final\11D_failpoint_injection_simulator_READY.py; backups\phase11_full_backup\11D_failpoint_injection_simulator_READY.py"	"0"
"3FF2F5DEDA8A2E80C1772342CF3CDD75BF06030F78E7B93EB4A7CFA657E26BEC"	"4"	"backups\phase11\11V_maintenance_nudger_READY.py; backups\phase11_cleanup\module_V\11V_maintenance_nudger_READY.py; backups\phase11_final\11V_maintenance_nudger_READY.py; backups\phase11_pre_rebuild\module_V\11V_maintenance_nudger_READY.py"	"0"
"D1E4794E69B127EB1EDC69EC18512733EAD8531A9E4D33C2C826FC3D8C557752"	"4"	"backups\phase11\11T_output_attribution_tracer_READY.py; backups\phase11_cleanup\module_T\11T_output_attribution_tracer_READY.py; backups\phase11_final\11T_output_attribution_tracer_READY.py; backups\phase11_pre_rebuild\module_T\11T_output_attribution_tracer_READY.py"	"0"
"67551E9C4BCEE7D20DCF7046E1244C1AFEBD5837D845F642F72673E888B073B2"	"4"	"reddit_output_2025-07-18_18-38-01.txt; reddit_output_2025-07-18_18-39-32.txt; reddit_output_2025-07-18_18-39-47.txt; reddit_output_2025-07-18_18-40-35.txt"	"0"
"19B2D8C494FF4B072D802A5D7E7C88F6FBDFFA6154FAB61BDD55BA051AC76B8B"	"4"	"reddit_output_2025-07-18_18-42-22.txt; reddit_output_2025-07-18_18-43-25.txt; reddit_output_2025-07-18_18-44-01.txt; reddit_output_2025-07-18_18-44-17.txt"	"0"
"E32829173FC7683EAFFF2A2CBA02E126E7E6CD2A2CC8CFEC2B67FD91EE152A8F"	"4"	"backups\QUARANTINE_20250912_142935\magic_file_tracker_export.csv\Untitled 23ee718871ad800abe56d99e75835027.md; backups\QUARANTINE_20250912_142935\magic_file_tracker_export.csv\Untitled 23ee718871ad805a98e8c1216bf2a481.md; backups\QUARANTINE_20250912_142935\magic_file_tracker_export.csv\Untitled 23ee718871ad80f2ae9de5f9c04d10ff.md; backups\QUARANTINE_20250912_142935\magic_file_tracker_export.csv\Untitled 23ee718871ad80f4bd50df2fb176e47c.md"	"0"
"1EF5F9F2A9AA04B9B70ACCBD6A969C049D310A35034C52379926775F4D54CBA0"	"4"	"backups\phase11\11S_risk_score_dashboard_READY.py; backups\phase11_cleanup\module_S\11S_risk_score_dashboard_READY.py; backups\phase11_final\11S_risk_score_dashboard_READY.py; backups\phase11_pre_rebuild\module_S\11S_risk_score_dashboard_READY.py"	"0"
"21EA9FBD7DDADCDB2BE4BBDB2A09D95A42E37159FFFACE0B3D335C8C5EBE0500"	"4"	"backups\phase11\11T_decision_chain_visualizer_READY.py; backups\phase11_cleanup\module_T\11T_decision_chain_visualizer_READY.py; backups\phase11_final\11T_decision_chain_visualizer_READY.py; backups\phase11_pre_rebuild\module_T\11T_decision_chain_visualizer_READY.py"	"0"
"B3DA0A090DB2705757A0445D4B58A669FB9E4A406C2FD92F6F27E085A6AE67D6"	"4"	"scripts\phase00\INBOX\__init___125_B3DA0A09.py; scripts\phase00\INBOX\__init___126_B3DA0A09.py; scripts\phase00\INBOX\__init___129_B3DA0A09.py; scripts\phase00\INBOX\__init___130_B3DA0A09.py"	"0"
"0AC9521EBA04848E933657EAE6DBB472B43AA172E5FF44B31BB3DBB765374958"	"4"	"backups\phase11\11A_lost_file_scanner_READY.py; backups\phase11_cleanup\module_A\11A_lost_file_scanner_READY.py; backups\phase11_final\11A_lost_file_scanner_READY.py; backups\phase11_full_backup\11A_lost_file_scanner_READY.py"	"0"
"4EE549A3D4AAB23BB050DD0838253705A33F3FF2E53A5B8D3C61797C6298EB55"	"4"	"backups\phase11\11A_missing_module_detector_READY.py; backups\phase11_cleanup\module_A\11A_missing_module_detector_READY.py; backups\phase11_final\11A_missing_module_detector_READY.py; backups\phase11_full_backup\11A_missing_module_detector_READY.py"	"0"
"9DC8EFAF0A0A83702B3CBB739D13695521F7AF476D77CAE0F6B81AEF366F5FFF"	"4"	"backups\phase11\11A_trigger_monitor_READY.py; backups\phase11_cleanup\module_A\11A_trigger_monitor_READY.py; backups\phase11_final\11A_trigger_monitor_READY.py; backups\phase11_full_backup\11A_trigger_monitor_READY.py"	"0"
"EBC6687611F7CC064A28237892D43C3EA862F11268EE347DD087FA4569F472F7"	"4"	"backups\phase11\11AB_agent_identity_vault_READY.py; backups\phase11_cleanup\module_AB\11AB_agent_identity_vault_READY.py; backups\phase11_final\11AB_agent_identity_vault_READY.py; backups\phase11_full_backup\11AB_agent_identity_vault_READY.py"	"0"
"C6CBDA5A97AC2A4DEFF80A4146F07CBDA5CC38349E992ECD8683069C51E66FBE"	"4"	"backups\phase11\11A_file_resurrector_READY.py; backups\phase11_cleanup\module_A\11A_file_resurrector_READY.py; backups\phase11_final\11A_file_resurrector_READY.py; backups\phase11_full_backup\11A_file_resurrector_READY.py"	"0"
"70EE9FD7B53B9F1BA5B16AEAC7979893E760E4185A197D7807BFABB0C2EDD783"	"4"	"backups\phase11\11A_file_watchdog_READY.py; backups\phase11_cleanup\module_A\11A_file_watchdog_READY.py; backups\phase11_final\11A_file_watchdog_READY.py; backups\phase11_full_backup\11A_file_watchdog_READY.py"	"0"
"4BD6912CFA2ED8CBFCD735150879FE3004295F608B091D171192F496A7D65ADA"	"4"	"backups\phase11\11Y_sla_violation_logger_READY.py; backups\phase11_cleanup\module_Y\11Y_sla_violation_logger_READY.py; backups\phase11_final\11Y_sla_violation_logger_READY.py; backups\phase11_pre_rebuild\module_Y\11Y_sla_violation_logger_READY.py"	"0"
"85FE53561E7A786E613ABF701FEA3948AA6E211B442988B525DD28687C466100"	"4"	"backups\phase11\11K_directory_write_lock_verifier_READY.py; backups\phase11_cleanup\module_K\11K_directory_write_lock_verifier_READY.py; backups\phase11_final\11K_directory_write_lock_verifier_READY.py; backups\phase11_pre_rebuild\module_K\11K_directory_write_lock_verifier_READY.py"	"0"
"E1BCA0AE4672F5D062114C70F917A4B7FADE72F03417A9C5F0F3B814FDF9A8B7"	"4"	"backups\phase11\11M_prompt_injection_tester_READY.py; backups\phase11_cleanup\module_M\11M_prompt_injection_tester_READY.py; backups\phase11_final\11M_prompt_injection_tester_READY.py; backups\phase11_pre_rebuild\module_M\11M_prompt_injection_tester_READY.py"	"0"
"A79EF2412518D7832CEE5DEE11A072120EFDF7780C565BE9AE2A52CE5F78D659"	"4"	"backups\phase11\11M_input_sanitizer_READY.py; backups\phase11_cleanup\module_M\11M_input_sanitizer_READY.py; backups\phase11_final\11M_input_sanitizer_READY.py; backups\phase11_pre_rebuild\module_M\11M_input_sanitizer_READY.py"	"0"
"98A5DA736725FB807A7D77E41549291C6DF5C7E3A6AAA96E44F252B45EC81A20"	"4"	"backups\phase11\11I_rate_limit_guard_READY.py; backups\phase11_cleanup\module_I\11I_rate_limit_guard_READY.py; backups\phase11_final\11I_rate_limit_guard_READY.py; backups\phase11_pre_rebuild\module_I\11I_rate_limit_guard_READY.py"	"0"
"EAACB4B816E8939A8D88A815955C60AB3FBC524AB1634355E299B7E897DF7C0E"	"4"	"backups\phase11\11I_modularize_orchestration_READY.py; backups\phase11_cleanup\module_I\11I_modularize_orchestration_READY.py; backups\phase11_final\11I_modularize_orchestration_READY.py; backups\phase11_pre_rebuild\module_I\11I_modularize_orchestration_READY.py"	"0"
"5AF802B440BBE8CA58BAECBF5DAF46AA09D317666FCA836C77F4929FC2D4AE0A"	"4"	"backups\phase11\11K_admin_access_checker_READY.py; backups\phase11_cleanup\module_K\11K_admin_access_checker_READY.py; backups\phase11_final\11K_admin_access_checker_READY.py; backups\phase11_pre_rebuild\module_K\11K_admin_access_checker_READY.py"	"0"
"10D0F53064C73D8B7A57CD138D38BD2F9D265EE861D9AC4C3BECF8CC1FDA1D7F"	"4"	"backups\phase11\11W_ethical_decision_flagger_READY.py; backups\phase11_cleanup\module_W\11W_ethical_decision_flagger_READY.py; backups\phase11_final\11W_ethical_decision_flagger_READY.py; backups\phase11_pre_rebuild\module_W\11W_ethical_decision_flagger_READY.py"	"0"
"B3C890F1C84FD68CCE14B4D2D0601625A0F12460384DD8F90587AF0C8D79FDD9"	"4"	"backups\phase11\11N_approval_gate_for_high_risk_ops_READY.py; backups\phase11_cleanup\module_N\11N_approval_gate_for_high_risk_ops_READY.py; backups\phase11_final\11N_approval_gate_for_high_risk_ops_READY.py; backups\phase11_pre_rebuild\module_N\11N_approval_gate_for_high_risk_ops_READY.py"	"0"
"55C8E694FBDF1BDB208CC2F219C8984FD87A9EBC85573F661E070F0B32BE1F26"	"4"	"backups\phase11\11Z_step_by_step_time_travel_debugger_READY.py; backups\phase11_cleanup\module_Z\11Z_step_by_step_time_travel_debugger_READY.py; backups\phase11_final\11Z_step_by_step_time_travel_debugger_READY.py; backups\phase11_pre_rebuild\module_Z\11Z_step_by_step_time_travel_debugger_READY.py"	"0"
"9786CBC8109D2B622B636352BFF6999BFDA0D7B8F15F1A978841CFE96978DCCF"	"4"	"backups\phase11\11O_unified_log_aggregator_READY.py; backups\phase11_cleanup\module_O\11O_unified_log_aggregator_READY.py; backups\phase11_final\11O_unified_log_aggregator_READY.py; backups\phase11_pre_rebuild\module_O\11O_unified_log_aggregator_READY.py"	"0"
"B486F9279BF55B632F601302AC2ED9FA47B12D08D80E9879D707EAE7747CBE77"	"4"	"backups\phase11\11Q_dependency_version_pin_checker_READY.py; backups\phase11_cleanup\module_Q\11Q_dependency_version_pin_checker_READY.py; backups\phase11_final\11Q_dependency_version_pin_checker_READY.py; backups\phase11_pre_rebuild\module_Q\11Q_dependency_version_pin_checker_READY.py"	"0"
"2A28EFF2315E5616350D68DE29C160E1B49138D67039CAE4A069F75E9FD3ED15"	"4"	"backups\phase11\11P_license_file_auditor_READY.py; backups\phase11_cleanup\module_P\11P_license_file_auditor_READY.py; backups\phase11_final\11P_license_file_auditor_READY.py; backups\phase11_pre_rebuild\module_P\11P_license_file_auditor_READY.py"	"0"
"E233F63CFBF4A37BD63C9540B5A41EB295F15B2D711911BB5CA9560AEA7A148C"	"4"	"backups\phase11\11N_slack_&_email_alert_system_READY.py; backups\phase11_cleanup\module_N\11N_slack_&_email_alert_system_READY.py; backups\phase11_final\11N_slack_&_email_alert_system_READY.py; backups\phase11_pre_rebuild\module_N\11N_slack_&_email_alert_system_READY.py"	"0"
"FB9A0B76314D4C1C814DBD74B24265FB17811128AE6BB228D4553835108C411D"	"4"	"backups\phase11\11N_manual_override_toggle_READY.py; backups\phase11_cleanup\module_N\11N_manual_override_toggle_READY.py; backups\phase11_final\11N_manual_override_toggle_READY.py; backups\phase11_pre_rebuild\module_N\11N_manual_override_toggle_READY.py"	"0"
"1C3248BFA8A4A980BDA2D0BFE289B430648857959FA655186CA9FEF85DBB6ADE"	"4"	"backups\phase11\11O_telemetry_exporter_READY.py; backups\phase11_cleanup\module_O\11O_telemetry_exporter_READY.py; backups\phase11_final\11O_telemetry_exporter_READY.py; backups\phase11_pre_rebuild\module_O\11O_telemetry_exporter_READY.py"	"0"
"20175B3D223DB31E2D3C5606B261E6ED257F1B84AFE949504083DED9DFDF8517"	"4"	"backups\phase11\11Z_snapshot_creation_&_diff_engine_READY.py; backups\phase11_cleanup\module_Z\11Z_snapshot_creation_&_diff_engine_READY.py; backups\phase11_final\11Z_snapshot_creation_&_diff_engine_READY.py; backups\phase11_pre_rebuild\module_Z\11Z_snapshot_creation_&_diff_engine_READY.py"	"0"
"3688D14691386AA990A54DEC976D1E2ECA01B337D98F9C84E3C234325E4915CE"	"4"	"backups\phase11\11I_fallback_agent_builder_READY.py; backups\phase11_cleanup\module_I\11I_fallback_agent_builder_READY.py; backups\phase11_final\11I_fallback_agent_builder_READY.py; backups\phase11_pre_rebuild\module_I\11I_fallback_agent_builder_READY.py"	"0"
"CE224A45A41E9DEA7560AE9EE70D1B46EC3E4DDEA08DBFB2738D208FDEFC477E"	"4"	"backups\phase11\11H_compliance_keywords_flagger_READY.py; backups\phase11_cleanup\module_H\11H_compliance_keywords_flagger_READY.py; backups\phase11_final\11H_compliance_keywords_flagger_READY.py; backups\phase11_full_backup\11H_compliance_keywords_flagger_READY.py"	"0"
"85F3D446D5FDF761467CC6631B4DEA5ECB4C54E8D323A74D4BC1381615698DDA"	"4"	"backups\phase11\11V_unused_agent_scanner_READY.py; backups\phase11_cleanup\module_V\11V_unused_agent_scanner_READY.py; backups\phase11_final\11V_unused_agent_scanner_READY.py; backups\phase11_pre_rebuild\module_V\11V_unused_agent_scanner_READY.py"	"0"
"1897B7E459623B1B390E942105BA3A66BC93EDBFC0E12E8C4D7C9A008716E9CB"	"4"	"backups\phase11\11H_output_file_validator_READY.py; backups\phase11_cleanup\module_H\11H_output_file_validator_READY.py; backups\phase11_final\11H_output_file_validator_READY.py; backups\phase11_full_backup\11H_output_file_validator_READY.py"	"0"
"481FE2CB4A5905998EEA5044FEE7F89D9014CAB17D630D3DB76B8379600C3E31"	"3"	"outputs\repo_doctor\hotfix_backups\20250910_121743\tools\build_dashboard.py; outputs\repo_doctor\hotfix_backups\20250910_121824\tools\build_dashboard.py; outputs\repo_doctor\hotfix_backups\20250910_122614\tools\build_dashboard.py"	"0.34"
"F01A374E9C81E3DB89B3A42940C4D6A5447684986A1296E42BF13F196EED6295"	"3"	"outputs\reports\self_test\large_files.tsv; outputs\reports\self_test\old_files.tsv; outputs\reports\self_test\selftest_scorecard.tsv"	"0"
"452847E373376B180E1B25F1FAEA4ED87CB7311791FF9467C96EF1781C658597"	"3"	"scripts\phase00\INBOX\tiktok_scraper.py_452847E3_452847E3.bak; scripts\phase00\INBOX\tiktok_scraper_quotes_fix2_452847E3_452847E3.bak; scripts\phase00\INBOX\tiktok_scraper_quotes_fix_452847E3_452847E3.bak"	"0"
"AD737BCFD4F8B2B7ACB447AFFA5A0F264ED6397AB8257460A3373D7690C509F8"	"3"	"reddit_output_2025-07-18_18-44-50.txt; reddit_output_2025-07-18_18-45-35.txt; reddit_output_2025-07-18_18-46-46.txt"	"0"
"9520CD7633D62851FE1EC9A151E15E5B514C4879B84E98C1C341DC266FC8FF97"	"3"	"backups\phase11\11H_license_audit_log_scanner_READY.py; backups\phase11_cleanup\module_H\11H_license_audit_log_scanner_READY.py; backups\phase11_final\11H_license_audit_log_scanner_READY.py"	"0"
"0C90569A85FF1DA6AEEEA9609AF5B27DB852CEB5F6A8BEB7E919ECEC21B4D699"	"3"	"scripts\phase00\INBOX\__init___158_0C90569A.py; scripts\phase00\INBOX\__init___161_0C90569A.py; scripts\phase00\INBOX\__init___166_0C90569A.py"	"0"
"FD5E223AC8F40C86F5E2837971FBFB1A79C29B92ABDC44D8043722C570BF3EEF"	"3"	"backups\phase11\11F_error_pattern_analyzer_READY.py; backups\phase11_cleanup\module_F\11F_error_pattern_analyzer_READY.py; backups\phase11_final\11F_error_pattern_analyzer_READY.py"	"0"
"EC1DE1ABF104995223BB09DB6BC346BC415C1945C8A001A4AA2D552385B6A63E"	"3"	"backups\phase11\11F_redundancy_reducer_READY.py; backups\phase11_cleanup\module_F\11F_redundancy_reducer_READY.py; backups\phase11_final\11F_redundancy_reducer_READY.py"	"0"
"140EEC6213232778EBE16B6675C8482B1B3CD112F7505978B1B4C44454174738"	"3"	"backups\phase11\11H_dead_api_key_validator_READY.py; backups\phase11_cleanup\module_H\11H_dead_api_key_validator_READY.py; backups\phase11_final\11H_dead_api_key_validator_READY.py"	"0"
"13DA863276D42DD6FD1FC3E8925DA274289748DAA7C3D7D353E55950BC2F03DB"	"3"	"scripts\phase14\module_D\14D_dummy_script_READY.py; scripts\phase15\module_B\15B_dummy_READY.py; scripts\phase17\module_C\17C_extra_missing_READY.py"	"0"
"A65A3C99E8D04BE019F516850E1EB3BCC486C7CC3AFEBA8DC490F0EFAED58C53"	"3"	"backups\phase11\11H_dependency_graph_audit_READY.py; backups\phase11_cleanup\module_H\11H_dependency_graph_audit_READY.py; backups\phase11_final\11H_dependency_graph_audit_READY.py"	"0"
"A9725893565545B5439017D9DC9202D9C048BF710030946889CABCBEA6BFC107"	"3"	"backups\phase11\11H_logging_coverage_analyzer_READY.py; backups\phase11_cleanup\module_H\11H_logging_coverage_analyzer_READY.py; backups\phase11_final\11H_logging_coverage_analyzer_READY.py"	"0"
"D581404A8CC7AC7E7E1EC3FD059CFD3A860CF5BFC7DFFAA0029CB66CF7C02E05"	"3"	"backups\phase11\11I_ai_decision_watchdog_READY.py; backups\phase11_cleanup\module_I\11I_ai_decision_watchdog_READY.py; backups\phase11_final\11I_ai_decision_watchdog_READY.py"	"0"
"6B4B263AD76F64E8C243C28491456B4E8A0339A7899B91A0C0829977E00C7F54"	"3"	"backups\phase11\11H_retry_logic_tester_READY.py; backups\phase11_cleanup\module_H\11H_retry_logic_tester_READY.py; backups\phase11_final\11H_retry_logic_tester_READY.py"	"0"
"C770EC9B9B4FE27DB62A5471C11C19F84473540898FDD0DE697DB08DD961C461"	"3"	"backups\phase11\11H_orphan_file_detector_READY.py; backups\phase11_cleanup\module_H\11H_orphan_file_detector_READY.py; backups\phase11_final\11H_orphan_file_detector_READY.py"	"0"
"569C3FCDE26FF501C387D815BF9E85EC80240A7D97F0F66551A59AA463355FCA"	"3"	"backups\phase11\11C_data_quality_validator_READY.py; backups\phase11_cleanup\module_C\11C_data_quality_validator_READY.py; backups\phase11_final\11C_data_quality_validator_READY.py"	"0"
"0D5732C858027E16D4FE20ECE160185757FE9FEE0EBECA15D2F17A0B692B1BC4"	"3"	"backups\phase11\11B_api_key_leak_checker_READY.py; backups\phase11_cleanup\module_B\11B_api_key_leak_checker_READY.py; backups\phase11_final\11B_api_key_leak_checker_READY.py"	"0"
"C1A470F1D0728FEAA4021B6C4BF0C0AAD9997CA577AF403543351CD410A244DE"	"3"	"backups\phase11\11I_central_config_migration_READY.py; backups\phase11_cleanup\module_I\11I_central_config_migration_READY.py; backups\phase11_final\11I_central_config_migration_READY.py"	"0"
"7FC90C1E6A4099DCAA32ED806E57246314A3172418965A3BA9D7345C9DD975F5"	"3"	"backups\phase11\11C_corruption_recovery_agent_READY.py; backups\phase11_cleanup\module_C\11C_corruption_recovery_agent_READY.py; backups\phase11_final\11C_corruption_recovery_agent_READY.py"	"0"
"619FCAB0841BC2BA66A8388BDA4BD815DEF9A51405B87E1123B2FB765B56BE02"	"3"	"backups\phase11\11E_api_health_checker_READY.py; backups\phase11_cleanup\module_E\11E_api_health_checker_READY.py; backups\phase11_final\11E_api_health_checker_READY.py"	"0"
"30B0403C214363F57B50DD55461DB7001699BB2386CF6794A336CA058542FCE9"	"3"	"backups\phase11\11AB_agent_signature_validator_READY.py; backups\phase11_cleanup\module_AB\11AB_agent_signature_validator_READY.py; backups\phase11_final\11AB_agent_signature_validator_READY.py"	"0"
"245906D009C1205C07601EDB7A7B38A8026215A1F5583CB52D1EBF54584CDE9C"	"3"	"backups\phase11\11AB_zero_trust_access_policy_engine_READY.py; backups\phase11_cleanup\module_AB\11AB_zero_trust_access_policy_engine_READY.py; backups\phase11_final\11AB_zero_trust_access_policy_engine_READY.py"	"0"
"C88C9A9B7A436366DFC9EF7F797A46D76A1E356C3DD532D6ED759D796B4FB95B"	"3"	"backups\phase11\11E_bottleneck_profiler_READY.py; backups\phase11_cleanup\module_E\11E_bottleneck_profiler_READY.py; backups\phase11_final\11E_bottleneck_profiler_READY.py"	"0"
"2889FA77E0186203031536E49C6043D1F08B9F1BA82E1F32DD05A0AF03A92CD5"	"2"	"chromedriver.exe; scripts\phase00\INBOX\chromedriver_2889FA77_2889FA77_2889FA77.exe"	"36.82"
"1C3BAA1F8C4F060958F3A4C60A288774F3B08FCF503E13C96550E895303A0EED"	"2"	"outputs\reports\magic_full_audit.json; outputs\reports\phase_module_readiness.json"	"0.73"
"ED296779BACAC0D34DD56E45D01228D1D52B963E43224A549D247891AD215BB1"	"2"	"scripts\phase00\INBOX\element_2_ED296779.py; scripts\phase00\INBOX\element_ED296779.py"	"0.21"
"B2AD7EA50BDA5125F3101A3B05B3ACB8459078A9DFF107548E7266685EE93F86"	"2"	"Fulfinal_File_CLEANED.csv; scripts\phase00\INBOX\Fulfinal_File_CLEANED_B2AD7EA5_B2AD7EA5_B2AD7EA5.csv"	"0.18"
"0B1321E56B71A6627EAB342F1DAF81DEBD9A86232625E2ECD9B9B1E9D556F9E2"	"2"	"scripts\phase00\INBOX\_make_0B1321E5.py; scripts\phase00\INBOX\_make_2_0B1321E5.py"	"0.18"
"77C543D82A333C0EC7E3B2D79BC09FDE33C55C3A043FB87ECD0EA025EE6703EF"	"2"	"scripts\phase00\INBOX\recompiler_2_77C543D8.py; scripts\phase00\INBOX\recompiler_77C543D8.py"	"0.13"
"DF7916491A216204116FBBA4D0E36FC7FA80F2F8A1F12983906B2BE72F4EBAA7"	"2"	"scripts\phase00\INBOX\rrule_2_DF791649.py; scripts\phase00\INBOX\rrule_DF791649.py"	"0.13"
"65430EC86A23E5A85F0B3F04DA014154EC6C0279707D989411294B5BFBAE3D9C"	"2"	"scripts\phase00\INBOX\tz_2_65430EC8.py; scripts\phase00\INBOX\tz_65430EC8.py"	"0.12"
"3BFE34789A1FFA39564DA3ECD50E26414552EEE23622803F217D48D7B751242E"	"2"	"scripts\phase00\INBOX\test_tree_2_3BFE3478.py; scripts\phase00\INBOX\test_tree_3BFE3478.py"	"0.11"
"33E16FE7B57C3C507966B826ADF7CD3CE34CECAF36B5ACE9526700FA93D928A2"	"2"	"scripts\phase00\INBOX\__init___105_33E16FE7.py; scripts\phase00\INBOX\__init___5_33E16FE7.py"	"0.1"
"A077757A5278E243286C1192411B86ED6967E8CF812F3D6E9CEB94B1C68BF61D"	"2"	"scripts\phase00\INBOX\dammit_2_A077757A.py; scripts\phase00\INBOX\dammit_A077757A.py"	"0.1"
"D2E83884A3DDA395863B8F7E2F112E43FB82568775B26EF148301CB4ABDB812C"	"2"	"scripts\phase00\INBOX\cparser_2_D2E83884.py; scripts\phase00\INBOX\cparser_D2E83884.py"	"0.09"
"ED4558E2575886640C1D476043FB20666CDC434C71631A41BA7A9267E5C967C5"	"2"	"scripts\phase00\INBOX\constant_2_ED4558E2.py; scripts\phase00\INBOX\constant_ED4558E2.py"	"0.08"
"0D01618D08324073FE0B904C07C3549DB05BAD03401122DAFE9B7F39419E54C1"	"2"	"scripts\phase00\INBOX\backend_ctypes_0D01618D.py; scripts\phase00\INBOX\backend_ctypes_2_0D01618D.py"	"0.08"
"2F217AC1E5C4D2168C3C06062D758FD162D5664FA8A450D28983C7240F3CE710"	"2"	"scripts\phase00\INBOX\vengine_cpy_2F217AC1.py; scripts\phase00\INBOX\vengine_cpy_2_2F217AC1.py"	"0.08"
"1BBE5088F41C440746A8C0E0847C0248BFB5131AF3242C7DE2ADF08118FC4A0C"	"2"	"scripts\phase00\INBOX\__init___103_1BBE5088.py; scripts\phase00\INBOX\__init___3_1BBE5088.py"	"0.08"
"5806C71E545BEADBBA06265C3D69B170B7E32E773EFBE30B51A72043DC7D244E"	"2"	"scripts\phase00\INBOX\__init___104_5806C71E.py; scripts\phase00\INBOX\__init___4_5806C71E.py"	"0.06"
"EC54646ED97F374D7B4AE0617FF570DE6C36736A46661B4218ECDA760CFBB69E"	"2"	"scripts\phase00\INBOX\_next_gen_2_EC54646E.py; scripts\phase00\INBOX\_next_gen_EC54646E.py"	"0.05"
"B59F5AD5D5AD884EEA0012456708115196A64C3EA47FB4F7240D75C0A9430540"	"2"	"scripts\phase00\INBOX\vengine_gen_2_B59F5AD5.py; scripts\phase00\INBOX\vengine_gen_B59F5AD5.py"	"0.05"
"34AB5E643BE8D5036BD97CEF74D014CAAC02E8039909F6DADEB35B33FE29D32E"	"2"	"scripts\phase00\INBOX\test_soup_2_34AB5E64.py; scripts\phase00\INBOX\test_soup_34AB5E64.py"	"0.04"
"DCC5EADBD49883D5E84BD82EDA18130D4D3621092FF24201C77AD6D50598DDF8"	"2"	"scripts\phase00\INBOX\_html5lib_2_DCC5EADB.py; scripts\phase00\INBOX\_html5lib_DCC5EADB.py"	"0.04"
"A81473F2627F47913BD7747A4CECAA1C47679B2C5B1039C2487BF1DF6B9B0C68"	"2"	"scripts\phase00\INBOX\api_10_A81473F2.py; scripts\phase00\INBOX\api_2_A81473F2.py"	"0.04"
"F4BE6927B7A423E1B71E13A1A317298D93EA0CC45F5285A3E0D9E4BBA076B91F"	"2"	"scripts\phase00\INBOX\_lxml_2_F4BE6927.py; scripts\phase00\INBOX\_lxml_F4BE6927.py"	"0.04"
"2D117CCEDCC434541387183CF009CF8FD63373077B19CDBB95E410F93697837E"	"2"	"scripts\phase00\INBOX\validators_2D117CCE.py; scripts\phase00\INBOX\validators_3_2D117CCE.py"	"0.04"
"B62C2D97C9C95C8237111EC2B587FE966D10348EA90882DB22ECF5FB8359F6A2"	"2"	"scripts\phase00\INBOX\relativedelta_2_B62C2D97.py; scripts\phase00\INBOX\relativedelta_B62C2D97.py"	"0.04"
"03CEBEE1BDD27A726B5257F44EFB041C1CB2007C62FA51288F234DB8B34FDAF5"	"2"	"scripts\phase00\INBOX\model_03CEBEE1.py; scripts\phase00\INBOX\model_2_03CEBEE1.py"	"0.04"
"FBFA0DDE1DFF5FDF679057EA6A60F7CAEE390C2FF07E4E68747D13AFF090897B"	"2"	"scripts\phase00\INBOX\md_2_FBFA0DDE.py; scripts\phase00\INBOX\md_FBFA0DDE.py"	"0.04"
"8A2B36C3AB121218903B1DFCBC9B6909AFD5AD38C5A2E81E2A6B559D93372112"	"2"	"outputs\repo_doctor\autofix_backups\20250910_120537\scripts\test_dammit.py; outputs\repo_doctor\autofix_backups\20250910_120537\scripts\test_dammit_2.py"	"0.03"
"4D00957BA90A5584AE623C13B48BC868E61899660F32747FDCF2B8E648A62E0E"	"2"	"scripts\phase00\INBOX\test_dammit_2_4D00957B.py; scripts\phase00\INBOX\test_dammit_4D00957B.py"	"0.03"
"EC636C63731DFB18827394B9345601D8E8F255C58032B8B90FCFC559B49443A1"	"2"	"scripts\phase00\INBOX\_funcs_2_EC636C63.py; scripts\phase00\INBOX\_funcs_EC636C63.py"	"0.03"
"3130F32B8F5717DEB69B791EEB472E6B4DBC294E0109AC5738C9E06CA56FACD5"	"2"	"scripts\phase00\INBOX\isoparser_2_3130F32B.py; scripts\phase00\INBOX\isoparser_3130F32B.py"	"0.03"
"72EF4F164C64A952087BD9D4DDF572F8926120D12163C7066ECB82C190A74020"	"2"	"scripts\phase00\INBOX\_htmlparser_2_72EF4F16.py; scripts\phase00\INBOX\_htmlparser_72EF4F16.py"	"0.03"
"8EE64E7B4891B3792A5F404AED870E52F2F0E4CB7C1C294B1306ED32C7DAC996"	"2"	"outputs\reports\magic_full_audit.tsv; outputs\reports\phase_module_readiness.tsv"	"0.03"
"DCA5468B601A28E80DCDB046DE356A0EDD05D000438F4A48F2ACD35F178B73F6"	"2"	"scripts\phase00\INBOX\test_pageelement_2_DCA5468B.py; scripts\phase00\INBOX\test_pageelement_DCA5468B.py"	"0.03"
"F1B45CC497990EDF9FA68ED6D2E09FD2D55BB6FBE063D43C9305D1AE19B70ABF"	"2"	"scripts\phase00\INBOX\_api_2_F1B45CC4.py; scripts\phase00\INBOX\_api_F1B45CC4.py"	"0.03"
"3DD58A1671ED329DCCA2EEC8127C12CFF5439BE58B75D7DB4E416C120CE8BBFB"	"2"	"scripts\phase00\INBOX\_common_2_3DD58A16.py; scripts\phase00\INBOX\_common_4_3DD58A16.py"	"0.02"
"C6203B7CE39992F43693B22FF142B82317907821B245952B856DD56B049754EE"	"2"	"outputs\repo_doctor\hotfix_backups\20250910_121743\tools\rediscover_magic.py; outputs\repo_doctor\hotfix_backups\20250910_121824\tools\rediscover_magic.py"	"0.02"
"58A4E8D470DBF87F477C20DCDC17F0AB98F34B6E598B2F521366BBE12813ABCF"	"2"	"scripts\phase00\INBOX\cd_2_58A4E8D4.py; scripts\phase00\INBOX\cd_58A4E8D4.py"	"0.02"
"20DC83E0D14672EEEBCA05E9D49BF09566DDB9496C093BC8C93CDD76A3D537FD"	"2"	"scripts\phase00\INBOX\verifier_20DC83E0.py; scripts\phase00\INBOX\verifier_2_20DC83E0.py"	"0.02"
"3F03ED5872570E11155E9232B3F42220B30FD96D6D809B3A4954848878A7A0B5"	"2"	"scripts\phase00\INBOX\setuptools_ext_2_3F03ED58.py; scripts\phase00\INBOX\setuptools_ext_3F03ED58.py"	"0.02"
"B9EDF687142CFDAD5C32ECF2BBB30D8CAE36B7420E18C03A3CE3CB200ACC3ADB"	"2"	"scripts\phase00\INBOX\test_tag_2_B9EDF687.py; scripts\phase00\INBOX\test_tag_B9EDF687.py"	"0.02"
"D9DC852FD0F9C10F7C917031BF0C14E28852C8483A09DB9EF45EA83DB9C534BC"	"2"	"scripts\phase00\INBOX\win_2_D9DC852F.py; scripts\phase00\INBOX\win_D9DC852F.py"	"0.02"
"74C6971BA2095D1BEAABCCF6B6283B41BF37F81A564E59F9E68A2292EE7FBAF8"	"2"	"scripts\phase00\INBOX\__main___3_74C6971B.py; scripts\phase00\INBOX\__main___7_74C6971B.py"	"0.02"
"96330E01DB3FFE4F7385F4F88D59F1C616642C4820693EF0A837B1CC3370BACE"	"2"	"scripts\phase00\INBOX\test_html5lib_2_96330E01.py; scripts\phase00\INBOX\test_html5lib_96330E01.py"	"0.02"
"D773C0E332494619F11676C7441A99B9FE01D0F08971BF0A3BAA9748D80DE411"	"2"	"scripts\phase00\INBOX\asyncio_2_D773C0E3.py; scripts\phase00\INBOX\asyncio_D773C0E3.py"	"0.02"
"7F6624F3AAEDE48CC23BEAA738DF8DCA763EEFBBCCF7DF38CB15A5E268F24FF5"	"2"	"scripts\phase00\INBOX\sockshandler_2_7F6624F3.py; scripts\phase00\INBOX\sockshandler_7F6624F3.py"	"0.01"
"E1F648B0D55B9B6CDD45014D3700FE96AC1FFD0B54B6253841BB4B5C8490641C"	"2"	"scripts\phase00\INBOX\test_lxml_2_E1F648B0.py; scripts\phase00\INBOX\test_lxml_E1F648B0.py"	"0.01"
"CB68F6D9F8258A47399772DB881DB9CE68DC1A2771C3E3973E06C3DB6E25397F"	"2"	"scripts\phase00\INBOX\test_fuzz_2_CB68F6D9.py; scripts\phase00\INBOX\test_fuzz_CB68F6D9.py"	"0.01"
"FC34EF82A8AA0E5B3B3AD9D5A4A3335D83BBFB0A5D0390A32471B75D86D3CD8D"	"2"	"self_healing_runner_v4.8_fixed.py.bak_20250903_172545; self_healing_runner_v4.8_fixed.py.bak_20250903_180350"	"0.01"
"9BD53CCABDD8069E31F770FBA2740F7CB6775665E8B108E6B3F48BB4FAC71E69"	"2"	"scripts\phase00\INBOX\test_navigablestring_2_9BD53CCA.py; scripts\phase00\INBOX\test_navigablestring_9BD53CCA.py"	"0.01"
"E3830EDACAA01355D14E260DD3AE143F835F0F059ACEC805D89C76672ABB0C00"	"2"	"scripts\phase00\INBOX\__init___13_E3830EDA.py; scripts\phase00\INBOX\__init___140_E3830EDA.py"	"0.01"
"C0F97917A06EEBEEF72D1CB05C0B1C084FEC876B84855B2DB461AD1DBFBA0D16"	"2"	"scripts\phase00\INBOX\_cmp_2_C0F97917.py; scripts\phase00\INBOX\_cmp_C0F97917.py"	"0.01"
"B69279362BDAFDC178F5277321BD60328D16E138A876BF01612384DCEE8FFE0F"	"2"	"scripts\phase00\INBOX\test_builder_registry_2_B6927936.py; scripts\phase00\INBOX\test_builder_registry_B6927936.py"	"0.01"
"3D4A97DD78C06CE249961AE420ECEAE351176EE9B709B9C252A0296B698A9EF7"	"2"	"scripts\phase00\INBOX\test_element_2_3D4A97DD.py; scripts\phase00\INBOX\test_element_3D4A97DD.py"	"0.01"
"8831C423AF46722B0D3F8F0178774B01696A3C686B070C5FB6750CF3FDE7B11E"	"2"	"scripts\phase00\INBOX\test_htmlparser_2_8831C423.py; scripts\phase00\INBOX\test_htmlparser_8831C423.py"	"0.01"
"4E4A292C2B00793D9592BB354D176A9A9A9AC161DAE24F8B5B2780F6E457C9B9"	"2"	"scripts\phase00\INBOX\test_formatter_2_4E4A292C.py; scripts\phase00\INBOX\test_formatter_4E4A292C.py"	"0.01"
"3B3D3AADC0E90ED5F4738440CD7EF6080FD0B7C39E2D5AE5417651BCCC84428B"	"2"	"scripts\phase00\INBOX\easter_2_3B3D3AAD.py; scripts\phase00\INBOX\easter_3B3D3AAD.py"	"0.01"
"DC580F3CFADDB136BE92F9F5477EA8D64FF649F8A57145A6E0CF62EC6E2A165F"	"2"	"scripts\phase00\INBOX\_typing_4_DC580F3C.py; scripts\phase00\INBOX\_typing_DC580F3C.py"	"0.01"
"1276D2BFE2F336B159029CC3C662B13CDB2B4431029C3430C2C5B1FC550A091F"	"2"	"scripts\phase00\INBOX\_imp_emulation_1276D2BF.py; scripts\phase00\INBOX\_imp_emulation_2_1276D2BF.py"	"0.01"
"EBD2E6C47276ECD3423F6509ACABC4B2DE1CA495EE4B68FBDE3C23D740EE4A61"	"2"	"outputs\reports\magic_phase_scorecard.json; outputs\reports\phase_scorecard.json"	"0.01"
"F9A1C3F03C0A7DCE625D0233C5735A50708DEF248D028883F790BA6BACFB7ED4"	"2"	"scripts\phase00\INBOX\cffi_opcode_2_F9A1C3F0.py; scripts\phase00\INBOX\cffi_opcode_F9A1C3F0.py"	"0.01"
"3B1B35090B56EE1AA196B675C67662E40C31A9DD42CBD7E97887A3E8D63242E0"	"2"	"scripts\phase00\INBOX\commontypes_2_3B1B3509.py; scripts\phase00\INBOX\commontypes_3B1B3509.py"	"0.01"
"1A50DE3B33DE4C581E0412DB8FD1B9EC4CF994093AF2E85200B45827F7B17BCE"	"2"	"scripts\phase00\INBOX\converters_1A50DE3B.py; scripts\phase00\INBOX\converters_3_1A50DE3B.py"	"0.01"
"82CC43BBAEA0D263B0D31B2D2398023A0865B379322CF11B233A4E9CFA49AAD5"	"2"	"scripts\phase00\INBOX\ffiplatform_2_82CC43BB.py; scripts\phase00\INBOX\ffiplatform_82CC43BB.py"	"0.01"
"EBF9748422D3D0BE83779FCED6320D0383EC0CBAAB66993F2964898C1F92EA93"	"2"	"outputs\repo_doctor\hotfix_backups\20250910_121743\self_healing_runner_v5_parallel.py; outputs\repo_doctor\hotfix_backups\20250910_121824\self_healing_runner_v5_parallel.py"	"0.01"
"2F98B71E70F4A1C84EF5C2FC4F81FE95AFD207199B6529A75ADD565F7C5D3CAA"	"2"	"scripts\phase00\INBOX\pkgconfig_2F98B71E.py; scripts\phase00\INBOX\pkgconfig_2_2F98B71E.py"	"0.01"
"736CDB1CE88C568B1920F590E355989AD0521D3A0B0C4E1B47A05A95703A8327"	"2"	"scripts\phase00\INBOX\__config___2_736CDB1C.py; scripts\phase00\INBOX\__config___736CDB1C.py"	"0.01"
"7863ACE200E067EE5F1A7254CFE3A424379990033382F61C0FC8550FA5C7EDEE"	"2"	"scripts\phase00\INBOX\_unix_2_7863ACE2.py; scripts\phase00\INBOX\_unix_7863ACE2.py"	"0"
"417E0B384AC4350BFCE2D588697009759404A8E4B0045AF4C84B9F644CEE4AFD"	"2"	"scripts\phase00\INBOX\__init___12_417E0B38.py; scripts\phase00\INBOX\__init___139_417E0B38.py"	"0"
"CB3631311F8884A44763071295ABC4BFCA06770C6C47CF66AF65F4F6A5C6769B"	"2"	"scripts\phase00\INBOX\__main___2_CB363131.py; scripts\phase00\INBOX\__main___6_CB363131.py"	"0"
"E4140A332407F7B3C9BAB7D9CEACE4556D8450D4E08B4C0AECF0AA77BDDA5245"	"2"	"scripts\phase00\INBOX\_version_info_2_E4140A33.py; scripts\phase00\INBOX\_version_info_E4140A33.py"	"0"
"A9E4096783B4F327334A7F38D2FF5B60E699C9113CD56B158BE402AD8DE4AC25"	"2"	"scripts\phase00\INBOX\__init___100_A9E40967.py; scripts\phase00\INBOX\__init___2_A9E40967.py"	"0"
"1E70B95B8C617990EC3A900E93AD30EE81AF162F7AB65A67684B0691B25C799E"	"2"	"scripts\phase00\INBOX\version_2_1E70B95B.py; scripts\phase00\INBOX\version_6_1E70B95B.py"	"0"
"C0709B59F69E7DAF9F93A4C74B0F6D87D7C952C4AD268EF6E39C1F141AA676E0"	"2"	"scripts\phase00\INBOX\__init___127_C0709B59.py; scripts\phase00\INBOX\__init___128_C0709B59.py"	"0"
"FEDFFE380197A3FAB23DAF65350D589F355812F496DC8D289CFAB3A689AC5558"	"2"	"scripts\phase00\INBOX\__init___151_FEDFFE38.py; scripts\phase00\INBOX\__init___16_FEDFFE38.py"	"0"
"9276B7E529302B58F28A0978397543CB883B87E52746D0D139B841DFDE1DA642"	"2"	"scripts\phase00\INBOX\_soft_2_9276B7E5.py; scripts\phase00\INBOX\_soft_9276B7E5.py"	"0"
"B9C6637C10141750747F995D3482219641EC6231EDBF010B5A5137FE9011E95B"	"2"	"scripts\phase00\INBOX\_deprecation_2_B9C6637C.py; scripts\phase00\INBOX\_deprecation_B9C6637C.py"	"0"
"746AB7C51E9F819105E9406DFCBD13F9E507201E22E37911987D0FDBCB09570F"	"2"	"scripts\phase00\INBOX\_config_4_746AB7C5.py; scripts\phase00\INBOX\_config_746AB7C5.py"	"0"
"23988A301E75B46FF9D861CFBF0B281A4D5F04529A0752CAD32773DC7D6749E6"	"2"	"scripts\phase00\INBOX\_factories_23988A30.py; scripts\phase00\INBOX\_factories_2_23988A30.py"	"0"
"FB98CC7234EEEB4600BC03B551BA830F5188123564C2BF31085C0306D31E6038"	"2"	"scripts\phase00\INBOX\_error_2_FB98CC72.py; scripts\phase00\INBOX\_error_FB98CC72.py"	"0"
"4FF8D59D335F6883CF2F5FD86C0E2ADD791E1548E5E374AA902E462587022ED4"	"2"	"scripts\phase00\INBOX\__init___11_4FF8D59D.py; scripts\phase00\INBOX\__init___138_4FF8D59D.py"	"0"
"0FC23CEA5164DBEA72E3926FAB19E24E2AD28FFB05C84EAC8DA63FD3E1B5B217"	"2"	"scripts\phase00\INBOX\__init___111_0FC23CEA.py; scripts\phase00\INBOX\__init___9_0FC23CEA.py"	"0"
"10C4A0C95025D5A3595DEB5760A49EFD4A4758BD3F2A2EE84D5419CFF9BE7DF8"	"2"	"scripts\phase00\INBOX\__init___109_10C4A0C9.py; scripts\phase00\INBOX\__init___7_10C4A0C9.py"	"0"
"BA9838D540424EC244FBD27B467C1F5463002C5548A513721E7E9F753A06763D"	"2"	"scripts\phase00\INBOX\_shimmed_dist_utils_2_BA9838D5.py; scripts\phase00\INBOX\_shimmed_dist_utils_BA9838D5.py"	"0"
"E70FD6DAD3D6E56AA48A32198356597B9779B92E7080BE5037EC976352FEC316"	"2"	"scripts\phase00\INBOX\__init___10_E70FD6DA.py; scripts\phase00\INBOX\__init___137_E70FD6DA.py"	"0"
"6273A0ADB22B0C0D8D55D9113334313CF9CC22A20F5F7B4050808C471FCB1B53"	"2"	"tests\test_smoke.py; tests\test_smoke.py.WIP.bak"	"0"
"38A47146FD99867AA4D34B6A90DD1CD41B498E6D7AE5F5972F2744E7620AB877"	"2"	"scripts\phase00\INBOX\__init___110_38A47146.py; scripts\phase00\INBOX\__init___8_38A47146.py"	"0"
"48154F2D20E2BD1A464D6F8E0699F96707F491D4B6FAB86FF09500E923C1EFA9"	"2"	"backups\QUARANTINE_20250912_142935\FileRouter_Magic_Flow\flow.json; backups\QUARANTINE_20250912_142935\flow_export\flow.json"	"0"
"D0F31027BEF0C840458A9012E103CDCF23F17EBB023C3EB302D5113994485D47"	"2"	"backups\QUARANTINE_20250912_142935\FileRouter_Magic_Flow\manifest.json; backups\QUARANTINE_20250912_142935\flow_export\manifest.json"	"0"
"C6FEC87AFC40493528F63CF9DF88E0E5A34E66C71E9358BF868EBA1E346FA73E"	"2"	"backups\QUARANTINE_20250912_142935\data\vault.json; backups\QUARANTINE_20250912_142935\scripts\vault.json"	"0"
"55FC3C0810633004E0AD87B3198C9D4EE526A11F246AA00D84D8C0391CD145E1"	"2"	"notion_status_patcher_FIXED.py; tools\notion_status_patcher_FIXED.py"	"0"
"4F53CDA18C2BAA0C0354BB5F9A3ECBE5ED12AB4D8E11BA873C2F11161202B945"	"2"	"backups\QUARANTINE_20250912_142935\contexts.empty.json; backups\QUARANTINE_20250912_142935\tweets.json"	"0"
"F1945CD6C19E56B3C1C78943EF5EC18116907A4CA1EFC40A57D48AB1DB7ADFC5"	"2"	"outputs\reports\projects_discovered.tsv; outputs\reports\self_test\selftest_scorecard.json"	"0"
"BBD04B0F61754D9DF1A7B242AF32FE9859E49244CAF0DC068E06C228997B4111"	"2"	"outputs\repo_doctor\autofix_backups\20250910_120537\scripts\cost_guard_2.py; scripts\phase00\INBOX\cost_guard_2_BBD04B0F.py"	"0"
"CF22767407AD614B3DF5BBB9FDD1C002210A0D72DA19E6305A1316191E239B90"	"2"	"outputs\reports\magic_phase_scorecard.tsv; outputs\reports\phase_scorecard.tsv"	"0"
"1699F8B23A93979393E6CA7C85AA8A2119D47133D934CE8C22F509054EC12218"	"2"	"configs\central_config_hub\setup.cfg; scripts\phase00\INBOX\setup_1699F8B2_1699F8B2_1699F8B2_1699F8B2.cfg"	"0"
"1FE6B9DFE24170FC620E2476D9EE07CB6D9F9075F682654EA8A49048E83E3BBF"	"2"	"outputs\logs\week11_wrap_20250910_100710.log; outputs\logs\week11_wrap_20250910_101329.log"	"0"
"86BBEB3485BD5F19202982AA9D9E666CC01AFC7182EE6A01F42D9A6D3F70EDCB"	"2"	"requirements-dev.txt; requirements-dev.txt.bak"	"0"
"4EBD4B641E5357F1D38BA14D3FCE0219941DA989FB649CB66B5F82CBDC3B7E82"	"2"	"backups\phase11_autoheal_20250729_170744\module_C\11C_corruption_recovery_agent_READY.py; backups\phase11_autoheal_20250729_170950\module_C\11C_corruption_recovery_agent_READY.py"	"0"
"88BCB15B9567C67A408365E8E781409ED78322BA609EF4E910D93C5DD484875C"	"2"	"backups\phase11_autoheal_20250729_170744\module_C\11C_data_quality_validator_READY.py; backups\phase11_autoheal_20250729_170950\module_C\11C_data_quality_validator_READY.py"	"0"
"2A2438A6EB056CB0CD9BD89808B0869D28156C2768E1F91E3C83B20239A35716"	"2"	"backups\phase11_autoheal_20250729_170744\module_B\11B_rate_limit_stress_test_READY.py; backups\phase11_autoheal_20250729_170950\module_B\11B_rate_limit_stress_test_READY.py"	"0"
"AA30FE3EECE0CB6E5ABCEA058B2A7B4DB17D52EAB3E24DE2FF69CE920FD6DA55"	"2"	"backups\phase11_autoheal_20250729_170744\module_B\11B_api_key_leak_checker_READY.py; backups\phase11_autoheal_20250729_170950\module_B\11B_api_key_leak_checker_READY.py"	"0"
"495BF4171B303D7BF79E7E1034D468056006CF52B127945D3C0B1BB8016C8692"	"2"	"backups\phase11_autoheal_20250729_170744\module_B\11B_credential_vault_manager_READY.py; backups\phase11_autoheal_20250729_170950\module_B\11B_credential_vault_manager_READY.py"	"0"
"FEC4655E5AFF1E03F1B938B88E4993959FA4821D8508D1E28BA03A98C6DF8567"	"2"	"agents\meta\notion_patch_final_importer.py; agents\meta\notion_patch_importer.py"	"0"
"BD783A2A65427DC4980A1CB98E2FE1528E42F3BF85E0C0988BF256B718C84DAA"	"2"	"self_heal_placeholder.py.bak_20250903_172545; self_heal_placeholder.py.bak_20250903_180350"	"0"
"B2718AA222EA009AC0B601671BF34756BA607F74462E2AAF90EB10AD64CE4A5D"	"2"	"backups\phase11_autoheal_20250729_170744\module_R\11R_silent_error_logger_READY.py; backups\phase11_autoheal_20250729_170950\module_R\11R_silent_error_logger_READY.py"	"0"
"414C3429B5EFFC9E9E8CB00BC52050034EAD27F26B2DF511E948CAAE332E1728"	"2"	"backups\phase11_autoheal_20250729_170744\module_C\11C_fail_safe_backup_system_READY.py; backups\phase11_autoheal_20250729_170950\module_C\11C_fail_safe_backup_system_READY.py"	"0"
"D680D9F38B97C12450F789CF29A7C027B0CF033D9CC9CA3037855D842E40D468"	"2"	"backups\phase11_autoheal_20250729_170744\module_F\11F_error_pattern_analyzer_READY.py; backups\phase11_autoheal_20250729_170950\module_F\11F_error_pattern_analyzer_READY.py"	"0"
"E7E75C4FADC640ADF938D1334A07D70A46C1EE93E4691FAABF5E669B83D54B34"	"2"	"scripts\phase00\INBOX\setters_3_E7E75C4F.py; scripts\phase00\INBOX\setters_E7E75C4F.py"	"0"
"0413018AB6F899BF9F55D263E1DC500B1ADD72341EBA529228116B3C556954E9"	"2"	"scripts\phase00\INBOX\test_builder_0413018A.py; scripts\phase00\INBOX\test_builder_2_0413018A.py"	"0"
"78BD5889D6105774F687DFD2608652651D4501C1C66F54EE093CB41342EFD925"	"2"	"scripts\phase00\INBOX\setters_2_78BD5889.py; scripts\phase00\INBOX\setters_4_78BD5889.py"	"0"
"7598A1D1596F90BC155383BE981BE2C605483EA1AE95813F8AC7650D25F10CC9"	"2"	"scripts\phase00\INBOX\rebuild_2_7598A1D1.py; scripts\phase00\INBOX\rebuild_7598A1D1.py"	"0"
"E313AA25755A6C81D76ADBE29F4FBD09F25175754A1F4EFFA2DCDFEF9C84133B"	"2"	"scripts\phase00\INBOX\reddit_api_final_E313AA25.py; scripts\phase00\INBOX\reddit_api_fixed_E313AA25.py"	"0"
"74A09C844C3C78E6E2D25A064F1F75BA70719BFED41A5537BFF16314C76AC183"	"2"	"scripts\phase00\INBOX\utils_14_74A09C84.py; scripts\phase00\INBOX\utils_2_74A09C84.py"	"0"
"C5CCBAC03E53B5391D086D5FE1759BA1C3D23B47DA06393921F5497CFE92523D"	"2"	"scripts\phase00\INBOX\validators_2_C5CCBAC0.py; scripts\phase00\INBOX\validators_4_C5CCBAC0.py"	"0"
"EC0AF8BDD4029E733498A4773148DB20AB19AC155F1E0770B0965CFE619845EC"	"2"	"scripts\phase00\INBOX\tzwin_2_EC0AF8BD.py; scripts\phase00\INBOX\tzwin_EC0AF8BD.py"	"0"
"1E509D0845E9CE86AAC86A94C4CA477AF935FB72B03FE108FA7D50A0BDBAE0FA"	"2"	"scripts\phase00\INBOX\test_deprecations_1E509D08.py; scripts\phase00\INBOX\test_deprecations_2_1E509D08.py"	"0"
"859FABF76D560C6F0293C2A64FABA58329231D4D5068663A829AC2D8E3E8FAF8"	"2"	"scripts\phase00\INBOX\test_numeric_2_859FABF7.py; scripts\phase00\INBOX\test_numeric_859FABF7.py"	"0"
"97D4D37703083298BA8C39091A742013D72F4C847B0809ED209AFC1061EDDE96"	"2"	"scripts\phase00\INBOX\lock_2_97D4D377.py; scripts\phase00\INBOX\lock_97D4D377.py"	"0"
"1D6560D06463B53BC1B5FFB0B7A34EA4A8A595F2D08DC5498AD73C912C446D9D"	"2"	"scripts\phase00\INBOX\.vault_1D6560D0_1D6560D0_1D6560D0.key; scripts_backup\.vault.key"	"0"
"F244258EB5707D24D1BBC20DC0493C488D1E1ABCE659FB6C4FBACCD04AB2A213"	"2"	"scripts\phase00\INBOX\converters_2_F244258E.py; scripts\phase00\INBOX\converters_4_F244258E.py"	"0"
"D7A61E9AE1E76802D4B0677DC15DF7C6330BA6BC904C1F7E46D875BB8CE1E09C"	"2"	"scripts\phase00\INBOX\#suppress_chrome_warnings_D7A61E9A_D7A61E9A_D7A61E9A.ps1; scripts\phase00\INBOX\suppress_chrome_warnings_D7A61E9A_D7A61E9A_D7A61E9A.ps1"	"0"
"95BE0A345CD2E8AA0781025CB0F4854EE10002BBB87484E82A1444B7822B72BC"	"2"	"outputs\repo_doctor\hotfix_backups\20250910_121743\tools\fix_log_writer_agent.py; outputs\repo_doctor\hotfix_backups\20250910_121824\tools\fix_log_writer_agent.py"	"0"
"53ED79A244D930F87A75739E9580C5CC62CA27293D31E402BF2DE1DCF399C540"	"2"	"outputs\repo_doctor\hotfix_backups\20250910_121824\.pre-commit-config.yaml; outputs\repo_doctor\hotfix_backups\20250910_122614\.pre-commit-config.yaml"	"0"
"081549A4A7ACBC7F02A6B274E57F9BB8E4F02C3973EF8639BE60CFFA1A1B4532"	"2"	"scripts\phase00\INBOX\filters_081549A4.py; scripts\phase00\INBOX\filters_3_081549A4.py"	"0"
"54E50C66E83DB8453A754B80D1D1758C89D42B43CBDDF2E03F45414B977E0831"	"2"	"scripts\phase00\INBOX\filters_2_54E50C66.py; scripts\phase00\INBOX\filters_4_54E50C66.py"	"0"
"43D14E69D35EF1046FCC331A2925DED96B65F092BFA00656EE66C564154FFC61"	"2"	"scripts\phase00\INBOX\exceptions_3_43D14E69.py; scripts\phase00\INBOX\exceptions_6_43D14E69.py"	"0"
"067BF8C8393FDCF006800ABE17B13ED7780EE7E2E3ACFE39555283FA838FA4FD"	"2"	"scripts\phase00\INBOX\error_067BF8C8.py; scripts\phase00\INBOX\error_2_067BF8C8.py"	"0"
"0020829A0D7DFAF0C56833D8F6F165D7DF523D709030DFDB10DB380C02E3CE6B"	"2"	"scripts\phase00\INBOX\exceptions_2_0020829A.py; scripts\phase00\INBOX\exceptions_5_0020829A.py"	"0"
