"FullName","Name","Dir"
"D:\MAGIC\scripts\# test_scripts_status.ps1","# test_scripts_status.ps1","D:\MAGIC\scripts"
"D:\MAGIC\scripts\#suppress_chrome_warnings.ps1","#suppress_chrome_warnings.ps1","D:\MAGIC\scripts"
"D:\MAGIC\scripts\.cleanup-protect",".cleanup-protect","D:\MAGIC\scripts"
"D:\MAGIC\scripts\.vault.key",".vault.key","D:\MAGIC\scripts"
"D:\MAGIC\scripts\abc.py","abc.py","D:\MAGIC\scripts"
"D:\MAGIC\scripts\absoft.py","absoft.py","D:\MAGIC\scripts"
"D:\MAGIC\scripts\abstract_event_listener.py","abstract_event_listener.py","D:\MAGIC\scripts"
"D:\MAGIC\scripts\accessibility.py","accessibility.py","D:\MAGIC\scripts"
"D:\MAGIC\scripts\accessor.py","accessor.py","D:\MAGIC\scripts"
"D:\MAGIC\scripts\accessors.py","accessors.py","D:\MAGIC\scripts"
"D:\MAGIC\scripts\accessor_2.py","accessor_2.py","D:\MAGIC\scripts"
"D:\MAGIC\scripts\account.py","account.py","D:\MAGIC\scripts"
"D:\MAGIC\scripts\actions.py","actions.py","D:\MAGIC\scripts"
"D:\MAGIC\scripts\action_builder.py","action_builder.py","D:\MAGIC\scripts"
"D:\MAGIC\scripts\action_chains.py","action_chains.py","D:\MAGIC\scripts"
"D:\MAGIC\scripts\adapter.py","adapter.py","D:\MAGIC\scripts"
"D:\MAGIC\scripts\adapters.py","adapters.py","D:\MAGIC\scripts"
"D:\MAGIC\scripts\advanced_twitter_scraper_2.py","advanced_twitter_scraper_2.py","D:\MAGIC\scripts"
"D:\MAGIC\scripts\aead.py","aead.py","D:\MAGIC\scripts"
"D:\MAGIC\scripts\afmLib.py","afmLib.py","D:\MAGIC\scripts"
"D:\MAGIC\scripts\after.py","after.py","D:\MAGIC\scripts"
"D:\MAGIC\scripts\agl.py","agl.py","D:\MAGIC\scripts"
"D:\MAGIC\scripts\ai_content.py","ai_content.py","D:\MAGIC\scripts"
"D:\MAGIC\scripts\alert.py","alert.py","D:\MAGIC\scripts"
"D:\MAGIC\scripts\algorithms.py","algorithms.py","D:\MAGIC\scripts"
"D:\MAGIC\scripts\algorithms_2.py","algorithms_2.py","D:\MAGIC\scripts"
"D:\MAGIC\scripts\algorithms_3.py","algorithms_3.py","D:\MAGIC\scripts"
"D:\MAGIC\scripts\alias.py","alias.py","D:\MAGIC\scripts"
"D:\MAGIC\scripts\align.py","align.py","D:\MAGIC\scripts"
"D:\MAGIC\scripts\alphabeticalattributes.py","alphabeticalattributes.py","D:\MAGIC\scripts"
"D:\MAGIC\scripts\android.py","android.py","D:\MAGIC\scripts"
"D:\MAGIC\scripts\animation.py","animation.py","D:\MAGIC\scripts"
"D:\MAGIC\scripts\annotations.py","annotations.py","D:\MAGIC\scripts"
"D:\MAGIC\scripts\ansi.py","ansi.py","D:\MAGIC\scripts"
"D:\MAGIC\scripts\ansitowin32.py","ansitowin32.py","D:\MAGIC\scripts"
"D:\MAGIC\scripts\ansitowin32_test.py","ansitowin32_test.py","D:\MAGIC\scripts"
"D:\MAGIC\scripts\ansi_test.py","ansi_test.py","D:\MAGIC\scripts"
"D:\MAGIC\scripts\api.py","api.py","D:\MAGIC\scripts"
"D:\MAGIC\scripts\api_10.py","api_10.py","D:\MAGIC\scripts"
"D:\MAGIC\scripts\api_2.py","api_2.py","D:\MAGIC\scripts"
"D:\MAGIC\scripts\api_3.py","api_3.py","D:\MAGIC\scripts"
"D:\MAGIC\scripts\api_4.py","api_4.py","D:\MAGIC\scripts"
"D:\MAGIC\scripts\api_5.py","api_5.py","D:\MAGIC\scripts"
"D:\MAGIC\scripts\api_6.py","api_6.py","D:\MAGIC\scripts"
"D:\MAGIC\scripts\api_7.py","api_7.py","D:\MAGIC\scripts"
"D:\MAGIC\scripts\api_8.py","api_8.py","D:\MAGIC\scripts"
"D:\MAGIC\scripts\api_9.py","api_9.py","D:\MAGIC\scripts"
"D:\MAGIC\scripts\api_normalizer.py","api_normalizer.py","D:\MAGIC\scripts"
"D:\MAGIC\scripts\api_validator_2.py","api_validator_2.py","D:\MAGIC\scripts"
"D:\MAGIC\scripts\appdirs.py","appdirs.py","D:\MAGIC\scripts"
"D:\MAGIC\scripts\appengine.py","appengine.py","D:\MAGIC\scripts"
"D:\MAGIC\scripts\apply.py","apply.py","D:\MAGIC\scripts"
"D:\MAGIC\scripts\apply_all_fixes.ps1","apply_all_fixes.ps1","D:\MAGIC\scripts"
"D:\MAGIC\scripts\arc.py","arc.py","D:\MAGIC\scripts"
"D:\MAGIC\scripts\archive.py","archive.py","D:\MAGIC\scripts"
"D:\MAGIC\scripts\archive_util.py","archive_util.py","D:\MAGIC\scripts"
"D:\MAGIC\scripts\areaPen.py","areaPen.py","D:\MAGIC\scripts"
"D:\MAGIC\scripts\argon2.py","argon2.py","D:\MAGIC\scripts"
"D:\MAGIC\scripts\arithmetic.py","arithmetic.py","D:\MAGIC\scripts"
"D:\MAGIC\scripts\arithmetic_2.py","arithmetic_2.py","D:\MAGIC\scripts"
"D:\MAGIC\scripts\arithmetic_3.py","arithmetic_3.py","D:\MAGIC\scripts"
"D:\MAGIC\scripts\array.py","array.py","D:\MAGIC\scripts"
"D:\MAGIC\scripts\arraylike.py","arraylike.py","D:\MAGIC\scripts"
"D:\MAGIC\scripts\arraypad.py","arraypad.py","D:\MAGIC\scripts"
"D:\MAGIC\scripts\arrayprint.py","arrayprint.py","D:\MAGIC\scripts"
"D:\MAGIC\scripts\arrayprint_2.py","arrayprint_2.py","D:\MAGIC\scripts"
"D:\MAGIC\scripts\arrayprint_3.py","arrayprint_3.py","D:\MAGIC\scripts"
"D:\MAGIC\scripts\arrayprint_4.py","arrayprint_4.py","D:\MAGIC\scripts"
"D:\MAGIC\scripts\arrays.py","arrays.py","D:\MAGIC\scripts"
"D:\MAGIC\scripts\arraysetops.py","arraysetops.py","D:\MAGIC\scripts"
"D:\MAGIC\scripts\arrayterator.py","arrayterator.py","D:\MAGIC\scripts"
"D:\MAGIC\scripts\arrayterator_2.py","arrayterator_2.py","D:\MAGIC\scripts"
"D:\MAGIC\scripts\arrayterator_3.py","arrayterator_3.py","D:\MAGIC\scripts"
"D:\MAGIC\scripts\arrayterator_4.py","arrayterator_4.py","D:\MAGIC\scripts"
"D:\MAGIC\scripts\arrayTools.py","arrayTools.py","D:\MAGIC\scripts"
"D:\MAGIC\scripts\array_2.py","array_2.py","D:\MAGIC\scripts"
"D:\MAGIC\scripts\array_3.py","array_3.py","D:\MAGIC\scripts"
"D:\MAGIC\scripts\array_constructors.py","array_constructors.py","D:\MAGIC\scripts"
"D:\MAGIC\scripts\array_constructors_2.py","array_constructors_2.py","D:\MAGIC\scripts"
"D:\MAGIC\scripts\array_constructors_3.py","array_constructors_3.py","D:\MAGIC\scripts"
"D:\MAGIC\scripts\array_like.py","array_like.py","D:\MAGIC\scripts"
"D:\MAGIC\scripts\array_like_2.py","array_like_2.py","D:\MAGIC\scripts"
"D:\MAGIC\scripts\array_manager.py","array_manager.py","D:\MAGIC\scripts"
"D:\MAGIC\scripts\array_ops.py","array_ops.py","D:\MAGIC\scripts"
"D:\MAGIC\scripts\arrow.py","arrow.py","D:\MAGIC\scripts"
"D:\MAGIC\scripts\arrow_parser_wrapper.py","arrow_parser_wrapper.py","D:\MAGIC\scripts"
"D:\MAGIC\scripts\asciiTable.py","asciiTable.py","D:\MAGIC\scripts"
"D:\MAGIC\scripts\asserters.py","asserters.py","D:\MAGIC\scripts"
"D:\MAGIC\scripts\ast.py","ast.py","D:\MAGIC\scripts"
"D:\MAGIC\scripts\astype.py","astype.py","D:\MAGIC\scripts"
"D:\MAGIC\scripts\ast_2.py","ast_2.py","D:\MAGIC\scripts"
"D:\MAGIC\scripts\ast_transforms.py","ast_transforms.py","D:\MAGIC\scripts"
"D:\MAGIC\scripts\asyn.py","asyn.py","D:\MAGIC\scripts"
"D:\MAGIC\scripts\asyncio.py","asyncio.py","D:\MAGIC\scripts"
"D:\MAGIC\scripts\asyncio_2.py","asyncio_2.py","D:\MAGIC\scripts"
"D:\MAGIC\scripts\asyn_wrapper.py","asyn_wrapper.py","D:\MAGIC\scripts"
"D:\MAGIC\scripts\audio.py","audio.py","D:\MAGIC\scripts"
"D:\MAGIC\scripts\audits.py","audits.py","D:\MAGIC\scripts"
"D:\MAGIC\scripts\auth.py","auth.py","D:\MAGIC\scripts"
"D:\MAGIC\scripts\auth_test.py","auth_test.py","D:\MAGIC\scripts"
"D:\MAGIC\scripts\autocomplete_scraper.py","autocomplete_scraper.py","D:\MAGIC\scripts"
"D:\MAGIC\scripts\autocompletion.py","autocompletion.py","D:\MAGIC\scripts"
"D:\MAGIC\scripts\autodist.py","autodist.py","D:\MAGIC\scripts"
"D:\MAGIC\scripts\autofill.py","autofill.py","D:\MAGIC\scripts"
"D:\MAGIC\scripts\auto_prune_excludes.ps1","auto_prune_excludes.ps1","D:\MAGIC\scripts"
"D:\MAGIC\scripts\auxfuncs.py","auxfuncs.py","D:\MAGIC\scripts"
"D:\MAGIC\scripts\avar.py","avar.py","D:\MAGIC\scripts"
"D:\MAGIC\scripts\avarPlanner.py","avarPlanner.py","D:\MAGIC\scripts"
"D:\MAGIC\scripts\AzureCLI.msi","AzureCLI.msi","D:\MAGIC\scripts"
"D:\MAGIC\scripts\backend.py","backend.py","D:\MAGIC\scripts"
"D:\MAGIC\scripts\backend_ctypes.py","backend_ctypes.py","D:\MAGIC\scripts"
"D:\MAGIC\scripts\backend_ctypes_2.py","backend_ctypes_2.py","D:\MAGIC\scripts"
"D:\MAGIC\scripts\background_service.py","background_service.py","D:\MAGIC\scripts"
"D:\MAGIC\scripts\bar.py","bar.py","D:\MAGIC\scripts"
"D:\MAGIC\scripts\base.py","base.py","D:\MAGIC\scripts"
"D:\MAGIC\scripts\basePen.py","basePen.py","D:\MAGIC\scripts"
"D:\MAGIC\scripts\base_10.py","base_10.py","D:\MAGIC\scripts"
"D:\MAGIC\scripts\base_11.py","base_11.py","D:\MAGIC\scripts"
"D:\MAGIC\scripts\base_12.py","base_12.py","D:\MAGIC\scripts"
"D:\MAGIC\scripts\base_2.py","base_2.py","D:\MAGIC\scripts"
"D:\MAGIC\scripts\base_3.py","base_3.py","D:\MAGIC\scripts"
"D:\MAGIC\scripts\base_4.py","base_4.py","D:\MAGIC\scripts"
"D:\MAGIC\scripts\base_5.py","base_5.py","D:\MAGIC\scripts"
"D:\MAGIC\scripts\base_6.py","base_6.py","D:\MAGIC\scripts"
"D:\MAGIC\scripts\base_7.py","base_7.py","D:\MAGIC\scripts"
"D:\MAGIC\scripts\base_8.py","base_8.py","D:\MAGIC\scripts"
"D:\MAGIC\scripts\base_9.py","base_9.py","D:\MAGIC\scripts"
"D:\MAGIC\scripts\base_command.py","base_command.py","D:\MAGIC\scripts"
"D:\MAGIC\scripts\base_parser.py","base_parser.py","D:\MAGIC\scripts"
"D:\MAGIC\scripts\bazaar.py","bazaar.py","D:\MAGIC\scripts"
"D:\MAGIC\scripts\bbcode.py","bbcode.py","D:\MAGIC\scripts"
"D:\MAGIC\scripts\bcppcompiler.py","bcppcompiler.py","D:\MAGIC\scripts"
"D:\MAGIC\scripts\bdist.py","bdist.py","D:\MAGIC\scripts"
"D:\MAGIC\scripts\bdist_dumb.py","bdist_dumb.py","D:\MAGIC\scripts"
"D:\MAGIC\scripts\bdist_egg.py","bdist_egg.py","D:\MAGIC\scripts"
"D:\MAGIC\scripts\bdist_rpm.py","bdist_rpm.py","D:\MAGIC\scripts"
"D:\MAGIC\scripts\before.py","before.py","D:\MAGIC\scripts"
"D:\MAGIC\scripts\before_sleep.py","before_sleep.py","D:\MAGIC\scripts"
"D:\MAGIC\scripts\bench.py","bench.py","D:\MAGIC\scripts"
"D:\MAGIC\scripts\benchmark.py","benchmark.py","D:\MAGIC\scripts"
"D:\MAGIC\scripts\benchmark_2.py","benchmark_2.py","D:\MAGIC\scripts"
"D:\MAGIC\scripts\bezierTools.py","bezierTools.py","D:\MAGIC\scripts"
"D:\MAGIC\scripts\bidi.py","bidi.py","D:\MAGIC\scripts"
"D:\MAGIC\scripts\bidi_connection.py","bidi_connection.py","D:\MAGIC\scripts"
"D:\MAGIC\scripts\big5freq.py","big5freq.py","D:\MAGIC\scripts"
"D:\MAGIC\scripts\big5prober.py","big5prober.py","D:\MAGIC\scripts"
"D:\MAGIC\scripts\binding.py","binding.py","D:\MAGIC\scripts"
"D:\MAGIC\scripts\bindings.py","bindings.py","D:\MAGIC\scripts"
"D:\MAGIC\scripts\BitmapGlyphMetrics.py","BitmapGlyphMetrics.py","D:\MAGIC\scripts"
"D:\MAGIC\scripts\bitwise_ops.py","bitwise_ops.py","D:\MAGIC\scripts"
"D:\MAGIC\scripts\bitwise_ops_2.py","bitwise_ops_2.py","D:\MAGIC\scripts"
"D:\MAGIC\scripts\bitwise_ops_3.py","bitwise_ops_3.py","D:\MAGIC\scripts"
"D:\MAGIC\scripts\blacklist_filter.py","blacklist_filter.py","D:\MAGIC\scripts"
"D:\MAGIC\scripts\Blocks.py","Blocks.py","D:\MAGIC\scripts"
"D:\MAGIC\scripts\bluetooth_emulation.py","bluetooth_emulation.py","D:\MAGIC\scripts"
"D:\MAGIC\scripts\bokeh_renderer.py","bokeh_renderer.py","D:\MAGIC\scripts"
"D:\MAGIC\scripts\bokeh_util.py","bokeh_util.py","D:\MAGIC\scripts"
"D:\MAGIC\scripts\boolean.py","boolean.py","D:\MAGIC\scripts"
"D:\MAGIC\scripts\boundsPen.py","boundsPen.py","D:\MAGIC\scripts"
"D:\MAGIC\scripts\box.py","box.py","D:\MAGIC\scripts"
"D:\MAGIC\scripts\boxplot.py","boxplot.py","D:\MAGIC\scripts"
"D:\MAGIC\scripts\browser.py","browser.py","D:\MAGIC\scripts"
"D:\MAGIC\scripts\browser_test.py","browser_test.py","D:\MAGIC\scripts"
"D:\MAGIC\scripts\browsing_context.py","browsing_context.py","D:\MAGIC\scripts"
"D:\MAGIC\scripts\buffer.py","buffer.py","D:\MAGIC\scripts"
"D:\MAGIC\scripts\buffered.py","buffered.py","D:\MAGIC\scripts"
"D:\MAGIC\scripts\build.py","build.py","D:\MAGIC\scripts"
"D:\MAGIC\scripts\builder.py","builder.py","D:\MAGIC\scripts"
"D:\MAGIC\scripts\builder_2.py","builder_2.py","D:\MAGIC\scripts"
"D:\MAGIC\scripts\builder_3.py","builder_3.py","D:\MAGIC\scripts"
"D:\MAGIC\scripts\builder_4.py","builder_4.py","D:\MAGIC\scripts"
"D:\MAGIC\scripts\builder_5.py","builder_5.py","D:\MAGIC\scripts"
"D:\MAGIC\scripts\builder_6.py","builder_6.py","D:\MAGIC\scripts"
"D:\MAGIC\scripts\build_clib.py","build_clib.py","D:\MAGIC\scripts"
"D:\MAGIC\scripts\build_env.py","build_env.py","D:\MAGIC\scripts"
"D:\MAGIC\scripts\build_ext.py","build_ext.py","D:\MAGIC\scripts"
"D:\MAGIC\scripts\build_meta.py","build_meta.py","D:\MAGIC\scripts"
"D:\MAGIC\scripts\build_py.py","build_py.py","D:\MAGIC\scripts"
"D:\MAGIC\scripts\build_scripts.py","build_scripts.py","D:\MAGIC\scripts"
"D:\MAGIC\scripts\build_src.py","build_src.py","D:\MAGIC\scripts"
"D:\MAGIC\scripts\build_tracker.py","build_tracker.py","D:\MAGIC\scripts"
"D:\MAGIC\scripts\burnout_signals.py","burnout_signals.py","D:\MAGIC\scripts"
"D:\MAGIC\scripts\by.py","by.py","D:\MAGIC\scripts"
"D:\MAGIC\scripts\B_A_S_E_.py","B_A_S_E_.py","D:\MAGIC\scripts"
"D:\MAGIC\scripts\cache.py","cache.py","D:\MAGIC\scripts"
"D:\MAGIC\scripts\cached.py","cached.py","D:\MAGIC\scripts"
"D:\MAGIC\scripts\cache_mapper.py","cache_mapper.py","D:\MAGIC\scripts"
"D:\MAGIC\scripts\cache_metadata.py","cache_metadata.py","D:\MAGIC\scripts"
"D:\MAGIC\scripts\cache_storage.py","cache_storage.py","D:\MAGIC\scripts"
"D:\MAGIC\scripts\caching.py","caching.py","D:\MAGIC\scripts"
"D:\MAGIC\scripts\cairoPen.py","cairoPen.py","D:\MAGIC\scripts"
"D:\MAGIC\scripts\callbacks.py","callbacks.py","D:\MAGIC\scripts"
"D:\MAGIC\scripts\candidate.py","candidate.py","D:\MAGIC\scripts"
"D:\MAGIC\scripts\candidates.py","candidates.py","D:\MAGIC\scripts"
"D:\MAGIC\scripts\capi_maps.py","capi_maps.py","D:\MAGIC\scripts"
"D:\MAGIC\scripts\cast.py","cast.py","D:\MAGIC\scripts"
"D:\MAGIC\scripts\casting.py","casting.py","D:\MAGIC\scripts"
"D:\MAGIC\scripts\categorical.py","categorical.py","D:\MAGIC\scripts"
"D:\MAGIC\scripts\categorical_2.py","categorical_2.py","D:\MAGIC\scripts"
"D:\MAGIC\scripts\category.py","category.py","D:\MAGIC\scripts"
"D:\MAGIC\scripts\cb_rules.py","cb_rules.py","D:\MAGIC\scripts"
"D:\MAGIC\scripts\ccompiler.py","ccompiler.py","D:\MAGIC\scripts"
"D:\MAGIC\scripts\ccompiler_opt.py","ccompiler_opt.py","D:\MAGIC\scripts"
"D:\MAGIC\scripts\cd.py","cd.py","D:\MAGIC\scripts"
"D:\MAGIC\scripts\cdp.py","cdp.py","D:\MAGIC\scripts"
"D:\MAGIC\scripts\cd_2.py","cd_2.py","D:\MAGIC\scripts"
"D:\MAGIC\scripts\cElementTree.py","cElementTree.py","D:\MAGIC\scripts"
"D:\MAGIC\scripts\cells.py","cells.py","D:\MAGIC\scripts"
"D:\MAGIC\scripts\certificate_transparency.py","certificate_transparency.py","D:\MAGIC\scripts"
"D:\MAGIC\scripts\certs.py","certs.py","D:\MAGIC\scripts"
"D:\MAGIC\scripts\cff.py","cff.py","D:\MAGIC\scripts"
"D:\MAGIC\scripts\CFF2ToCFF.py","CFF2ToCFF.py","D:\MAGIC\scripts"
"D:\MAGIC\scripts\cffi_opcode.py","cffi_opcode.py","D:\MAGIC\scripts"
"D:\MAGIC\scripts\cffi_opcode_2.py","cffi_opcode_2.py","D:\MAGIC\scripts"
"D:\MAGIC\scripts\CFFToCFF2.py","CFFToCFF2.py","D:\MAGIC\scripts"
"D:\MAGIC\scripts\cff_2.py","cff_2.py","D:\MAGIC\scripts"
"D:\MAGIC\scripts\cfuncs.py","cfuncs.py","D:\MAGIC\scripts"
"D:\MAGIC\scripts\chainmap.py","chainmap.py","D:\MAGIC\scripts"
"D:\MAGIC\scripts\channels.py","channels.py","D:\MAGIC\scripts"
"D:\MAGIC\scripts\chardetect.py","chardetect.py","D:\MAGIC\scripts"
"D:\MAGIC\scripts\chardistribution.py","chardistribution.py","D:\MAGIC\scripts"
"D:\MAGIC\scripts\charsetgroupprober.py","charsetgroupprober.py","D:\MAGIC\scripts"
"D:\MAGIC\scripts\charsetprober.py","charsetprober.py","D:\MAGIC\scripts"
"D:\MAGIC\scripts\charts_2.py","charts_2.py","D:\MAGIC\scripts"
"D:\MAGIC\scripts\chebyshev.py","chebyshev.py","D:\MAGIC\scripts"
"D:\MAGIC\scripts\check.py","check.py","D:\MAGIC\scripts"
"D:\MAGIC\scripts\check_tables_2.py","check_tables_2.py","D:\MAGIC\scripts"
"D:\MAGIC\scripts\check_type_completeness.py","check_type_completeness.py","D:\MAGIC\scripts"
"D:\MAGIC\scripts\check_wraps.py","check_wraps.py","D:\MAGIC\scripts"
"D:\MAGIC\scripts\chunk.py","chunk.py","D:\MAGIC\scripts"
"D:\MAGIC\scripts\clarity_ranker.py","clarity_ranker.py","D:\MAGIC\scripts"
"D:\MAGIC\scripts\classifyTools.py","classifyTools.py","D:\MAGIC\scripts"
"D:\MAGIC\scripts\clean.py","clean.py","D:\MAGIC\scripts"
"D:\MAGIC\scripts\cli.py","cli.py","D:\MAGIC\scripts"
"D:\MAGIC\scripts\client_config.py","client_config.py","D:\MAGIC\scripts"
"D:\MAGIC\scripts\clipboards.py","clipboards.py","D:\MAGIC\scripts"
"D:\MAGIC\scripts\cliTools.py","cliTools.py","D:\MAGIC\scripts"
"D:\MAGIC\scripts\cli_2.py","cli_2.py","D:\MAGIC\scripts"
"D:\MAGIC\scripts\cli_3.py","cli_3.py","D:\MAGIC\scripts"
"D:\MAGIC\scripts\cmac.py","cmac.py","D:\MAGIC\scripts"
"D:\MAGIC\scripts\cmap.py","cmap.py","D:\MAGIC\scripts"
"D:\MAGIC\scripts\cmd.py","cmd.py","D:\MAGIC\scripts"
"D:\MAGIC\scripts\cmdline.py","cmdline.py","D:\MAGIC\scripts"
"D:\MAGIC\scripts\cmdoptions.py","cmdoptions.py","D:\MAGIC\scripts"
"D:\MAGIC\scripts\cmdstan.py","cmdstan.py","D:\MAGIC\scripts"
"D:\MAGIC\scripts\cmdstan_args.py","cmdstan_args.py","D:\MAGIC\scripts"
"D:\MAGIC\scripts\cocoaPen.py","cocoaPen.py","D:\MAGIC\scripts"
"D:\MAGIC\scripts\codec.py","codec.py","D:\MAGIC\scripts"
"D:\MAGIC\scripts\codecs.py","codecs.py","D:\MAGIC\scripts"
"D:\MAGIC\scripts\codingstatemachine.py","codingstatemachine.py","D:\MAGIC\scripts"
"D:\MAGIC\scripts\codingstatemachinedict.py","codingstatemachinedict.py","D:\MAGIC\scripts"
"D:\MAGIC\scripts\collections_abc.py","collections_abc.py","D:\MAGIC\scripts"
"D:\MAGIC\scripts\collector.py","collector.py","D:\MAGIC\scripts"
"D:\MAGIC\scripts\color.py","color.py","D:\MAGIC\scripts"
"D:\MAGIC\scripts\color_triplet.py","color_triplet.py","D:\MAGIC\scripts"
"D:\MAGIC\scripts\column.py","column.py","D:\MAGIC\scripts"
"D:\MAGIC\scripts\columns.py","columns.py","D:\MAGIC\scripts"
"D:\MAGIC\scripts\command.py","command.py","D:\MAGIC\scripts"
"D:\MAGIC\scripts\command_context.py","command_context.py","D:\MAGIC\scripts"
"D:\MAGIC\scripts\common.py","common.py","D:\MAGIC\scripts"
"D:\MAGIC\scripts\commontypes.py","commontypes.py","D:\MAGIC\scripts"
"D:\MAGIC\scripts\commontypes_2.py","commontypes_2.py","D:\MAGIC\scripts"
"D:\MAGIC\scripts\common_2.py","common_2.py","D:\MAGIC\scripts"
"D:\MAGIC\scripts\common_3.py","common_3.py","D:\MAGIC\scripts"
"D:\MAGIC\scripts\common_4.py","common_4.py","D:\MAGIC\scripts"
"D:\MAGIC\scripts\common_5.py","common_5.py","D:\MAGIC\scripts"
"D:\MAGIC\scripts\common_rules.py","common_rules.py","D:\MAGIC\scripts"
"D:\MAGIC\scripts\compaq.py","compaq.py","D:\MAGIC\scripts"
"D:\MAGIC\scripts\comparisons.py","comparisons.py","D:\MAGIC\scripts"
"D:\MAGIC\scripts\comparisons_2.py","comparisons_2.py","D:\MAGIC\scripts"
"D:\MAGIC\scripts\comparisons_3.py","comparisons_3.py","D:\MAGIC\scripts"
"D:\MAGIC\scripts\compat.py","compat.py","D:\MAGIC\scripts"
"D:\MAGIC\scripts\compatibility_tags.py","compatibility_tags.py","D:\MAGIC\scripts"
"D:\MAGIC\scripts\competition_filter.py","competition_filter.py","D:\MAGIC\scripts"
"D:\MAGIC\scripts\compilation.py","compilation.py","D:\MAGIC\scripts"
"D:\MAGIC\scripts\compiler.py","compiler.py","D:\MAGIC\scripts"
"D:\MAGIC\scripts\compiler_2.py","compiler_2.py","D:\MAGIC\scripts"
"D:\MAGIC\scripts\completion.py","completion.py","D:\MAGIC\scripts"
"D:\MAGIC\scripts\compression.py","compression.py","D:\MAGIC\scripts"
"D:\MAGIC\scripts\concat.py","concat.py","D:\MAGIC\scripts"
"D:\MAGIC\scripts\concatkdf.py","concatkdf.py","D:\MAGIC\scripts"
"D:\MAGIC\scripts\config.py","config.py","D:\MAGIC\scripts"
"D:\MAGIC\scripts\configs.py","configs.py","D:\MAGIC\scripts"
"D:\MAGIC\scripts\configTools.py","configTools.py","D:\MAGIC\scripts"
"D:\MAGIC\scripts\configuration.py","configuration.py","D:\MAGIC\scripts"
"D:\MAGIC\scripts\config_2.py","config_2.py","D:\MAGIC\scripts"
"D:\MAGIC\scripts\config_3.py","config_3.py","D:\MAGIC\scripts"
"D:\MAGIC\scripts\config_compiler.py","config_compiler.py","D:\MAGIC\scripts"
"D:\MAGIC\scripts\config_init.py","config_init.py","D:\MAGIC\scripts"
"D:\MAGIC\scripts\config_init_2.py","config_init_2.py","D:\MAGIC\scripts"
"D:\MAGIC\scripts\conftest.py","conftest.py","D:\MAGIC\scripts"
"D:\MAGIC\scripts\conftest_2.py","conftest_2.py","D:\MAGIC\scripts"
"D:\MAGIC\scripts\conftest_3.py","conftest_3.py","D:\MAGIC\scripts"
"D:\MAGIC\scripts\connection.py","connection.py","D:\MAGIC\scripts"
"D:\MAGIC\scripts\connectionpool.py","connectionpool.py","D:\MAGIC\scripts"
"D:\MAGIC\scripts\console.py","console.py","D:\MAGIC\scripts"
"D:\MAGIC\scripts\constant.py","constant.py","D:\MAGIC\scripts"
"D:\MAGIC\scripts\constants_2.py","constants_2.py","D:\MAGIC\scripts"
"D:\MAGIC\scripts\constants_3.py","constants_3.py","D:\MAGIC\scripts"
"D:\MAGIC\scripts\constants_4.py","constants_4.py","D:\MAGIC\scripts"
"D:\MAGIC\scripts\constants_5.py","constants_5.py","D:\MAGIC\scripts"
"D:\MAGIC\scripts\constants_6.py","constants_6.py","D:\MAGIC\scripts"
"D:\MAGIC\scripts\constant_2.py","constant_2.py","D:\MAGIC\scripts"
"D:\MAGIC\scripts\constant_time.py","constant_time.py","D:\MAGIC\scripts"
"D:\MAGIC\scripts\constrain.py","constrain.py","D:\MAGIC\scripts"
"D:\MAGIC\scripts\construction.py","construction.py","D:\MAGIC\scripts"
"D:\MAGIC\scripts\constructors.py","constructors.py","D:\MAGIC\scripts"
"D:\MAGIC\scripts\consts.py","consts.py","D:\MAGIC\scripts"
"D:\MAGIC\scripts\containers.py","containers.py","D:\MAGIC\scripts"
"D:\MAGIC\scripts\context.py","context.py","D:\MAGIC\scripts"
"D:\MAGIC\scripts\contexts.py","contexts.py","D:\MAGIC\scripts"
"D:\MAGIC\scripts\control.py","control.py","D:\MAGIC\scripts"
"D:\MAGIC\scripts\controller.py","controller.py","D:\MAGIC\scripts"
"D:\MAGIC\scripts\convert.py","convert.py","D:\MAGIC\scripts"
"D:\MAGIC\scripts\converter.py","converter.py","D:\MAGIC\scripts"
"D:\MAGIC\scripts\converters.py","converters.py","D:\MAGIC\scripts"
"D:\MAGIC\scripts\converters_2.py","converters_2.py","D:\MAGIC\scripts"
"D:\MAGIC\scripts\converters_3.py","converters_3.py","D:\MAGIC\scripts"
"D:\MAGIC\scripts\converters_4.py","converters_4.py","D:\MAGIC\scripts"
"D:\MAGIC\scripts\converters_5.py","converters_5.py","D:\MAGIC\scripts"
"D:\MAGIC\scripts\conv_template.py","conv_template.py","D:\MAGIC\scripts"
"D:\MAGIC\scripts\cookies.py","cookies.py","D:\MAGIC\scripts"
"D:\MAGIC\scripts\copy.py","copy.py","D:\MAGIC\scripts"
"D:\MAGIC\scripts\core.py","core.py","D:\MAGIC\scripts"
"D:\MAGIC\scripts\core_10.py","core_10.py","D:\MAGIC\scripts"
"D:\MAGIC\scripts\core_2.py","core_2.py","D:\MAGIC\scripts"
"D:\MAGIC\scripts\core_3.py","core_3.py","D:\MAGIC\scripts"
"D:\MAGIC\scripts\core_4.py","core_4.py","D:\MAGIC\scripts"
"D:\MAGIC\scripts\core_5.py","core_5.py","D:\MAGIC\scripts"
"D:\MAGIC\scripts\core_6.py","core_6.py","D:\MAGIC\scripts"
"D:\MAGIC\scripts\core_7.py","core_7.py","D:\MAGIC\scripts"
"D:\MAGIC\scripts\core_8.py","core_8.py","D:\MAGIC\scripts"
"D:\MAGIC\scripts\core_9.py","core_9.py","D:\MAGIC\scripts"
"D:\MAGIC\scripts\correlation_engine.py","correlation_engine.py","D:\MAGIC\scripts"
"D:\MAGIC\scripts\cost_guard_2.py","cost_guard_2.py","D:\MAGIC\scripts"
"D:\MAGIC\scripts\cost_manager_2.py","cost_manager_2.py","D:\MAGIC\scripts"
"D:\MAGIC\scripts\cp949prober.py","cp949prober.py","D:\MAGIC\scripts"
"D:\MAGIC\scripts\cparser.py","cparser.py","D:\MAGIC\scripts"
"D:\MAGIC\scripts\cparser_2.py","cparser_2.py","D:\MAGIC\scripts"
"D:\MAGIC\scripts\cpp.py","cpp.py","D:\MAGIC\scripts"
"D:\MAGIC\scripts\cpuinfo.py","cpuinfo.py","D:\MAGIC\scripts"
"D:\MAGIC\scripts\crackfortran.py","crackfortran.py","D:\MAGIC\scripts"
"D:\MAGIC\scripts\crash_recover_2.py","crash_recover_2.py","D:\MAGIC\scripts"
"D:\MAGIC\scripts\create_next_scripts.ps1","create_next_scripts.ps1","D:\MAGIC\scripts"
"D:\MAGIC\scripts\create_tables_2.py","create_tables_2.py","D:\MAGIC\scripts"
"D:\MAGIC\scripts\create_trends_table.py","create_trends_table.py","D:\MAGIC\scripts"
"D:\MAGIC\scripts\css.py","css.py","D:\MAGIC\scripts"
"D:\MAGIC\scripts\cssselect.py","cssselect.py","D:\MAGIC\scripts"
"D:\MAGIC\scripts\css_2.py","css_2.py","D:\MAGIC\scripts"
"D:\MAGIC\scripts\css_match.py","css_match.py","D:\MAGIC\scripts"
"D:\MAGIC\scripts\css_parser.py","css_parser.py","D:\MAGIC\scripts"
"D:\MAGIC\scripts\css_types.py","css_types.py","D:\MAGIC\scripts"
"D:\MAGIC\scripts\csvs.py","csvs.py","D:\MAGIC\scripts"
"D:\MAGIC\scripts\ctokens.py","ctokens.py","D:\MAGIC\scripts"
"D:\MAGIC\scripts\ctypeslib.py","ctypeslib.py","D:\MAGIC\scripts"
"D:\MAGIC\scripts\cu2qu.py","cu2qu.py","D:\MAGIC\scripts"
"D:\MAGIC\scripts\cu2quPen.py","cu2quPen.py","D:\MAGIC\scripts"
"D:\MAGIC\scripts\cversions.py","cversions.py","D:\MAGIC\scripts"
"D:\MAGIC\scripts\cygwinccompiler.py","cygwinccompiler.py","D:\MAGIC\scripts"
"D:\MAGIC\scripts\cython.py","cython.py","D:\MAGIC\scripts"
"D:\MAGIC\scripts\c_ast.py","c_ast.py","D:\MAGIC\scripts"
"D:\MAGIC\scripts\C_B_D_T_.py","C_B_D_T_.py","D:\MAGIC\scripts"
"D:\MAGIC\scripts\C_B_L_C_.py","C_B_L_C_.py","D:\MAGIC\scripts"
"D:\MAGIC\scripts\C_F_F_.py","C_F_F_.py","D:\MAGIC\scripts"
"D:\MAGIC\scripts\C_F_F__2.py","C_F_F__2.py","D:\MAGIC\scripts"
"D:\MAGIC\scripts\c_generator.py","c_generator.py","D:\MAGIC\scripts"
"D:\MAGIC\scripts\c_lexer.py","c_lexer.py","D:\MAGIC\scripts"
"D:\MAGIC\scripts\C_O_L_R_.py","C_O_L_R_.py","D:\MAGIC\scripts"
"D:\MAGIC\scripts\c_parser.py","c_parser.py","D:\MAGIC\scripts"
"D:\MAGIC\scripts\c_parser_wrapper.py","c_parser_wrapper.py","D:\MAGIC\scripts"
"D:\MAGIC\scripts\C_P_A_L_.py","C_P_A_L_.py","D:\MAGIC\scripts"
"D:\MAGIC\scripts\dammit.py","dammit.py","D:\MAGIC\scripts"
"D:\MAGIC\scripts\dammit_2.py","dammit_2.py","D:\MAGIC\scripts"
"D:\MAGIC\scripts\dashboard_notifier.py","dashboard_notifier.py","D:\MAGIC\scripts"
"D:\MAGIC\scripts\dashboard_pusher.py","dashboard_pusher.py","D:\MAGIC\scripts"
"D:\MAGIC\scripts\dask.py","dask.py","D:\MAGIC\scripts"
"D:\MAGIC\scripts\data.py","data.py","D:\MAGIC\scripts"
"D:\MAGIC\scripts\database.py","database.py","D:\MAGIC\scripts"
"D:\MAGIC\scripts\dataframe.py","dataframe.py","D:\MAGIC\scripts"
"D:\MAGIC\scripts\dataframe_protocol.py","dataframe_protocol.py","D:\MAGIC\scripts"
"D:\MAGIC\scripts\datasource.py","datasource.py","D:\MAGIC\scripts"
"D:\MAGIC\scripts\datasource_2.py","datasource_2.py","D:\MAGIC\scripts"
"D:\MAGIC\scripts\data_2.py","data_2.py","D:\MAGIC\scripts"
"D:\MAGIC\scripts\data_3.py","data_3.py","D:\MAGIC\scripts"
"D:\MAGIC\scripts\data_4.py","data_4.py","D:\MAGIC\scripts"
"D:\MAGIC\scripts\data_5.py","data_5.py","D:\MAGIC\scripts"
"D:\MAGIC\scripts\data_munging.py","data_munging.py","D:\MAGIC\scripts"
"D:\MAGIC\scripts\data_quality.ps1","data_quality.ps1","D:\MAGIC\scripts"
"D:\MAGIC\scripts\dates.py","dates.py","D:\MAGIC\scripts"
"D:\MAGIC\scripts\datetime.py","datetime.py","D:\MAGIC\scripts"
"D:\MAGIC\scripts\datetimelike.py","datetimelike.py","D:\MAGIC\scripts"
"D:\MAGIC\scripts\datetimes.py","datetimes.py","D:\MAGIC\scripts"
"D:\MAGIC\scripts\date_converters.py","date_converters.py","D:\MAGIC\scripts"
"D:\MAGIC\scripts\dbfs.py","dbfs.py","D:\MAGIC\scripts"
"D:\MAGIC\scripts\db_connector_2.py","db_connector_2.py","D:\MAGIC\scripts"
"D:\MAGIC\scripts\debug.py","debug.py","D:\MAGIC\scripts"
"D:\MAGIC\scripts\debugger.py","debugger.py","D:\MAGIC\scripts"
"D:\MAGIC\scripts\debug_columns_2.py","debug_columns_2.py","D:\MAGIC\scripts"
"D:\MAGIC\scripts\decay_predictor.py","decay_predictor.py","D:\MAGIC\scripts"
"D:\MAGIC\scripts\dechunk.py","dechunk.py","D:\MAGIC\scripts"
"D:\MAGIC\scripts\decorators.py","decorators.py","D:\MAGIC\scripts"
"D:\MAGIC\scripts\decorators_2.py","decorators_2.py","D:\MAGIC\scripts"
"D:\MAGIC\scripts\deduplicate_records_2.py","deduplicate_records_2.py","D:\MAGIC\scripts"
"D:\MAGIC\scripts\DefaultTable.py","DefaultTable.py","D:\MAGIC\scripts"
"D:\MAGIC\scripts\default_styles.py","default_styles.py","D:\MAGIC\scripts"
"D:\MAGIC\scripts\defchararray.py","defchararray.py","D:\MAGIC\scripts"
"D:\MAGIC\scripts\defmatrix.py","defmatrix.py","D:\MAGIC\scripts"
"D:\MAGIC\scripts\defs.py","defs.py","D:\MAGIC\scripts"
"D:\MAGIC\scripts\depends.py","depends.py","D:\MAGIC\scripts"
"D:\MAGIC\scripts\deploy_to_github.ps1","deploy_to_github.ps1","D:\MAGIC\scripts"
"D:\MAGIC\scripts\deprecation.py","deprecation.py","D:\MAGIC\scripts"
"D:\MAGIC\scripts\deprecation_2.py","deprecation_2.py","D:\MAGIC\scripts"
"D:\MAGIC\scripts\dep_util.py","dep_util.py","D:\MAGIC\scripts"
"D:\MAGIC\scripts\describe.py","describe.py","D:\MAGIC\scripts"
"D:\MAGIC\scripts\desired_capabilities.py","desired_capabilities.py","D:\MAGIC\scripts"
"D:\MAGIC\scripts\develop.py","develop.py","D:\MAGIC\scripts"
"D:\MAGIC\scripts\device_access.py","device_access.py","D:\MAGIC\scripts"
"D:\MAGIC\scripts\device_orientation.py","device_orientation.py","D:\MAGIC\scripts"
"D:\MAGIC\scripts\dh.py","dh.py","D:\MAGIC\scripts"
"D:\MAGIC\scripts\diagnose.py","diagnose.py","D:\MAGIC\scripts"
"D:\MAGIC\scripts\diagnose_2.py","diagnose_2.py","D:\MAGIC\scripts"
"D:\MAGIC\scripts\diagnose_3.py","diagnose_3.py","D:\MAGIC\scripts"
"D:\MAGIC\scripts\diagnostic_test.py","diagnostic_test.py","D:\MAGIC\scripts"
"D:\MAGIC\scripts\dialog.py","dialog.py","D:\MAGIC\scripts"
"D:\MAGIC\scripts\dictTools.py","dictTools.py","D:\MAGIC\scripts"
"D:\MAGIC\scripts\diff.py","diff.py","D:\MAGIC\scripts"
"D:\MAGIC\scripts\dim2.py","dim2.py","D:\MAGIC\scripts"
"D:\MAGIC\scripts\dircache.py","dircache.py","D:\MAGIC\scripts"
"D:\MAGIC\scripts\direct_url.py","direct_url.py","D:\MAGIC\scripts"
"D:\MAGIC\scripts\direct_url_helpers.py","direct_url_helpers.py","D:\MAGIC\scripts"
"D:\MAGIC\scripts\dirfs.py","dirfs.py","D:\MAGIC\scripts"
"D:\MAGIC\scripts\dir_util.py","dir_util.py","D:\MAGIC\scripts"
"D:\MAGIC\scripts\discovery.py","discovery.py","D:\MAGIC\scripts"
"D:\MAGIC\scripts\dispatch.py","dispatch.py","D:\MAGIC\scripts"
"D:\MAGIC\scripts\display.py","display.py","D:\MAGIC\scripts"
"D:\MAGIC\scripts\display_2.py","display_2.py","D:\MAGIC\scripts"
"D:\MAGIC\scripts\display_3.py","display_3.py","D:\MAGIC\scripts"
"D:\MAGIC\scripts\dist.py","dist.py","D:\MAGIC\scripts"
"D:\MAGIC\scripts\distro.py","distro.py","D:\MAGIC\scripts"
"D:\MAGIC\scripts\distutils_args.py","distutils_args.py","D:\MAGIC\scripts"
"D:\MAGIC\scripts\dist_info.py","dist_info.py","D:\MAGIC\scripts"
"D:\MAGIC\scripts\doc.py","doc.py","D:\MAGIC\scripts"
"D:\MAGIC\scripts\docstrings.py","docstrings.py","D:\MAGIC\scripts"
"D:\MAGIC\scripts\doctestcompare.py","doctestcompare.py","D:\MAGIC\scripts"
"D:\MAGIC\scripts\dom.py","dom.py","D:\MAGIC\scripts"
"D:\MAGIC\scripts\dom_2.py","dom_2.py","D:\MAGIC\scripts"
"D:\MAGIC\scripts\dom_debugger.py","dom_debugger.py","D:\MAGIC\scripts"
"D:\MAGIC\scripts\dom_snapshot.py","dom_snapshot.py","D:\MAGIC\scripts"
"D:\MAGIC\scripts\dom_storage.py","dom_storage.py","D:\MAGIC\scripts"
"D:\MAGIC\scripts\download.py","download.py","D:\MAGIC\scripts"
"D:\MAGIC\scripts\drawing.py","drawing.py","D:\MAGIC\scripts"
"D:\MAGIC\scripts\driver_finder.py","driver_finder.py","D:\MAGIC\scripts"
"D:\MAGIC\scripts\dsa.py","dsa.py","D:\MAGIC\scripts"
"D:\MAGIC\scripts\dtype.py","dtype.py","D:\MAGIC\scripts"
"D:\MAGIC\scripts\dtypes.py","dtypes.py","D:\MAGIC\scripts"
"D:\MAGIC\scripts\dtype_2.py","dtype_2.py","D:\MAGIC\scripts"
"D:\MAGIC\scripts\dtype_3.py","dtype_3.py","D:\MAGIC\scripts"
"D:\MAGIC\scripts\dtype_4.py","dtype_4.py","D:\MAGIC\scripts"
"D:\MAGIC\scripts\dtype_5.py","dtype_5.py","D:\MAGIC\scripts"
"D:\MAGIC\scripts\dual.py","dual.py","D:\MAGIC\scripts"
"D:\MAGIC\scripts\D_S_I_G_.py","D_S_I_G_.py","D:\MAGIC\scripts"
"D:\MAGIC\scripts\D__e_b_g.py","D__e_b_g.py","D:\MAGIC\scripts"
"D:\MAGIC\scripts\easter.py","easter.py","D:\MAGIC\scripts"
"D:\MAGIC\scripts\easter_2.py","easter_2.py","D:\MAGIC\scripts"
"D:\MAGIC\scripts\easy_install.py","easy_install.py","D:\MAGIC\scripts"
"D:\MAGIC\scripts\ec.py","ec.py","D:\MAGIC\scripts"
"D:\MAGIC\scripts\echo-server.py","echo-server.py","D:\MAGIC\scripts"
"D:\MAGIC\scripts\ed25519.py","ed25519.py","D:\MAGIC\scripts"
"D:\MAGIC\scripts\ed448.py","ed448.py","D:\MAGIC\scripts"
"D:\MAGIC\scripts\editable_legacy.py","editable_legacy.py","D:\MAGIC\scripts"
"D:\MAGIC\scripts\editable_wheel.py","editable_wheel.py","D:\MAGIC\scripts"
"D:\MAGIC\scripts\eexec.py","eexec.py","D:\MAGIC\scripts"
"D:\MAGIC\scripts\egg_info.py","egg_info.py","D:\MAGIC\scripts"
"D:\MAGIC\scripts\egg_link.py","egg_link.py","D:\MAGIC\scripts"
"D:\MAGIC\scripts\einsumfunc.py","einsumfunc.py","D:\MAGIC\scripts"
"D:\MAGIC\scripts\einsumfunc_2.py","einsumfunc_2.py","D:\MAGIC\scripts"
"D:\MAGIC\scripts\einsumfunc_3.py","einsumfunc_3.py","D:\MAGIC\scripts"
"D:\MAGIC\scripts\einsumfunc_4.py","einsumfunc_4.py","D:\MAGIC\scripts"
"D:\MAGIC\scripts\element.py","element.py","D:\MAGIC\scripts"
"D:\MAGIC\scripts\ElementInclude.py","ElementInclude.py","D:\MAGIC\scripts"
"D:\MAGIC\scripts\ElementSoup.py","ElementSoup.py","D:\MAGIC\scripts"
"D:\MAGIC\scripts\ElementTree.py","ElementTree.py","D:\MAGIC\scripts"
"D:\MAGIC\scripts\element_2.py","element_2.py","D:\MAGIC\scripts"
"D:\MAGIC\scripts\emoji.py","emoji.py","D:\MAGIC\scripts"
"D:\MAGIC\scripts\emulation.py","emulation.py","D:\MAGIC\scripts"
"D:\MAGIC\scripts\enable_utf8_output.ps1","enable_utf8_output.ps1","D:\MAGIC\scripts"
"D:\MAGIC\scripts\encoding.py","encoding.py","D:\MAGIC\scripts"
"D:\MAGIC\scripts\encodingTools.py","encodingTools.py","D:\MAGIC\scripts"
"D:\MAGIC\scripts\encoding_test.py","encoding_test.py","D:\MAGIC\scripts"
"D:\MAGIC\scripts\encryption.py","encryption.py","D:\MAGIC\scripts"
"D:\MAGIC\scripts\enforce_schema_2.py","enforce_schema_2.py","D:\MAGIC\scripts"
"D:\MAGIC\scripts\engagement_velocity.py","engagement_velocity.py","D:\MAGIC\scripts"
"D:\MAGIC\scripts\engagement_velocity_2.py","engagement_velocity_2.py","D:\MAGIC\scripts"
"D:\MAGIC\scripts\engines.py","engines.py","D:\MAGIC\scripts"
"D:\MAGIC\scripts\enhanced_twitter_scraper_2.py","enhanced_twitter_scraper_2.py","D:\MAGIC\scripts"
"D:\MAGIC\scripts\entrypoints.py","entrypoints.py","D:\MAGIC\scripts"
"D:\MAGIC\scripts\enums.py","enums.py","D:\MAGIC\scripts"
"D:\MAGIC\scripts\enum_util.py","enum_util.py","D:\MAGIC\scripts"
"D:\MAGIC\scripts\environment.py","environment.py","D:\MAGIC\scripts"
"D:\MAGIC\scripts\env_loader.py","env_loader.py","D:\MAGIC\scripts"
"D:\MAGIC\scripts\error.py","error.py","D:\MAGIC\scripts"
"D:\MAGIC\scripts\errorhandler.py","errorhandler.py","D:\MAGIC\scripts"
"D:\MAGIC\scripts\errors.py","errors.py","D:\MAGIC\scripts"
"D:\MAGIC\scripts\errors_2.py","errors_2.py","D:\MAGIC\scripts"
"D:\MAGIC\scripts\errors_3.py","errors_3.py","D:\MAGIC\scripts"
"D:\MAGIC\scripts\errors_4.py","errors_4.py","D:\MAGIC\scripts"
"D:\MAGIC\scripts\errors_5.py","errors_5.py","D:\MAGIC\scripts"
"D:\MAGIC\scripts\errors_6.py","errors_6.py","D:\MAGIC\scripts"
"D:\MAGIC\scripts\error_2.py","error_2.py","D:\MAGIC\scripts"
"D:\MAGIC\scripts\error_3.py","error_3.py","D:\MAGIC\scripts"
"D:\MAGIC\scripts\error_4.py","error_4.py","D:\MAGIC\scripts"
"D:\MAGIC\scripts\error_5.py","error_5.py","D:\MAGIC\scripts"
"D:\MAGIC\scripts\error_reporting.py","error_reporting.py","D:\MAGIC\scripts"
"D:\MAGIC\scripts\escprober.py","escprober.py","D:\MAGIC\scripts"
"D:\MAGIC\scripts\escsm.py","escsm.py","D:\MAGIC\scripts"
"D:\MAGIC\scripts\etree.py","etree.py","D:\MAGIC\scripts"
"D:\MAGIC\scripts\etree_2.py","etree_2.py","D:\MAGIC\scripts"
"D:\MAGIC\scripts\etree_3.py","etree_3.py","D:\MAGIC\scripts"
"D:\MAGIC\scripts\etree_4.py","etree_4.py","D:\MAGIC\scripts"
"D:\MAGIC\scripts\etree_lxml.py","etree_lxml.py","D:\MAGIC\scripts"
"D:\MAGIC\scripts\etree_lxml_2.py","etree_lxml_2.py","D:\MAGIC\scripts"
"D:\MAGIC\scripts\eucjpprober.py","eucjpprober.py","D:\MAGIC\scripts"
"D:\MAGIC\scripts\euckrfreq.py","euckrfreq.py","D:\MAGIC\scripts"
"D:\MAGIC\scripts\euckrprober.py","euckrprober.py","D:\MAGIC\scripts"
"D:\MAGIC\scripts\euctwfreq.py","euctwfreq.py","D:\MAGIC\scripts"
"D:\MAGIC\scripts\euctwprober.py","euctwprober.py","D:\MAGIC\scripts"
"D:\MAGIC\scripts\eval.py","eval.py","D:\MAGIC\scripts"
"D:\MAGIC\scripts\events.py","events.py","D:\MAGIC\scripts"
"D:\MAGIC\scripts\event_breakpoints.py","event_breakpoints.py","D:\MAGIC\scripts"
"D:\MAGIC\scripts\event_firing_webdriver.py","event_firing_webdriver.py","D:\MAGIC\scripts"
"D:\MAGIC\scripts\ewm.py","ewm.py","D:\MAGIC\scripts"
"D:\MAGIC\scripts\excel.py","excel.py","D:\MAGIC\scripts"
"D:\MAGIC\scripts\exceptions.py","exceptions.py","D:\MAGIC\scripts"
"D:\MAGIC\scripts\exceptions_2.py","exceptions_2.py","D:\MAGIC\scripts"
"D:\MAGIC\scripts\exceptions_3.py","exceptions_3.py","D:\MAGIC\scripts"
"D:\MAGIC\scripts\exceptions_4.py","exceptions_4.py","D:\MAGIC\scripts"
"D:\MAGIC\scripts\exceptions_5.py","exceptions_5.py","D:\MAGIC\scripts"
"D:\MAGIC\scripts\exceptions_6.py","exceptions_6.py","D:\MAGIC\scripts"
"D:\MAGIC\scripts\exceptions_7.py","exceptions_7.py","D:\MAGIC\scripts"
"D:\MAGIC\scripts\exceptions_8.py","exceptions_8.py","D:\MAGIC\scripts"
"D:\MAGIC\scripts\exceptions_9.py","exceptions_9.py","D:\MAGIC\scripts"
"D:\MAGIC\scripts\execeval.py","execeval.py","D:\MAGIC\scripts"
"D:\MAGIC\scripts\executor.py","executor.py","D:\MAGIC\scripts"
"D:\MAGIC\scripts\exec_command.py","exec_command.py","D:\MAGIC\scripts"
"D:\MAGIC\scripts\expand.py","expand.py","D:\MAGIC\scripts"
"D:\MAGIC\scripts\expanding.py","expanding.py","D:\MAGIC\scripts"
"D:\MAGIC\scripts\expatbuilder.py","expatbuilder.py","D:\MAGIC\scripts"
"D:\MAGIC\scripts\expatreader.py","expatreader.py","D:\MAGIC\scripts"
"D:\MAGIC\scripts\expected_conditions.py","expected_conditions.py","D:\MAGIC\scripts"
"D:\MAGIC\scripts\explicitClosingLinePen.py","explicitClosingLinePen.py","D:\MAGIC\scripts"
"D:\MAGIC\scripts\export_json.py","export_json.py","D:\MAGIC\scripts"
"D:\MAGIC\scripts\expr.py","expr.py","D:\MAGIC\scripts"
"D:\MAGIC\scripts\expressions.py","expressions.py","D:\MAGIC\scripts"
"D:\MAGIC\scripts\ext.py","ext.py","D:\MAGIC\scripts"
"D:\MAGIC\scripts\extended_precision.py","extended_precision.py","D:\MAGIC\scripts"
"D:\MAGIC\scripts\extending.py","extending.py","D:\MAGIC\scripts"
"D:\MAGIC\scripts\extending_2.py","extending_2.py","D:\MAGIC\scripts"
"D:\MAGIC\scripts\extending_distributions.py","extending_distributions.py","D:\MAGIC\scripts"
"D:\MAGIC\scripts\extension.py","extension.py","D:\MAGIC\scripts"
"D:\MAGIC\scripts\extensions.py","extensions.py","D:\MAGIC\scripts"
"D:\MAGIC\scripts\extension_types.py","extension_types.py","D:\MAGIC\scripts"
"D:\MAGIC\scripts\extract_tiktok_texts.py","extract_tiktok_texts.py","D:\MAGIC\scripts"
"D:\MAGIC\scripts\extras.py","extras.py","D:\MAGIC\scripts"
"D:\MAGIC\scripts\extra_validations.py","extra_validations.py","D:\MAGIC\scripts"
"D:\MAGIC\scripts\E_B_D_T_.py","E_B_D_T_.py","D:\MAGIC\scripts"
"D:\MAGIC\scripts\E_B_L_C_.py","E_B_L_C_.py","D:\MAGIC\scripts"
"D:\MAGIC\scripts\f2py2e.py","f2py2e.py","D:\MAGIC\scripts"
"D:\MAGIC\scripts\f2py_testing.py","f2py_testing.py","D:\MAGIC\scripts"
"D:\MAGIC\scripts\f90mod_rules.py","f90mod_rules.py","D:\MAGIC\scripts"
"D:\MAGIC\scripts\facebook.py","facebook.py","D:\MAGIC\scripts"
"D:\MAGIC\scripts\factory.py","factory.py","D:\MAGIC\scripts"
"D:\MAGIC\scripts\fake.py","fake.py","D:\MAGIC\scripts"
"D:\MAGIC\scripts\fallback.py","fallback.py","D:\MAGIC\scripts"
"D:\MAGIC\scripts\fancy_getopt.py","fancy_getopt.py","D:\MAGIC\scripts"
"D:\MAGIC\scripts\fastjsonschema_exceptions.py","fastjsonschema_exceptions.py","D:\MAGIC\scripts"
"D:\MAGIC\scripts\fastjsonschema_validations.py","fastjsonschema_validations.py","D:\MAGIC\scripts"
"D:\MAGIC\scripts\feather_format.py","feather_format.py","D:\MAGIC\scripts"
"D:\MAGIC\scripts\featureVars.py","featureVars.py","D:\MAGIC\scripts"
"D:\MAGIC\scripts\featureVars_2.py","featureVars_2.py","D:\MAGIC\scripts"
"D:\MAGIC\scripts\fedcm.py","fedcm.py","D:\MAGIC\scripts"
"D:\MAGIC\scripts\fed_cm.py","fed_cm.py","D:\MAGIC\scripts"
"D:\MAGIC\scripts\fernet.py","fernet.py","D:\MAGIC\scripts"
"D:\MAGIC\scripts\fetch.py","fetch.py","D:\MAGIC\scripts"
"D:\MAGIC\scripts\ffiplatform.py","ffiplatform.py","D:\MAGIC\scripts"
"D:\MAGIC\scripts\ffiplatform_2.py","ffiplatform_2.py","D:\MAGIC\scripts"
"D:\MAGIC\scripts\fields.py","fields.py","D:\MAGIC\scripts"
"D:\MAGIC\scripts\file.py","file.py","D:\MAGIC\scripts"
"D:\MAGIC\scripts\filelist.py","filelist.py","D:\MAGIC\scripts"
"D:\MAGIC\scripts\filenames.py","filenames.py","D:\MAGIC\scripts"
"D:\MAGIC\scripts\filenames_2.py","filenames_2.py","D:\MAGIC\scripts"
"D:\MAGIC\scripts\filepost.py","filepost.py","D:\MAGIC\scripts"
"D:\MAGIC\scripts\filesize.py","filesize.py","D:\MAGIC\scripts"
"D:\MAGIC\scripts\filesystem.py","filesystem.py","D:\MAGIC\scripts"
"D:\MAGIC\scripts\filetypes.py","filetypes.py","D:\MAGIC\scripts"
"D:\MAGIC\scripts\filewrapper.py","filewrapper.py","D:\MAGIC\scripts"
"D:\MAGIC\scripts\file_cache.py","file_cache.py","D:\MAGIC\scripts"
"D:\MAGIC\scripts\file_detector.py","file_detector.py","D:\MAGIC\scripts"
"D:\MAGIC\scripts\file_guard_2.py","file_guard_2.py","D:\MAGIC\scripts"
"D:\MAGIC\scripts\file_proxy.py","file_proxy.py","D:\MAGIC\scripts"
"D:\MAGIC\scripts\file_system.py","file_system.py","D:\MAGIC\scripts"
"D:\MAGIC\scripts\file_util.py","file_util.py","D:\MAGIC\scripts"
"D:\MAGIC\scripts\filter.py","filter.py","D:\MAGIC\scripts"
"D:\MAGIC\scripts\filterPen.py","filterPen.py","D:\MAGIC\scripts"
"D:\MAGIC\scripts\filters.py","filters.py","D:\MAGIC\scripts"
"D:\MAGIC\scripts\filters_2.py","filters_2.py","D:\MAGIC\scripts"
"D:\MAGIC\scripts\filters_3.py","filters_3.py","D:\MAGIC\scripts"
"D:\MAGIC\scripts\filters_4.py","filters_4.py","D:\MAGIC\scripts"
"D:\MAGIC\scripts\filter_2.py","filter_2.py","D:\MAGIC\scripts"
"D:\MAGIC\scripts\firefox_binary.py","firefox_binary.py","D:\MAGIC\scripts"
"D:\MAGIC\scripts\firefox_profile.py","firefox_profile.py","D:\MAGIC\scripts"
"D:\MAGIC\scripts\fixedTools.py","fixedTools.py","D:\MAGIC\scripts"
"D:\MAGIC\scripts\fixed_twitter_scraper_clean_2.py","fixed_twitter_scraper_clean_2.py","D:\MAGIC\scripts"
"D:\MAGIC\scripts\fixed_twitter_scraper_simple_2.py","fixed_twitter_scraper_simple_2.py","D:\MAGIC\scripts"
"D:\MAGIC\scripts\fix_and_run_pipeline.ps1","fix_and_run_pipeline.ps1","D:\MAGIC\scripts"
"D:\MAGIC\scripts\fix_reddit.py","fix_reddit.py","D:\MAGIC\scripts"
"D:\MAGIC\scripts\fix_reddit_script.py","fix_reddit_script.py","D:\MAGIC\scripts"
"D:\MAGIC\scripts\fix_vault.ps1","fix_vault.ps1","D:\MAGIC\scripts"
"D:\MAGIC\scripts\flags.py","flags.py","D:\MAGIC\scripts"
"D:\MAGIC\scripts\flatiter.py","flatiter.py","D:\MAGIC\scripts"
"D:\MAGIC\scripts\flatiter_2.py","flatiter_2.py","D:\MAGIC\scripts"
"D:\MAGIC\scripts\flatiter_3.py","flatiter_3.py","D:\MAGIC\scripts"
"D:\MAGIC\scripts\floating.py","floating.py","D:\MAGIC\scripts"
"D:\MAGIC\scripts\folder_audit.py","folder_audit.py","D:\MAGIC\scripts"
"D:\MAGIC\scripts\folder_audit_2.py","folder_audit_2.py","D:\MAGIC\scripts"
"D:\MAGIC\scripts\folder_cleanup.py","folder_cleanup.py","D:\MAGIC\scripts"
"D:\MAGIC\scripts\folder_cleanup_2.py","folder_cleanup_2.py","D:\MAGIC\scripts"
"D:\MAGIC\scripts\fontBuilder.py","fontBuilder.py","D:\MAGIC\scripts"
"D:\MAGIC\scripts\fonts.py","fonts.py","D:\MAGIC\scripts"
"D:\MAGIC\scripts\format.py","format.py","D:\MAGIC\scripts"
"D:\MAGIC\scripts\formats.py","formats.py","D:\MAGIC\scripts"
"D:\MAGIC\scripts\formatter.py","formatter.py","D:\MAGIC\scripts"
"D:\MAGIC\scripts\formatter_2.py","formatter_2.py","D:\MAGIC\scripts"
"D:\MAGIC\scripts\formatting.py","formatting.py","D:\MAGIC\scripts"
"D:\MAGIC\scripts\format_classifier.py","format_classifier.py","D:\MAGIC\scripts"
"D:\MAGIC\scripts\format_control.py","format_control.py","D:\MAGIC\scripts"
"D:\MAGIC\scripts\formfill.py","formfill.py","D:\MAGIC\scripts"
"D:\MAGIC\scripts\found_candidates.py","found_candidates.py","D:\MAGIC\scripts"
"D:\MAGIC\scripts\fpdf.py","fpdf.py","D:\MAGIC\scripts"
"D:\MAGIC\scripts\frame.py","frame.py","D:\MAGIC\scripts"
"D:\MAGIC\scripts\frame_protocol.py","frame_protocol.py","D:\MAGIC\scripts"
"D:\MAGIC\scripts\freetypePen.py","freetypePen.py","D:\MAGIC\scripts"
"D:\MAGIC\scripts\freeze.py","freeze.py","D:\MAGIC\scripts"
"D:\MAGIC\scripts\frequencies.py","frequencies.py","D:\MAGIC\scripts"
"D:\MAGIC\scripts\fromnumeric.py","fromnumeric.py","D:\MAGIC\scripts"
"D:\MAGIC\scripts\fromnumeric_2.py","fromnumeric_2.py","D:\MAGIC\scripts"
"D:\MAGIC\scripts\fromnumeric_3.py","fromnumeric_3.py","D:\MAGIC\scripts"
"D:\MAGIC\scripts\fromnumeric_4.py","fromnumeric_4.py","D:\MAGIC\scripts"
"D:\MAGIC\scripts\from_dataframe.py","from_dataframe.py","D:\MAGIC\scripts"
"D:\MAGIC\scripts\from_template.py","from_template.py","D:\MAGIC\scripts"
"D:\MAGIC\scripts\from_thread.py","from_thread.py","D:\MAGIC\scripts"
"D:\MAGIC\scripts\frozen.py","frozen.py","D:\MAGIC\scripts"
"D:\MAGIC\scripts\ftp.py","ftp.py","D:\MAGIC\scripts"
"D:\MAGIC\scripts\fujitsu.py","fujitsu.py","D:\MAGIC\scripts"
"D:\MAGIC\scripts\Fulfinal_File_CLEANED.csv","Fulfinal_File_CLEANED.csv","D:\MAGIC\scripts"
"D:\MAGIC\scripts\full_pipeline.ps1","full_pipeline.ps1","D:\MAGIC\scripts"
"D:\MAGIC\scripts\func.py","func.py","D:\MAGIC\scripts"
"D:\MAGIC\scripts\func2subr.py","func2subr.py","D:\MAGIC\scripts"
"D:\MAGIC\scripts\funcs.py","funcs.py","D:\MAGIC\scripts"
"D:\MAGIC\scripts\function.py","function.py","D:\MAGIC\scripts"
"D:\MAGIC\scripts\function_base.py","function_base.py","D:\MAGIC\scripts"
"D:\MAGIC\scripts\function_base_2.py","function_base_2.py","D:\MAGIC\scripts"
"D:\MAGIC\scripts\functools.py","functools.py","D:\MAGIC\scripts"
"D:\MAGIC\scripts\fuse.py","fuse.py","D:\MAGIC\scripts"
"D:\MAGIC\scripts\F_F_T_M_.py","F_F_T_M_.py","D:\MAGIC\scripts"
"D:\MAGIC\scripts\F__e_a_t.py","F__e_a_t.py","D:\MAGIC\scripts"
"D:\MAGIC\scripts\g95.py","g95.py","D:\MAGIC\scripts"
"D:\MAGIC\scripts\gb2312freq.py","gb2312freq.py","D:\MAGIC\scripts"
"D:\MAGIC\scripts\gb2312prober.py","gb2312prober.py","D:\MAGIC\scripts"
"D:\MAGIC\scripts\gbq.py","gbq.py","D:\MAGIC\scripts"
"D:\MAGIC\scripts\general_name.py","general_name.py","D:\MAGIC\scripts"
"D:\MAGIC\scripts\generate_legacy_storage_files.py","generate_legacy_storage_files.py","D:\MAGIC\scripts"
"D:\MAGIC\scripts\generate_numpy_api.py","generate_numpy_api.py","D:\MAGIC\scripts"
"D:\MAGIC\scripts\generic.py","generic.py","D:\MAGIC\scripts"
"D:\MAGIC\scripts\generic_2.py","generic_2.py","D:\MAGIC\scripts"
"D:\MAGIC\scripts\generic_3.py","generic_3.py","D:\MAGIC\scripts"
"D:\MAGIC\scripts\generic_4.py","generic_4.py","D:\MAGIC\scripts"
"D:\MAGIC\scripts\genshi.py","genshi.py","D:\MAGIC\scripts"
"D:\MAGIC\scripts\genshi_2.py","genshi_2.py","D:\MAGIC\scripts"
"D:\MAGIC\scripts\gen_exports.py","gen_exports.py","D:\MAGIC\scripts"
"D:\MAGIC\scripts\geometry.py","geometry.py","D:\MAGIC\scripts"
"D:\MAGIC\scripts\get.py","get.py","D:\MAGIC\scripts"
"D:\MAGIC\scripts\getitem.py","getitem.py","D:\MAGIC\scripts"
"D:\MAGIC\scripts\getlimits.py","getlimits.py","D:\MAGIC\scripts"
"D:\MAGIC\scripts\get_version.py","get_version.py","D:\MAGIC\scripts"
"D:\MAGIC\scripts\gist.py","gist.py","D:\MAGIC\scripts"
"D:\MAGIC\scripts\git.py","git.py","D:\MAGIC\scripts"
"D:\MAGIC\scripts\github.py","github.py","D:\MAGIC\scripts"
"D:\MAGIC\scripts\glibc.py","glibc.py","D:\MAGIC\scripts"
"D:\MAGIC\scripts\glifLib.py","glifLib.py","D:\MAGIC\scripts"
"D:\MAGIC\scripts\glob.py","glob.py","D:\MAGIC\scripts"
"D:\MAGIC\scripts\globals.py","globals.py","D:\MAGIC\scripts"
"D:\MAGIC\scripts\gnu.py","gnu.py","D:\MAGIC\scripts"
"D:\MAGIC\scripts\google_api.py","google_api.py","D:\MAGIC\scripts"
"D:\MAGIC\scripts\google_api_2.py","google_api_2.py","D:\MAGIC\scripts"
"D:\MAGIC\scripts\google_scraper.py","google_scraper.py","D:\MAGIC\scripts"
"D:\MAGIC\scripts\google_trends_scraper.py","google_trends_scraper.py","D:\MAGIC\scripts"
"D:\MAGIC\scripts\gpos.py","gpos.py","D:\MAGIC\scripts"
"D:\MAGIC\scripts\gq.py","gq.py","D:\MAGIC\scripts"
"D:\MAGIC\scripts\graphics_state.py","graphics_state.py","D:\MAGIC\scripts"
"D:\MAGIC\scripts\groff.py","groff.py","D:\MAGIC\scripts"
"D:\MAGIC\scripts\groupby.py","groupby.py","D:\MAGIC\scripts"
"D:\MAGIC\scripts\grouper.py","grouper.py","D:\MAGIC\scripts"
"D:\MAGIC\scripts\grUtils.py","grUtils.py","D:\MAGIC\scripts"
"D:\MAGIC\scripts\gui.py","gui.py","D:\MAGIC\scripts"
"D:\MAGIC\scripts\G_D_E_F_.py","G_D_E_F_.py","D:\MAGIC\scripts"
"D:\MAGIC\scripts\G_M_A_P_.py","G_M_A_P_.py","D:\MAGIC\scripts"
"D:\MAGIC\scripts\G_P_K_G_.py","G_P_K_G_.py","D:\MAGIC\scripts"
"D:\MAGIC\scripts\G_P_O_S_.py","G_P_O_S_.py","D:\MAGIC\scripts"
"D:\MAGIC\scripts\G_S_U_B_.py","G_S_U_B_.py","D:\MAGIC\scripts"
"D:\MAGIC\scripts\G_V_A_R_.py","G_V_A_R_.py","D:\MAGIC\scripts"
"D:\MAGIC\scripts\G__l_a_t.py","G__l_a_t.py","D:\MAGIC\scripts"
"D:\MAGIC\scripts\G__l_o_c.py","G__l_o_c.py","D:\MAGIC\scripts"
"D:\MAGIC\scripts\handshake.py","handshake.py","D:\MAGIC\scripts"
"D:\MAGIC\scripts\hash.py","hash.py","D:\MAGIC\scripts"
"D:\MAGIC\scripts\hashes.py","hashes.py","D:\MAGIC\scripts"
"D:\MAGIC\scripts\hashing.py","hashing.py","D:\MAGIC\scripts"
"D:\MAGIC\scripts\hashPointPen.py","hashPointPen.py","D:\MAGIC\scripts"
"D:\MAGIC\scripts\headless_experimental.py","headless_experimental.py","D:\MAGIC\scripts"
"D:\MAGIC\scripts\heap_profiler.py","heap_profiler.py","D:\MAGIC\scripts"
"D:\MAGIC\scripts\hebrewprober.py","hebrewprober.py","D:\MAGIC\scripts"
"D:\MAGIC\scripts\hello_2.py","hello_2.py","D:\MAGIC\scripts"
"D:\MAGIC\scripts\help.py","help.py","D:\MAGIC\scripts"
"D:\MAGIC\scripts\helpconfig.py","helpconfig.py","D:\MAGIC\scripts"
"D:\MAGIC\scripts\helper.py","helper.py","D:\MAGIC\scripts"
"D:\MAGIC\scripts\helpers.py","helpers.py","D:\MAGIC\scripts"
"D:\MAGIC\scripts\hermite.py","hermite.py","D:\MAGIC\scripts"
"D:\MAGIC\scripts\hermite_e.py","hermite_e.py","D:\MAGIC\scripts"
"D:\MAGIC\scripts\heuristics.py","heuristics.py","D:\MAGIC\scripts"
"D:\MAGIC\scripts\highlighter.py","highlighter.py","D:\MAGIC\scripts"
"D:\MAGIC\scripts\hist.py","hist.py","D:\MAGIC\scripts"
"D:\MAGIC\scripts\histograms.py","histograms.py","D:\MAGIC\scripts"
"D:\MAGIC\scripts\hkdf.py","hkdf.py","D:\MAGIC\scripts"
"D:\MAGIC\scripts\hmac.py","hmac.py","D:\MAGIC\scripts"
"D:\MAGIC\scripts\holiday.py","holiday.py","D:\MAGIC\scripts"
"D:\MAGIC\scripts\hooks.py","hooks.py","D:\MAGIC\scripts"
"D:\MAGIC\scripts\hotp.py","hotp.py","D:\MAGIC\scripts"
"D:\MAGIC\scripts\hpux.py","hpux.py","D:\MAGIC\scripts"
"D:\MAGIC\scripts\html.py","html.py","D:\MAGIC\scripts"
"D:\MAGIC\scripts\html5parser.py","html5parser.py","D:\MAGIC\scripts"
"D:\MAGIC\scripts\html5parser_2.py","html5parser_2.py","D:\MAGIC\scripts"
"D:\MAGIC\scripts\html_2.py","html_2.py","D:\MAGIC\scripts"
"D:\MAGIC\scripts\http.py","http.py","D:\MAGIC\scripts"
"D:\MAGIC\scripts\http_sync.py","http_sync.py","D:\MAGIC\scripts"
"D:\MAGIC\scripts\hvar.py","hvar.py","D:\MAGIC\scripts"
"D:\MAGIC\scripts\H_V_A_R_.py","H_V_A_R_.py","D:\MAGIC\scripts"
"D:\MAGIC\scripts\ibm.py","ibm.py","D:\MAGIC\scripts"
"D:\MAGIC\scripts\idnadata.py","idnadata.py","D:\MAGIC\scripts"
"D:\MAGIC\scripts\iframe_contentWindow.py","iframe_contentWindow.py","D:\MAGIC\scripts"
"D:\MAGIC\scripts\ig_scraper.py","ig_scraper.py","D:\MAGIC\scripts"
"D:\MAGIC\scripts\image.py","image.py","D:\MAGIC\scripts"
"D:\MAGIC\scripts\image_datastructures.py","image_datastructures.py","D:\MAGIC\scripts"
"D:\MAGIC\scripts\image_parsing.py","image_parsing.py","D:\MAGIC\scripts"
"D:\MAGIC\scripts\img.py","img.py","D:\MAGIC\scripts"
"D:\MAGIC\scripts\incremental_tree.py","incremental_tree.py","D:\MAGIC\scripts"
"D:\MAGIC\scripts\index.py","index.py","D:\MAGIC\scripts"
"D:\MAGIC\scripts\indexed_db.py","indexed_db.py","D:\MAGIC\scripts"
"D:\MAGIC\scripts\indexing.py","indexing.py","D:\MAGIC\scripts"
"D:\MAGIC\scripts\indexing_2.py","indexing_2.py","D:\MAGIC\scripts"
"D:\MAGIC\scripts\index_tricks.py","index_tricks.py","D:\MAGIC\scripts"
"D:\MAGIC\scripts\index_tricks_2.py","index_tricks_2.py","D:\MAGIC\scripts"
"D:\MAGIC\scripts\index_tricks_3.py","index_tricks_3.py","D:\MAGIC\scripts"
"D:\MAGIC\scripts\index_tricks_4.py","index_tricks_4.py","D:\MAGIC\scripts"
"D:\MAGIC\scripts\inference.py","inference.py","D:\MAGIC\scripts"
"D:\MAGIC\scripts\info.py","info.py","D:\MAGIC\scripts"
"D:\MAGIC\scripts\ingest_csvs_to_db.py","ingest_csvs_to_db.py","D:\MAGIC\scripts"
"D:\MAGIC\scripts\ingest_csvs_to_db_2.py","ingest_csvs_to_db_2.py","D:\MAGIC\scripts"
"D:\MAGIC\scripts\ingest_test.py","ingest_test.py","D:\MAGIC\scripts"
"D:\MAGIC\scripts\initialise.py","initialise.py","D:\MAGIC\scripts"
"D:\MAGIC\scripts\initialise_test.py","initialise_test.py","D:\MAGIC\scripts"
"D:\MAGIC\scripts\init_db_2.py","init_db_2.py","D:\MAGIC\scripts"
"D:\MAGIC\scripts\inject_meta_charset.py","inject_meta_charset.py","D:\MAGIC\scripts"
"D:\MAGIC\scripts\inject_securetransport.py","inject_securetransport.py","D:\MAGIC\scripts"
"D:\MAGIC\scripts\input_.py","input_.py","D:\MAGIC\scripts"
"D:\MAGIC\scripts\input_device.py","input_device.py","D:\MAGIC\scripts"
"D:\MAGIC\scripts\insert_to_db.py","insert_to_db.py","D:\MAGIC\scripts"
"D:\MAGIC\scripts\insert_to_db_2.py","insert_to_db_2.py","D:\MAGIC\scripts"
"D:\MAGIC\scripts\inspect.py","inspect.py","D:\MAGIC\scripts"
"D:\MAGIC\scripts\inspector.py","inspector.py","D:\MAGIC\scripts"
"D:\MAGIC\scripts\inspect_columns_2.py","inspect_columns_2.py","D:\MAGIC\scripts"
"D:\MAGIC\scripts\inspect_tiktok.py","inspect_tiktok.py","D:\MAGIC\scripts"
"D:\MAGIC\scripts\instagram.py","instagram.py","D:\MAGIC\scripts"
"D:\MAGIC\scripts\instagram_api.py","instagram_api.py","D:\MAGIC\scripts"
"D:\MAGIC\scripts\install.py","install.py","D:\MAGIC\scripts"
"D:\MAGIC\scripts\installation_report.py","installation_report.py","D:\MAGIC\scripts"
"D:\MAGIC\scripts\installed.py","installed.py","D:\MAGIC\scripts"
"D:\MAGIC\scripts\installer.py","installer.py","D:\MAGIC\scripts"
"D:\MAGIC\scripts\install_clib.py","install_clib.py","D:\MAGIC\scripts"
"D:\MAGIC\scripts\install_cmdstan.py","install_cmdstan.py","D:\MAGIC\scripts"
"D:\MAGIC\scripts\install_cxx_toolchain.py","install_cxx_toolchain.py","D:\MAGIC\scripts"
"D:\MAGIC\scripts\install_data.py","install_data.py","D:\MAGIC\scripts"
"D:\MAGIC\scripts\install_egg_info.py","install_egg_info.py","D:\MAGIC\scripts"
"D:\MAGIC\scripts\install_headers.py","install_headers.py","D:\MAGIC\scripts"
"D:\MAGIC\scripts\install_lib.py","install_lib.py","D:\MAGIC\scripts"
"D:\MAGIC\scripts\install_scripts.py","install_scripts.py","D:\MAGIC\scripts"
"D:\MAGIC\scripts\integer.py","integer.py","D:\MAGIC\scripts"
"D:\MAGIC\scripts\intel.py","intel.py","D:\MAGIC\scripts"
"D:\MAGIC\scripts\intelccompiler.py","intelccompiler.py","D:\MAGIC\scripts"
"D:\MAGIC\scripts\intent_classifier.py","intent_classifier.py","D:\MAGIC\scripts"
"D:\MAGIC\scripts\interaction.py","interaction.py","D:\MAGIC\scripts"
"D:\MAGIC\scripts\interface.py","interface.py","D:\MAGIC\scripts"
"D:\MAGIC\scripts\interpolatable.py","interpolatable.py","D:\MAGIC\scripts"
"D:\MAGIC\scripts\interpolatableHelpers.py","interpolatableHelpers.py","D:\MAGIC\scripts"
"D:\MAGIC\scripts\interpolatablePlot.py","interpolatablePlot.py","D:\MAGIC\scripts"
"D:\MAGIC\scripts\interpolatableTestContourOrder.py","interpolatableTestContourOrder.py","D:\MAGIC\scripts"
"D:\MAGIC\scripts\interpolatableTestStartingPoint.py","interpolatableTestStartingPoint.py","D:\MAGIC\scripts"
"D:\MAGIC\scripts\interpolate_layout.py","interpolate_layout.py","D:\MAGIC\scripts"
"D:\MAGIC\scripts\interval.py","interval.py","D:\MAGIC\scripts"
"D:\MAGIC\scripts\intranges.py","intranges.py","D:\MAGIC\scripts"
"D:\MAGIC\scripts\intTools.py","intTools.py","D:\MAGIC\scripts"
"D:\MAGIC\scripts\invalid.py","invalid.py","D:\MAGIC\scripts"
"D:\MAGIC\scripts\io.py","io.py","D:\MAGIC\scripts"
"D:\MAGIC\scripts\ipython.py","ipython.py","D:\MAGIC\scripts"
"D:\MAGIC\scripts\irc.py","irc.py","D:\MAGIC\scripts"
"D:\MAGIC\scripts\isatty_test.py","isatty_test.py","D:\MAGIC\scripts"
"D:\MAGIC\scripts\isoparser.py","isoparser.py","D:\MAGIC\scripts"
"D:\MAGIC\scripts\isoparser_2.py","isoparser_2.py","D:\MAGIC\scripts"
"D:\MAGIC\scripts\isympy.py","isympy.py","D:\MAGIC\scripts"
"D:\MAGIC\scripts\iterTools.py","iterTools.py","D:\MAGIC\scripts"
"D:\MAGIC\scripts\iup.py","iup.py","D:\MAGIC\scripts"
"D:\MAGIC\scripts\jisfreq.py","jisfreq.py","D:\MAGIC\scripts"
"D:\MAGIC\scripts\johabfreq.py","johabfreq.py","D:\MAGIC\scripts"
"D:\MAGIC\scripts\johabprober.py","johabprober.py","D:\MAGIC\scripts"
"D:\MAGIC\scripts\jpcntx.py","jpcntx.py","D:\MAGIC\scripts"
"D:\MAGIC\scripts\json.py","json.py","D:\MAGIC\scripts"
"D:\MAGIC\scripts\json_2.py","json_2.py","D:\MAGIC\scripts"
"D:\MAGIC\scripts\jupyter.py","jupyter.py","D:\MAGIC\scripts"
"D:\MAGIC\scripts\jupyter_chart.py","jupyter_chart.py","D:\MAGIC\scripts"
"D:\MAGIC\scripts\J_S_T_F_.py","J_S_T_F_.py","D:\MAGIC\scripts"
"D:\MAGIC\scripts\kbkdf.py","kbkdf.py","D:\MAGIC\scripts"
"D:\MAGIC\scripts\kerning.py","kerning.py","D:\MAGIC\scripts"
"D:\MAGIC\scripts\keys.py","keys.py","D:\MAGIC\scripts"
"D:\MAGIC\scripts\keyword_deduper.py","keyword_deduper.py","D:\MAGIC\scripts"
"D:\MAGIC\scripts\keywrap.py","keywrap.py","D:\MAGIC\scripts"
"D:\MAGIC\scripts\key_actions.py","key_actions.py","D:\MAGIC\scripts"
"D:\MAGIC\scripts\key_input.py","key_input.py","D:\MAGIC\scripts"
"D:\MAGIC\scripts\kqueue.py","kqueue.py","D:\MAGIC\scripts"
"D:\MAGIC\scripts\labels.py","labels.py","D:\MAGIC\scripts"
"D:\MAGIC\scripts\laguerre.py","laguerre.py","D:\MAGIC\scripts"
"D:\MAGIC\scripts\lahey.py","lahey.py","D:\MAGIC\scripts"
"D:\MAGIC\scripts\langbulgarianmodel.py","langbulgarianmodel.py","D:\MAGIC\scripts"
"D:\MAGIC\scripts\langgreekmodel.py","langgreekmodel.py","D:\MAGIC\scripts"
"D:\MAGIC\scripts\langhebrewmodel.py","langhebrewmodel.py","D:\MAGIC\scripts"
"D:\MAGIC\scripts\langhungarianmodel.py","langhungarianmodel.py","D:\MAGIC\scripts"
"D:\MAGIC\scripts\langrussianmodel.py","langrussianmodel.py","D:\MAGIC\scripts"
"D:\MAGIC\scripts\langthaimodel.py","langthaimodel.py","D:\MAGIC\scripts"
"D:\MAGIC\scripts\langturkishmodel.py","langturkishmodel.py","D:\MAGIC\scripts"
"D:\MAGIC\scripts\languages.py","languages.py","D:\MAGIC\scripts"
"D:\MAGIC\scripts\language_detector.py","language_detector.py","D:\MAGIC\scripts"
"D:\MAGIC\scripts\laplace.py","laplace.py","D:\MAGIC\scripts"
"D:\MAGIC\scripts\latex.py","latex.py","D:\MAGIC\scripts"
"D:\MAGIC\scripts\latin1prober.py","latin1prober.py","D:\MAGIC\scripts"
"D:\MAGIC\scripts\launch.py","launch.py","D:\MAGIC\scripts"
"D:\MAGIC\scripts\layer_tree.py","layer_tree.py","D:\MAGIC\scripts"
"D:\MAGIC\scripts\layout.py","layout.py","D:\MAGIC\scripts"
"D:\MAGIC\scripts\lazy.py","lazy.py","D:\MAGIC\scripts"
"D:\MAGIC\scripts\lazyTools.py","lazyTools.py","D:\MAGIC\scripts"
"D:\MAGIC\scripts\lazy_wheel.py","lazy_wheel.py","D:\MAGIC\scripts"
"D:\MAGIC\scripts\legacy.py","legacy.py","D:\MAGIC\scripts"
"D:\MAGIC\scripts\legacy_2.py","legacy_2.py","D:\MAGIC\scripts"
"D:\MAGIC\scripts\legendre.py","legendre.py","D:\MAGIC\scripts"
"D:\MAGIC\scripts\lex.py","lex.py","D:\MAGIC\scripts"
"D:\MAGIC\scripts\lexer.py","lexer.py","D:\MAGIC\scripts"
"D:\MAGIC\scripts\lexer_2.py","lexer_2.py","D:\MAGIC\scripts"
"D:\MAGIC\scripts\lextab.py","lextab.py","D:\MAGIC\scripts"
"D:\MAGIC\scripts\lib2def.py","lib2def.py","D:\MAGIC\scripts"
"D:\MAGIC\scripts\libarchive.py","libarchive.py","D:\MAGIC\scripts"
"D:\MAGIC\scripts\lib_utils.py","lib_utils.py","D:\MAGIC\scripts"
"D:\MAGIC\scripts\lib_utils_2.py","lib_utils_2.py","D:\MAGIC\scripts"
"D:\MAGIC\scripts\lib_utils_3.py","lib_utils_3.py","D:\MAGIC\scripts"
"D:\MAGIC\scripts\lib_version.py","lib_version.py","D:\MAGIC\scripts"
"D:\MAGIC\scripts\lib_version_2.py","lib_version_2.py","D:\MAGIC\scripts"
"D:\MAGIC\scripts\lib_version_3.py","lib_version_3.py","D:\MAGIC\scripts"
"D:\MAGIC\scripts\linalg.py","linalg.py","D:\MAGIC\scripts"
"D:\MAGIC\scripts\linearization.py","linearization.py","D:\MAGIC\scripts"
"D:\MAGIC\scripts\linear_forecast.py","linear_forecast.py","D:\MAGIC\scripts"
"D:\MAGIC\scripts\line_break.py","line_break.py","D:\MAGIC\scripts"
"D:\MAGIC\scripts\line_endings.py","line_endings.py","D:\MAGIC\scripts"
"D:\MAGIC\scripts\link.py","link.py","D:\MAGIC\scripts"
"D:\MAGIC\scripts\lint.py","lint.py","D:\MAGIC\scripts"
"D:\MAGIC\scripts\list.py","list.py","D:\MAGIC\scripts"
"D:\MAGIC\scripts\list_tables_2.py","list_tables_2.py","D:\MAGIC\scripts"
"D:\MAGIC\scripts\literal.py","literal.py","D:\MAGIC\scripts"
"D:\MAGIC\scripts\live.py","live.py","D:\MAGIC\scripts"
"D:\MAGIC\scripts\live_render.py","live_render.py","D:\MAGIC\scripts"
"D:\MAGIC\scripts\load_api_key_2.py","load_api_key_2.py","D:\MAGIC\scripts"
"D:\MAGIC\scripts\load_secret_test.py","load_secret_test.py","D:\MAGIC\scripts"
"D:\MAGIC\scripts\local.py","local.py","D:\MAGIC\scripts"
"D:\MAGIC\scripts\locale_filter.py","locale_filter.py","D:\MAGIC\scripts"
"D:\MAGIC\scripts\localization.py","localization.py","D:\MAGIC\scripts"
"D:\MAGIC\scripts\location.py","location.py","D:\MAGIC\scripts"
"D:\MAGIC\scripts\locators.py","locators.py","D:\MAGIC\scripts"
"D:\MAGIC\scripts\locator_converter.py","locator_converter.py","D:\MAGIC\scripts"
"D:\MAGIC\scripts\lock.py","lock.py","D:\MAGIC\scripts"
"D:\MAGIC\scripts\lock_2.py","lock_2.py","D:\MAGIC\scripts"
"D:\MAGIC\scripts\log.py","log.py","D:\MAGIC\scripts"
"D:\MAGIC\scripts\logger.py","logger.py","D:\MAGIC\scripts"
"D:\MAGIC\scripts\logging.py","logging.py","D:\MAGIC\scripts"
"D:\MAGIC\scripts\loggingTools.py","loggingTools.py","D:\MAGIC\scripts"
"D:\MAGIC\scripts\log_2.py","log_2.py","D:\MAGIC\scripts"
"D:\MAGIC\scripts\log_archiver_2.py","log_archiver_2.py","D:\MAGIC\scripts"
"D:\MAGIC\scripts\log_viewer_2.py","log_viewer_2.py","D:\MAGIC\scripts"
"D:\MAGIC\scripts\longevity_predictor.py","longevity_predictor.py","D:\MAGIC\scripts"
"D:\MAGIC\scripts\longevity_predictor_2.py","longevity_predictor_2.py","D:\MAGIC\scripts"
"D:\MAGIC\scripts\lookupDebugInfo.py","lookupDebugInfo.py","D:\MAGIC\scripts"
"D:\MAGIC\scripts\lowlevel.py","lowlevel.py","D:\MAGIC\scripts"
"D:\MAGIC\scripts\low_level.py","low_level.py","D:\MAGIC\scripts"
"D:\MAGIC\scripts\lstm_forecast_2.py","lstm_forecast_2.py","D:\MAGIC\scripts"
"D:\MAGIC\scripts\lstm_forecast_torch_2.py","lstm_forecast_torch_2.py","D:\MAGIC\scripts"
"D:\MAGIC\scripts\lxml.py","lxml.py","D:\MAGIC\scripts"
"D:\MAGIC\scripts\L_T_S_H_.py","L_T_S_H_.py","D:\MAGIC\scripts"
"D:\MAGIC\scripts\macCreatorType.py","macCreatorType.py","D:\MAGIC\scripts"
"D:\MAGIC\scripts\machar.py","machar.py","D:\MAGIC\scripts"
"D:\MAGIC\scripts\macos.py","macos.py","D:\MAGIC\scripts"
"D:\MAGIC\scripts\macRes.py","macRes.py","D:\MAGIC\scripts"
"D:\MAGIC\scripts\MacRoman.py","MacRoman.py","D:\MAGIC\scripts"
"D:\MAGIC\scripts\macromanprober.py","macromanprober.py","D:\MAGIC\scripts"
"D:\MAGIC\scripts\macUtils.py","macUtils.py","D:\MAGIC\scripts"
"D:\MAGIC\scripts\magic_dashboard.py","magic_dashboard.py","D:\MAGIC\scripts"
"D:\MAGIC\scripts\main.py","main.py","D:\MAGIC\scripts"
"D:\MAGIC\scripts\main_parser.py","main_parser.py","D:\MAGIC\scripts"
"D:\MAGIC\scripts\makefile.py","makefile.py","D:\MAGIC\scripts"
"D:\MAGIC\scripts\managers.py","managers.py","D:\MAGIC\scripts"
"D:\MAGIC\scripts\manifest.py","manifest.py","D:\MAGIC\scripts"
"D:\MAGIC\scripts\mapping.py","mapping.py","D:\MAGIC\scripts"
"D:\MAGIC\scripts\markers.py","markers.py","D:\MAGIC\scripts"
"D:\MAGIC\scripts\markup.py","markup.py","D:\MAGIC\scripts"
"D:\MAGIC\scripts\masked.py","masked.py","D:\MAGIC\scripts"
"D:\MAGIC\scripts\masked_reductions.py","masked_reductions.py","D:\MAGIC\scripts"
"D:\MAGIC\scripts\masked_shared.py","masked_shared.py","D:\MAGIC\scripts"
"D:\MAGIC\scripts\mask_ops.py","mask_ops.py","D:\MAGIC\scripts"
"D:\MAGIC\scripts\mastodon.py","mastodon.py","D:\MAGIC\scripts"
"D:\MAGIC\scripts\matlib.py","matlib.py","D:\MAGIC\scripts"
"D:\MAGIC\scripts\maxContextCalc.py","maxContextCalc.py","D:\MAGIC\scripts"
"D:\MAGIC\scripts\mbcharsetprober.py","mbcharsetprober.py","D:\MAGIC\scripts"
"D:\MAGIC\scripts\mbcsgroupprober.py","mbcsgroupprober.py","D:\MAGIC\scripts"
"D:\MAGIC\scripts\mbcssm.py","mbcssm.py","D:\MAGIC\scripts"
"D:\MAGIC\scripts\mcmc.py","mcmc.py","D:\MAGIC\scripts"
"D:\MAGIC\scripts\md.py","md.py","D:\MAGIC\scripts"
"D:\MAGIC\scripts\md_2.py","md_2.py","D:\MAGIC\scripts"
"D:\MAGIC\scripts\mean_.py","mean_.py","D:\MAGIC\scripts"
"D:\MAGIC\scripts\measure.py","measure.py","D:\MAGIC\scripts"
"D:\MAGIC\scripts\media.py","media.py","D:\MAGIC\scripts"
"D:\MAGIC\scripts\melt.py","melt.py","D:\MAGIC\scripts"
"D:\MAGIC\scripts\memmap.py","memmap.py","D:\MAGIC\scripts"
"D:\MAGIC\scripts\memory.py","memory.py","D:\MAGIC\scripts"
"D:\MAGIC\scripts\memory_2.py","memory_2.py","D:\MAGIC\scripts"
"D:\MAGIC\scripts\mercurial.py","mercurial.py","D:\MAGIC\scripts"
"D:\MAGIC\scripts\merge.py","merge.py","D:\MAGIC\scripts"
"D:\MAGIC\scripts\merger.py","merger.py","D:\MAGIC\scripts"
"D:\MAGIC\scripts\metadata.py","metadata.py","D:\MAGIC\scripts"
"D:\MAGIC\scripts\metadata_editable.py","metadata_editable.py","D:\MAGIC\scripts"
"D:\MAGIC\scripts\metadata_legacy.py","metadata_legacy.py","D:\MAGIC\scripts"
"D:\MAGIC\scripts\methods.py","methods.py","D:\MAGIC\scripts"
"D:\MAGIC\scripts\migrate_csvs_to_db_2.py","migrate_csvs_to_db_2.py","D:\MAGIC\scripts"
"D:\MAGIC\scripts\mimebundle.py","mimebundle.py","D:\MAGIC\scripts"
"D:\MAGIC\scripts\mingw32ccompiler.py","mingw32ccompiler.py","D:\MAGIC\scripts"
"D:\MAGIC\scripts\minidom.py","minidom.py","D:\MAGIC\scripts"
"D:\MAGIC\scripts\min_max_.py","min_max_.py","D:\MAGIC\scripts"
"D:\MAGIC\scripts\mips.py","mips.py","D:\MAGIC\scripts"
"D:\MAGIC\scripts\Mirrored.py","Mirrored.py","D:\MAGIC\scripts"
"D:\MAGIC\scripts\misc.py","misc.py","D:\MAGIC\scripts"
"D:\MAGIC\scripts\misc_util.py","misc_util.py","D:\MAGIC\scripts"
"D:\MAGIC\scripts\missing.py","missing.py","D:\MAGIC\scripts"
"D:\MAGIC\scripts\missing_2.py","missing_2.py","D:\MAGIC\scripts"
"D:\MAGIC\scripts\mixins.py","mixins.py","D:\MAGIC\scripts"
"D:\MAGIC\scripts\mixins_2.py","mixins_2.py","D:\MAGIC\scripts"
"D:\MAGIC\scripts\mklabels.py","mklabels.py","D:\MAGIC\scripts"
"D:\MAGIC\scripts\mle.py","mle.py","D:\MAGIC\scripts"
"D:\MAGIC\scripts\mobile.py","mobile.py","D:\MAGIC\scripts"
"D:\MAGIC\scripts\mod.py","mod.py","D:\MAGIC\scripts"
"D:\MAGIC\scripts\model.py","model.py","D:\MAGIC\scripts"
"D:\MAGIC\scripts\modeline.py","modeline.py","D:\MAGIC\scripts"
"D:\MAGIC\scripts\models.py","models.py","D:\MAGIC\scripts"
"D:\MAGIC\scripts\models_2.py","models_2.py","D:\MAGIC\scripts"
"D:\MAGIC\scripts\models_3.py","models_3.py","D:\MAGIC\scripts"
"D:\MAGIC\scripts\model_2.py","model_2.py","D:\MAGIC\scripts"
"D:\MAGIC\scripts\model_3.py","model_3.py","D:\MAGIC\scripts"
"D:\MAGIC\scripts\modes.py","modes.py","D:\MAGIC\scripts"
"D:\MAGIC\scripts\modules.py","modules.py","D:\MAGIC\scripts"
"D:\MAGIC\scripts\modules_2.py","modules_2.py","D:\MAGIC\scripts"
"D:\MAGIC\scripts\modules_3.py","modules_3.py","D:\MAGIC\scripts"
"D:\MAGIC\scripts\module_with_deprecations.py","module_with_deprecations.py","D:\MAGIC\scripts"
"D:\MAGIC\scripts\mod_2.py","mod_2.py","D:\MAGIC\scripts"
"D:\MAGIC\scripts\momentsPen.py","momentsPen.py","D:\MAGIC\scripts"
"D:\MAGIC\scripts\momentum_scaler.py","momentum_scaler.py","D:\MAGIC\scripts"
"D:\MAGIC\scripts\momentum_tracker.py","momentum_tracker.py","D:\MAGIC\scripts"
"D:\MAGIC\scripts\monkey.py","monkey.py","D:\MAGIC\scripts"
"D:\MAGIC\scripts\more.py","more.py","D:\MAGIC\scripts"
"D:\MAGIC\scripts\mouse_button.py","mouse_button.py","D:\MAGIC\scripts"
"D:\MAGIC\scripts\mpl_renderer.py","mpl_renderer.py","D:\MAGIC\scripts"
"D:\MAGIC\scripts\mpl_util.py","mpl_util.py","D:\MAGIC\scripts"
"D:\MAGIC\scripts\mrecords.py","mrecords.py","D:\MAGIC\scripts"
"D:\MAGIC\scripts\msvc.py","msvc.py","D:\MAGIC\scripts"
"D:\MAGIC\scripts\msvc9compiler.py","msvc9compiler.py","D:\MAGIC\scripts"
"D:\MAGIC\scripts\msvccompiler.py","msvccompiler.py","D:\MAGIC\scripts"
"D:\MAGIC\scripts\multi.py","multi.py","D:\MAGIC\scripts"
"D:\MAGIC\scripts\multiarray.py","multiarray.py","D:\MAGIC\scripts"
"D:\MAGIC\scripts\multiarray_2.py","multiarray_2.py","D:\MAGIC\scripts"
"D:\MAGIC\scripts\multiarray_3.py","multiarray_3.py","D:\MAGIC\scripts"
"D:\MAGIC\scripts\multiVarStore.py","multiVarStore.py","D:\MAGIC\scripts"
"D:\MAGIC\scripts\mutator.py","mutator.py","D:\MAGIC\scripts"
"D:\MAGIC\scripts\mv.py","mv.py","D:\MAGIC\scripts"
"D:\MAGIC\scripts\mvar.py","mvar.py","D:\MAGIC\scripts"
"D:\MAGIC\scripts\mypy_annotate.py","mypy_annotate.py","D:\MAGIC\scripts"
"D:\MAGIC\scripts\mypy_plugin.py","mypy_plugin.py","D:\MAGIC\scripts"
"D:\MAGIC\scripts\my_clean_exclude_list.txt","my_clean_exclude_list.txt","D:\MAGIC\scripts"
"D:\MAGIC\scripts\my_exclude_list.txt","my_exclude_list.txt","D:\MAGIC\scripts"
"D:\MAGIC\scripts\M_A_T_H_.py","M_A_T_H_.py","D:\MAGIC\scripts"
"D:\MAGIC\scripts\M_E_T_A_.py","M_E_T_A_.py","D:\MAGIC\scripts"
"D:\MAGIC\scripts\M_V_A_R_.py","M_V_A_R_.py","D:\MAGIC\scripts"
"D:\MAGIC\scripts\nag.py","nag.py","D:\MAGIC\scripts"
"D:\MAGIC\scripts\name.py","name.py","D:\MAGIC\scripts"
"D:\MAGIC\scripts\names.py","names.py","D:\MAGIC\scripts"
"D:\MAGIC\scripts\namespaces.py","namespaces.py","D:\MAGIC\scripts"
"D:\MAGIC\scripts\nanfunctions.py","nanfunctions.py","D:\MAGIC\scripts"
"D:\MAGIC\scripts\nanops.py","nanops.py","D:\MAGIC\scripts"
"D:\MAGIC\scripts\nap.py","nap.py","D:\MAGIC\scripts"
"D:\MAGIC\scripts\nbit_base_example.py","nbit_base_example.py","D:\MAGIC\scripts"
"D:\MAGIC\scripts\ndarray.py","ndarray.py","D:\MAGIC\scripts"
"D:\MAGIC\scripts\ndarray_conversion.py","ndarray_conversion.py","D:\MAGIC\scripts"
"D:\MAGIC\scripts\ndarray_conversion_2.py","ndarray_conversion_2.py","D:\MAGIC\scripts"
"D:\MAGIC\scripts\ndarray_misc.py","ndarray_misc.py","D:\MAGIC\scripts"
"D:\MAGIC\scripts\ndarray_misc_2.py","ndarray_misc_2.py","D:\MAGIC\scripts"
"D:\MAGIC\scripts\ndarray_misc_3.py","ndarray_misc_3.py","D:\MAGIC\scripts"
"D:\MAGIC\scripts\ndarray_shape_manipulation.py","ndarray_shape_manipulation.py","D:\MAGIC\scripts"
"D:\MAGIC\scripts\ndarray_shape_manipulation_2.py","ndarray_shape_manipulation_2.py","D:\MAGIC\scripts"
"D:\MAGIC\scripts\nditer.py","nditer.py","D:\MAGIC\scripts"
"D:\MAGIC\scripts\network.py","network.py","D:\MAGIC\scripts"
"D:\MAGIC\scripts\niche_classifier.py","niche_classifier.py","D:\MAGIC\scripts"
"D:\MAGIC\scripts\niche_weight.py","niche_weight.py","D:\MAGIC\scripts"
"D:\MAGIC\scripts\niche_weight_2.py","niche_weight_2.py","D:\MAGIC\scripts"
"D:\MAGIC\scripts\none.py","none.py","D:\MAGIC\scripts"
"D:\MAGIC\scripts\noseclasses.py","noseclasses.py","D:\MAGIC\scripts"
"D:\MAGIC\scripts\nosetester.py","nosetester.py","D:\MAGIC\scripts"
"D:\MAGIC\scripts\notify_summary.ps1","notify_summary.ps1","D:\MAGIC\scripts"
"D:\MAGIC\scripts\npyio.py","npyio.py","D:\MAGIC\scripts"
"D:\MAGIC\scripts\npy_pkg_config.py","npy_pkg_config.py","D:\MAGIC\scripts"
"D:\MAGIC\scripts\ntlmpool.py","ntlmpool.py","D:\MAGIC\scripts"
"D:\MAGIC\scripts\null_detector_2.py","null_detector_2.py","D:\MAGIC\scripts"
"D:\MAGIC\scripts\numba_.py","numba_.py","D:\MAGIC\scripts"
"D:\MAGIC\scripts\numeric.py","numeric.py","D:\MAGIC\scripts"
"D:\MAGIC\scripts\numerictypes.py","numerictypes.py","D:\MAGIC\scripts"
"D:\MAGIC\scripts\numerictypes_2.py","numerictypes_2.py","D:\MAGIC\scripts"
"D:\MAGIC\scripts\numerictypes_3.py","numerictypes_3.py","D:\MAGIC\scripts"
"D:\MAGIC\scripts\numerictypes_4.py","numerictypes_4.py","D:\MAGIC\scripts"
"D:\MAGIC\scripts\numeric_2.py","numeric_2.py","D:\MAGIC\scripts"
"D:\MAGIC\scripts\numeric_3.py","numeric_3.py","D:\MAGIC\scripts"
"D:\MAGIC\scripts\numeric_4.py","numeric_4.py","D:\MAGIC\scripts"
"D:\MAGIC\scripts\numpy_.py","numpy_.py","D:\MAGIC\scripts"
"D:\MAGIC\scripts\numpy_distribution.py","numpy_distribution.py","D:\MAGIC\scripts"
"D:\MAGIC\scripts\nursery_start.py","nursery_start.py","D:\MAGIC\scripts"
"D:\MAGIC\scripts\nv.py","nv.py","D:\MAGIC\scripts"
"D:\MAGIC\scripts\oauth_checker_2.py","oauth_checker_2.py","D:\MAGIC\scripts"
"D:\MAGIC\scripts\objects.py","objects.py","D:\MAGIC\scripts"
"D:\MAGIC\scripts\object_array.py","object_array.py","D:\MAGIC\scripts"
"D:\MAGIC\scripts\ocsp.py","ocsp.py","D:\MAGIC\scripts"
"D:\MAGIC\scripts\offsets.py","offsets.py","D:\MAGIC\scripts"
"D:\MAGIC\scripts\oid.py","oid.py","D:\MAGIC\scripts"
"D:\MAGIC\scripts\one_time_organizer.py","one_time_organizer.py","D:\MAGIC\scripts"
"D:\MAGIC\scripts\one_time_organizer.py..txt","one_time_organizer.py..txt","D:\MAGIC\scripts"
"D:\MAGIC\scripts\online.py","online.py","D:\MAGIC\scripts"
"D:\MAGIC\scripts\open.py","open.py","D:\MAGIC\scripts"
"D:\MAGIC\scripts\open_memory_channel.py","open_memory_channel.py","D:\MAGIC\scripts"
"D:\MAGIC\scripts\ops.py","ops.py","D:\MAGIC\scripts"
"D:\MAGIC\scripts\ops_2.py","ops_2.py","D:\MAGIC\scripts"
"D:\MAGIC\scripts\optionaltags.py","optionaltags.py","D:\MAGIC\scripts"
"D:\MAGIC\scripts\options.py","options.py","D:\MAGIC\scripts"
"D:\MAGIC\scripts\orc.py","orc.py","D:\MAGIC\scripts"
"D:\MAGIC\scripts\orchestrator.py","orchestrator.py","D:\MAGIC\scripts"
"D:\MAGIC\scripts\orchestrator_2.py","orchestrator_2.py","D:\MAGIC\scripts"
"D:\MAGIC\scripts\ordered_set.py","ordered_set.py","D:\MAGIC\scripts"
"D:\MAGIC\scripts\otBase.py","otBase.py","D:\MAGIC\scripts"
"D:\MAGIC\scripts\otConverters.py","otConverters.py","D:\MAGIC\scripts"
"D:\MAGIC\scripts\otData.py","otData.py","D:\MAGIC\scripts"
"D:\MAGIC\scripts\other.py","other.py","D:\MAGIC\scripts"
"D:\MAGIC\scripts\otTables.py","otTables.py","D:\MAGIC\scripts"
"D:\MAGIC\scripts\OTTags.py","OTTags.py","D:\MAGIC\scripts"
"D:\MAGIC\scripts\otTraverse.py","otTraverse.py","D:\MAGIC\scripts"
"D:\MAGIC\scripts\outline.py","outline.py","D:\MAGIC\scripts"
"D:\MAGIC\scripts\output.py","output.py","D:\MAGIC\scripts"
"D:\MAGIC\scripts\overlay.py","overlay.py","D:\MAGIC\scripts"
"D:\MAGIC\scripts\override.py","override.py","D:\MAGIC\scripts"
"D:\MAGIC\scripts\overrides.py","overrides.py","D:\MAGIC\scripts"
"D:\MAGIC\scripts\O_S_2f_2.py","O_S_2f_2.py","D:\MAGIC\scripts"
"D:\MAGIC\scripts\packages.py","packages.py","D:\MAGIC\scripts"
"D:\MAGIC\scripts\package_data.py","package_data.py","D:\MAGIC\scripts"
"D:\MAGIC\scripts\package_finder.py","package_finder.py","D:\MAGIC\scripts"
"D:\MAGIC\scripts\package_index.py","package_index.py","D:\MAGIC\scripts"
"D:\MAGIC\scripts\packaging.py","packaging.py","D:\MAGIC\scripts"
"D:\MAGIC\scripts\padding.py","padding.py","D:\MAGIC\scripts"
"D:\MAGIC\scripts\padding_2.py","padding_2.py","D:\MAGIC\scripts"
"D:\MAGIC\scripts\page.py","page.py","D:\MAGIC\scripts"
"D:\MAGIC\scripts\pager.py","pager.py","D:\MAGIC\scripts"
"D:\MAGIC\scripts\palette.py","palette.py","D:\MAGIC\scripts"
"D:\MAGIC\scripts\panel.py","panel.py","D:\MAGIC\scripts"
"D:\MAGIC\scripts\pangomarkup.py","pangomarkup.py","D:\MAGIC\scripts"
"D:\MAGIC\scripts\parameterized.py","parameterized.py","D:\MAGIC\scripts"
"D:\MAGIC\scripts\parquet.py","parquet.py","D:\MAGIC\scripts"
"D:\MAGIC\scripts\parse.py","parse.py","D:\MAGIC\scripts"
"D:\MAGIC\scripts\parser.py","parser.py","D:\MAGIC\scripts"
"D:\MAGIC\scripts\parser_2.py","parser_2.py","D:\MAGIC\scripts"
"D:\MAGIC\scripts\parser_3.py","parser_3.py","D:\MAGIC\scripts"
"D:\MAGIC\scripts\parser_4.py","parser_4.py","D:\MAGIC\scripts"
"D:\MAGIC\scripts\parser_5.py","parser_5.py","D:\MAGIC\scripts"
"D:\MAGIC\scripts\parsing.py","parsing.py","D:\MAGIC\scripts"
"D:\MAGIC\scripts\patch_and_run_pipeline.ps1","patch_and_run_pipeline.ps1","D:\MAGIC\scripts"
"D:\MAGIC\scripts\patch_dashboard.ps1","patch_dashboard.ps1","D:\MAGIC\scripts"
"D:\MAGIC\scripts\path.py","path.py","D:\MAGIC\scripts"
"D:\MAGIC\scripts\pathccompiler.py","pathccompiler.py","D:\MAGIC\scripts"
"D:\MAGIC\scripts\pathf95.py","pathf95.py","D:\MAGIC\scripts"
"D:\MAGIC\scripts\pathfinder.py","pathfinder.py","D:\MAGIC\scripts"
"D:\MAGIC\scripts\pattern.py","pattern.py","D:\MAGIC\scripts"
"D:\MAGIC\scripts\pbkdf2.py","pbkdf2.py","D:\MAGIC\scripts"
"D:\MAGIC\scripts\performance.py","performance.py","D:\MAGIC\scripts"
"D:\MAGIC\scripts\performance_timeline.py","performance_timeline.py","D:\MAGIC\scripts"
"D:\MAGIC\scripts\perimeterPen.py","perimeterPen.py","D:\MAGIC\scripts"
"D:\MAGIC\scripts\period.py","period.py","D:\MAGIC\scripts"
"D:\MAGIC\scripts\permissions.py","permissions.py","D:\MAGIC\scripts"
"D:\MAGIC\scripts\pg.py","pg.py","D:\MAGIC\scripts"
"D:\MAGIC\scripts\php.py","php.py","D:\MAGIC\scripts"
"D:\MAGIC\scripts\pickle.py","pickle.py","D:\MAGIC\scripts"
"D:\MAGIC\scripts\pickle_compat.py","pickle_compat.py","D:\MAGIC\scripts"
"D:\MAGIC\scripts\pinterest_api.py","pinterest_api.py","D:\MAGIC\scripts"
"D:\MAGIC\scripts\pinterest_scraper.py","pinterest_scraper.py","D:\MAGIC\scripts"
"D:\MAGIC\scripts\pipe.py","pipe.py","D:\MAGIC\scripts"
"D:\MAGIC\scripts\pivot.py","pivot.py","D:\MAGIC\scripts"
"D:\MAGIC\scripts\pkcs12.py","pkcs12.py","D:\MAGIC\scripts"
"D:\MAGIC\scripts\pkcs7.py","pkcs7.py","D:\MAGIC\scripts"
"D:\MAGIC\scripts\pkgconfig.py","pkgconfig.py","D:\MAGIC\scripts"
"D:\MAGIC\scripts\pkgconfig_2.py","pkgconfig_2.py","D:\MAGIC\scripts"
"D:\MAGIC\scripts\pkg_resources.py","pkg_resources.py","D:\MAGIC\scripts"
"D:\MAGIC\scripts\plistlib.py","plistlib.py","D:\MAGIC\scripts"
"D:\MAGIC\scripts\plot.py","plot.py","D:\MAGIC\scripts"
"D:\MAGIC\scripts\plugin.py","plugin.py","D:\MAGIC\scripts"
"D:\MAGIC\scripts\plugin_registry.py","plugin_registry.py","D:\MAGIC\scripts"
"D:\MAGIC\scripts\plyparser.py","plyparser.py","D:\MAGIC\scripts"
"D:\MAGIC\scripts\pointer_actions.py","pointer_actions.py","D:\MAGIC\scripts"
"D:\MAGIC\scripts\pointer_input.py","pointer_input.py","D:\MAGIC\scripts"
"D:\MAGIC\scripts\pointInsidePen.py","pointInsidePen.py","D:\MAGIC\scripts"
"D:\MAGIC\scripts\pointPen.py","pointPen.py","D:\MAGIC\scripts"
"D:\MAGIC\scripts\pointPen_2.py","pointPen_2.py","D:\MAGIC\scripts"
"D:\MAGIC\scripts\poly1305.py","poly1305.py","D:\MAGIC\scripts"
"D:\MAGIC\scripts\polynomial.py","polynomial.py","D:\MAGIC\scripts"
"D:\MAGIC\scripts\polynomial_2.py","polynomial_2.py","D:\MAGIC\scripts"
"D:\MAGIC\scripts\polyutils.py","polyutils.py","D:\MAGIC\scripts"
"D:\MAGIC\scripts\poolmanager.py","poolmanager.py","D:\MAGIC\scripts"
"D:\MAGIC\scripts\prefs.py","prefs.py","D:\MAGIC\scripts"
"D:\MAGIC\scripts\preload.py","preload.py","D:\MAGIC\scripts"
"D:\MAGIC\scripts\prepare.py","prepare.py","D:\MAGIC\scripts"
"D:\MAGIC\scripts\pretty.py","pretty.py","D:\MAGIC\scripts"
"D:\MAGIC\scripts\printing.py","printing.py","D:\MAGIC\scripts"
"D:\MAGIC\scripts\print_coercion_tables.py","print_coercion_tables.py","D:\MAGIC\scripts"
"D:\MAGIC\scripts\print_page_options.py","print_page_options.py","D:\MAGIC\scripts"
"D:\MAGIC\scripts\probe.py","probe.py","D:\MAGIC\scripts"
"D:\MAGIC\scripts\process_tiktok_data.py","process_tiktok_data.py","D:\MAGIC\scripts"
"D:\MAGIC\scripts\profiler.py","profiler.py","D:\MAGIC\scripts"
"D:\MAGIC\scripts\progress.py","progress.py","D:\MAGIC\scripts"
"D:\MAGIC\scripts\progress_bar.py","progress_bar.py","D:\MAGIC\scripts"
"D:\MAGIC\scripts\progress_bars.py","progress_bars.py","D:\MAGIC\scripts"
"D:\MAGIC\scripts\prompt.py","prompt.py","D:\MAGIC\scripts"
"D:\MAGIC\scripts\protocol.py","protocol.py","D:\MAGIC\scripts"
"D:\MAGIC\scripts\provider.py","provider.py","D:\MAGIC\scripts"
"D:\MAGIC\scripts\providers.py","providers.py","D:\MAGIC\scripts"
"D:\MAGIC\scripts\proxy.py","proxy.py","D:\MAGIC\scripts"
"D:\MAGIC\scripts\psCharStrings.py","psCharStrings.py","D:\MAGIC\scripts"
"D:\MAGIC\scripts\psLib.py","psLib.py","D:\MAGIC\scripts"
"D:\MAGIC\scripts\psOperators.py","psOperators.py","D:\MAGIC\scripts"
"D:\MAGIC\scripts\pulldom.py","pulldom.py","D:\MAGIC\scripts"
"D:\MAGIC\scripts\put.py","put.py","D:\MAGIC\scripts"
"D:\MAGIC\scripts\putmask.py","putmask.py","D:\MAGIC\scripts"
"D:\MAGIC\scripts\pwa.py","pwa.py","D:\MAGIC\scripts"
"D:\MAGIC\scripts\py.py","py.py","D:\MAGIC\scripts"
"D:\MAGIC\scripts\py23.py","py23.py","D:\MAGIC\scripts"
"D:\MAGIC\scripts\py31compat.py","py31compat.py","D:\MAGIC\scripts"
"D:\MAGIC\scripts\py34compat.py","py34compat.py","D:\MAGIC\scripts"
"D:\MAGIC\scripts\py36compat.py","py36compat.py","D:\MAGIC\scripts"
"D:\MAGIC\scripts\py37compat.py","py37compat.py","D:\MAGIC\scripts"
"D:\MAGIC\scripts\py38compat.py","py38compat.py","D:\MAGIC\scripts"
"D:\MAGIC\scripts\py39compat.py","py39compat.py","D:\MAGIC\scripts"
"D:\MAGIC\scripts\py3k.py","py3k.py","D:\MAGIC\scripts"
"D:\MAGIC\scripts\py3k_2.py","py3k_2.py","D:\MAGIC\scripts"
"D:\MAGIC\scripts\pyarrow.py","pyarrow.py","D:\MAGIC\scripts"
"D:\MAGIC\scripts\pyclasslookup.py","pyclasslookup.py","D:\MAGIC\scripts"
"D:\MAGIC\scripts\pylab.py","pylab.py","D:\MAGIC\scripts"
"D:\MAGIC\scripts\pyopenssl.py","pyopenssl.py","D:\MAGIC\scripts"
"D:\MAGIC\scripts\pyproject.py","pyproject.py","D:\MAGIC\scripts"
"D:\MAGIC\scripts\pyprojecttoml.py","pyprojecttoml.py","D:\MAGIC\scripts"
"D:\MAGIC\scripts\pytables.py","pytables.py","D:\MAGIC\scripts"
"D:\MAGIC\scripts\pytest_plugin.py","pytest_plugin.py","D:\MAGIC\scripts"
"D:\MAGIC\scripts\python.py","python.py","D:\MAGIC\scripts"
"D:\MAGIC\scripts\python_parser.py","python_parser.py","D:\MAGIC\scripts"
"D:\MAGIC\scripts\py_2.py","py_2.py","D:\MAGIC\scripts"
"D:\MAGIC\scripts\qtPen.py","qtPen.py","D:\MAGIC\scripts"
"D:\MAGIC\scripts\qu2cu.py","qu2cu.py","D:\MAGIC\scripts"
"D:\MAGIC\scripts\qu2cuPen.py","qu2cuPen.py","D:\MAGIC\scripts"
"D:\MAGIC\scripts\quantile.py","quantile.py","D:\MAGIC\scripts"
"D:\MAGIC\scripts\quartzPen.py","quartzPen.py","D:\MAGIC\scripts"
"D:\MAGIC\scripts\queue.py","queue.py","D:\MAGIC\scripts"
"D:\MAGIC\scripts\quora_scraper.py","quora_scraper.py","D:\MAGIC\scripts"
"D:\MAGIC\scripts\quota_notifier_2.py","quota_notifier_2.py","D:\MAGIC\scripts"
"D:\MAGIC\scripts\raisesgroup.py","raisesgroup.py","D:\MAGIC\scripts"
"D:\MAGIC\scripts\random.py","random.py","D:\MAGIC\scripts"
"D:\MAGIC\scripts\random_2.py","random_2.py","D:\MAGIC\scripts"
"D:\MAGIC\scripts\random_3.py","random_3.py","D:\MAGIC\scripts"
"D:\MAGIC\scripts\range.py","range.py","D:\MAGIC\scripts"
"D:\MAGIC\scripts\readers.py","readers.py","D:\MAGIC\scripts"
"D:\MAGIC\scripts\rebuild.py","rebuild.py","D:\MAGIC\scripts"
"D:\MAGIC\scripts\rebuild_2.py","rebuild_2.py","D:\MAGIC\scripts"
"D:\MAGIC\scripts\recfunctions.py","recfunctions.py","D:\MAGIC\scripts"
"D:\MAGIC\scripts\recipes.py","recipes.py","D:\MAGIC\scripts"
"D:\MAGIC\scripts\recompiler.py","recompiler.py","D:\MAGIC\scripts"
"D:\MAGIC\scripts\recompiler_2.py","recompiler_2.py","D:\MAGIC\scripts"
"D:\MAGIC\scripts\recorder.py","recorder.py","D:\MAGIC\scripts"
"D:\MAGIC\scripts\recordingPen.py","recordingPen.py","D:\MAGIC\scripts"
"D:\MAGIC\scripts\records.py","records.py","D:\MAGIC\scripts"
"D:\MAGIC\scripts\reddit.py","reddit.py","D:\MAGIC\scripts"
"D:\MAGIC\scripts\redditor.py","redditor.py","D:\MAGIC\scripts"
"D:\MAGIC\scripts\redditors.py","redditors.py","D:\MAGIC\scripts"
"D:\MAGIC\scripts\reddit_api.py","reddit_api.py","D:\MAGIC\scripts"
"D:\MAGIC\scripts\reddit_api_2.py","reddit_api_2.py","D:\MAGIC\scripts"
"D:\MAGIC\scripts\reddit_api_3.py","reddit_api_3.py","D:\MAGIC\scripts"
"D:\MAGIC\scripts\reddit_api_final.py","reddit_api_final.py","D:\MAGIC\scripts"
"D:\MAGIC\scripts\reddit_api_fixed.py","reddit_api_fixed.py","D:\MAGIC\scripts"
"D:\MAGIC\scripts\reddit_api_proper_fix.py","reddit_api_proper_fix.py","D:\MAGIC\scripts"
"D:\MAGIC\scripts\reddit_check.py","reddit_check.py","D:\MAGIC\scripts"
"D:\MAGIC\scripts\reddit_scraper.py","reddit_scraper.py","D:\MAGIC\scripts"
"D:\MAGIC\scripts\reddit_scraper_2.py","reddit_scraper_2.py","D:\MAGIC\scripts"
"D:\MAGIC\scripts\reddit_test.py","reddit_test.py","D:\MAGIC\scripts"
"D:\MAGIC\scripts\redis_cache.py","redis_cache.py","D:\MAGIC\scripts"
"D:\MAGIC\scripts\reduce.py","reduce.py","D:\MAGIC\scripts"
"D:\MAGIC\scripts\reference.py","reference.py","D:\MAGIC\scripts"
"D:\MAGIC\scripts\regexopt.py","regexopt.py","D:\MAGIC\scripts"
"D:\MAGIC\scripts\region.py","region.py","D:\MAGIC\scripts"
"D:\MAGIC\scripts\register.py","register.py","D:\MAGIC\scripts"
"D:\MAGIC\scripts\registry.py","registry.py","D:\MAGIC\scripts"
"D:\MAGIC\scripts\relativedelta.py","relativedelta.py","D:\MAGIC\scripts"
"D:\MAGIC\scripts\relativedelta_2.py","relativedelta_2.py","D:\MAGIC\scripts"
"D:\MAGIC\scripts\relative_locator.py","relative_locator.py","D:\MAGIC\scripts"
"D:\MAGIC\scripts\remote_connection.py","remote_connection.py","D:\MAGIC\scripts"
"D:\MAGIC\scripts\removeOverlaps.py","removeOverlaps.py","D:\MAGIC\scripts"
"D:\MAGIC\scripts\renderer.py","renderer.py","D:\MAGIC\scripts"
"D:\MAGIC\scripts\reorderGlyphs.py","reorderGlyphs.py","D:\MAGIC\scripts"
"D:\MAGIC\scripts\replace.py","replace.py","D:\MAGIC\scripts"
"D:\MAGIC\scripts\reporter.py","reporter.py","D:\MAGIC\scripts"
"D:\MAGIC\scripts\reporters.py","reporters.py","D:\MAGIC\scripts"
"D:\MAGIC\scripts\reportLabPen.py","reportLabPen.py","D:\MAGIC\scripts"
"D:\MAGIC\scripts\report_generator_2.py","report_generator_2.py","D:\MAGIC\scripts"
"D:\MAGIC\scripts\repr.py","repr.py","D:\MAGIC\scripts"
"D:\MAGIC\scripts\request.py","request.py","D:\MAGIC\scripts"
"D:\MAGIC\scripts\requirements.py","requirements.py","D:\MAGIC\scripts"
"D:\MAGIC\scripts\requirements.txt","requirements.txt","D:\MAGIC\scripts"
"D:\MAGIC\scripts\requirements.txt.bak","requirements.txt.bak","D:\MAGIC\scripts"
"D:\MAGIC\scripts\req_command.py","req_command.py","D:\MAGIC\scripts"
"D:\MAGIC\scripts\req_file.py","req_file.py","D:\MAGIC\scripts"
"D:\MAGIC\scripts\req_install.py","req_install.py","D:\MAGIC\scripts"
"D:\MAGIC\scripts\req_set.py","req_set.py","D:\MAGIC\scripts"
"D:\MAGIC\scripts\req_uninstall.py","req_uninstall.py","D:\MAGIC\scripts"
"D:\MAGIC\scripts\resample.py","resample.py","D:\MAGIC\scripts"
"D:\MAGIC\scripts\reshape.py","reshape.py","D:\MAGIC\scripts"
"D:\MAGIC\scripts\reshaping.py","reshaping.py","D:\MAGIC\scripts"
"D:\MAGIC\scripts\resolver.py","resolver.py","D:\MAGIC\scripts"
"D:\MAGIC\scripts\resolvers.py","resolvers.py","D:\MAGIC\scripts"
"D:\MAGIC\scripts\resources.py","resources.py","D:\MAGIC\scripts"
"D:\MAGIC\scripts\response.py","response.py","D:\MAGIC\scripts"
"D:\MAGIC\scripts\resultdict.py","resultdict.py","D:\MAGIC\scripts"
"D:\MAGIC\scripts\results.py","results.py","D:\MAGIC\scripts"
"D:\MAGIC\scripts\retry.py","retry.py","D:\MAGIC\scripts"
"D:\MAGIC\scripts\reverseContourPen.py","reverseContourPen.py","D:\MAGIC\scripts"
"D:\MAGIC\scripts\rolling.py","rolling.py","D:\MAGIC\scripts"
"D:\MAGIC\scripts\roperator.py","roperator.py","D:\MAGIC\scripts"
"D:\MAGIC\scripts\rotate.py","rotate.py","D:\MAGIC\scripts"
"D:\MAGIC\scripts\roundingPen.py","roundingPen.py","D:\MAGIC\scripts"
"D:\MAGIC\scripts\roundTools.py","roundTools.py","D:\MAGIC\scripts"
"D:\MAGIC\scripts\rrule.py","rrule.py","D:\MAGIC\scripts"
"D:\MAGIC\scripts\rrule_2.py","rrule_2.py","D:\MAGIC\scripts"
"D:\MAGIC\scripts\rsa.py","rsa.py","D:\MAGIC\scripts"
"D:\MAGIC\scripts\rtf.py","rtf.py","D:\MAGIC\scripts"
"D:\MAGIC\scripts\rule.py","rule.py","D:\MAGIC\scripts"
"D:\MAGIC\scripts\rules.py","rules.py","D:\MAGIC\scripts"
"D:\MAGIC\scripts\run.py","run.py","D:\MAGIC\scripts"
"D:\MAGIC\scripts\runset.py","runset.py","D:\MAGIC\scripts"
"D:\MAGIC\scripts\runtime.py","runtime.py","D:\MAGIC\scripts"
"D:\MAGIC\scripts\run_all_scripts.ps1","run_all_scripts.ps1","D:\MAGIC\scripts"
"D:\MAGIC\scripts\run_and_update_readme.ps1.txt","run_and_update_readme.ps1.txt","D:\MAGIC\scripts"
"D:\MAGIC\scripts\run_multi_keywords.ps1","run_multi_keywords.ps1","D:\MAGIC\scripts"
"D:\MAGIC\scripts\run_tests_2.py","run_tests_2.py","D:\MAGIC\scripts"
"D:\MAGIC\scripts\sample.py","sample.py","D:\MAGIC\scripts"
"D:\MAGIC\scripts\sandbox.py","sandbox.py","D:\MAGIC\scripts"
"D:\MAGIC\scripts\sanitizer.py","sanitizer.py","D:\MAGIC\scripts"
"D:\MAGIC\scripts\sas7bdat.py","sas7bdat.py","D:\MAGIC\scripts"
"D:\MAGIC\scripts\sasreader.py","sasreader.py","D:\MAGIC\scripts"
"D:\MAGIC\scripts\sas_constants.py","sas_constants.py","D:\MAGIC\scripts"
"D:\MAGIC\scripts\sas_xport.py","sas_xport.py","D:\MAGIC\scripts"
"D:\MAGIC\scripts\saturation_calc.py","saturation_calc.py","D:\MAGIC\scripts"
"D:\MAGIC\scripts\saturation_calc_2.py","saturation_calc_2.py","D:\MAGIC\scripts"
"D:\MAGIC\scripts\save.py","save.py","D:\MAGIC\scripts"
"D:\MAGIC\scripts\saveopts.py","saveopts.py","D:\MAGIC\scripts"
"D:\MAGIC\scripts\save_api_key_2.py","save_api_key_2.py","D:\MAGIC\scripts"
"D:\MAGIC\scripts\save_trends.py","save_trends.py","D:\MAGIC\scripts"
"D:\MAGIC\scripts\save_trends_2.py","save_trends_2.py","D:\MAGIC\scripts"
"D:\MAGIC\scripts\sax.py","sax.py","D:\MAGIC\scripts"
"D:\MAGIC\scripts\sax_2.py","sax_2.py","D:\MAGIC\scripts"
"D:\MAGIC\scripts\sax_3.py","sax_3.py","D:\MAGIC\scripts"
"D:\MAGIC\scripts\sbcharsetprober.py","sbcharsetprober.py","D:\MAGIC\scripts"
"D:\MAGIC\scripts\sbcsgroupprober.py","sbcsgroupprober.py","D:\MAGIC\scripts"
"D:\MAGIC\scripts\sbixGlyph.py","sbixGlyph.py","D:\MAGIC\scripts"
"D:\MAGIC\scripts\sbixStrike.py","sbixStrike.py","D:\MAGIC\scripts"
"D:\MAGIC\scripts\scalars.py","scalars.py","D:\MAGIC\scripts"
"D:\MAGIC\scripts\scalars_2.py","scalars_2.py","D:\MAGIC\scripts"
"D:\MAGIC\scripts\scalars_3.py","scalars_3.py","D:\MAGIC\scripts"
"D:\MAGIC\scripts\scaleUpem.py","scaleUpem.py","D:\MAGIC\scripts"
"D:\MAGIC\scripts\scanner.py","scanner.py","D:\MAGIC\scripts"
"D:\MAGIC\scripts\schedule_pipeline.ps1","schedule_pipeline.ps1","D:\MAGIC\scripts"
"D:\MAGIC\scripts\schema.py","schema.py","D:\MAGIC\scripts"
"D:\MAGIC\scripts\schemapi.py","schemapi.py","D:\MAGIC\scripts"
"D:\MAGIC\scripts\scheme.py","scheme.py","D:\MAGIC\scripts"
"D:\MAGIC\scripts\scimath.py","scimath.py","D:\MAGIC\scripts"
"D:\MAGIC\scripts\scipy_sparse.py","scipy_sparse.py","D:\MAGIC\scripts"
"D:\MAGIC\scripts\scope.py","scope.py","D:\MAGIC\scripts"
"D:\MAGIC\scripts\score_filter.py","score_filter.py","D:\MAGIC\scripts"
"D:\MAGIC\scripts\scrape_log.txt","scrape_log.txt","D:\MAGIC\scripts"
"D:\MAGIC\scripts\screen.py","screen.py","D:\MAGIC\scripts"
"D:\MAGIC\scripts\scribe_feedback.py","scribe_feedback.py","D:\MAGIC\scripts"
"D:\MAGIC\scripts\script.py","script.py","D:\MAGIC\scripts"
"D:\MAGIC\scripts\script1.py","script1.py","D:\MAGIC\scripts"
"D:\MAGIC\scripts\script2.py","script2.py","D:\MAGIC\scripts"
"D:\MAGIC\scripts\ScriptExtensions.py","ScriptExtensions.py","D:\MAGIC\scripts"
"D:\MAGIC\scripts\Scripts.py","Scripts.py","D:\MAGIC\scripts"
"D:\MAGIC\scripts\script_key.py","script_key.py","D:\MAGIC\scripts"
"D:\MAGIC\scripts\scrypt.py","scrypt.py","D:\MAGIC\scripts"
"D:\MAGIC\scripts\sdist.py","sdist.py","D:\MAGIC\scripts"
"D:\MAGIC\scripts\search.py","search.py","D:\MAGIC\scripts"
"D:\MAGIC\scripts\search_scope.py","search_scope.py","D:\MAGIC\scripts"
"D:\MAGIC\scripts\secrets_2.py","secrets_2.py","D:\MAGIC\scripts"
"D:\MAGIC\scripts\securetransport.py","securetransport.py","D:\MAGIC\scripts"
"D:\MAGIC\scripts\security.py","security.py","D:\MAGIC\scripts"
"D:\MAGIC\scripts\segment.py","segment.py","D:\MAGIC\scripts"
"D:\MAGIC\scripts\select.py","select.py","D:\MAGIC\scripts"
"D:\MAGIC\scripts\selection.py","selection.py","D:\MAGIC\scripts"
"D:\MAGIC\scripts\selection_prefs.py","selection_prefs.py","D:\MAGIC\scripts"
"D:\MAGIC\scripts\selenium_manager.py","selenium_manager.py","D:\MAGIC\scripts"
"D:\MAGIC\scripts\self_outdated_check.py","self_outdated_check.py","D:\MAGIC\scripts"
"D:\MAGIC\scripts\seo_mapper.py","seo_mapper.py","D:\MAGIC\scripts"
"D:\MAGIC\scripts\serialize.py","serialize.py","D:\MAGIC\scripts"
"D:\MAGIC\scripts\serializer.py","serializer.py","D:\MAGIC\scripts"
"D:\MAGIC\scripts\series.py","series.py","D:\MAGIC\scripts"
"D:\MAGIC\scripts\server.py","server.py","D:\MAGIC\scripts"
"D:\MAGIC\scripts\service.py","service.py","D:\MAGIC\scripts"
"D:\MAGIC\scripts\service_worker.py","service_worker.py","D:\MAGIC\scripts"
"D:\MAGIC\scripts\session.py","session.py","D:\MAGIC\scripts"
"D:\MAGIC\scripts\sessions.py","sessions.py","D:\MAGIC\scripts"
"D:\MAGIC\scripts\setitem.py","setitem.py","D:\MAGIC\scripts"
"D:\MAGIC\scripts\setopt.py","setopt.py","D:\MAGIC\scripts"
"D:\MAGIC\scripts\setters.py","setters.py","D:\MAGIC\scripts"
"D:\MAGIC\scripts\setters_2.py","setters_2.py","D:\MAGIC\scripts"
"D:\MAGIC\scripts\setters_3.py","setters_3.py","D:\MAGIC\scripts"
"D:\MAGIC\scripts\setters_4.py","setters_4.py","D:\MAGIC\scripts"
"D:\MAGIC\scripts\setup.py","setup.py","D:\MAGIC\scripts"
"D:\MAGIC\scripts\setupcfg.py","setupcfg.py","D:\MAGIC\scripts"
"D:\MAGIC\scripts\setuponly.py","setuponly.py","D:\MAGIC\scripts"
"D:\MAGIC\scripts\setupplan.py","setupplan.py","D:\MAGIC\scripts"
"D:\MAGIC\scripts\setuptools_build.py","setuptools_build.py","D:\MAGIC\scripts"
"D:\MAGIC\scripts\setuptools_ext.py","setuptools_ext.py","D:\MAGIC\scripts"
"D:\MAGIC\scripts\setuptools_ext_2.py","setuptools_ext_2.py","D:\MAGIC\scripts"
"D:\MAGIC\scripts\setup_10.py","setup_10.py","D:\MAGIC\scripts"
"D:\MAGIC\scripts\setup_11.py","setup_11.py","D:\MAGIC\scripts"
"D:\MAGIC\scripts\setup_12.py","setup_12.py","D:\MAGIC\scripts"
"D:\MAGIC\scripts\setup_13.py","setup_13.py","D:\MAGIC\scripts"
"D:\MAGIC\scripts\setup_14.py","setup_14.py","D:\MAGIC\scripts"
"D:\MAGIC\scripts\setup_15.py","setup_15.py","D:\MAGIC\scripts"
"D:\MAGIC\scripts\setup_16.py","setup_16.py","D:\MAGIC\scripts"
"D:\MAGIC\scripts\setup_17.py","setup_17.py","D:\MAGIC\scripts"
"D:\MAGIC\scripts\setup_2.py","setup_2.py","D:\MAGIC\scripts"
"D:\MAGIC\scripts\setup_3.py","setup_3.py","D:\MAGIC\scripts"
"D:\MAGIC\scripts\setup_4.py","setup_4.py","D:\MAGIC\scripts"
"D:\MAGIC\scripts\setup_5.py","setup_5.py","D:\MAGIC\scripts"
"D:\MAGIC\scripts\setup_6.py","setup_6.py","D:\MAGIC\scripts"
"D:\MAGIC\scripts\setup_7.py","setup_7.py","D:\MAGIC\scripts"
"D:\MAGIC\scripts\setup_8.py","setup_8.py","D:\MAGIC\scripts"
"D:\MAGIC\scripts\setup_9.py","setup_9.py","D:\MAGIC\scripts"
"D:\MAGIC\scripts\setup_common.py","setup_common.py","D:\MAGIC\scripts"
"D:\MAGIC\scripts\setup_folders.py","setup_folders.py","D:\MAGIC\scripts"
"D:\MAGIC\scripts\setup_folders_2.py","setup_folders_2.py","D:\MAGIC\scripts"
"D:\MAGIC\scripts\sfnt.py","sfnt.py","D:\MAGIC\scripts"
"D:\MAGIC\scripts\sftp.py","sftp.py","D:\MAGIC\scripts"
"D:\MAGIC\scripts\shadowroot.py","shadowroot.py","D:\MAGIC\scripts"
"D:\MAGIC\scripts\shapes.py","shapes.py","D:\MAGIC\scripts"
"D:\MAGIC\scripts\shape_base.py","shape_base.py","D:\MAGIC\scripts"
"D:\MAGIC\scripts\shape_base_2.py","shape_base_2.py","D:\MAGIC\scripts"
"D:\MAGIC\scripts\shared.py","shared.py","D:\MAGIC\scripts"
"D:\MAGIC\scripts\shared_docs.py","shared_docs.py","D:\MAGIC\scripts"
"D:\MAGIC\scripts\shell_completion.py","shell_completion.py","D:\MAGIC\scripts"
"D:\MAGIC\scripts\show.py","show.py","D:\MAGIC\scripts"
"D:\MAGIC\scripts\sign.py","sign.py","D:\MAGIC\scripts"
"D:\MAGIC\scripts\simple.py","simple.py","D:\MAGIC\scripts"
"D:\MAGIC\scripts\simple_py3.py","simple_py3.py","D:\MAGIC\scripts"
"D:\MAGIC\scripts\six.py","six.py","D:\MAGIC\scripts"
"D:\MAGIC\scripts\six_2.py","six_2.py","D:\MAGIC\scripts"
"D:\MAGIC\scripts\sjisprober.py","sjisprober.py","D:\MAGIC\scripts"
"D:\MAGIC\scripts\smb.py","smb.py","D:\MAGIC\scripts"
"D:\MAGIC\scripts\socket.py","socket.py","D:\MAGIC\scripts"
"D:\MAGIC\scripts\socks.py","socks.py","D:\MAGIC\scripts"
"D:\MAGIC\scripts\sockshandler.py","sockshandler.py","D:\MAGIC\scripts"
"D:\MAGIC\scripts\sockshandler_2.py","sockshandler_2.py","D:\MAGIC\scripts"
"D:\MAGIC\scripts\socks_2.py","socks_2.py","D:\MAGIC\scripts"
"D:\MAGIC\scripts\solver.py","solver.py","D:\MAGIC\scripts"
"D:\MAGIC\scripts\sorteddict.py","sorteddict.py","D:\MAGIC\scripts"
"D:\MAGIC\scripts\sortedlist.py","sortedlist.py","D:\MAGIC\scripts"
"D:\MAGIC\scripts\sortedset.py","sortedset.py","D:\MAGIC\scripts"
"D:\MAGIC\scripts\sorting.py","sorting.py","D:\MAGIC\scripts"
"D:\MAGIC\scripts\soupparser.py","soupparser.py","D:\MAGIC\scripts"
"D:\MAGIC\scripts\sources.py","sources.py","D:\MAGIC\scripts"
"D:\MAGIC\scripts\spawn.py","spawn.py","D:\MAGIC\scripts"
"D:\MAGIC\scripts\spec.py","spec.py","D:\MAGIC\scripts"
"D:\MAGIC\scripts\specializer.py","specializer.py","D:\MAGIC\scripts"
"D:\MAGIC\scripts\specifiers.py","specifiers.py","D:\MAGIC\scripts"
"D:\MAGIC\scripts\spend_report_2.py","spend_report_2.py","D:\MAGIC\scripts"
"D:\MAGIC\scripts\sphinxext.py","sphinxext.py","D:\MAGIC\scripts"
"D:\MAGIC\scripts\spinner.py","spinner.py","D:\MAGIC\scripts"
"D:\MAGIC\scripts\spinners.py","spinners.py","D:\MAGIC\scripts"
"D:\MAGIC\scripts\split.py","split.py","D:\MAGIC\scripts"
"D:\MAGIC\scripts\spss.py","spss.py","D:\MAGIC\scripts"
"D:\MAGIC\scripts\sql.py","sql.py","D:\MAGIC\scripts"
"D:\MAGIC\scripts\ssh.py","ssh.py","D:\MAGIC\scripts"
"D:\MAGIC\scripts\ssltransport.py","ssltransport.py","D:\MAGIC\scripts"
"D:\MAGIC\scripts\ssl_.py","ssl_.py","D:\MAGIC\scripts"
"D:\MAGIC\scripts\ssl_match_hostname.py","ssl_match_hostname.py","D:\MAGIC\scripts"
"D:\MAGIC\scripts\sstruct.py","sstruct.py","D:\MAGIC\scripts"
"D:\MAGIC\scripts\stancsv.py","stancsv.py","D:\MAGIC\scripts"
"D:\MAGIC\scripts\StandardEncoding.py","StandardEncoding.py","D:\MAGIC\scripts"
"D:\MAGIC\scripts\standardGlyphOrder.py","standardGlyphOrder.py","D:\MAGIC\scripts"
"D:\MAGIC\scripts\standardize_columns_2.py","standardize_columns_2.py","D:\MAGIC\scripts"
"D:\MAGIC\scripts\stapled.py","stapled.py","D:\MAGIC\scripts"
"D:\MAGIC\scripts\start_check.py","start_check.py","D:\MAGIC\scripts"
"D:\MAGIC\scripts\stat.py","stat.py","D:\MAGIC\scripts"
"D:\MAGIC\scripts\stata.py","stata.py","D:\MAGIC\scripts"
"D:\MAGIC\scripts\statisticsPen.py","statisticsPen.py","D:\MAGIC\scripts"
"D:\MAGIC\scripts\statNames.py","statNames.py","D:\MAGIC\scripts"
"D:\MAGIC\scripts\status.py","status.py","D:\MAGIC\scripts"
"D:\MAGIC\scripts\status_codes.py","status_codes.py","D:\MAGIC\scripts"
"D:\MAGIC\scripts\stop.py","stop.py","D:\MAGIC\scripts"
"D:\MAGIC\scripts\storage.py","storage.py","D:\MAGIC\scripts"
"D:\MAGIC\scripts\storage_manager.py","storage_manager.py","D:\MAGIC\scripts"
"D:\MAGIC\scripts\storage_manager_2.py","storage_manager_2.py","D:\MAGIC\scripts"
"D:\MAGIC\scripts\storage_sync_2.py","storage_sync_2.py","D:\MAGIC\scripts"
"D:\MAGIC\scripts\stride_tricks.py","stride_tricks.py","D:\MAGIC\scripts"
"D:\MAGIC\scripts\string.py","string.py","D:\MAGIC\scripts"
"D:\MAGIC\scripts\string_.py","string_.py","D:\MAGIC\scripts"
"D:\MAGIC\scripts\string_arrow.py","string_arrow.py","D:\MAGIC\scripts"
"D:\MAGIC\scripts\structs.py","structs.py","D:\MAGIC\scripts"
"D:\MAGIC\scripts\structures.py","structures.py","D:\MAGIC\scripts"
"D:\MAGIC\scripts\structure_tree.py","structure_tree.py","D:\MAGIC\scripts"
"D:\MAGIC\scripts\style.py","style.py","D:\MAGIC\scripts"
"D:\MAGIC\scripts\styled.py","styled.py","D:\MAGIC\scripts"
"D:\MAGIC\scripts\style_render.py","style_render.py","D:\MAGIC\scripts"
"D:\MAGIC\scripts\subprocess.py","subprocess.py","D:\MAGIC\scripts"
"D:\MAGIC\scripts\subprocesses.py","subprocesses.py","D:\MAGIC\scripts"
"D:\MAGIC\scripts\subreddit.py","subreddit.py","D:\MAGIC\scripts"
"D:\MAGIC\scripts\subreddits.py","subreddits.py","D:\MAGIC\scripts"
"D:\MAGIC\scripts\subscribe_convertkit_2.py","subscribe_convertkit_2.py","D:\MAGIC\scripts"
"D:\MAGIC\scripts\subversion.py","subversion.py","D:\MAGIC\scripts"
"D:\MAGIC\scripts\sum_.py","sum_.py","D:\MAGIC\scripts"
"D:\MAGIC\scripts\sun.py","sun.py","D:\MAGIC\scripts"
"D:\MAGIC\scripts\suppress_chrome_warnings.ps1","suppress_chrome_warnings.ps1","D:\MAGIC\scripts"
"D:\MAGIC\scripts\svg.py","svg.py","D:\MAGIC\scripts"
"D:\MAGIC\scripts\svgPathPen.py","svgPathPen.py","D:\MAGIC\scripts"
"D:\MAGIC\scripts\svg_2.py","svg_2.py","D:\MAGIC\scripts"
"D:\MAGIC\scripts\switch_to.py","switch_to.py","D:\MAGIC\scripts"
"D:\MAGIC\scripts\symfont.py","symfont.py","D:\MAGIC\scripts"
"D:\MAGIC\scripts\syntax.py","syntax.py","D:\MAGIC\scripts"
"D:\MAGIC\scripts\sysconfig.py","sysconfig.py","D:\MAGIC\scripts"
"D:\MAGIC\scripts\system_info.py","system_info.py","D:\MAGIC\scripts"
"D:\MAGIC\scripts\S_I_N_G_.py","S_I_N_G_.py","D:\MAGIC\scripts"
"D:\MAGIC\scripts\S_T_A_T_.py","S_T_A_T_.py","D:\MAGIC\scripts"
"D:\MAGIC\scripts\S_V_G_.py","S_V_G_.py","D:\MAGIC\scripts"
"D:\MAGIC\scripts\S__i_l_f.py","S__i_l_f.py","D:\MAGIC\scripts"
"D:\MAGIC\scripts\S__i_l_l.py","S__i_l_l.py","D:\MAGIC\scripts"
"D:\MAGIC\scripts\t2CharStringPen.py","t2CharStringPen.py","D:\MAGIC\scripts"
"D:\MAGIC\scripts\table.py","table.py","D:\MAGIC\scripts"
"D:\MAGIC\scripts\tables.py","tables.py","D:\MAGIC\scripts"
"D:\MAGIC\scripts\table_builder.py","table_builder.py","D:\MAGIC\scripts"
"D:\MAGIC\scripts\tags.py","tags.py","D:\MAGIC\scripts"
"D:\MAGIC\scripts\tag_enricher.py","tag_enricher.py","D:\MAGIC\scripts"
"D:\MAGIC\scripts\tag_icon_mapper.py","tag_icon_mapper.py","D:\MAGIC\scripts"
"D:\MAGIC\scripts\take.py","take.py","D:\MAGIC\scripts"
"D:\MAGIC\scripts\tar.py","tar.py","D:\MAGIC\scripts"
"D:\MAGIC\scripts\target.py","target.py","D:\MAGIC\scripts"
"D:\MAGIC\scripts\target_python.py","target_python.py","D:\MAGIC\scripts"
"D:\MAGIC\scripts\task_status.py","task_status.py","D:\MAGIC\scripts"
"D:\MAGIC\scripts\teePen.py","teePen.py","D:\MAGIC\scripts"
"D:\MAGIC\scripts\telegram.py","telegram.py","D:\MAGIC\scripts"
"D:\MAGIC\scripts\template.py","template.py","D:\MAGIC\scripts"
"D:\MAGIC\scripts\temp_dir.py","temp_dir.py","D:\MAGIC\scripts"
"D:\MAGIC\scripts\terminal.py","terminal.py","D:\MAGIC\scripts"
"D:\MAGIC\scripts\terminal256.py","terminal256.py","D:\MAGIC\scripts"
"D:\MAGIC\scripts\terminal_theme.py","terminal_theme.py","D:\MAGIC\scripts"
"D:\MAGIC\scripts\termui.py","termui.py","D:\MAGIC\scripts"
"D:\MAGIC\scripts\test.py","test.py","D:\MAGIC\scripts"
"D:\MAGIC\scripts\testing.py","testing.py","D:\MAGIC\scripts"
"D:\MAGIC\scripts\testing_2.py","testing_2.py","D:\MAGIC\scripts"
"D:\MAGIC\scripts\tests.py","tests.py","D:\MAGIC\scripts"
"D:\MAGIC\scripts\tests_content.py","tests_content.py","D:\MAGIC\scripts"
"D:\MAGIC\scripts\tests_scrapers.py","tests_scrapers.py","D:\MAGIC\scripts"
"D:\MAGIC\scripts\tests_scrapers_2.py","tests_scrapers_2.py","D:\MAGIC\scripts"
"D:\MAGIC\scripts\testTools.py","testTools.py","D:\MAGIC\scripts"
"D:\MAGIC\scripts\testutils.py","testutils.py","D:\MAGIC\scripts"
"D:\MAGIC\scripts\test_abc.py","test_abc.py","D:\MAGIC\scripts"
"D:\MAGIC\scripts\test_abnf.py","test_abnf.py","D:\MAGIC\scripts"
"D:\MAGIC\scripts\test_abstract_interface.py","test_abstract_interface.py","D:\MAGIC\scripts"
"D:\MAGIC\scripts\test_accessor.py","test_accessor.py","D:\MAGIC\scripts"
"D:\MAGIC\scripts\test_add_prefix_suffix.py","test_add_prefix_suffix.py","D:\MAGIC\scripts"
"D:\MAGIC\scripts\test_aggregate.py","test_aggregate.py","D:\MAGIC\scripts"
"D:\MAGIC\scripts\test_aggregation.py","test_aggregation.py","D:\MAGIC\scripts"
"D:\MAGIC\scripts\test_ai_content.py","test_ai_content.py","D:\MAGIC\scripts"
"D:\MAGIC\scripts\test_algos.py","test_algos.py","D:\MAGIC\scripts"
"D:\MAGIC\scripts\test_align.py","test_align.py","D:\MAGIC\scripts"
"D:\MAGIC\scripts\test_allowlist.py","test_allowlist.py","D:\MAGIC\scripts"
"D:\MAGIC\scripts\test_all_methods.py","test_all_methods.py","D:\MAGIC\scripts"
"D:\MAGIC\scripts\test_alter_axes.py","test_alter_axes.py","D:\MAGIC\scripts"
"D:\MAGIC\scripts\test_analytics.py","test_analytics.py","D:\MAGIC\scripts"
"D:\MAGIC\scripts\test_any_all.py","test_any_all.py","D:\MAGIC\scripts"
"D:\MAGIC\scripts\test_any_index.py","test_any_index.py","D:\MAGIC\scripts"
"D:\MAGIC\scripts\test_api.py","test_api.py","D:\MAGIC\scripts"
"D:\MAGIC\scripts\test_app.py","test_app.py","D:\MAGIC\scripts"
"D:\MAGIC\scripts\test_append.py","test_append.py","D:\MAGIC\scripts"
"D:\MAGIC\scripts\test_append_common.py","test_append_common.py","D:\MAGIC\scripts"
"D:\MAGIC\scripts\test_apply.py","test_apply.py","D:\MAGIC\scripts"
"D:\MAGIC\scripts\test_apply_mutate.py","test_apply_mutate.py","D:\MAGIC\scripts"
"D:\MAGIC\scripts\test_argparse.py","test_argparse.py","D:\MAGIC\scripts"
"D:\MAGIC\scripts\test_argsort.py","test_argsort.py","D:\MAGIC\scripts"
"D:\MAGIC\scripts\test_arithmetic.py","test_arithmetic.py","D:\MAGIC\scripts"
"D:\MAGIC\scripts\test_arithmetics.py","test_arithmetics.py","D:\MAGIC\scripts"
"D:\MAGIC\scripts\test_array.py","test_array.py","D:\MAGIC\scripts"
"D:\MAGIC\scripts\test_arraymethod.py","test_arraymethod.py","D:\MAGIC\scripts"
"D:\MAGIC\scripts\test_arrayobject.py","test_arrayobject.py","D:\MAGIC\scripts"
"D:\MAGIC\scripts\test_arraypad.py","test_arraypad.py","D:\MAGIC\scripts"
"D:\MAGIC\scripts\test_arrayprint.py","test_arrayprint.py","D:\MAGIC\scripts"
"D:\MAGIC\scripts\test_arraysetops.py","test_arraysetops.py","D:\MAGIC\scripts"
"D:\MAGIC\scripts\test_arrayterator.py","test_arrayterator.py","D:\MAGIC\scripts"
"D:\MAGIC\scripts\test_array_api_info.py","test_array_api_info.py","D:\MAGIC\scripts"
"D:\MAGIC\scripts\test_array_coercion.py","test_array_coercion.py","D:\MAGIC\scripts"
"D:\MAGIC\scripts\test_array_from_pyobj.py","test_array_from_pyobj.py","D:\MAGIC\scripts"
"D:\MAGIC\scripts\test_array_interface.py","test_array_interface.py","D:\MAGIC\scripts"
"D:\MAGIC\scripts\test_array_ops.py","test_array_ops.py","D:\MAGIC\scripts"
"D:\MAGIC\scripts\test_array_to_datetime.py","test_array_to_datetime.py","D:\MAGIC\scripts"
"D:\MAGIC\scripts\test_array_utils.py","test_array_utils.py","D:\MAGIC\scripts"
"D:\MAGIC\scripts\test_array_with_attr.py","test_array_with_attr.py","D:\MAGIC\scripts"
"D:\MAGIC\scripts\test_arrow.py","test_arrow.py","D:\MAGIC\scripts"
"D:\MAGIC\scripts\test_arrow_compat.py","test_arrow_compat.py","D:\MAGIC\scripts"
"D:\MAGIC\scripts\test_arrow_interface.py","test_arrow_interface.py","D:\MAGIC\scripts"
"D:\MAGIC\scripts\test_asfreq.py","test_asfreq.py","D:\MAGIC\scripts"
"D:\MAGIC\scripts\test_asof.py","test_asof.py","D:\MAGIC\scripts"
"D:\MAGIC\scripts\test_assert_almost_equal.py","test_assert_almost_equal.py","D:\MAGIC\scripts"
"D:\MAGIC\scripts\test_assert_attr_equal.py","test_assert_attr_equal.py","D:\MAGIC\scripts"
"D:\MAGIC\scripts\test_assert_categorical_equal.py","test_assert_categorical_equal.py","D:\MAGIC\scripts"
"D:\MAGIC\scripts\test_assert_extension_array_equal.py","test_assert_extension_array_equal.py","D:\MAGIC\scripts"
"D:\MAGIC\scripts\test_assert_frame_equal.py","test_assert_frame_equal.py","D:\MAGIC\scripts"
"D:\MAGIC\scripts\test_assert_index_equal.py","test_assert_index_equal.py","D:\MAGIC\scripts"
"D:\MAGIC\scripts\test_assert_interval_array_equal.py","test_assert_interval_array_equal.py","D:\MAGIC\scripts"
"D:\MAGIC\scripts\test_assert_numpy_array_equal.py","test_assert_numpy_array_equal.py","D:\MAGIC\scripts"
"D:\MAGIC\scripts\test_assert_produces_warning.py","test_assert_produces_warning.py","D:\MAGIC\scripts"
"D:\MAGIC\scripts\test_assert_series_equal.py","test_assert_series_equal.py","D:\MAGIC\scripts"
"D:\MAGIC\scripts\test_assign.py","test_assign.py","D:\MAGIC\scripts"
"D:\MAGIC\scripts\test_assumed_shape.py","test_assumed_shape.py","D:\MAGIC\scripts"
"D:\MAGIC\scripts\test_astype.py","test_astype.py","D:\MAGIC\scripts"
"D:\MAGIC\scripts\test_asyncgen.py","test_asyncgen.py","D:\MAGIC\scripts"
"D:\MAGIC\scripts\test_as_unit.py","test_as_unit.py","D:\MAGIC\scripts"
"D:\MAGIC\scripts\test_at.py","test_at.py","D:\MAGIC\scripts"
"D:\MAGIC\scripts\test_at_time.py","test_at_time.py","D:\MAGIC\scripts"
"D:\MAGIC\scripts\test_autocorr.py","test_autocorr.py","D:\MAGIC\scripts"
"D:\MAGIC\scripts\test_backend.py","test_backend.py","D:\MAGIC\scripts"
"D:\MAGIC\scripts\test_bar.py","test_bar.py","D:\MAGIC\scripts"
"D:\MAGIC\scripts\test_base.py","test_base.py","D:\MAGIC\scripts"
"D:\MAGIC\scripts\test_base_indexer.py","test_base_indexer.py","D:\MAGIC\scripts"
"D:\MAGIC\scripts\test_between.py","test_between.py","D:\MAGIC\scripts"
"D:\MAGIC\scripts\test_between_time.py","test_between_time.py","D:\MAGIC\scripts"
"D:\MAGIC\scripts\test_bin_groupby.py","test_bin_groupby.py","D:\MAGIC\scripts"
"D:\MAGIC\scripts\test_block_docstring.py","test_block_docstring.py","D:\MAGIC\scripts"
"D:\MAGIC\scripts\test_block_internals.py","test_block_internals.py","D:\MAGIC\scripts"
"D:\MAGIC\scripts\test_bool.py","test_bool.py","D:\MAGIC\scripts"
"D:\MAGIC\scripts\test_boolean.py","test_boolean.py","D:\MAGIC\scripts"
"D:\MAGIC\scripts\test_boxplot_method.py","test_boxplot_method.py","D:\MAGIC\scripts"
"D:\MAGIC\scripts\test_budget.py","test_budget.py","D:\MAGIC\scripts"
"D:\MAGIC\scripts\test_budget_backup.py","test_budget_backup.py","D:\MAGIC\scripts"
"D:\MAGIC\scripts\test_build.py","test_build.py","D:\MAGIC\scripts"
"D:\MAGIC\scripts\test_builder.py","test_builder.py","D:\MAGIC\scripts"
"D:\MAGIC\scripts\test_builder_2.py","test_builder_2.py","D:\MAGIC\scripts"
"D:\MAGIC\scripts\test_builder_registry.py","test_builder_registry.py","D:\MAGIC\scripts"
"D:\MAGIC\scripts\test_builder_registry_2.py","test_builder_registry_2.py","D:\MAGIC\scripts"
"D:\MAGIC\scripts\test_build_ext.py","test_build_ext.py","D:\MAGIC\scripts"
"D:\MAGIC\scripts\test_business_day.py","test_business_day.py","D:\MAGIC\scripts"
"D:\MAGIC\scripts\test_business_hour.py","test_business_hour.py","D:\MAGIC\scripts"
"D:\MAGIC\scripts\test_business_month.py","test_business_month.py","D:\MAGIC\scripts"
"D:\MAGIC\scripts\test_business_quarter.py","test_business_quarter.py","D:\MAGIC\scripts"
"D:\MAGIC\scripts\test_business_year.py","test_business_year.py","D:\MAGIC\scripts"
"D:\MAGIC\scripts\test_byteswap.py","test_byteswap.py","D:\MAGIC\scripts"
"D:\MAGIC\scripts\test_calendar.py","test_calendar.py","D:\MAGIC\scripts"
"D:\MAGIC\scripts\test_callback.py","test_callback.py","D:\MAGIC\scripts"
"D:\MAGIC\scripts\test_can_hold_element.py","test_can_hold_element.py","D:\MAGIC\scripts"
"D:\MAGIC\scripts\test_cases.py","test_cases.py","D:\MAGIC\scripts"
"D:\MAGIC\scripts\test_case_justify.py","test_case_justify.py","D:\MAGIC\scripts"
"D:\MAGIC\scripts\test_case_when.py","test_case_when.py","D:\MAGIC\scripts"
"D:\MAGIC\scripts\test_casting_floatingpoint_errors.py","test_casting_floatingpoint_errors.py","D:\MAGIC\scripts"
"D:\MAGIC\scripts\test_casting_unittests.py","test_casting_unittests.py","D:\MAGIC\scripts"
"D:\MAGIC\scripts\test_cat.py","test_cat.py","D:\MAGIC\scripts"
"D:\MAGIC\scripts\test_categorical.py","test_categorical.py","D:\MAGIC\scripts"
"D:\MAGIC\scripts\test_category.py","test_category.py","D:\MAGIC\scripts"
"D:\MAGIC\scripts\test_cat_accessor.py","test_cat_accessor.py","D:\MAGIC\scripts"
"D:\MAGIC\scripts\test_ccalendar.py","test_ccalendar.py","D:\MAGIC\scripts"
"D:\MAGIC\scripts\test_ccompiler_opt.py","test_ccompiler_opt.py","D:\MAGIC\scripts"
"D:\MAGIC\scripts\test_ccompiler_opt_conf.py","test_ccompiler_opt_conf.py","D:\MAGIC\scripts"
"D:\MAGIC\scripts\test_chained_assignment_deprecation.py","test_chained_assignment_deprecation.py","D:\MAGIC\scripts"
"D:\MAGIC\scripts\test_chaining_and_caching.py","test_chaining_and_caching.py","D:\MAGIC\scripts"
"D:\MAGIC\scripts\test_channel.py","test_channel.py","D:\MAGIC\scripts"
"D:\MAGIC\scripts\test_character.py","test_character.py","D:\MAGIC\scripts"
"D:\MAGIC\scripts\test_chebyshev.py","test_chebyshev.py","D:\MAGIC\scripts"
"D:\MAGIC\scripts\test_check_indexer.py","test_check_indexer.py","D:\MAGIC\scripts"
"D:\MAGIC\scripts\test_chrome.py","test_chrome.py","D:\MAGIC\scripts"
"D:\MAGIC\scripts\test_chunksize.py","test_chunksize.py","D:\MAGIC\scripts"
"D:\MAGIC\scripts\test_classes.py","test_classes.py","D:\MAGIC\scripts"
"D:\MAGIC\scripts\test_clean_lite_2.py","test_clean_lite_2.py","D:\MAGIC\scripts"
"D:\MAGIC\scripts\test_clip.py","test_clip.py","D:\MAGIC\scripts"
"D:\MAGIC\scripts\test_clipboard.py","test_clipboard.py","D:\MAGIC\scripts"
"D:\MAGIC\scripts\test_coercion.py","test_coercion.py","D:\MAGIC\scripts"
"D:\MAGIC\scripts\test_combine.py","test_combine.py","D:\MAGIC\scripts"
"D:\MAGIC\scripts\test_combine_concat.py","test_combine_concat.py","D:\MAGIC\scripts"
"D:\MAGIC\scripts\test_combine_first.py","test_combine_first.py","D:\MAGIC\scripts"
"D:\MAGIC\scripts\test_comment.py","test_comment.py","D:\MAGIC\scripts"
"D:\MAGIC\scripts\test_comments.py","test_comments.py","D:\MAGIC\scripts"
"D:\MAGIC\scripts\test_common.py","test_common.py","D:\MAGIC\scripts"
"D:\MAGIC\scripts\test_common_basic.py","test_common_basic.py","D:\MAGIC\scripts"
"D:\MAGIC\scripts\test_compare.py","test_compare.py","D:\MAGIC\scripts"
"D:\MAGIC\scripts\test_comparison.py","test_comparison.py","D:\MAGIC\scripts"
"D:\MAGIC\scripts\test_comparisons.py","test_comparisons.py","D:\MAGIC\scripts"
"D:\MAGIC\scripts\test_compat.py","test_compat.py","D:\MAGIC\scripts"
"D:\MAGIC\scripts\test_compile_function.py","test_compile_function.py","D:\MAGIC\scripts"
"D:\MAGIC\scripts\test_complex.py","test_complex.py","D:\MAGIC\scripts"
"D:\MAGIC\scripts\test_compression.py","test_compression.py","D:\MAGIC\scripts"
"D:\MAGIC\scripts\test_concat.py","test_concat.py","D:\MAGIC\scripts"
"D:\MAGIC\scripts\test_concatenate_chunks.py","test_concatenate_chunks.py","D:\MAGIC\scripts"
"D:\MAGIC\scripts\test_config.py","test_config.py","D:\MAGIC\scripts"
"D:\MAGIC\scripts\test_configtool.py","test_configtool.py","D:\MAGIC\scripts"
"D:\MAGIC\scripts\test_console.py","test_console.py","D:\MAGIC\scripts"
"D:\MAGIC\scripts\test_construction.py","test_construction.py","D:\MAGIC\scripts"
"D:\MAGIC\scripts\test_constructors.py","test_constructors.py","D:\MAGIC\scripts"
"D:\MAGIC\scripts\test_construct_from_scalar.py","test_construct_from_scalar.py","D:\MAGIC\scripts"
"D:\MAGIC\scripts\test_construct_ndarray.py","test_construct_ndarray.py","D:\MAGIC\scripts"
"D:\MAGIC\scripts\test_construct_object_arr.py","test_construct_object_arr.py","D:\MAGIC\scripts"
"D:\MAGIC\scripts\test_contains.py","test_contains.py","D:\MAGIC\scripts"
"D:\MAGIC\scripts\test_content.py","test_content.py","D:\MAGIC\scripts"
"D:\MAGIC\scripts\test_contextvars.py","test_contextvars.py","D:\MAGIC\scripts"
"D:\MAGIC\scripts\test_conversion.py","test_conversion.py","D:\MAGIC\scripts"
"D:\MAGIC\scripts\test_conversion_utils.py","test_conversion_utils.py","D:\MAGIC\scripts"
"D:\MAGIC\scripts\test_convert.py","test_convert.py","D:\MAGIC\scripts"
"D:\MAGIC\scripts\test_converter.py","test_converter.py","D:\MAGIC\scripts"
"D:\MAGIC\scripts\test_converters.py","test_converters.py","D:\MAGIC\scripts"
"D:\MAGIC\scripts\test_convert_dtypes.py","test_convert_dtypes.py","D:\MAGIC\scripts"
"D:\MAGIC\scripts\test_cookiejar.py","test_cookiejar.py","D:\MAGIC\scripts"
"D:\MAGIC\scripts\test_copy.py","test_copy.py","D:\MAGIC\scripts"
"D:\MAGIC\scripts\test_core.py","test_core.py","D:\MAGIC\scripts"
"D:\MAGIC\scripts\test_core_functionalities.py","test_core_functionalities.py","D:\MAGIC\scripts"
"D:\MAGIC\scripts\test_corrwith.py","test_corrwith.py","D:\MAGIC\scripts"
"D:\MAGIC\scripts\test_count.py","test_count.py","D:\MAGIC\scripts"
"D:\MAGIC\scripts\test_counting.py","test_counting.py","D:\MAGIC\scripts"
"D:\MAGIC\scripts\test_count_with_level_deprecated.py","test_count_with_level_deprecated.py","D:\MAGIC\scripts"
"D:\MAGIC\scripts\test_cov_corr.py","test_cov_corr.py","D:\MAGIC\scripts"
"D:\MAGIC\scripts\test_cpp.py","test_cpp.py","D:\MAGIC\scripts"
"D:\MAGIC\scripts\test_cpu_dispatcher.py","test_cpu_dispatcher.py","D:\MAGIC\scripts"
"D:\MAGIC\scripts\test_cpu_features.py","test_cpu_features.py","D:\MAGIC\scripts"
"D:\MAGIC\scripts\test_crackfortran.py","test_crackfortran.py","D:\MAGIC\scripts"
"D:\MAGIC\scripts\test_crosstab.py","test_crosstab.py","D:\MAGIC\scripts"
"D:\MAGIC\scripts\test_css.py","test_css.py","D:\MAGIC\scripts"
"D:\MAGIC\scripts\test_css_2.py","test_css_2.py","D:\MAGIC\scripts"
"D:\MAGIC\scripts\test_ctypeslib.py","test_ctypeslib.py","D:\MAGIC\scripts"
"D:\MAGIC\scripts\test_cumulative.py","test_cumulative.py","D:\MAGIC\scripts"
"D:\MAGIC\scripts\test_custom_business_day.py","test_custom_business_day.py","D:\MAGIC\scripts"
"D:\MAGIC\scripts\test_custom_business_hour.py","test_custom_business_hour.py","D:\MAGIC\scripts"
"D:\MAGIC\scripts\test_custom_business_month.py","test_custom_business_month.py","D:\MAGIC\scripts"
"D:\MAGIC\scripts\test_custom_dtypes.py","test_custom_dtypes.py","D:\MAGIC\scripts"
"D:\MAGIC\scripts\test_cut.py","test_cut.py","D:\MAGIC\scripts"
"D:\MAGIC\scripts\test_cython.py","test_cython.py","D:\MAGIC\scripts"
"D:\MAGIC\scripts\test_cython_aggregations.py","test_cython_aggregations.py","D:\MAGIC\scripts"
"D:\MAGIC\scripts\test_c_parser_only.py","test_c_parser_only.py","D:\MAGIC\scripts"
"D:\MAGIC\scripts\test_dammit.py","test_dammit.py","D:\MAGIC\scripts"
"D:\MAGIC\scripts\test_dammit_2.py","test_dammit_2.py","D:\MAGIC\scripts"
"D:\MAGIC\scripts\test_dashboard_queries.py","test_dashboard_queries.py","D:\MAGIC\scripts"
"D:\MAGIC\scripts\test_data.py","test_data.py","D:\MAGIC\scripts"
"D:\MAGIC\scripts\test_dataframe.py","test_dataframe.py","D:\MAGIC\scripts"
"D:\MAGIC\scripts\test_data_list.py","test_data_list.py","D:\MAGIC\scripts"
"D:\MAGIC\scripts\test_datetime.py","test_datetime.py","D:\MAGIC\scripts"
"D:\MAGIC\scripts\test_datetime64.py","test_datetime64.py","D:\MAGIC\scripts"
"D:\MAGIC\scripts\test_datetimeindex.py","test_datetimeindex.py","D:\MAGIC\scripts"
"D:\MAGIC\scripts\test_datetimelike.py","test_datetimelike.py","D:\MAGIC\scripts"
"D:\MAGIC\scripts\test_datetimes.py","test_datetimes.py","D:\MAGIC\scripts"
"D:\MAGIC\scripts\test_datetime_index.py","test_datetime_index.py","D:\MAGIC\scripts"
"D:\MAGIC\scripts\test_date_converters.py","test_date_converters.py","D:\MAGIC\scripts"
"D:\MAGIC\scripts\test_date_range.py","test_date_range.py","D:\MAGIC\scripts"
"D:\MAGIC\scripts\test_db_ingestion.py","test_db_ingestion.py","D:\MAGIC\scripts"
"D:\MAGIC\scripts\test_decimal.py","test_decimal.py","D:\MAGIC\scripts"
"D:\MAGIC\scripts\test_defchararray.py","test_defchararray.py","D:\MAGIC\scripts"
"D:\MAGIC\scripts\test_defmatrix.py","test_defmatrix.py","D:\MAGIC\scripts"
"D:\MAGIC\scripts\test_delete.py","test_delete.py","D:\MAGIC\scripts"
"D:\MAGIC\scripts\test_delitem.py","test_delitem.py","D:\MAGIC\scripts"
"D:\MAGIC\scripts\test_deprecate.py","test_deprecate.py","D:\MAGIC\scripts"
"D:\MAGIC\scripts\test_deprecated.py","test_deprecated.py","D:\MAGIC\scripts"
"D:\MAGIC\scripts\test_deprecated_kwargs.py","test_deprecated_kwargs.py","D:\MAGIC\scripts"
"D:\MAGIC\scripts\test_deprecate_kwarg.py","test_deprecate_kwarg.py","D:\MAGIC\scripts"
"D:\MAGIC\scripts\test_deprecate_nonkeyword_arguments.py","test_deprecate_nonkeyword_arguments.py","D:\MAGIC\scripts"
"D:\MAGIC\scripts\test_deprecate_strict_exception_groups_false.py","test_deprecate_strict_exception_groups_false.py","D:\MAGIC\scripts"
"D:\MAGIC\scripts\test_deprecations.py","test_deprecations.py","D:\MAGIC\scripts"
"D:\MAGIC\scripts\test_deprecations_2.py","test_deprecations_2.py","D:\MAGIC\scripts"
"D:\MAGIC\scripts\test_deprecations_3.py","test_deprecations_3.py","D:\MAGIC\scripts"
"D:\MAGIC\scripts\test_describe.py","test_describe.py","D:\MAGIC\scripts"
"D:\MAGIC\scripts\test_dialect.py","test_dialect.py","D:\MAGIC\scripts"
"D:\MAGIC\scripts\test_dict_compat.py","test_dict_compat.py","D:\MAGIC\scripts"
"D:\MAGIC\scripts\test_diff.py","test_diff.py","D:\MAGIC\scripts"
"D:\MAGIC\scripts\test_direct.py","test_direct.py","D:\MAGIC\scripts"
"D:\MAGIC\scripts\test_dlpack.py","test_dlpack.py","D:\MAGIC\scripts"
"D:\MAGIC\scripts\test_doc.py","test_doc.py","D:\MAGIC\scripts"
"D:\MAGIC\scripts\test_docs.py","test_docs.py","D:\MAGIC\scripts"
"D:\MAGIC\scripts\test_doctesting.py","test_doctesting.py","D:\MAGIC\scripts"
"D:\MAGIC\scripts\test_dot.py","test_dot.py","D:\MAGIC\scripts"
"D:\MAGIC\scripts\test_downcast.py","test_downcast.py","D:\MAGIC\scripts"
"D:\MAGIC\scripts\test_downstream.py","test_downstream.py","D:\MAGIC\scripts"
"D:\MAGIC\scripts\test_drop.py","test_drop.py","D:\MAGIC\scripts"
"D:\MAGIC\scripts\test_droplevel.py","test_droplevel.py","D:\MAGIC\scripts"
"D:\MAGIC\scripts\test_dropna.py","test_dropna.py","D:\MAGIC\scripts"
"D:\MAGIC\scripts\test_drop_duplicates.py","test_drop_duplicates.py","D:\MAGIC\scripts"
"D:\MAGIC\scripts\test_dst.py","test_dst.py","D:\MAGIC\scripts"
"D:\MAGIC\scripts\test_dtls.py","test_dtls.py","D:\MAGIC\scripts"
"D:\MAGIC\scripts\test_dtype.py","test_dtype.py","D:\MAGIC\scripts"
"D:\MAGIC\scripts\test_dtypes.py","test_dtypes.py","D:\MAGIC\scripts"
"D:\MAGIC\scripts\test_dtypes_basic.py","test_dtypes_basic.py","D:\MAGIC\scripts"
"D:\MAGIC\scripts\test_dt_accessor.py","test_dt_accessor.py","D:\MAGIC\scripts"
"D:\MAGIC\scripts\test_duplicated.py","test_duplicated.py","D:\MAGIC\scripts"
"D:\MAGIC\scripts\test_duplicates.py","test_duplicates.py","D:\MAGIC\scripts"
"D:\MAGIC\scripts\test_duplicate_labels.py","test_duplicate_labels.py","D:\MAGIC\scripts"
"D:\MAGIC\scripts\test_easter.py","test_easter.py","D:\MAGIC\scripts"
"D:\MAGIC\scripts\test_einsum.py","test_einsum.py","D:\MAGIC\scripts"
"D:\MAGIC\scripts\test_element.py","test_element.py","D:\MAGIC\scripts"
"D:\MAGIC\scripts\test_element_2.py","test_element_2.py","D:\MAGIC\scripts"
"D:\MAGIC\scripts\test_empty.py","test_empty.py","D:\MAGIC\scripts"
"D:\MAGIC\scripts\test_encoding.py","test_encoding.py","D:\MAGIC\scripts"
"D:\MAGIC\scripts\test_engines.py","test_engines.py","D:\MAGIC\scripts"
"D:\MAGIC\scripts\test_eng_formatting.py","test_eng_formatting.py","D:\MAGIC\scripts"
"D:\MAGIC\scripts\test_equals.py","test_equals.py","D:\MAGIC\scripts"
"D:\MAGIC\scripts\test_equivalence.py","test_equivalence.py","D:\MAGIC\scripts"
"D:\MAGIC\scripts\test_errors.py","test_errors.py","D:\MAGIC\scripts"
"D:\MAGIC\scripts\test_errstate.py","test_errstate.py","D:\MAGIC\scripts"
"D:\MAGIC\scripts\test_eval.py","test_eval.py","D:\MAGIC\scripts"
"D:\MAGIC\scripts\test_ewm.py","test_ewm.py","D:\MAGIC\scripts"
"D:\MAGIC\scripts\test_exceptiongroup_gc.py","test_exceptiongroup_gc.py","D:\MAGIC\scripts"
"D:\MAGIC\scripts\test_exceptions.py","test_exceptions.py","D:\MAGIC\scripts"
"D:\MAGIC\scripts\test_exec_command.py","test_exec_command.py","D:\MAGIC\scripts"
"D:\MAGIC\scripts\test_expanding.py","test_expanding.py","D:\MAGIC\scripts"
"D:\MAGIC\scripts\test_explode.py","test_explode.py","D:\MAGIC\scripts"
"D:\MAGIC\scripts\test_exports.py","test_exports.py","D:\MAGIC\scripts"
"D:\MAGIC\scripts\test_expressions.py","test_expressions.py","D:\MAGIC\scripts"
"D:\MAGIC\scripts\test_extending.py","test_extending.py","D:\MAGIC\scripts"
"D:\MAGIC\scripts\test_extension.py","test_extension.py","D:\MAGIC\scripts"
"D:\MAGIC\scripts\test_extension_interface.py","test_extension_interface.py","D:\MAGIC\scripts"
"D:\MAGIC\scripts\test_external_block.py","test_external_block.py","D:\MAGIC\scripts"
"D:\MAGIC\scripts\test_extint128.py","test_extint128.py","D:\MAGIC\scripts"
"D:\MAGIC\scripts\test_extract.py","test_extract.py","D:\MAGIC\scripts"
"D:\MAGIC\scripts\test_extract_array.py","test_extract_array.py","D:\MAGIC\scripts"
"D:\MAGIC\scripts\test_extras.py","test_extras.py","D:\MAGIC\scripts"
"D:\MAGIC\scripts\test_f2cmap.py","test_f2cmap.py","D:\MAGIC\scripts"
"D:\MAGIC\scripts\test_f2py2e.py","test_f2py2e.py","D:\MAGIC\scripts"
"D:\MAGIC\scripts\test_factorize.py","test_factorize.py","D:\MAGIC\scripts"
"D:\MAGIC\scripts\test_fakenet.py","test_fakenet.py","D:\MAGIC\scripts"
"D:\MAGIC\scripts\test_fcompiler.py","test_fcompiler.py","D:\MAGIC\scripts"
"D:\MAGIC\scripts\test_fcompiler_gnu.py","test_fcompiler_gnu.py","D:\MAGIC\scripts"
"D:\MAGIC\scripts\test_fcompiler_intel.py","test_fcompiler_intel.py","D:\MAGIC\scripts"
"D:\MAGIC\scripts\test_fcompiler_nagfor.py","test_fcompiler_nagfor.py","D:\MAGIC\scripts"
"D:\MAGIC\scripts\test_feather.py","test_feather.py","D:\MAGIC\scripts"
"D:\MAGIC\scripts\test_federal.py","test_federal.py","D:\MAGIC\scripts"
"D:\MAGIC\scripts\test_fields.py","test_fields.py","D:\MAGIC\scripts"
"D:\MAGIC\scripts\test_file_buffer_url.py","test_file_buffer_url.py","D:\MAGIC\scripts"
"D:\MAGIC\scripts\test_file_handling.py","test_file_handling.py","D:\MAGIC\scripts"
"D:\MAGIC\scripts\test_file_io.py","test_file_io.py","D:\MAGIC\scripts"
"D:\MAGIC\scripts\test_fillna.py","test_fillna.py","D:\MAGIC\scripts"
"D:\MAGIC\scripts\test_filter.py","test_filter.py","D:\MAGIC\scripts"
"D:\MAGIC\scripts\test_filters.py","test_filters.py","D:\MAGIC\scripts"
"D:\MAGIC\scripts\test_filter_2.py","test_filter_2.py","D:\MAGIC\scripts"
"D:\MAGIC\scripts\test_finalize.py","test_finalize.py","D:\MAGIC\scripts"
"D:\MAGIC\scripts\test_financial_expired.py","test_financial_expired.py","D:\MAGIC\scripts"
"D:\MAGIC\scripts\test_find_common_type.py","test_find_common_type.py","D:\MAGIC\scripts"
"D:\MAGIC\scripts\test_find_replace.py","test_find_replace.py","D:\MAGIC\scripts"
"D:\MAGIC\scripts\test_first_and_last.py","test_first_and_last.py","D:\MAGIC\scripts"
"D:\MAGIC\scripts\test_first_valid_index.py","test_first_valid_index.py","D:\MAGIC\scripts"
"D:\MAGIC\scripts\test_fiscal.py","test_fiscal.py","D:\MAGIC\scripts"
"D:\MAGIC\scripts\test_flags.py","test_flags.py","D:\MAGIC\scripts"
"D:\MAGIC\scripts\test_float.py","test_float.py","D:\MAGIC\scripts"
"D:\MAGIC\scripts\test_floating.py","test_floating.py","D:\MAGIC\scripts"
"D:\MAGIC\scripts\test_floats.py","test_floats.py","D:\MAGIC\scripts"
"D:\MAGIC\scripts\test_format.py","test_format.py","D:\MAGIC\scripts"
"D:\MAGIC\scripts\test_formats.py","test_formats.py","D:\MAGIC\scripts"
"D:\MAGIC\scripts\test_formatter.py","test_formatter.py","D:\MAGIC\scripts"
"D:\MAGIC\scripts\test_formatter_2.py","test_formatter_2.py","D:\MAGIC\scripts"
"D:\MAGIC\scripts\test_frame.py","test_frame.py","D:\MAGIC\scripts"
"D:\MAGIC\scripts\test_frame_apply.py","test_frame_apply.py","D:\MAGIC\scripts"
"D:\MAGIC\scripts\test_frame_apply_relabeling.py","test_frame_apply_relabeling.py","D:\MAGIC\scripts"
"D:\MAGIC\scripts\test_frame_color.py","test_frame_color.py","D:\MAGIC\scripts"
"D:\MAGIC\scripts\test_frame_groupby.py","test_frame_groupby.py","D:\MAGIC\scripts"
"D:\MAGIC\scripts\test_frame_legend.py","test_frame_legend.py","D:\MAGIC\scripts"
"D:\MAGIC\scripts\test_frame_subplots.py","test_frame_subplots.py","D:\MAGIC\scripts"
"D:\MAGIC\scripts\test_frame_transform.py","test_frame_transform.py","D:\MAGIC\scripts"
"D:\MAGIC\scripts\test_frame_value_counts.py","test_frame_value_counts.py","D:\MAGIC\scripts"
"D:\MAGIC\scripts\test_frequencies.py","test_frequencies.py","D:\MAGIC\scripts"
"D:\MAGIC\scripts\test_freq_attr.py","test_freq_attr.py","D:\MAGIC\scripts"
"D:\MAGIC\scripts\test_freq_code.py","test_freq_code.py","D:\MAGIC\scripts"
"D:\MAGIC\scripts\test_from_dict.py","test_from_dict.py","D:\MAGIC\scripts"
"D:\MAGIC\scripts\test_from_dummies.py","test_from_dummies.py","D:\MAGIC\scripts"
"D:\MAGIC\scripts\test_from_records.py","test_from_records.py","D:\MAGIC\scripts"
"D:\MAGIC\scripts\test_from_template.py","test_from_template.py","D:\MAGIC\scripts"
"D:\MAGIC\scripts\test_frozen.py","test_frozen.py","D:\MAGIC\scripts"
"D:\MAGIC\scripts\test_fsspec.py","test_fsspec.py","D:\MAGIC\scripts"
"D:\MAGIC\scripts\test_function.py","test_function.py","D:\MAGIC\scripts"
"D:\MAGIC\scripts\test_functions.py","test_functions.py","D:\MAGIC\scripts"
"D:\MAGIC\scripts\test_function_base.py","test_function_base.py","D:\MAGIC\scripts"
"D:\MAGIC\scripts\test_function_base_2.py","test_function_base_2.py","D:\MAGIC\scripts"
"D:\MAGIC\scripts\test_fuzz.py","test_fuzz.py","D:\MAGIC\scripts"
"D:\MAGIC\scripts\test_fuzz_2.py","test_fuzz_2.py","D:\MAGIC\scripts"
"D:\MAGIC\scripts\test_gbq.py","test_gbq.py","D:\MAGIC\scripts"
"D:\MAGIC\scripts\test_gc.py","test_gc.py","D:\MAGIC\scripts"
"D:\MAGIC\scripts\test_gcs.py","test_gcs.py","D:\MAGIC\scripts"
"D:\MAGIC\scripts\test_generator.py","test_generator.py","D:\MAGIC\scripts"
"D:\MAGIC\scripts\test_generator_mt19937.py","test_generator_mt19937.py","D:\MAGIC\scripts"
"D:\MAGIC\scripts\test_generator_mt19937_regressions.py","test_generator_mt19937_regressions.py","D:\MAGIC\scripts"
"D:\MAGIC\scripts\test_generator_nested.py","test_generator_nested.py","D:\MAGIC\scripts"
"D:\MAGIC\scripts\test_generic.py","test_generic.py","D:\MAGIC\scripts"
"D:\MAGIC\scripts\test_generic_alias.py","test_generic_alias.py","D:\MAGIC\scripts"
"D:\MAGIC\scripts\test_gen_exports.py","test_gen_exports.py","D:\MAGIC\scripts"
"D:\MAGIC\scripts\test_get.py","test_get.py","D:\MAGIC\scripts"
"D:\MAGIC\scripts\test_getitem.py","test_getitem.py","D:\MAGIC\scripts"
"D:\MAGIC\scripts\test_getlimits.py","test_getlimits.py","D:\MAGIC\scripts"
"D:\MAGIC\scripts\test_get_dummies.py","test_get_dummies.py","D:\MAGIC\scripts"
"D:\MAGIC\scripts\test_get_level_values.py","test_get_level_values.py","D:\MAGIC\scripts"
"D:\MAGIC\scripts\test_get_numeric_data.py","test_get_numeric_data.py","D:\MAGIC\scripts"
"D:\MAGIC\scripts\test_get_set.py","test_get_set.py","D:\MAGIC\scripts"
"D:\MAGIC\scripts\test_get_value.py","test_get_value.py","D:\MAGIC\scripts"
"D:\MAGIC\scripts\test_greenlet.py","test_greenlet.py","D:\MAGIC\scripts"
"D:\MAGIC\scripts\test_greenlet_trash.py","test_greenlet_trash.py","D:\MAGIC\scripts"
"D:\MAGIC\scripts\test_groupby.py","test_groupby.py","D:\MAGIC\scripts"
"D:\MAGIC\scripts\test_groupby_dropna.py","test_groupby_dropna.py","D:\MAGIC\scripts"
"D:\MAGIC\scripts\test_groupby_shift_diff.py","test_groupby_shift_diff.py","D:\MAGIC\scripts"
"D:\MAGIC\scripts\test_groupby_subclass.py","test_groupby_subclass.py","D:\MAGIC\scripts"
"D:\MAGIC\scripts\test_grouping.py","test_grouping.py","D:\MAGIC\scripts"
"D:\MAGIC\scripts\test_guest_mode.py","test_guest_mode.py","D:\MAGIC\scripts"
"D:\MAGIC\scripts\test_half.py","test_half.py","D:\MAGIC\scripts"
"D:\MAGIC\scripts\test_hashing.py","test_hashing.py","D:\MAGIC\scripts"
"D:\MAGIC\scripts\test_hashtable.py","test_hashtable.py","D:\MAGIC\scripts"
"D:\MAGIC\scripts\test_hashtag.py","test_hashtag.py","D:\MAGIC\scripts"
"D:\MAGIC\scripts\test_header.py","test_header.py","D:\MAGIC\scripts"
"D:\MAGIC\scripts\test_head_tail.py","test_head_tail.py","D:\MAGIC\scripts"
"D:\MAGIC\scripts\test_helper.py","test_helper.py","D:\MAGIC\scripts"
"D:\MAGIC\scripts\test_hermite.py","test_hermite.py","D:\MAGIC\scripts"
"D:\MAGIC\scripts\test_hermite_e.py","test_hermite_e.py","D:\MAGIC\scripts"
"D:\MAGIC\scripts\test_highlevel_generic.py","test_highlevel_generic.py","D:\MAGIC\scripts"
"D:\MAGIC\scripts\test_highlevel_open_tcp_listeners.py","test_highlevel_open_tcp_listeners.py","D:\MAGIC\scripts"
"D:\MAGIC\scripts\test_highlevel_open_tcp_stream.py","test_highlevel_open_tcp_stream.py","D:\MAGIC\scripts"
"D:\MAGIC\scripts\test_highlevel_open_unix_stream.py","test_highlevel_open_unix_stream.py","D:\MAGIC\scripts"
"D:\MAGIC\scripts\test_highlevel_serve_listeners.py","test_highlevel_serve_listeners.py","D:\MAGIC\scripts"
"D:\MAGIC\scripts\test_highlevel_socket.py","test_highlevel_socket.py","D:\MAGIC\scripts"
"D:\MAGIC\scripts\test_highlevel_ssl_helpers.py","test_highlevel_ssl_helpers.py","D:\MAGIC\scripts"
"D:\MAGIC\scripts\test_highlight.py","test_highlight.py","D:\MAGIC\scripts"
"D:\MAGIC\scripts\test_histograms.py","test_histograms.py","D:\MAGIC\scripts"
"D:\MAGIC\scripts\test_hist_box_by.py","test_hist_box_by.py","D:\MAGIC\scripts"
"D:\MAGIC\scripts\test_hist_method.py","test_hist_method.py","D:\MAGIC\scripts"
"D:\MAGIC\scripts\test_holiday.py","test_holiday.py","D:\MAGIC\scripts"
"D:\MAGIC\scripts\test_html.py","test_html.py","D:\MAGIC\scripts"
"D:\MAGIC\scripts\test_html5lib.py","test_html5lib.py","D:\MAGIC\scripts"
"D:\MAGIC\scripts\test_html5lib_2.py","test_html5lib_2.py","D:\MAGIC\scripts"
"D:\MAGIC\scripts\test_htmlparser.py","test_htmlparser.py","D:\MAGIC\scripts"
"D:\MAGIC\scripts\test_htmlparser_2.py","test_htmlparser_2.py","D:\MAGIC\scripts"
"D:\MAGIC\scripts\test_http.py","test_http.py","D:\MAGIC\scripts"
"D:\MAGIC\scripts\test_http_headers.py","test_http_headers.py","D:\MAGIC\scripts"
"D:\MAGIC\scripts\test_iat.py","test_iat.py","D:\MAGIC\scripts"
"D:\MAGIC\scripts\test_iloc.py","test_iloc.py","D:\MAGIC\scripts"
"D:\MAGIC\scripts\test_impl.py","test_impl.py","D:\MAGIC\scripts"
"D:\MAGIC\scripts\test_imports.py","test_imports.py","D:\MAGIC\scripts"
"D:\MAGIC\scripts\test_index.py","test_index.py","D:\MAGIC\scripts"
"D:\MAGIC\scripts\test_indexerrors.py","test_indexerrors.py","D:\MAGIC\scripts"
"D:\MAGIC\scripts\test_indexers.py","test_indexers.py","D:\MAGIC\scripts"
"D:\MAGIC\scripts\test_indexing.py","test_indexing.py","D:\MAGIC\scripts"
"D:\MAGIC\scripts\test_indexing_slow.py","test_indexing_slow.py","D:\MAGIC\scripts"
"D:\MAGIC\scripts\test_index_as_string.py","test_index_as_string.py","D:\MAGIC\scripts"
"D:\MAGIC\scripts\test_index_col.py","test_index_col.py","D:\MAGIC\scripts"
"D:\MAGIC\scripts\test_index_new.py","test_index_new.py","D:\MAGIC\scripts"
"D:\MAGIC\scripts\test_index_tricks.py","test_index_tricks.py","D:\MAGIC\scripts"
"D:\MAGIC\scripts\test_inf.py","test_inf.py","D:\MAGIC\scripts"
"D:\MAGIC\scripts\test_inference.py","test_inference.py","D:\MAGIC\scripts"
"D:\MAGIC\scripts\test_infer_datetimelike.py","test_infer_datetimelike.py","D:\MAGIC\scripts"
"D:\MAGIC\scripts\test_infer_dtype.py","test_infer_dtype.py","D:\MAGIC\scripts"
"D:\MAGIC\scripts\test_infer_objects.py","test_infer_objects.py","D:\MAGIC\scripts"
"D:\MAGIC\scripts\test_info.py","test_info.py","D:\MAGIC\scripts"
"D:\MAGIC\scripts\test_insert.py","test_insert.py","D:\MAGIC\scripts"
"D:\MAGIC\scripts\test_instrumentation.py","test_instrumentation.py","D:\MAGIC\scripts"
"D:\MAGIC\scripts\test_integer.py","test_integer.py","D:\MAGIC\scripts"
"D:\MAGIC\scripts\test_integration.py","test_integration.py","D:\MAGIC\scripts"
"D:\MAGIC\scripts\test_integrity.py","test_integrity.py","D:\MAGIC\scripts"
"D:\MAGIC\scripts\test_interaction.py","test_interaction.py","D:\MAGIC\scripts"
"D:\MAGIC\scripts\test_internals.py","test_internals.py","D:\MAGIC\scripts"
"D:\MAGIC\scripts\test_interpolate.py","test_interpolate.py","D:\MAGIC\scripts"
"D:\MAGIC\scripts\test_interp_fillna.py","test_interp_fillna.py","D:\MAGIC\scripts"
"D:\MAGIC\scripts\test_interval.py","test_interval.py","D:\MAGIC\scripts"
"D:\MAGIC\scripts\test_interval_new.py","test_interval_new.py","D:\MAGIC\scripts"
"D:\MAGIC\scripts\test_interval_pyarrow.py","test_interval_pyarrow.py","D:\MAGIC\scripts"
"D:\MAGIC\scripts\test_interval_range.py","test_interval_range.py","D:\MAGIC\scripts"
"D:\MAGIC\scripts\test_interval_tree.py","test_interval_tree.py","D:\MAGIC\scripts"
"D:\MAGIC\scripts\test_ints.py","test_ints.py","D:\MAGIC\scripts"
"D:\MAGIC\scripts\test_invalid.py","test_invalid.py","D:\MAGIC\scripts"
"D:\MAGIC\scripts\test_invalid_arg.py","test_invalid_arg.py","D:\MAGIC\scripts"
"D:\MAGIC\scripts\test_io.py","test_io.py","D:\MAGIC\scripts"
"D:\MAGIC\scripts\test_ipython_compat.py","test_ipython_compat.py","D:\MAGIC\scripts"
"D:\MAGIC\scripts\test_isetitem.py","test_isetitem.py","D:\MAGIC\scripts"
"D:\MAGIC\scripts\test_isfile.py","test_isfile.py","D:\MAGIC\scripts"
"D:\MAGIC\scripts\test_isin.py","test_isin.py","D:\MAGIC\scripts"
"D:\MAGIC\scripts\test_isna.py","test_isna.py","D:\MAGIC\scripts"
"D:\MAGIC\scripts\test_isoc.py","test_isoc.py","D:\MAGIC\scripts"
"D:\MAGIC\scripts\test_isocalendar.py","test_isocalendar.py","D:\MAGIC\scripts"
"D:\MAGIC\scripts\test_is_full.py","test_is_full.py","D:\MAGIC\scripts"
"D:\MAGIC\scripts\test_is_homogeneous_dtype.py","test_is_homogeneous_dtype.py","D:\MAGIC\scripts"
"D:\MAGIC\scripts\test_is_monotonic.py","test_is_monotonic.py","D:\MAGIC\scripts"
"D:\MAGIC\scripts\test_is_unique.py","test_is_unique.py","D:\MAGIC\scripts"
"D:\MAGIC\scripts\test_item.py","test_item.py","D:\MAGIC\scripts"
"D:\MAGIC\scripts\test_item_selection.py","test_item_selection.py","D:\MAGIC\scripts"
"D:\MAGIC\scripts\test_iter.py","test_iter.py","D:\MAGIC\scripts"
"D:\MAGIC\scripts\test_iteration.py","test_iteration.py","D:\MAGIC\scripts"
"D:\MAGIC\scripts\test_iterator.py","test_iterator.py","D:\MAGIC\scripts"
"D:\MAGIC\scripts\test_iterrows.py","test_iterrows.py","D:\MAGIC\scripts"
"D:\MAGIC\scripts\test_join.py","test_join.py","D:\MAGIC\scripts"
"D:\MAGIC\scripts\test_json.py","test_json.py","D:\MAGIC\scripts"
"D:\MAGIC\scripts\test_json_table_schema.py","test_json_table_schema.py","D:\MAGIC\scripts"
"D:\MAGIC\scripts\test_json_table_schema_ext_dtype.py","test_json_table_schema_ext_dtype.py","D:\MAGIC\scripts"
"D:\MAGIC\scripts\test_keys.py","test_keys.py","D:\MAGIC\scripts"
"D:\MAGIC\scripts\test_ki.py","test_ki.py","D:\MAGIC\scripts"
"D:\MAGIC\scripts\test_kind.py","test_kind.py","D:\MAGIC\scripts"
"D:\MAGIC\scripts\test_label_or_level_utils.py","test_label_or_level_utils.py","D:\MAGIC\scripts"
"D:\MAGIC\scripts\test_laguerre.py","test_laguerre.py","D:\MAGIC\scripts"
"D:\MAGIC\scripts\test_lazyloading.py","test_lazyloading.py","D:\MAGIC\scripts"
"D:\MAGIC\scripts\test_leaks.py","test_leaks.py","D:\MAGIC\scripts"
"D:\MAGIC\scripts\test_legendre.py","test_legendre.py","D:\MAGIC\scripts"
"D:\MAGIC\scripts\test_lexsort.py","test_lexsort.py","D:\MAGIC\scripts"
"D:\MAGIC\scripts\test_lib.py","test_lib.py","D:\MAGIC\scripts"
"D:\MAGIC\scripts\test_libalgos.py","test_libalgos.py","D:\MAGIC\scripts"
"D:\MAGIC\scripts\test_libfrequencies.py","test_libfrequencies.py","D:\MAGIC\scripts"
"D:\MAGIC\scripts\test_libgroupby.py","test_libgroupby.py","D:\MAGIC\scripts"
"D:\MAGIC\scripts\test_liboffsets.py","test_liboffsets.py","D:\MAGIC\scripts"
"D:\MAGIC\scripts\test_libsparse.py","test_libsparse.py","D:\MAGIC\scripts"
"D:\MAGIC\scripts\test_limited_api.py","test_limited_api.py","D:\MAGIC\scripts"
"D:\MAGIC\scripts\test_linalg.py","test_linalg.py","D:\MAGIC\scripts"
"D:\MAGIC\scripts\test_list.py","test_list.py","D:\MAGIC\scripts"
"D:\MAGIC\scripts\test_list_accessor.py","test_list_accessor.py","D:\MAGIC\scripts"
"D:\MAGIC\scripts\test_loadtxt.py","test_loadtxt.py","D:\MAGIC\scripts"
"D:\MAGIC\scripts\test_loc.py","test_loc.py","D:\MAGIC\scripts"
"D:\MAGIC\scripts\test_local.py","test_local.py","D:\MAGIC\scripts"
"D:\MAGIC\scripts\test_localization.py","test_localization.py","D:\MAGIC\scripts"
"D:\MAGIC\scripts\test_logical.py","test_logical.py","D:\MAGIC\scripts"
"D:\MAGIC\scripts\test_logical_ops.py","test_logical_ops.py","D:\MAGIC\scripts"
"D:\MAGIC\scripts\test_longdouble.py","test_longdouble.py","D:\MAGIC\scripts"
"D:\MAGIC\scripts\test_lookup.py","test_lookup.py","D:\MAGIC\scripts"
"D:\MAGIC\scripts\test_lxml.py","test_lxml.py","D:\MAGIC\scripts"
"D:\MAGIC\scripts\test_lxml_2.py","test_lxml_2.py","D:\MAGIC\scripts"
"D:\MAGIC\scripts\test_machar.py","test_machar.py","D:\MAGIC\scripts"
"D:\MAGIC\scripts\test_make_objects.py","test_make_objects.py","D:\MAGIC\scripts"
"D:\MAGIC\scripts\test_managers.py","test_managers.py","D:\MAGIC\scripts"
"D:\MAGIC\scripts\test_mangle_dupes.py","test_mangle_dupes.py","D:\MAGIC\scripts"
"D:\MAGIC\scripts\test_map.py","test_map.py","D:\MAGIC\scripts"
"D:\MAGIC\scripts\test_mask.py","test_mask.py","D:\MAGIC\scripts"
"D:\MAGIC\scripts\test_masked.py","test_masked.py","D:\MAGIC\scripts"
"D:\MAGIC\scripts\test_masked_matrix.py","test_masked_matrix.py","D:\MAGIC\scripts"
"D:\MAGIC\scripts\test_matlib.py","test_matlib.py","D:\MAGIC\scripts"
"D:\MAGIC\scripts\test_matmul.py","test_matmul.py","D:\MAGIC\scripts"
"D:\MAGIC\scripts\test_matplotlib.py","test_matplotlib.py","D:\MAGIC\scripts"
"D:\MAGIC\scripts\test_matrix_linalg.py","test_matrix_linalg.py","D:\MAGIC\scripts"
"D:\MAGIC\scripts\test_maybe_box_native.py","test_maybe_box_native.py","D:\MAGIC\scripts"
"D:\MAGIC\scripts\test_melt.py","test_melt.py","D:\MAGIC\scripts"
"D:\MAGIC\scripts\test_memmap.py","test_memmap.py","D:\MAGIC\scripts"
"D:\MAGIC\scripts\test_mem_overlap.py","test_mem_overlap.py","D:\MAGIC\scripts"
"D:\MAGIC\scripts\test_mem_policy.py","test_mem_policy.py","D:\MAGIC\scripts"
"D:\MAGIC\scripts\test_merge.py","test_merge.py","D:\MAGIC\scripts"
"D:\MAGIC\scripts\test_merge_asof.py","test_merge_asof.py","D:\MAGIC\scripts"
"D:\MAGIC\scripts\test_merge_cross.py","test_merge_cross.py","D:\MAGIC\scripts"
"D:\MAGIC\scripts\test_merge_index_as_string.py","test_merge_index_as_string.py","D:\MAGIC\scripts"
"D:\MAGIC\scripts\test_merge_ordered.py","test_merge_ordered.py","D:\MAGIC\scripts"
"D:\MAGIC\scripts\test_methods.py","test_methods.py","D:\MAGIC\scripts"
"D:\MAGIC\scripts\test_mingw32ccompiler.py","test_mingw32ccompiler.py","D:\MAGIC\scripts"
"D:\MAGIC\scripts\test_min_max.py","test_min_max.py","D:\MAGIC\scripts"
"D:\MAGIC\scripts\test_misc.py","test_misc.py","D:\MAGIC\scripts"
"D:\MAGIC\scripts\test_misc_util.py","test_misc_util.py","D:\MAGIC\scripts"
"D:\MAGIC\scripts\test_missing.py","test_missing.py","D:\MAGIC\scripts"
"D:\MAGIC\scripts\test_mixed.py","test_mixed.py","D:\MAGIC\scripts"
"D:\MAGIC\scripts\test_mixins.py","test_mixins.py","D:\MAGIC\scripts"
"D:\MAGIC\scripts\test_mock_clock.py","test_mock_clock.py","D:\MAGIC\scripts"
"D:\MAGIC\scripts\test_modules.py","test_modules.py","D:\MAGIC\scripts"
"D:\MAGIC\scripts\test_module_doc.py","test_module_doc.py","D:\MAGIC\scripts"
"D:\MAGIC\scripts\test_moments_consistency_ewm.py","test_moments_consistency_ewm.py","D:\MAGIC\scripts"
"D:\MAGIC\scripts\test_moments_consistency_expanding.py","test_moments_consistency_expanding.py","D:\MAGIC\scripts"
"D:\MAGIC\scripts\test_moments_consistency_rolling.py","test_moments_consistency_rolling.py","D:\MAGIC\scripts"
"D:\MAGIC\scripts\test_monotonic.py","test_monotonic.py","D:\MAGIC\scripts"
"D:\MAGIC\scripts\test_month.py","test_month.py","D:\MAGIC\scripts"
"D:\MAGIC\scripts\test_mrecords.py","test_mrecords.py","D:\MAGIC\scripts"
"D:\MAGIC\scripts\test_multi.py","test_multi.py","D:\MAGIC\scripts"
"D:\MAGIC\scripts\test_multiarray.py","test_multiarray.py","D:\MAGIC\scripts"
"D:\MAGIC\scripts\test_multiarray_2.py","test_multiarray_2.py","D:\MAGIC\scripts"
"D:\MAGIC\scripts\test_multiindex.py","test_multiindex.py","D:\MAGIC\scripts"
"D:\MAGIC\scripts\test_multilevel.py","test_multilevel.py","D:\MAGIC\scripts"
"D:\MAGIC\scripts\test_multithreading.py","test_multithreading.py","D:\MAGIC\scripts"
"D:\MAGIC\scripts\test_multi_thread.py","test_multi_thread.py","D:\MAGIC\scripts"
"D:\MAGIC\scripts\test_mypy_annotate.py","test_mypy_annotate.py","D:\MAGIC\scripts"
"D:\MAGIC\scripts\test_names.py","test_names.py","D:\MAGIC\scripts"
"D:\MAGIC\scripts\test_nanfunctions.py","test_nanfunctions.py","D:\MAGIC\scripts"
"D:\MAGIC\scripts\test_nanops.py","test_nanops.py","D:\MAGIC\scripts"
"D:\MAGIC\scripts\test_nat.py","test_nat.py","D:\MAGIC\scripts"
"D:\MAGIC\scripts\test_navigablestring.py","test_navigablestring.py","D:\MAGIC\scripts"
"D:\MAGIC\scripts\test_navigablestring_2.py","test_navigablestring_2.py","D:\MAGIC\scripts"
"D:\MAGIC\scripts\test_na_indexing.py","test_na_indexing.py","D:\MAGIC\scripts"
"D:\MAGIC\scripts\test_na_scalar.py","test_na_scalar.py","D:\MAGIC\scripts"
"D:\MAGIC\scripts\test_na_values.py","test_na_values.py","D:\MAGIC\scripts"
"D:\MAGIC\scripts\test_ndarray_backed.py","test_ndarray_backed.py","D:\MAGIC\scripts"
"D:\MAGIC\scripts\test_nditer.py","test_nditer.py","D:\MAGIC\scripts"
"D:\MAGIC\scripts\test_nep50_promotions.py","test_nep50_promotions.py","D:\MAGIC\scripts"
"D:\MAGIC\scripts\test_network.py","test_network.py","D:\MAGIC\scripts"
"D:\MAGIC\scripts\test_nlargest.py","test_nlargest.py","D:\MAGIC\scripts"
"D:\MAGIC\scripts\test_nlargest_nsmallest.py","test_nlargest_nsmallest.py","D:\MAGIC\scripts"
"D:\MAGIC\scripts\test_nonunique_indexes.py","test_nonunique_indexes.py","D:\MAGIC\scripts"
"D:\MAGIC\scripts\test_non_unique.py","test_non_unique.py","D:\MAGIC\scripts"
"D:\MAGIC\scripts\test_normalize.py","test_normalize.py","D:\MAGIC\scripts"
"D:\MAGIC\scripts\test_npfuncs.py","test_npfuncs.py","D:\MAGIC\scripts"
"D:\MAGIC\scripts\test_npy_pkg_config.py","test_npy_pkg_config.py","D:\MAGIC\scripts"
"D:\MAGIC\scripts\test_npy_units.py","test_npy_units.py","D:\MAGIC\scripts"
"D:\MAGIC\scripts\test_np_datetime.py","test_np_datetime.py","D:\MAGIC\scripts"
"D:\MAGIC\scripts\test_nth.py","test_nth.py","D:\MAGIC\scripts"
"D:\MAGIC\scripts\test_numba.py","test_numba.py","D:\MAGIC\scripts"
"D:\MAGIC\scripts\test_numeric.py","test_numeric.py","D:\MAGIC\scripts"
"D:\MAGIC\scripts\test_numerictypes.py","test_numerictypes.py","D:\MAGIC\scripts"
"D:\MAGIC\scripts\test_numeric_2.py","test_numeric_2.py","D:\MAGIC\scripts"
"D:\MAGIC\scripts\test_numeric_only.py","test_numeric_only.py","D:\MAGIC\scripts"
"D:\MAGIC\scripts\test_numpy.py","test_numpy.py","D:\MAGIC\scripts"
"D:\MAGIC\scripts\test_numpy_clean_2.py","test_numpy_clean_2.py","D:\MAGIC\scripts"
"D:\MAGIC\scripts\test_numpy_compat.py","test_numpy_compat.py","D:\MAGIC\scripts"
"D:\MAGIC\scripts\test_numpy_config.py","test_numpy_config.py","D:\MAGIC\scripts"
"D:\MAGIC\scripts\test_numpy_version.py","test_numpy_version.py","D:\MAGIC\scripts"
"D:\MAGIC\scripts\test_nunique.py","test_nunique.py","D:\MAGIC\scripts"
"D:\MAGIC\scripts\test_object.py","test_object.py","D:\MAGIC\scripts"
"D:\MAGIC\scripts\test_observance.py","test_observance.py","D:\MAGIC\scripts"
"D:\MAGIC\scripts\test_odf.py","test_odf.py","D:\MAGIC\scripts"
"D:\MAGIC\scripts\test_odswriter.py","test_odswriter.py","D:\MAGIC\scripts"
"D:\MAGIC\scripts\test_offsets.py","test_offsets.py","D:\MAGIC\scripts"
"D:\MAGIC\scripts\test_offsets_properties.py","test_offsets_properties.py","D:\MAGIC\scripts"
"D:\MAGIC\scripts\test_old_base.py","test_old_base.py","D:\MAGIC\scripts"
"D:\MAGIC\scripts\test_old_ma.py","test_old_ma.py","D:\MAGIC\scripts"
"D:\MAGIC\scripts\test_online.py","test_online.py","D:\MAGIC\scripts"
"D:\MAGIC\scripts\test_openpyxl.py","test_openpyxl.py","D:\MAGIC\scripts"
"D:\MAGIC\scripts\test_operators.py","test_operators.py","D:\MAGIC\scripts"
"D:\MAGIC\scripts\test_ops.py","test_ops.py","D:\MAGIC\scripts"
"D:\MAGIC\scripts\test_optional_dependency.py","test_optional_dependency.py","D:\MAGIC\scripts"
"D:\MAGIC\scripts\test_orc.py","test_orc.py","D:\MAGIC\scripts"
"D:\MAGIC\scripts\test_other.py","test_other.py","D:\MAGIC\scripts"
"D:\MAGIC\scripts\test_overlaps.py","test_overlaps.py","D:\MAGIC\scripts"
"D:\MAGIC\scripts\test_overrides.py","test_overrides.py","D:\MAGIC\scripts"
"D:\MAGIC\scripts\test_packbits.py","test_packbits.py","D:\MAGIC\scripts"
"D:\MAGIC\scripts\test_pageelement.py","test_pageelement.py","D:\MAGIC\scripts"
"D:\MAGIC\scripts\test_pageelement_2.py","test_pageelement_2.py","D:\MAGIC\scripts"
"D:\MAGIC\scripts\test_pairwise.py","test_pairwise.py","D:\MAGIC\scripts"
"D:\MAGIC\scripts\test_pandas.py","test_pandas.py","D:\MAGIC\scripts"
"D:\MAGIC\scripts\test_parameter.py","test_parameter.py","D:\MAGIC\scripts"
"D:\MAGIC\scripts\test_parking_lot.py","test_parking_lot.py","D:\MAGIC\scripts"
"D:\MAGIC\scripts\test_parquet.py","test_parquet.py","D:\MAGIC\scripts"
"D:\MAGIC\scripts\test_parse_dates.py","test_parse_dates.py","D:\MAGIC\scripts"
"D:\MAGIC\scripts\test_parse_iso8601.py","test_parse_iso8601.py","D:\MAGIC\scripts"
"D:\MAGIC\scripts\test_parsing.py","test_parsing.py","D:\MAGIC\scripts"
"D:\MAGIC\scripts\test_partial.py","test_partial.py","D:\MAGIC\scripts"
"D:\MAGIC\scripts\test_partial_indexing.py","test_partial_indexing.py","D:\MAGIC\scripts"
"D:\MAGIC\scripts\test_partial_slicing.py","test_partial_slicing.py","D:\MAGIC\scripts"
"D:\MAGIC\scripts\test_path.py","test_path.py","D:\MAGIC\scripts"
"D:\MAGIC\scripts\test_pct_change.py","test_pct_change.py","D:\MAGIC\scripts"
"D:\MAGIC\scripts\test_period.py","test_period.py","D:\MAGIC\scripts"
"D:\MAGIC\scripts\test_periodindex.py","test_periodindex.py","D:\MAGIC\scripts"
"D:\MAGIC\scripts\test_period_asfreq.py","test_period_asfreq.py","D:\MAGIC\scripts"
"D:\MAGIC\scripts\test_period_index.py","test_period_index.py","D:\MAGIC\scripts"
"D:\MAGIC\scripts\test_period_range.py","test_period_range.py","D:\MAGIC\scripts"
"D:\MAGIC\scripts\test_pickle.py","test_pickle.py","D:\MAGIC\scripts"
"D:\MAGIC\scripts\test_pipe.py","test_pipe.py","D:\MAGIC\scripts"
"D:\MAGIC\scripts\test_pivot.py","test_pivot.py","D:\MAGIC\scripts"
"D:\MAGIC\scripts\test_pivot_multilevel.py","test_pivot_multilevel.py","D:\MAGIC\scripts"
"D:\MAGIC\scripts\test_playlist.py","test_playlist.py","D:\MAGIC\scripts"
"D:\MAGIC\scripts\test_pocketfft.py","test_pocketfft.py","D:\MAGIC\scripts"
"D:\MAGIC\scripts\test_polynomial.py","test_polynomial.py","D:\MAGIC\scripts"
"D:\MAGIC\scripts\test_polynomial_2.py","test_polynomial_2.py","D:\MAGIC\scripts"
"D:\MAGIC\scripts\test_polyutils.py","test_polyutils.py","D:\MAGIC\scripts"
"D:\MAGIC\scripts\test_pop.py","test_pop.py","D:\MAGIC\scripts"
"D:\MAGIC\scripts\test_print.py","test_print.py","D:\MAGIC\scripts"
"D:\MAGIC\scripts\test_printing.py","test_printing.py","D:\MAGIC\scripts"
"D:\MAGIC\scripts\test_promote.py","test_promote.py","D:\MAGIC\scripts"
"D:\MAGIC\scripts\test_protocols.py","test_protocols.py","D:\MAGIC\scripts"
"D:\MAGIC\scripts\test_public_api.py","test_public_api.py","D:\MAGIC\scripts"
"D:\MAGIC\scripts\test_put.py","test_put.py","D:\MAGIC\scripts"
"D:\MAGIC\scripts\test_pyf_src.py","test_pyf_src.py","D:\MAGIC\scripts"
"D:\MAGIC\scripts\test_pyinstaller.py","test_pyinstaller.py","D:\MAGIC\scripts"
"D:\MAGIC\scripts\test_pytables_missing.py","test_pytables_missing.py","D:\MAGIC\scripts"
"D:\MAGIC\scripts\test_python_parser_only.py","test_python_parser_only.py","D:\MAGIC\scripts"
"D:\MAGIC\scripts\test_qcut.py","test_qcut.py","D:\MAGIC\scripts"
"D:\MAGIC\scripts\test_quantile.py","test_quantile.py","D:\MAGIC\scripts"
"D:\MAGIC\scripts\test_quarter.py","test_quarter.py","D:\MAGIC\scripts"
"D:\MAGIC\scripts\test_query_eval.py","test_query_eval.py","D:\MAGIC\scripts"
"D:\MAGIC\scripts\test_quoted_character.py","test_quoted_character.py","D:\MAGIC\scripts"
"D:\MAGIC\scripts\test_quoting.py","test_quoting.py","D:\MAGIC\scripts"
"D:\MAGIC\scripts\test_raises.py","test_raises.py","D:\MAGIC\scripts"
"D:\MAGIC\scripts\test_random.py","test_random.py","D:\MAGIC\scripts"
"D:\MAGIC\scripts\test_randomstate.py","test_randomstate.py","D:\MAGIC\scripts"
"D:\MAGIC\scripts\test_randomstate_regression.py","test_randomstate_regression.py","D:\MAGIC\scripts"
"D:\MAGIC\scripts\test_range.py","test_range.py","D:\MAGIC\scripts"
"D:\MAGIC\scripts\test_rank.py","test_rank.py","D:\MAGIC\scripts"
"D:\MAGIC\scripts\test_read.py","test_read.py","D:\MAGIC\scripts"
"D:\MAGIC\scripts\test_readers.py","test_readers.py","D:\MAGIC\scripts"
"D:\MAGIC\scripts\test_readlines.py","test_readlines.py","D:\MAGIC\scripts"
"D:\MAGIC\scripts\test_read_errors.py","test_read_errors.py","D:\MAGIC\scripts"
"D:\MAGIC\scripts\test_read_fwf.py","test_read_fwf.py","D:\MAGIC\scripts"
"D:\MAGIC\scripts\test_recfunctions.py","test_recfunctions.py","D:\MAGIC\scripts"
"D:\MAGIC\scripts\test_records.py","test_records.py","D:\MAGIC\scripts"
"D:\MAGIC\scripts\test_reddit.py","test_reddit.py","D:\MAGIC\scripts"
"D:\MAGIC\scripts\test_reddit_2.py","test_reddit_2.py","D:\MAGIC\scripts"
"D:\MAGIC\scripts\test_reddit_ingest.py","test_reddit_ingest.py","D:\MAGIC\scripts"
"D:\MAGIC\scripts\test_reddit_login_2.py","test_reddit_login_2.py","D:\MAGIC\scripts"
"D:\MAGIC\scripts\test_reduction.py","test_reduction.py","D:\MAGIC\scripts"
"D:\MAGIC\scripts\test_reductions.py","test_reductions.py","D:\MAGIC\scripts"
"D:\MAGIC\scripts\test_register_accessor.py","test_register_accessor.py","D:\MAGIC\scripts"
"D:\MAGIC\scripts\test_regression.py","test_regression.py","D:\MAGIC\scripts"
"D:\MAGIC\scripts\test_regression_2.py","test_regression_2.py","D:\MAGIC\scripts"
"D:\MAGIC\scripts\test_regression_3.py","test_regression_3.py","D:\MAGIC\scripts"
"D:\MAGIC\scripts\test_regression_4.py","test_regression_4.py","D:\MAGIC\scripts"
"D:\MAGIC\scripts\test_regression_5.py","test_regression_5.py","D:\MAGIC\scripts"
"D:\MAGIC\scripts\test_regression_6.py","test_regression_6.py","D:\MAGIC\scripts"
"D:\MAGIC\scripts\test_regression_7.py","test_regression_7.py","D:\MAGIC\scripts"
"D:\MAGIC\scripts\test_reindex.py","test_reindex.py","D:\MAGIC\scripts"
"D:\MAGIC\scripts\test_reindex_like.py","test_reindex_like.py","D:\MAGIC\scripts"
"D:\MAGIC\scripts\test_reloading.py","test_reloading.py","D:\MAGIC\scripts"
"D:\MAGIC\scripts\test_rename.py","test_rename.py","D:\MAGIC\scripts"
"D:\MAGIC\scripts\test_rename_axis.py","test_rename_axis.py","D:\MAGIC\scripts"
"D:\MAGIC\scripts\test_rendering.py","test_rendering.py","D:\MAGIC\scripts"
"D:\MAGIC\scripts\test_reorder_levels.py","test_reorder_levels.py","D:\MAGIC\scripts"
"D:\MAGIC\scripts\test_repeat.py","test_repeat.py","D:\MAGIC\scripts"
"D:\MAGIC\scripts\test_repl.py","test_repl.py","D:\MAGIC\scripts"
"D:\MAGIC\scripts\test_replace.py","test_replace.py","D:\MAGIC\scripts"
"D:\MAGIC\scripts\test_repr.py","test_repr.py","D:\MAGIC\scripts"
"D:\MAGIC\scripts\test_repr_info.py","test_repr_info.py","D:\MAGIC\scripts"
"D:\MAGIC\scripts\test_resampler_grouper.py","test_resampler_grouper.py","D:\MAGIC\scripts"
"D:\MAGIC\scripts\test_resample_api.py","test_resample_api.py","D:\MAGIC\scripts"
"D:\MAGIC\scripts\test_reset_index.py","test_reset_index.py","D:\MAGIC\scripts"
"D:\MAGIC\scripts\test_reshape.py","test_reshape.py","D:\MAGIC\scripts"
"D:\MAGIC\scripts\test_resolution.py","test_resolution.py","D:\MAGIC\scripts"
"D:\MAGIC\scripts\test_retain_attributes.py","test_retain_attributes.py","D:\MAGIC\scripts"
"D:\MAGIC\scripts\test_return_character.py","test_return_character.py","D:\MAGIC\scripts"
"D:\MAGIC\scripts\test_return_complex.py","test_return_complex.py","D:\MAGIC\scripts"
"D:\MAGIC\scripts\test_return_integer.py","test_return_integer.py","D:\MAGIC\scripts"
"D:\MAGIC\scripts\test_return_logical.py","test_return_logical.py","D:\MAGIC\scripts"
"D:\MAGIC\scripts\test_return_real.py","test_return_real.py","D:\MAGIC\scripts"
"D:\MAGIC\scripts\test_rewrite_warning.py","test_rewrite_warning.py","D:\MAGIC\scripts"
"D:\MAGIC\scripts\test_rolling.py","test_rolling.py","D:\MAGIC\scripts"
"D:\MAGIC\scripts\test_rolling_functions.py","test_rolling_functions.py","D:\MAGIC\scripts"
"D:\MAGIC\scripts\test_rolling_quantile.py","test_rolling_quantile.py","D:\MAGIC\scripts"
"D:\MAGIC\scripts\test_rolling_skew_kurt.py","test_rolling_skew_kurt.py","D:\MAGIC\scripts"
"D:\MAGIC\scripts\test_round.py","test_round.py","D:\MAGIC\scripts"
"D:\MAGIC\scripts\test_round_trip.py","test_round_trip.py","D:\MAGIC\scripts"
"D:\MAGIC\scripts\test_routines.py","test_routines.py","D:\MAGIC\scripts"
"D:\MAGIC\scripts\test_run.py","test_run.py","D:\MAGIC\scripts"
"D:\MAGIC\scripts\test_runtime.py","test_runtime.py","D:\MAGIC\scripts"
"D:\MAGIC\scripts\test_s3.py","test_s3.py","D:\MAGIC\scripts"
"D:\MAGIC\scripts\test_safe_import.py","test_safe_import.py","D:\MAGIC\scripts"
"D:\MAGIC\scripts\test_sample.py","test_sample.py","D:\MAGIC\scripts"
"D:\MAGIC\scripts\test_sas.py","test_sas.py","D:\MAGIC\scripts"
"D:\MAGIC\scripts\test_sas7bdat.py","test_sas7bdat.py","D:\MAGIC\scripts"
"D:\MAGIC\scripts\test_scalar.py","test_scalar.py","D:\MAGIC\scripts"
"D:\MAGIC\scripts\test_scalarbuffer.py","test_scalarbuffer.py","D:\MAGIC\scripts"
"D:\MAGIC\scripts\test_scalarinherit.py","test_scalarinherit.py","D:\MAGIC\scripts"
"D:\MAGIC\scripts\test_scalarmath.py","test_scalarmath.py","D:\MAGIC\scripts"
"D:\MAGIC\scripts\test_scalarprint.py","test_scalarprint.py","D:\MAGIC\scripts"
"D:\MAGIC\scripts\test_scalar_compat.py","test_scalar_compat.py","D:\MAGIC\scripts"
"D:\MAGIC\scripts\test_scalar_ctors.py","test_scalar_ctors.py","D:\MAGIC\scripts"
"D:\MAGIC\scripts\test_scalar_methods.py","test_scalar_methods.py","D:\MAGIC\scripts"
"D:\MAGIC\scripts\test_scheduler_determinism.py","test_scheduler_determinism.py","D:\MAGIC\scripts"
"D:\MAGIC\scripts\test_scrapers.py","test_scrapers.py","D:\MAGIC\scripts"
"D:\MAGIC\scripts\test_scraper_2.py","test_scraper_2.py","D:\MAGIC\scripts"
"D:\MAGIC\scripts\test_scraper_safe_2.py","test_scraper_safe_2.py","D:\MAGIC\scripts"
"D:\MAGIC\scripts\test_scripts.py","test_scripts.py","D:\MAGIC\scripts"
"D:\MAGIC\scripts\test_search.py","test_search.py","D:\MAGIC\scripts"
"D:\MAGIC\scripts\test_searchsorted.py","test_searchsorted.py","D:\MAGIC\scripts"
"D:\MAGIC\scripts\test_secrets_2.py","test_secrets_2.py","D:\MAGIC\scripts"
"D:\MAGIC\scripts\test_seed_sequence.py","test_seed_sequence.py","D:\MAGIC\scripts"
"D:\MAGIC\scripts\test_select.py","test_select.py","D:\MAGIC\scripts"
"D:\MAGIC\scripts\test_select_dtypes.py","test_select_dtypes.py","D:\MAGIC\scripts"
"D:\MAGIC\scripts\test_semicolon_split.py","test_semicolon_split.py","D:\MAGIC\scripts"
"D:\MAGIC\scripts\test_series.py","test_series.py","D:\MAGIC\scripts"
"D:\MAGIC\scripts\test_series_apply.py","test_series_apply.py","D:\MAGIC\scripts"
"D:\MAGIC\scripts\test_series_apply_relabeling.py","test_series_apply_relabeling.py","D:\MAGIC\scripts"
"D:\MAGIC\scripts\test_series_info.py","test_series_info.py","D:\MAGIC\scripts"
"D:\MAGIC\scripts\test_series_transform.py","test_series_transform.py","D:\MAGIC\scripts"
"D:\MAGIC\scripts\test_setitem.py","test_setitem.py","D:\MAGIC\scripts"
"D:\MAGIC\scripts\test_setops.py","test_setops.py","D:\MAGIC\scripts"
"D:\MAGIC\scripts\test_set_axis.py","test_set_axis.py","D:\MAGIC\scripts"
"D:\MAGIC\scripts\test_set_index.py","test_set_index.py","D:\MAGIC\scripts"
"D:\MAGIC\scripts\test_set_name.py","test_set_name.py","D:\MAGIC\scripts"
"D:\MAGIC\scripts\test_set_value.py","test_set_value.py","D:\MAGIC\scripts"
"D:\MAGIC\scripts\test_shape_base.py","test_shape_base.py","D:\MAGIC\scripts"
"D:\MAGIC\scripts\test_shape_base_2.py","test_shape_base_2.py","D:\MAGIC\scripts"
"D:\MAGIC\scripts\test_shares_memory.py","test_shares_memory.py","D:\MAGIC\scripts"
"D:\MAGIC\scripts\test_shell_utils.py","test_shell_utils.py","D:\MAGIC\scripts"
"D:\MAGIC\scripts\test_shift.py","test_shift.py","D:\MAGIC\scripts"
"D:\MAGIC\scripts\test_show_versions.py","test_show_versions.py","D:\MAGIC\scripts"
"D:\MAGIC\scripts\test_signals.py","test_signals.py","D:\MAGIC\scripts"
"D:\MAGIC\scripts\test_simd.py","test_simd.py","D:\MAGIC\scripts"
"D:\MAGIC\scripts\test_simd_module.py","test_simd_module.py","D:\MAGIC\scripts"
"D:\MAGIC\scripts\test_size.py","test_size.py","D:\MAGIC\scripts"
"D:\MAGIC\scripts\test_skew.py","test_skew.py","D:\MAGIC\scripts"
"D:\MAGIC\scripts\test_skiprows.py","test_skiprows.py","D:\MAGIC\scripts"
"D:\MAGIC\scripts\test_slice.py","test_slice.py","D:\MAGIC\scripts"
"D:\MAGIC\scripts\test_smoke.py","test_smoke.py","D:\MAGIC\scripts"
"D:\MAGIC\scripts\test_snap.py","test_snap.py","D:\MAGIC\scripts"
"D:\MAGIC\scripts\test_sniffio.py","test_sniffio.py","D:\MAGIC\scripts"
"D:\MAGIC\scripts\test_socket.py","test_socket.py","D:\MAGIC\scripts"
"D:\MAGIC\scripts\test_sort.py","test_sort.py","D:\MAGIC\scripts"
"D:\MAGIC\scripts\test_sorted.py","test_sorted.py","D:\MAGIC\scripts"
"D:\MAGIC\scripts\test_sorting.py","test_sorting.py","D:\MAGIC\scripts"
"D:\MAGIC\scripts\test_sort_index.py","test_sort_index.py","D:\MAGIC\scripts"
"D:\MAGIC\scripts\test_sort_values.py","test_sort_values.py","D:\MAGIC\scripts"
"D:\MAGIC\scripts\test_sound.py","test_sound.py","D:\MAGIC\scripts"
"D:\MAGIC\scripts\test_soup.py","test_soup.py","D:\MAGIC\scripts"
"D:\MAGIC\scripts\test_soup_2.py","test_soup_2.py","D:\MAGIC\scripts"
"D:\MAGIC\scripts\test_sparse.py","test_sparse.py","D:\MAGIC\scripts"
"D:\MAGIC\scripts\test_sparse_accessor.py","test_sparse_accessor.py","D:\MAGIC\scripts"
"D:\MAGIC\scripts\test_spec_conformance.py","test_spec_conformance.py","D:\MAGIC\scripts"
"D:\MAGIC\scripts\test_split_partition.py","test_split_partition.py","D:\MAGIC\scripts"
"D:\MAGIC\scripts\test_spss.py","test_spss.py","D:\MAGIC\scripts"
"D:\MAGIC\scripts\test_sql.py","test_sql.py","D:\MAGIC\scripts"
"D:\MAGIC\scripts\test_ssl.py","test_ssl.py","D:\MAGIC\scripts"
"D:\MAGIC\scripts\test_stack_saved.py","test_stack_saved.py","D:\MAGIC\scripts"
"D:\MAGIC\scripts\test_stack_unstack.py","test_stack_unstack.py","D:\MAGIC\scripts"
"D:\MAGIC\scripts\test_stata.py","test_stata.py","D:\MAGIC\scripts"
"D:\MAGIC\scripts\test_stat_reductions.py","test_stat_reductions.py","D:\MAGIC\scripts"
"D:\MAGIC\scripts\test_storage.py","test_storage.py","D:\MAGIC\scripts"
"D:\MAGIC\scripts\test_storage_manager.py","test_storage_manager.py","D:\MAGIC\scripts"
"D:\MAGIC\scripts\test_store.py","test_store.py","D:\MAGIC\scripts"
"D:\MAGIC\scripts\test_str.py","test_str.py","D:\MAGIC\scripts"
"D:\MAGIC\scripts\test_streamlit.py","test_streamlit.py","D:\MAGIC\scripts"
"D:\MAGIC\scripts\test_stride_tricks.py","test_stride_tricks.py","D:\MAGIC\scripts"
"D:\MAGIC\scripts\test_string.py","test_string.py","D:\MAGIC\scripts"
"D:\MAGIC\scripts\test_stringdtype.py","test_stringdtype.py","D:\MAGIC\scripts"
"D:\MAGIC\scripts\test_strings.py","test_strings.py","D:\MAGIC\scripts"
"D:\MAGIC\scripts\test_string_array.py","test_string_array.py","D:\MAGIC\scripts"
"D:\MAGIC\scripts\test_string_arrow.py","test_string_arrow.py","D:\MAGIC\scripts"
"D:\MAGIC\scripts\test_strptime.py","test_strptime.py","D:\MAGIC\scripts"
"D:\MAGIC\scripts\test_struct_accessor.py","test_struct_accessor.py","D:\MAGIC\scripts"
"D:\MAGIC\scripts\test_str_accessor.py","test_str_accessor.py","D:\MAGIC\scripts"
"D:\MAGIC\scripts\test_stub_trend.py","test_stub_trend.py","D:\MAGIC\scripts"
"D:\MAGIC\scripts\test_style.py","test_style.py","D:\MAGIC\scripts"
"D:\MAGIC\scripts\test_subclass.py","test_subclass.py","D:\MAGIC\scripts"
"D:\MAGIC\scripts\test_subclassing.py","test_subclassing.py","D:\MAGIC\scripts"
"D:\MAGIC\scripts\test_subprocess.py","test_subprocess.py","D:\MAGIC\scripts"
"D:\MAGIC\scripts\test_swapaxes.py","test_swapaxes.py","D:\MAGIC\scripts"
"D:\MAGIC\scripts\test_swaplevel.py","test_swaplevel.py","D:\MAGIC\scripts"
"D:\MAGIC\scripts\test_symbol.py","test_symbol.py","D:\MAGIC\scripts"
"D:\MAGIC\scripts\test_symbolic.py","test_symbolic.py","D:\MAGIC\scripts"
"D:\MAGIC\scripts\test_sync.py","test_sync.py","D:\MAGIC\scripts"
"D:\MAGIC\scripts\test_system_info.py","test_system_info.py","D:\MAGIC\scripts"
"D:\MAGIC\scripts\test_tag.py","test_tag.py","D:\MAGIC\scripts"
"D:\MAGIC\scripts\test_tag_2.py","test_tag_2.py","D:\MAGIC\scripts"
"D:\MAGIC\scripts\test_take.py","test_take.py","D:\MAGIC\scripts"
"D:\MAGIC\scripts\test_testing.py","test_testing.py","D:\MAGIC\scripts"
"D:\MAGIC\scripts\test_testing_raisesgroup.py","test_testing_raisesgroup.py","D:\MAGIC\scripts"
"D:\MAGIC\scripts\test_textreader.py","test_textreader.py","D:\MAGIC\scripts"
"D:\MAGIC\scripts\test_threads.py","test_threads.py","D:\MAGIC\scripts"
"D:\MAGIC\scripts\test_thread_cache.py","test_thread_cache.py","D:\MAGIC\scripts"
"D:\MAGIC\scripts\test_throw.py","test_throw.py","D:\MAGIC\scripts"
"D:\MAGIC\scripts\test_ticks.py","test_ticks.py","D:\MAGIC\scripts"
"D:\MAGIC\scripts\test_timedelta.py","test_timedelta.py","D:\MAGIC\scripts"
"D:\MAGIC\scripts\test_timedelta64.py","test_timedelta64.py","D:\MAGIC\scripts"
"D:\MAGIC\scripts\test_timedeltaindex.py","test_timedeltaindex.py","D:\MAGIC\scripts"
"D:\MAGIC\scripts\test_timedeltas.py","test_timedeltas.py","D:\MAGIC\scripts"
"D:\MAGIC\scripts\test_timedelta_range.py","test_timedelta_range.py","D:\MAGIC\scripts"
"D:\MAGIC\scripts\test_timegrouper.py","test_timegrouper.py","D:\MAGIC\scripts"
"D:\MAGIC\scripts\test_timeouts.py","test_timeouts.py","D:\MAGIC\scripts"
"D:\MAGIC\scripts\test_timeseries_window.py","test_timeseries_window.py","D:\MAGIC\scripts"
"D:\MAGIC\scripts\test_timestamp.py","test_timestamp.py","D:\MAGIC\scripts"
"D:\MAGIC\scripts\test_timestamp_method.py","test_timestamp_method.py","D:\MAGIC\scripts"
"D:\MAGIC\scripts\test_timezones.py","test_timezones.py","D:\MAGIC\scripts"
"D:\MAGIC\scripts\test_time_grouper.py","test_time_grouper.py","D:\MAGIC\scripts"
"D:\MAGIC\scripts\test_time_series.py","test_time_series.py","D:\MAGIC\scripts"
"D:\MAGIC\scripts\test_tolist.py","test_tolist.py","D:\MAGIC\scripts"
"D:\MAGIC\scripts\test_tools.py","test_tools.py","D:\MAGIC\scripts"
"D:\MAGIC\scripts\test_tooltip.py","test_tooltip.py","D:\MAGIC\scripts"
"D:\MAGIC\scripts\test_to_csv.py","test_to_csv.py","D:\MAGIC\scripts"
"D:\MAGIC\scripts\test_to_datetime.py","test_to_datetime.py","D:\MAGIC\scripts"
"D:\MAGIC\scripts\test_to_dict.py","test_to_dict.py","D:\MAGIC\scripts"
"D:\MAGIC\scripts\test_to_dict_of_blocks.py","test_to_dict_of_blocks.py","D:\MAGIC\scripts"
"D:\MAGIC\scripts\test_to_excel.py","test_to_excel.py","D:\MAGIC\scripts"
"D:\MAGIC\scripts\test_to_frame.py","test_to_frame.py","D:\MAGIC\scripts"
"D:\MAGIC\scripts\test_to_html.py","test_to_html.py","D:\MAGIC\scripts"
"D:\MAGIC\scripts\test_to_julian_date.py","test_to_julian_date.py","D:\MAGIC\scripts"
"D:\MAGIC\scripts\test_to_latex.py","test_to_latex.py","D:\MAGIC\scripts"
"D:\MAGIC\scripts\test_to_markdown.py","test_to_markdown.py","D:\MAGIC\scripts"
"D:\MAGIC\scripts\test_to_numeric.py","test_to_numeric.py","D:\MAGIC\scripts"
"D:\MAGIC\scripts\test_to_numpy.py","test_to_numpy.py","D:\MAGIC\scripts"
"D:\MAGIC\scripts\test_to_offset.py","test_to_offset.py","D:\MAGIC\scripts"
"D:\MAGIC\scripts\test_to_period.py","test_to_period.py","D:\MAGIC\scripts"
"D:\MAGIC\scripts\test_to_pydatetime.py","test_to_pydatetime.py","D:\MAGIC\scripts"
"D:\MAGIC\scripts\test_to_records.py","test_to_records.py","D:\MAGIC\scripts"
"D:\MAGIC\scripts\test_to_series.py","test_to_series.py","D:\MAGIC\scripts"
"D:\MAGIC\scripts\test_to_string.py","test_to_string.py","D:\MAGIC\scripts"
"D:\MAGIC\scripts\test_to_time.py","test_to_time.py","D:\MAGIC\scripts"
"D:\MAGIC\scripts\test_to_timedelta.py","test_to_timedelta.py","D:\MAGIC\scripts"
"D:\MAGIC\scripts\test_to_timestamp.py","test_to_timestamp.py","D:\MAGIC\scripts"
"D:\MAGIC\scripts\test_to_xarray.py","test_to_xarray.py","D:\MAGIC\scripts"
"D:\MAGIC\scripts\test_to_xml.py","test_to_xml.py","D:\MAGIC\scripts"
"D:\MAGIC\scripts\test_tracing.py","test_tracing.py","D:\MAGIC\scripts"
"D:\MAGIC\scripts\test_transform.py","test_transform.py","D:\MAGIC\scripts"
"D:\MAGIC\scripts\test_transpose.py","test_transpose.py","D:\MAGIC\scripts"
"D:\MAGIC\scripts\test_tree.py","test_tree.py","D:\MAGIC\scripts"
"D:\MAGIC\scripts\test_tree_2.py","test_tree_2.py","D:\MAGIC\scripts"
"D:\MAGIC\scripts\test_trending.py","test_trending.py","D:\MAGIC\scripts"
"D:\MAGIC\scripts\test_trio.py","test_trio.py","D:\MAGIC\scripts"
"D:\MAGIC\scripts\test_truncate.py","test_truncate.py","D:\MAGIC\scripts"
"D:\MAGIC\scripts\test_tutil.py","test_tutil.py","D:\MAGIC\scripts"
"D:\MAGIC\scripts\test_twodim_base.py","test_twodim_base.py","D:\MAGIC\scripts"
"D:\MAGIC\scripts\test_types.py","test_types.py","D:\MAGIC\scripts"
"D:\MAGIC\scripts\test_type_check.py","test_type_check.py","D:\MAGIC\scripts"
"D:\MAGIC\scripts\test_typing.py","test_typing.py","D:\MAGIC\scripts"
"D:\MAGIC\scripts\test_typing_extensions.py","test_typing_extensions.py","D:\MAGIC\scripts"
"D:\MAGIC\scripts\test_tzconversion.py","test_tzconversion.py","D:\MAGIC\scripts"
"D:\MAGIC\scripts\test_tz_convert.py","test_tz_convert.py","D:\MAGIC\scripts"
"D:\MAGIC\scripts\test_tz_localize.py","test_tz_localize.py","D:\MAGIC\scripts"
"D:\MAGIC\scripts\test_ufunc.py","test_ufunc.py","D:\MAGIC\scripts"
"D:\MAGIC\scripts\test_ufunclike.py","test_ufunclike.py","D:\MAGIC\scripts"
"D:\MAGIC\scripts\test_ujson.py","test_ujson.py","D:\MAGIC\scripts"
"D:\MAGIC\scripts\test_umath.py","test_umath.py","D:\MAGIC\scripts"
"D:\MAGIC\scripts\test_umath_accuracy.py","test_umath_accuracy.py","D:\MAGIC\scripts"
"D:\MAGIC\scripts\test_umath_complex.py","test_umath_complex.py","D:\MAGIC\scripts"
"D:\MAGIC\scripts\test_unary.py","test_unary.py","D:\MAGIC\scripts"
"D:\MAGIC\scripts\test_unary_ops.py","test_unary_ops.py","D:\MAGIC\scripts"
"D:\MAGIC\scripts\test_unbounded_queue.py","test_unbounded_queue.py","D:\MAGIC\scripts"
"D:\MAGIC\scripts\test_unicode.py","test_unicode.py","D:\MAGIC\scripts"
"D:\MAGIC\scripts\test_union_categoricals.py","test_union_categoricals.py","D:\MAGIC\scripts"
"D:\MAGIC\scripts\test_unique.py","test_unique.py","D:\MAGIC\scripts"
"D:\MAGIC\scripts\test_unix_pipes.py","test_unix_pipes.py","D:\MAGIC\scripts"
"D:\MAGIC\scripts\test_unstack.py","test_unstack.py","D:\MAGIC\scripts"
"D:\MAGIC\scripts\test_unsupported.py","test_unsupported.py","D:\MAGIC\scripts"
"D:\MAGIC\scripts\test_upcast.py","test_upcast.py","D:\MAGIC\scripts"
"D:\MAGIC\scripts\test_update.py","test_update.py","D:\MAGIC\scripts"
"D:\MAGIC\scripts\test_url.py","test_url.py","D:\MAGIC\scripts"
"D:\MAGIC\scripts\test_usecols_basic.py","test_usecols_basic.py","D:\MAGIC\scripts"
"D:\MAGIC\scripts\test_user.py","test_user.py","D:\MAGIC\scripts"
"D:\MAGIC\scripts\test_user_agent.py","test_user_agent.py","D:\MAGIC\scripts"
"D:\MAGIC\scripts\test_util.py","test_util.py","D:\MAGIC\scripts"
"D:\MAGIC\scripts\test_utils.py","test_utils.py","D:\MAGIC\scripts"
"D:\MAGIC\scripts\test_utils_2.py","test_utils_2.py","D:\MAGIC\scripts"
"D:\MAGIC\scripts\test_validate.py","test_validate.py","D:\MAGIC\scripts"
"D:\MAGIC\scripts\test_validate_args.py","test_validate_args.py","D:\MAGIC\scripts"
"D:\MAGIC\scripts\test_validate_args_and_kwargs.py","test_validate_args_and_kwargs.py","D:\MAGIC\scripts"
"D:\MAGIC\scripts\test_validate_inclusive.py","test_validate_inclusive.py","D:\MAGIC\scripts"
"D:\MAGIC\scripts\test_validate_kwargs.py","test_validate_kwargs.py","D:\MAGIC\scripts"
"D:\MAGIC\scripts\test_values.py","test_values.py","D:\MAGIC\scripts"
"D:\MAGIC\scripts\test_value_attrspec.py","test_value_attrspec.py","D:\MAGIC\scripts"
"D:\MAGIC\scripts\test_value_counts.py","test_value_counts.py","D:\MAGIC\scripts"
"D:\MAGIC\scripts\test_vault.py","test_vault.py","D:\MAGIC\scripts"
"D:\MAGIC\scripts\test_vault_manager.py","test_vault_manager.py","D:\MAGIC\scripts"
"D:\MAGIC\scripts\test_verbose.py","test_verbose.py","D:\MAGIC\scripts"
"D:\MAGIC\scripts\test_version.py","test_version.py","D:\MAGIC\scripts"
"D:\MAGIC\scripts\test_video.py","test_video.py","D:\MAGIC\scripts"
"D:\MAGIC\scripts\test_view.py","test_view.py","D:\MAGIC\scripts"
"D:\MAGIC\scripts\test_wait_for_object.py","test_wait_for_object.py","D:\MAGIC\scripts"
"D:\MAGIC\scripts\test_warnings.py","test_warnings.py","D:\MAGIC\scripts"
"D:\MAGIC\scripts\test_weakref.py","test_weakref.py","D:\MAGIC\scripts"
"D:\MAGIC\scripts\test_websocket.py","test_websocket.py","D:\MAGIC\scripts"
"D:\MAGIC\scripts\test_week.py","test_week.py","D:\MAGIC\scripts"
"D:\MAGIC\scripts\test_where.py","test_where.py","D:\MAGIC\scripts"
"D:\MAGIC\scripts\test_windows.py","test_windows.py","D:\MAGIC\scripts"
"D:\MAGIC\scripts\test_windows_pipes.py","test_windows_pipes.py","D:\MAGIC\scripts"
"D:\MAGIC\scripts\test_win_type.py","test_win_type.py","D:\MAGIC\scripts"
"D:\MAGIC\scripts\test_writers.py","test_writers.py","D:\MAGIC\scripts"
"D:\MAGIC\scripts\test_xlrd.py","test_xlrd.py","D:\MAGIC\scripts"
"D:\MAGIC\scripts\test_xlsxwriter.py","test_xlsxwriter.py","D:\MAGIC\scripts"
"D:\MAGIC\scripts\test_xlwt.py","test_xlwt.py","D:\MAGIC\scripts"
"D:\MAGIC\scripts\test_xml.py","test_xml.py","D:\MAGIC\scripts"
"D:\MAGIC\scripts\test_xml_dtypes.py","test_xml_dtypes.py","D:\MAGIC\scripts"
"D:\MAGIC\scripts\test_xport.py","test_xport.py","D:\MAGIC\scripts"
"D:\MAGIC\scripts\test_xs.py","test_xs.py","D:\MAGIC\scripts"
"D:\MAGIC\scripts\test_year.py","test_year.py","D:\MAGIC\scripts"
"D:\MAGIC\scripts\test__all__.py","test__all__.py","D:\MAGIC\scripts"
"D:\MAGIC\scripts\test__datasource.py","test__datasource.py","D:\MAGIC\scripts"
"D:\MAGIC\scripts\test__exceptions.py","test__exceptions.py","D:\MAGIC\scripts"
"D:\MAGIC\scripts\test__iotools.py","test__iotools.py","D:\MAGIC\scripts"
"D:\MAGIC\scripts\test__version.py","test__version.py","D:\MAGIC\scripts"
"D:\MAGIC\scripts\tethering.py","tethering.py","D:\MAGIC\scripts"
"D:\MAGIC\scripts\text.py","text.py","D:\MAGIC\scripts"
"D:\MAGIC\scripts\textTools.py","textTools.py","D:\MAGIC\scripts"
"D:\MAGIC\scripts\text_file.py","text_file.py","D:\MAGIC\scripts"
"D:\MAGIC\scripts\text_region.py","text_region.py","D:\MAGIC\scripts"
"D:\MAGIC\scripts\tfmLib.py","tfmLib.py","D:\MAGIC\scripts"
"D:\MAGIC\scripts\theme.py","theme.py","D:\MAGIC\scripts"
"D:\MAGIC\scripts\themes.py","themes.py","D:\MAGIC\scripts"
"D:\MAGIC\scripts\theme_2.py","theme_2.py","D:\MAGIC\scripts"
"D:\MAGIC\scripts\threadpoolctl.py","threadpoolctl.py","D:\MAGIC\scripts"
"D:\MAGIC\scripts\threads_scraper.py","threads_scraper.py","D:\MAGIC\scripts"
"D:\MAGIC\scripts\tiktok.py","tiktok.py","D:\MAGIC\scripts"
"D:\MAGIC\scripts\tiktok_api.py","tiktok_api.py","D:\MAGIC\scripts"
"D:\MAGIC\scripts\tiktok_login.py","tiktok_login.py","D:\MAGIC\scripts"
"D:\MAGIC\scripts\tiktok_open_browser.py","tiktok_open_browser.py","D:\MAGIC\scripts"
"D:\MAGIC\scripts\tiktok_scraper.py","tiktok_scraper.py","D:\MAGIC\scripts"
"D:\MAGIC\scripts\tiktok_simple_api.py","tiktok_simple_api.py","D:\MAGIC\scripts"
"D:\MAGIC\scripts\tile.py","tile.py","D:\MAGIC\scripts"
"D:\MAGIC\scripts\timedeltas.py","timedeltas.py","D:\MAGIC\scripts"
"D:\MAGIC\scripts\timeout.py","timeout.py","D:\MAGIC\scripts"
"D:\MAGIC\scripts\timeouts.py","timeouts.py","D:\MAGIC\scripts"
"D:\MAGIC\scripts\timer_comparison.py","timer_comparison.py","D:\MAGIC\scripts"
"D:\MAGIC\scripts\times.py","times.py","D:\MAGIC\scripts"
"D:\MAGIC\scripts\timeseries.py","timeseries.py","D:\MAGIC\scripts"
"D:\MAGIC\scripts\timeTools.py","timeTools.py","D:\MAGIC\scripts"
"D:\MAGIC\scripts\tls.py","tls.py","D:\MAGIC\scripts"
"D:\MAGIC\scripts\token.py","token.py","D:\MAGIC\scripts"
"D:\MAGIC\scripts\tools.py","tools.py","D:\MAGIC\scripts"
"D:\MAGIC\scripts\tornadoweb.py","tornadoweb.py","D:\MAGIC\scripts"
"D:\MAGIC\scripts\totp.py","totp.py","D:\MAGIC\scripts"
"D:\MAGIC\scripts\to_interpreter.py","to_interpreter.py","D:\MAGIC\scripts"
"D:\MAGIC\scripts\to_process.py","to_process.py","D:\MAGIC\scripts"
"D:\MAGIC\scripts\to_thread.py","to_thread.py","D:\MAGIC\scripts"
"D:\MAGIC\scripts\traceback.py","traceback.py","D:\MAGIC\scripts"
"D:\MAGIC\scripts\tracing.py","tracing.py","D:\MAGIC\scripts"
"D:\MAGIC\scripts\transaction.py","transaction.py","D:\MAGIC\scripts"
"D:\MAGIC\scripts\transform.py","transform.py","D:\MAGIC\scripts"
"D:\MAGIC\scripts\transformPen.py","transformPen.py","D:\MAGIC\scripts"
"D:\MAGIC\scripts\transforms.py","transforms.py","D:\MAGIC\scripts"
"D:\MAGIC\scripts\transforms_2.py","transforms_2.py","D:\MAGIC\scripts"
"D:\MAGIC\scripts\transitions.py","transitions.py","D:\MAGIC\scripts"
"D:\MAGIC\scripts\tree.py","tree.py","D:\MAGIC\scripts"
"D:\MAGIC\scripts\treeTools.py","treeTools.py","D:\MAGIC\scripts"
"D:\MAGIC\scripts\trending.py","trending.py","D:\MAGIC\scripts"
"D:\MAGIC\scripts\trends_scraper.py","trends_scraper.py","D:\MAGIC\scripts"
"D:\MAGIC\scripts\trends_scraper_with_reddit.py","trends_scraper_with_reddit.py","D:\MAGIC\scripts"
"D:\MAGIC\scripts\trend_explainer.py","trend_explainer.py","D:\MAGIC\scripts"
"D:\MAGIC\scripts\trend_lifecycle.py","trend_lifecycle.py","D:\MAGIC\scripts"
"D:\MAGIC\scripts\trend_predictor.py","trend_predictor.py","D:\MAGIC\scripts"
"D:\MAGIC\scripts\trend_scorer.py","trend_scorer.py","D:\MAGIC\scripts"
"D:\MAGIC\scripts\trend_scorer_2.py","trend_scorer_2.py","D:\MAGIC\scripts"
"D:\MAGIC\scripts\trend_spike_detector.py","trend_spike_detector.py","D:\MAGIC\scripts"
"D:\MAGIC\scripts\trend_summary_gen.py","trend_summary_gen.py","D:\MAGIC\scripts"
"D:\MAGIC\scripts\trend_unifier.py","trend_unifier.py","D:\MAGIC\scripts"
"D:\MAGIC\scripts\trend_unifier_2.py","trend_unifier_2.py","D:\MAGIC\scripts"
"D:\MAGIC\scripts\ttCollection.py","ttCollection.py","D:\MAGIC\scripts"
"D:\MAGIC\scripts\ttFont.py","ttFont.py","D:\MAGIC\scripts"
"D:\MAGIC\scripts\ttfonts.py","ttfonts.py","D:\MAGIC\scripts"
"D:\MAGIC\scripts\ttGlyphPen.py","ttGlyphPen.py","D:\MAGIC\scripts"
"D:\MAGIC\scripts\ttGlyphSet.py","ttGlyphSet.py","D:\MAGIC\scripts"
"D:\MAGIC\scripts\ttProgram.py","ttProgram.py","D:\MAGIC\scripts"
"D:\MAGIC\scripts\ttVisitor.py","ttVisitor.py","D:\MAGIC\scripts"
"D:\MAGIC\scripts\ttx.py","ttx.py","D:\MAGIC\scripts"
"D:\MAGIC\scripts\TupleVariation.py","TupleVariation.py","D:\MAGIC\scripts"
"D:\MAGIC\scripts\tutil.py","tutil.py","D:\MAGIC\scripts"
"D:\MAGIC\scripts\twitter.py","twitter.py","D:\MAGIC\scripts"
"D:\MAGIC\scripts\twitter_api.py","twitter_api.py","D:\MAGIC\scripts"
"D:\MAGIC\scripts\twitter_scraper.py","twitter_scraper.py","D:\MAGIC\scripts"
"D:\MAGIC\scripts\twitter_scraper_old_2.py","twitter_scraper_old_2.py","D:\MAGIC\scripts"
"D:\MAGIC\scripts\twitter_scraper_ps_2.py","twitter_scraper_ps_2.py","D:\MAGIC\scripts"
"D:\MAGIC\scripts\twitter_scraper_simple_2.py","twitter_scraper_simple_2.py","D:\MAGIC\scripts"
"D:\MAGIC\scripts\twodim_base.py","twodim_base.py","D:\MAGIC\scripts"
"D:\MAGIC\scripts\typecheck.py","typecheck.py","D:\MAGIC\scripts"
"D:\MAGIC\scripts\types.py","types.py","D:\MAGIC\scripts"
"D:\MAGIC\scripts\types_2.py","types_2.py","D:\MAGIC\scripts"
"D:\MAGIC\scripts\types_3.py","types_3.py","D:\MAGIC\scripts"
"D:\MAGIC\scripts\types_4.py","types_4.py","D:\MAGIC\scripts"
"D:\MAGIC\scripts\type_check.py","type_check.py","D:\MAGIC\scripts"
"D:\MAGIC\scripts\typing.py","typing.py","D:\MAGIC\scripts"
"D:\MAGIC\scripts\typing_extensions.py","typing_extensions.py","D:\MAGIC\scripts"
"D:\MAGIC\scripts\typing_extensions_2.py","typing_extensions_2.py","D:\MAGIC\scripts"
"D:\MAGIC\scripts\tz.py","tz.py","D:\MAGIC\scripts"
"D:\MAGIC\scripts\tzfile.py","tzfile.py","D:\MAGIC\scripts"
"D:\MAGIC\scripts\tzinfo.py","tzinfo.py","D:\MAGIC\scripts"
"D:\MAGIC\scripts\tzwin.py","tzwin.py","D:\MAGIC\scripts"
"D:\MAGIC\scripts\tzwin_2.py","tzwin_2.py","D:\MAGIC\scripts"
"D:\MAGIC\scripts\tz_2.py","tz_2.py","D:\MAGIC\scripts"
"D:\MAGIC\scripts\T_S_I_B_.py","T_S_I_B_.py","D:\MAGIC\scripts"
"D:\MAGIC\scripts\T_S_I_C_.py","T_S_I_C_.py","D:\MAGIC\scripts"
"D:\MAGIC\scripts\T_S_I_D_.py","T_S_I_D_.py","D:\MAGIC\scripts"
"D:\MAGIC\scripts\T_S_I_J_.py","T_S_I_J_.py","D:\MAGIC\scripts"
"D:\MAGIC\scripts\T_S_I_P_.py","T_S_I_P_.py","D:\MAGIC\scripts"
"D:\MAGIC\scripts\T_S_I_S_.py","T_S_I_S_.py","D:\MAGIC\scripts"
"D:\MAGIC\scripts\T_S_I_V_.py","T_S_I_V_.py","D:\MAGIC\scripts"
"D:\MAGIC\scripts\T_S_I__0.py","T_S_I__0.py","D:\MAGIC\scripts"
"D:\MAGIC\scripts\T_S_I__1.py","T_S_I__1.py","D:\MAGIC\scripts"
"D:\MAGIC\scripts\T_S_I__2.py","T_S_I__2.py","D:\MAGIC\scripts"
"D:\MAGIC\scripts\T_S_I__3.py","T_S_I__3.py","D:\MAGIC\scripts"
"D:\MAGIC\scripts\T_S_I__5.py","T_S_I__5.py","D:\MAGIC\scripts"
"D:\MAGIC\scripts\T_T_F_A_.py","T_T_F_A_.py","D:\MAGIC\scripts"
"D:\MAGIC\scripts\ufo.py","ufo.py","D:\MAGIC\scripts"
"D:\MAGIC\scripts\ufunclike.py","ufunclike.py","D:\MAGIC\scripts"
"D:\MAGIC\scripts\ufunclike_2.py","ufunclike_2.py","D:\MAGIC\scripts"
"D:\MAGIC\scripts\ufunclike_3.py","ufunclike_3.py","D:\MAGIC\scripts"
"D:\MAGIC\scripts\ufunclike_4.py","ufunclike_4.py","D:\MAGIC\scripts"
"D:\MAGIC\scripts\ufuncs.py","ufuncs.py","D:\MAGIC\scripts"
"D:\MAGIC\scripts\ufuncs_2.py","ufuncs_2.py","D:\MAGIC\scripts"
"D:\MAGIC\scripts\ufuncs_3.py","ufuncs_3.py","D:\MAGIC\scripts"
"D:\MAGIC\scripts\ufuncs_4.py","ufuncs_4.py","D:\MAGIC\scripts"
"D:\MAGIC\scripts\ufunc_config.py","ufunc_config.py","D:\MAGIC\scripts"
"D:\MAGIC\scripts\ufunc_config_2.py","ufunc_config_2.py","D:\MAGIC\scripts"
"D:\MAGIC\scripts\ufunc_config_3.py","ufunc_config_3.py","D:\MAGIC\scripts"
"D:\MAGIC\scripts\ufunc_config_4.py","ufunc_config_4.py","D:\MAGIC\scripts"
"D:\MAGIC\scripts\ui.py","ui.py","D:\MAGIC\scripts"
"D:\MAGIC\scripts\umath.py","umath.py","D:\MAGIC\scripts"
"D:\MAGIC\scripts\umath_tests.py","umath_tests.py","D:\MAGIC\scripts"
"D:\MAGIC\scripts\unbuilder.py","unbuilder.py","D:\MAGIC\scripts"
"D:\MAGIC\scripts\unicode.py","unicode.py","D:\MAGIC\scripts"
"D:\MAGIC\scripts\unicode_2.py","unicode_2.py","D:\MAGIC\scripts"
"D:\MAGIC\scripts\unicode_script.py","unicode_script.py","D:\MAGIC\scripts"
"D:\MAGIC\scripts\unicode_utils.py","unicode_utils.py","D:\MAGIC\scripts"
"D:\MAGIC\scripts\uninstall.py","uninstall.py","D:\MAGIC\scripts"
"D:\MAGIC\scripts\unistring.py","unistring.py","D:\MAGIC\scripts"
"D:\MAGIC\scripts\universaldetector.py","universaldetector.py","D:\MAGIC\scripts"
"D:\MAGIC\scripts\unix.py","unix.py","D:\MAGIC\scripts"
"D:\MAGIC\scripts\unixccompiler.py","unixccompiler.py","D:\MAGIC\scripts"
"D:\MAGIC\scripts\unpacking.py","unpacking.py","D:\MAGIC\scripts"
"D:\MAGIC\scripts\update_checker.py","update_checker.py","D:\MAGIC\scripts"
"D:\MAGIC\scripts\update_checker_test.py","update_checker_test.py","D:\MAGIC\scripts"
"D:\MAGIC\scripts\update_files.ps1","update_files.ps1","D:\MAGIC\scripts"
"D:\MAGIC\scripts\upload.py","upload.py","D:\MAGIC\scripts"
"D:\MAGIC\scripts\upload_docs.py","upload_docs.py","D:\MAGIC\scripts"
"D:\MAGIC\scripts\url.py","url.py","D:\MAGIC\scripts"
"D:\MAGIC\scripts\urls.py","urls.py","D:\MAGIC\scripts"
"D:\MAGIC\scripts\usedoctest.py","usedoctest.py","D:\MAGIC\scripts"
"D:\MAGIC\scripts\usedoctest_2.py","usedoctest_2.py","D:\MAGIC\scripts"
"D:\MAGIC\scripts\user_array.py","user_array.py","D:\MAGIC\scripts"
"D:\MAGIC\scripts\user_subreddit.py","user_subreddit.py","D:\MAGIC\scripts"
"D:\MAGIC\scripts\use_rules.py","use_rules.py","D:\MAGIC\scripts"
"D:\MAGIC\scripts\utf1632prober.py","utf1632prober.py","D:\MAGIC\scripts"
"D:\MAGIC\scripts\utf8prober.py","utf8prober.py","D:\MAGIC\scripts"
"D:\MAGIC\scripts\util.py","util.py","D:\MAGIC\scripts"
"D:\MAGIC\scripts\utilities.py","utilities.py","D:\MAGIC\scripts"
"D:\MAGIC\scripts\utils.py","utils.py","D:\MAGIC\scripts"
"D:\MAGIC\scripts\utils_10.py","utils_10.py","D:\MAGIC\scripts"
"D:\MAGIC\scripts\utils_11.py","utils_11.py","D:\MAGIC\scripts"
"D:\MAGIC\scripts\utils_12.py","utils_12.py","D:\MAGIC\scripts"
"D:\MAGIC\scripts\utils_13.py","utils_13.py","D:\MAGIC\scripts"
"D:\MAGIC\scripts\utils_14.py","utils_14.py","D:\MAGIC\scripts"
"D:\MAGIC\scripts\utils_15.py","utils_15.py","D:\MAGIC\scripts"
"D:\MAGIC\scripts\utils_16.py","utils_16.py","D:\MAGIC\scripts"
"D:\MAGIC\scripts\utils_2.py","utils_2.py","D:\MAGIC\scripts"
"D:\MAGIC\scripts\utils_3.py","utils_3.py","D:\MAGIC\scripts"
"D:\MAGIC\scripts\utils_4.py","utils_4.py","D:\MAGIC\scripts"
"D:\MAGIC\scripts\utils_5.py","utils_5.py","D:\MAGIC\scripts"
"D:\MAGIC\scripts\utils_6.py","utils_6.py","D:\MAGIC\scripts"
"D:\MAGIC\scripts\utils_7.py","utils_7.py","D:\MAGIC\scripts"
"D:\MAGIC\scripts\utils_8.py","utils_8.py","D:\MAGIC\scripts"
"D:\MAGIC\scripts\utils_9.py","utils_9.py","D:\MAGIC\scripts"
"D:\MAGIC\scripts\util_2.py","util_2.py","D:\MAGIC\scripts"
"D:\MAGIC\scripts\util_3.py","util_3.py","D:\MAGIC\scripts"
"D:\MAGIC\scripts\util_4.py","util_4.py","D:\MAGIC\scripts"
"D:\MAGIC\scripts\uts46data.py","uts46data.py","D:\MAGIC\scripts"
"D:\MAGIC\scripts\validate_schema_2.py","validate_schema_2.py","D:\MAGIC\scripts"
"D:\MAGIC\scripts\validation_checks_2.py","validation_checks_2.py","D:\MAGIC\scripts"
"D:\MAGIC\scripts\validators.py","validators.py","D:\MAGIC\scripts"
"D:\MAGIC\scripts\validators_2.py","validators_2.py","D:\MAGIC\scripts"
"D:\MAGIC\scripts\validators_3.py","validators_3.py","D:\MAGIC\scripts"
"D:\MAGIC\scripts\validators_4.py","validators_4.py","D:\MAGIC\scripts"
"D:\MAGIC\scripts\validators_5.py","validators_5.py","D:\MAGIC\scripts"
"D:\MAGIC\scripts\variables.py","variables.py","D:\MAGIC\scripts"
"D:\MAGIC\scripts\variableScalar.py","variableScalar.py","D:\MAGIC\scripts"
"D:\MAGIC\scripts\variance_filter.py","variance_filter.py","D:\MAGIC\scripts"
"D:\MAGIC\scripts\varStore.py","varStore.py","D:\MAGIC\scripts"
"D:\MAGIC\scripts\var_.py","var_.py","D:\MAGIC\scripts"
"D:\MAGIC\scripts\vast.py","vast.py","D:\MAGIC\scripts"
"D:\MAGIC\scripts\vault_manager.py","vault_manager.py","D:\MAGIC\scripts"
"D:\MAGIC\scripts\vault_manager_2.py","vault_manager_2.py","D:\MAGIC\scripts"
"D:\MAGIC\scripts\vb.py","vb.py","D:\MAGIC\scripts"
"D:\MAGIC\scripts\vector.py","vector.py","D:\MAGIC\scripts"
"D:\MAGIC\scripts\vengine_cpy.py","vengine_cpy.py","D:\MAGIC\scripts"
"D:\MAGIC\scripts\vengine_cpy_2.py","vengine_cpy_2.py","D:\MAGIC\scripts"
"D:\MAGIC\scripts\vengine_gen.py","vengine_gen.py","D:\MAGIC\scripts"
"D:\MAGIC\scripts\vengine_gen_2.py","vengine_gen_2.py","D:\MAGIC\scripts"
"D:\MAGIC\scripts\verification.py","verification.py","D:\MAGIC\scripts"
"D:\MAGIC\scripts\verifier.py","verifier.py","D:\MAGIC\scripts"
"D:\MAGIC\scripts\verifier_2.py","verifier_2.py","D:\MAGIC\scripts"
"D:\MAGIC\scripts\verify_setup_2.py","verify_setup_2.py","D:\MAGIC\scripts"
"D:\MAGIC\scripts\version.py","version.py","D:\MAGIC\scripts"
"D:\MAGIC\scripts\versioncontrol.py","versioncontrol.py","D:\MAGIC\scripts"
"D:\MAGIC\scripts\versionpredicate.py","versionpredicate.py","D:\MAGIC\scripts"
"D:\MAGIC\scripts\version_2.py","version_2.py","D:\MAGIC\scripts"
"D:\MAGIC\scripts\version_3.py","version_3.py","D:\MAGIC\scripts"
"D:\MAGIC\scripts\version_4.py","version_4.py","D:\MAGIC\scripts"
"D:\MAGIC\scripts\version_5.py","version_5.py","D:\MAGIC\scripts"
"D:\MAGIC\scripts\version_6.py","version_6.py","D:\MAGIC\scripts"
"D:\MAGIC\scripts\virtualenv.py","virtualenv.py","D:\MAGIC\scripts"
"D:\MAGIC\scripts\virtual_authenticator.py","virtual_authenticator.py","D:\MAGIC\scripts"
"D:\MAGIC\scripts\visitor.py","visitor.py","D:\MAGIC\scripts"
"D:\MAGIC\scripts\vkontakte.py","vkontakte.py","D:\MAGIC\scripts"
"D:\MAGIC\scripts\voltToFea.py","voltToFea.py","D:\MAGIC\scripts"
"D:\MAGIC\scripts\V_A_R_C_.py","V_A_R_C_.py","D:\MAGIC\scripts"
"D:\MAGIC\scripts\V_D_M_X_.py","V_D_M_X_.py","D:\MAGIC\scripts"
"D:\MAGIC\scripts\V_O_R_G_.py","V_O_R_G_.py","D:\MAGIC\scripts"
"D:\MAGIC\scripts\V_V_A_R_.py","V_V_A_R_.py","D:\MAGIC\scripts"
"D:\MAGIC\scripts\wait.py","wait.py","D:\MAGIC\scripts"
"D:\MAGIC\scripts\waitid.py","waitid.py","D:\MAGIC\scripts"
"D:\MAGIC\scripts\warnings_and_errors.py","warnings_and_errors.py","D:\MAGIC\scripts"
"D:\MAGIC\scripts\warnings_and_errors_2.py","warnings_and_errors_2.py","D:\MAGIC\scripts"
"D:\MAGIC\scripts\warnings_and_errors_3.py","warnings_and_errors_3.py","D:\MAGIC\scripts"
"D:\MAGIC\scripts\webdriver.py","webdriver.py","D:\MAGIC\scripts"
"D:\MAGIC\scripts\webelement.py","webelement.py","D:\MAGIC\scripts"
"D:\MAGIC\scripts\webextension.py","webextension.py","D:\MAGIC\scripts"
"D:\MAGIC\scripts\webhdfs.py","webhdfs.py","D:\MAGIC\scripts"
"D:\MAGIC\scripts\websocket_connection.py","websocket_connection.py","D:\MAGIC\scripts"
"D:\MAGIC\scripts\web_audio.py","web_audio.py","D:\MAGIC\scripts"
"D:\MAGIC\scripts\web_authn.py","web_authn.py","D:\MAGIC\scripts"
"D:\MAGIC\scripts\weekly_consolidator.py","weekly_consolidator.py","D:\MAGIC\scripts"
"D:\MAGIC\scripts\weibo.py","weibo.py","D:\MAGIC\scripts"
"D:\MAGIC\scripts\wheel.py","wheel.py","D:\MAGIC\scripts"
"D:\MAGIC\scripts\wheel_actions.py","wheel_actions.py","D:\MAGIC\scripts"
"D:\MAGIC\scripts\wheel_builder.py","wheel_builder.py","D:\MAGIC\scripts"
"D:\MAGIC\scripts\wheel_editable.py","wheel_editable.py","D:\MAGIC\scripts"
"D:\MAGIC\scripts\wheel_input.py","wheel_input.py","D:\MAGIC\scripts"
"D:\MAGIC\scripts\wheel_legacy.py","wheel_legacy.py","D:\MAGIC\scripts"
"D:\MAGIC\scripts\whitespace.py","whitespace.py","D:\MAGIC\scripts"
"D:\MAGIC\scripts\width.py","width.py","D:\MAGIC\scripts"
"D:\MAGIC\scripts\win.py","win.py","D:\MAGIC\scripts"
"D:\MAGIC\scripts\win32.py","win32.py","D:\MAGIC\scripts"
"D:\MAGIC\scripts\window.py","window.py","D:\MAGIC\scripts"
"D:\MAGIC\scripts\windows.py","windows.py","D:\MAGIC\scripts"
"D:\MAGIC\scripts\windows_support.py","windows_support.py","D:\MAGIC\scripts"
"D:\MAGIC\scripts\winterm.py","winterm.py","D:\MAGIC\scripts"
"D:\MAGIC\scripts\winterm_test.py","winterm_test.py","D:\MAGIC\scripts"
"D:\MAGIC\scripts\win_2.py","win_2.py","D:\MAGIC\scripts"
"D:\MAGIC\scripts\woff2.py","woff2.py","D:\MAGIC\scripts"
"D:\MAGIC\scripts\wrapper.py","wrapper.py","D:\MAGIC\scripts"
"D:\MAGIC\scripts\wxPen.py","wxPen.py","D:\MAGIC\scripts"
"D:\MAGIC\scripts\x25519.py","x25519.py","D:\MAGIC\scripts"
"D:\MAGIC\scripts\x448.py","x448.py","D:\MAGIC\scripts"
"D:\MAGIC\scripts\x963kdf.py","x963kdf.py","D:\MAGIC\scripts"
"D:\MAGIC\scripts\xml.py","xml.py","D:\MAGIC\scripts"
"D:\MAGIC\scripts\xmlfile.py","xmlfile.py","D:\MAGIC\scripts"
"D:\MAGIC\scripts\xmlReader.py","xmlReader.py","D:\MAGIC\scripts"
"D:\MAGIC\scripts\xmlrpc.py","xmlrpc.py","D:\MAGIC\scripts"
"D:\MAGIC\scripts\xmlWriter.py","xmlWriter.py","D:\MAGIC\scripts"
"D:\MAGIC\scripts\x_user_defined.py","x_user_defined.py","D:\MAGIC\scripts"
"D:\MAGIC\scripts\yacc.py","yacc.py","D:\MAGIC\scripts"
"D:\MAGIC\scripts\yacctab.py","yacctab.py","D:\MAGIC\scripts"
"D:\MAGIC\scripts\ygen.py","ygen.py","D:\MAGIC\scripts"
"D:\MAGIC\scripts\youtube_api.py","youtube_api.py","D:\MAGIC\scripts"
"D:\MAGIC\scripts\youtube_api_2.py","youtube_api_2.py","D:\MAGIC\scripts"
"D:\MAGIC\scripts\youtube_scraper.py","youtube_scraper.py","D:\MAGIC\scripts"
"D:\MAGIC\scripts\youtube_scraper_2.py","youtube_scraper_2.py","D:\MAGIC\scripts"
"D:\MAGIC\scripts\zephyr_alerts.py","zephyr_alerts.py","D:\MAGIC\scripts"
"D:\MAGIC\scripts\zephyr_feedback.py","zephyr_feedback.py","D:\MAGIC\scripts"
"D:\MAGIC\scripts\zephyr_to_midas.py","zephyr_to_midas.py","D:\MAGIC\scripts"
"D:\MAGIC\scripts\zephyr_trends.db","zephyr_trends.db","D:\MAGIC\scripts"
"D:\MAGIC\scripts\zip.py","zip.py","D:\MAGIC\scripts"
"D:\MAGIC\scripts\zipp.py","zipp.py","D:\MAGIC\scripts"
"D:\MAGIC\scripts\_abc.py","_abc.py","D:\MAGIC\scripts"
"D:\MAGIC\scripts\_abnf.py","_abnf.py","D:\MAGIC\scripts"
"D:\MAGIC\scripts\_adapters.py","_adapters.py","D:\MAGIC\scripts"
"D:\MAGIC\scripts\_add_docstring.py","_add_docstring.py","D:\MAGIC\scripts"
"D:\MAGIC\scripts\_add_newdocs.py","_add_newdocs.py","D:\MAGIC\scripts"
"D:\MAGIC\scripts\_add_newdocs_scalars.py","_add_newdocs_scalars.py","D:\MAGIC\scripts"
"D:\MAGIC\scripts\_api.py","_api.py","D:\MAGIC\scripts"
"D:\MAGIC\scripts\_api_2.py","_api_2.py","D:\MAGIC\scripts"
"D:\MAGIC\scripts\_app.py","_app.py","D:\MAGIC\scripts"
"D:\MAGIC\scripts\_appengine_environ.py","_appengine_environ.py","D:\MAGIC\scripts"
"D:\MAGIC\scripts\_apply_pyprojecttoml.py","_apply_pyprojecttoml.py","D:\MAGIC\scripts"
"D:\MAGIC\scripts\_array_like.py","_array_like.py","D:\MAGIC\scripts"
"D:\MAGIC\scripts\_arrow_utils.py","_arrow_utils.py","D:\MAGIC\scripts"
"D:\MAGIC\scripts\_asarray.py","_asarray.py","D:\MAGIC\scripts"
"D:\MAGIC\scripts\_ast_gen.py","_ast_gen.py","D:\MAGIC\scripts"
"D:\MAGIC\scripts\_asymmetric.py","_asymmetric.py","D:\MAGIC\scripts"
"D:\MAGIC\scripts\_asyncgens.py","_asyncgens.py","D:\MAGIC\scripts"
"D:\MAGIC\scripts\_asyncio.py","_asyncio.py","D:\MAGIC\scripts"
"D:\MAGIC\scripts\_asyncio_selector_thread.py","_asyncio_selector_thread.py","D:\MAGIC\scripts"
"D:\MAGIC\scripts\_a_n_k_r.py","_a_n_k_r.py","D:\MAGIC\scripts"
"D:\MAGIC\scripts\_a_v_a_r.py","_a_v_a_r.py","D:\MAGIC\scripts"
"D:\MAGIC\scripts\_base.py","_base.py","D:\MAGIC\scripts"
"D:\MAGIC\scripts\_base_connection.py","_base_connection.py","D:\MAGIC\scripts"
"D:\MAGIC\scripts\_build_config.py","_build_config.py","D:\MAGIC\scripts"
"D:\MAGIC\scripts\_build_tables.py","_build_tables.py","D:\MAGIC\scripts"
"D:\MAGIC\scripts\_b_s_l_n.py","_b_s_l_n.py","D:\MAGIC\scripts"
"D:\MAGIC\scripts\_cached.py","_cached.py","D:\MAGIC\scripts"
"D:\MAGIC\scripts\_cachedmethod.py","_cachedmethod.py","D:\MAGIC\scripts"
"D:\MAGIC\scripts\_callable.py","_callable.py","D:\MAGIC\scripts"
"D:\MAGIC\scripts\_catch.py","_catch.py","D:\MAGIC\scripts"
"D:\MAGIC\scripts\_cell_widths.py","_cell_widths.py","D:\MAGIC\scripts"
"D:\MAGIC\scripts\_channel.py","_channel.py","D:\MAGIC\scripts"
"D:\MAGIC\scripts\_char_codes.py","_char_codes.py","D:\MAGIC\scripts"
"D:\MAGIC\scripts\_checkpoints.py","_checkpoints.py","D:\MAGIC\scripts"
"D:\MAGIC\scripts\_check_streams.py","_check_streams.py","D:\MAGIC\scripts"
"D:\MAGIC\scripts\_cipheralgorithm.py","_cipheralgorithm.py","D:\MAGIC\scripts"
"D:\MAGIC\scripts\_cli.py","_cli.py","D:\MAGIC\scripts"
"D:\MAGIC\scripts\_cmd.py","_cmd.py","D:\MAGIC\scripts"
"D:\MAGIC\scripts\_cmp.py","_cmp.py","D:\MAGIC\scripts"
"D:\MAGIC\scripts\_cmp_2.py","_cmp_2.py","D:\MAGIC\scripts"
"D:\MAGIC\scripts\_collections.py","_collections.py","D:\MAGIC\scripts"
"D:\MAGIC\scripts\_color_data.py","_color_data.py","D:\MAGIC\scripts"
"D:\MAGIC\scripts\_common.py","_common.py","D:\MAGIC\scripts"
"D:\MAGIC\scripts\_common_2.py","_common_2.py","D:\MAGIC\scripts"
"D:\MAGIC\scripts\_common_3.py","_common_3.py","D:\MAGIC\scripts"
"D:\MAGIC\scripts\_common_4.py","_common_4.py","D:\MAGIC\scripts"
"D:\MAGIC\scripts\_compat.py","_compat.py","D:\MAGIC\scripts"
"D:\MAGIC\scripts\_compat_2.py","_compat_2.py","D:\MAGIC\scripts"
"D:\MAGIC\scripts\_compat_3.py","_compat_3.py","D:\MAGIC\scripts"
"D:\MAGIC\scripts\_concat_tb.py","_concat_tb.py","D:\MAGIC\scripts"
"D:\MAGIC\scripts\_conditional.py","_conditional.py","D:\MAGIC\scripts"
"D:\MAGIC\scripts\_config.py","_config.py","D:\MAGIC\scripts"
"D:\MAGIC\scripts\_configtool.py","_configtool.py","D:\MAGIC\scripts"
"D:\MAGIC\scripts\_config_2.py","_config_2.py","D:\MAGIC\scripts"
"D:\MAGIC\scripts\_config_3.py","_config_3.py","D:\MAGIC\scripts"
"D:\MAGIC\scripts\_config_4.py","_config_4.py","D:\MAGIC\scripts"
"D:\MAGIC\scripts\_connection.py","_connection.py","D:\MAGIC\scripts"
"D:\MAGIC\scripts\_content.py","_content.py","D:\MAGIC\scripts"
"D:\MAGIC\scripts\_cookiejar.py","_cookiejar.py","D:\MAGIC\scripts"
"D:\MAGIC\scripts\_core.py","_core.py","D:\MAGIC\scripts"
"D:\MAGIC\scripts\_c_i_d_g.py","_c_i_d_g.py","D:\MAGIC\scripts"
"D:\MAGIC\scripts\_c_m_a_p.py","_c_m_a_p.py","D:\MAGIC\scripts"
"D:\MAGIC\scripts\_c_v_a_r.py","_c_v_a_r.py","D:\MAGIC\scripts"
"D:\MAGIC\scripts\_c_v_t.py","_c_v_t.py","D:\MAGIC\scripts"
"D:\MAGIC\scripts\_datasource.py","_datasource.py","D:\MAGIC\scripts"
"D:\MAGIC\scripts\_decorators.py","_decorators.py","D:\MAGIC\scripts"
"D:\MAGIC\scripts\_deprecate.py","_deprecate.py","D:\MAGIC\scripts"
"D:\MAGIC\scripts\_deprecation.py","_deprecation.py","D:\MAGIC\scripts"
"D:\MAGIC\scripts\_deprecation_2.py","_deprecation_2.py","D:\MAGIC\scripts"
"D:\MAGIC\scripts\_deprecation_warning.py","_deprecation_warning.py","D:\MAGIC\scripts"
"D:\MAGIC\scripts\_dfi_types.py","_dfi_types.py","D:\MAGIC\scripts"
"D:\MAGIC\scripts\_diffcommand.py","_diffcommand.py","D:\MAGIC\scripts"
"D:\MAGIC\scripts\_difflib.py","_difflib.py","D:\MAGIC\scripts"
"D:\MAGIC\scripts\_distributor_init.py","_distributor_init.py","D:\MAGIC\scripts"
"D:\MAGIC\scripts\_dists.py","_dists.py","D:\MAGIC\scripts"
"D:\MAGIC\scripts\_distutils.py","_distutils.py","D:\MAGIC\scripts"
"D:\MAGIC\scripts\_doctools.py","_doctools.py","D:\MAGIC\scripts"
"D:\MAGIC\scripts\_dtls.py","_dtls.py","D:\MAGIC\scripts"
"D:\MAGIC\scripts\_dtype.py","_dtype.py","D:\MAGIC\scripts"
"D:\MAGIC\scripts\_dtype_ctypes.py","_dtype_ctypes.py","D:\MAGIC\scripts"
"D:\MAGIC\scripts\_dtype_like.py","_dtype_like.py","D:\MAGIC\scripts"
"D:\MAGIC\scripts\_elementpath.py","_elementpath.py","D:\MAGIC\scripts"
"D:\MAGIC\scripts\_emoji_codes.py","_emoji_codes.py","D:\MAGIC\scripts"
"D:\MAGIC\scripts\_emoji_replace.py","_emoji_replace.py","D:\MAGIC\scripts"
"D:\MAGIC\scripts\_entry_points.py","_entry_points.py","D:\MAGIC\scripts"
"D:\MAGIC\scripts\_entry_queue.py","_entry_queue.py","D:\MAGIC\scripts"
"D:\MAGIC\scripts\_envs.py","_envs.py","D:\MAGIC\scripts"
"D:\MAGIC\scripts\_error.py","_error.py","D:\MAGIC\scripts"
"D:\MAGIC\scripts\_error_2.py","_error_2.py","D:\MAGIC\scripts"
"D:\MAGIC\scripts\_eventloop.py","_eventloop.py","D:\MAGIC\scripts"
"D:\MAGIC\scripts\_eventloop_2.py","_eventloop_2.py","D:\MAGIC\scripts"
"D:\MAGIC\scripts\_events.py","_events.py","D:\MAGIC\scripts"
"D:\MAGIC\scripts\_exceptions.py","_exceptions.py","D:\MAGIC\scripts"
"D:\MAGIC\scripts\_exceptions_2.py","_exceptions_2.py","D:\MAGIC\scripts"
"D:\MAGIC\scripts\_exceptions_3.py","_exceptions_3.py","D:\MAGIC\scripts"
"D:\MAGIC\scripts\_export_format.py","_export_format.py","D:\MAGIC\scripts"
"D:\MAGIC\scripts\_extended_precision.py","_extended_precision.py","D:\MAGIC\scripts"
"D:\MAGIC\scripts\_extension.py","_extension.py","D:\MAGIC\scripts"
"D:\MAGIC\scripts\_factories.py","_factories.py","D:\MAGIC\scripts"
"D:\MAGIC\scripts\_factories_2.py","_factories_2.py","D:\MAGIC\scripts"
"D:\MAGIC\scripts\_fake_net.py","_fake_net.py","D:\MAGIC\scripts"
"D:\MAGIC\scripts\_fileio.py","_fileio.py","D:\MAGIC\scripts"
"D:\MAGIC\scripts\_file_io.py","_file_io.py","D:\MAGIC\scripts"
"D:\MAGIC\scripts\_formatting.py","_formatting.py","D:\MAGIC\scripts"
"D:\MAGIC\scripts\_framework_compat.py","_framework_compat.py","D:\MAGIC\scripts"
"D:\MAGIC\scripts\_funcs.py","_funcs.py","D:\MAGIC\scripts"
"D:\MAGIC\scripts\_funcs_2.py","_funcs_2.py","D:\MAGIC\scripts"
"D:\MAGIC\scripts\_functools.py","_functools.py","D:\MAGIC\scripts"
"D:\MAGIC\scripts\_f_e_a_t.py","_f_e_a_t.py","D:\MAGIC\scripts"
"D:\MAGIC\scripts\_f_p_g_m.py","_f_p_g_m.py","D:\MAGIC\scripts"
"D:\MAGIC\scripts\_f_v_a_r.py","_f_v_a_r.py","D:\MAGIC\scripts"
"D:\MAGIC\scripts\_generated_instrumentation.py","_generated_instrumentation.py","D:\MAGIC\scripts"
"D:\MAGIC\scripts\_generated_io_epoll.py","_generated_io_epoll.py","D:\MAGIC\scripts"
"D:\MAGIC\scripts\_generated_io_kqueue.py","_generated_io_kqueue.py","D:\MAGIC\scripts"
"D:\MAGIC\scripts\_generated_io_windows.py","_generated_io_windows.py","D:\MAGIC\scripts"
"D:\MAGIC\scripts\_generated_run.py","_generated_run.py","D:\MAGIC\scripts"
"D:\MAGIC\scripts\_generic_alias.py","_generic_alias.py","D:\MAGIC\scripts"
"D:\MAGIC\scripts\_globals.py","_globals.py","D:\MAGIC\scripts"
"D:\MAGIC\scripts\_g_a_s_p.py","_g_a_s_p.py","D:\MAGIC\scripts"
"D:\MAGIC\scripts\_g_c_i_d.py","_g_c_i_d.py","D:\MAGIC\scripts"
"D:\MAGIC\scripts\_g_l_y_f.py","_g_l_y_f.py","D:\MAGIC\scripts"
"D:\MAGIC\scripts\_g_v_a_r.py","_g_v_a_r.py","D:\MAGIC\scripts"
"D:\MAGIC\scripts\_handshake.py","_handshake.py","D:\MAGIC\scripts"
"D:\MAGIC\scripts\_headers.py","_headers.py","D:\MAGIC\scripts"
"D:\MAGIC\scripts\_highlevel_generic.py","_highlevel_generic.py","D:\MAGIC\scripts"
"D:\MAGIC\scripts\_highlevel_open_tcp_listeners.py","_highlevel_open_tcp_listeners.py","D:\MAGIC\scripts"
"D:\MAGIC\scripts\_highlevel_open_tcp_stream.py","_highlevel_open_tcp_stream.py","D:\MAGIC\scripts"
"D:\MAGIC\scripts\_highlevel_open_unix_stream.py","_highlevel_open_unix_stream.py","D:\MAGIC\scripts"
"D:\MAGIC\scripts\_highlevel_serve_listeners.py","_highlevel_serve_listeners.py","D:\MAGIC\scripts"
"D:\MAGIC\scripts\_highlevel_socket.py","_highlevel_socket.py","D:\MAGIC\scripts"
"D:\MAGIC\scripts\_highlevel_ssl_helpers.py","_highlevel_ssl_helpers.py","D:\MAGIC\scripts"
"D:\MAGIC\scripts\_html5builder.py","_html5builder.py","D:\MAGIC\scripts"
"D:\MAGIC\scripts\_html5lib.py","_html5lib.py","D:\MAGIC\scripts"
"D:\MAGIC\scripts\_html5lib_2.py","_html5lib_2.py","D:\MAGIC\scripts"
"D:\MAGIC\scripts\_htmlparser.py","_htmlparser.py","D:\MAGIC\scripts"
"D:\MAGIC\scripts\_htmlparser_2.py","_htmlparser_2.py","D:\MAGIC\scripts"
"D:\MAGIC\scripts\_http.py","_http.py","D:\MAGIC\scripts"
"D:\MAGIC\scripts\_hypothesis.py","_hypothesis.py","D:\MAGIC\scripts"
"D:\MAGIC\scripts\_h_d_m_x.py","_h_d_m_x.py","D:\MAGIC\scripts"
"D:\MAGIC\scripts\_h_e_a_d.py","_h_e_a_d.py","D:\MAGIC\scripts"
"D:\MAGIC\scripts\_h_h_e_a.py","_h_h_e_a.py","D:\MAGIC\scripts"
"D:\MAGIC\scripts\_h_m_t_x.py","_h_m_t_x.py","D:\MAGIC\scripts"
"D:\MAGIC\scripts\_ihatexml.py","_ihatexml.py","D:\MAGIC\scripts"
"D:\MAGIC\scripts\_imp.py","_imp.py","D:\MAGIC\scripts"
"D:\MAGIC\scripts\_impl.py","_impl.py","D:\MAGIC\scripts"
"D:\MAGIC\scripts\_importers.py","_importers.py","D:\MAGIC\scripts"
"D:\MAGIC\scripts\_importlib.py","_importlib.py","D:\MAGIC\scripts"
"D:\MAGIC\scripts\_imp_emulation.py","_imp_emulation.py","D:\MAGIC\scripts"
"D:\MAGIC\scripts\_imp_emulation_2.py","_imp_emulation_2.py","D:\MAGIC\scripts"
"D:\MAGIC\scripts\_inputstream.py","_inputstream.py","D:\MAGIC\scripts"
"D:\MAGIC\scripts\_inspect.py","_inspect.py","D:\MAGIC\scripts"
"D:\MAGIC\scripts\_instrumentation.py","_instrumentation.py","D:\MAGIC\scripts"
"D:\MAGIC\scripts\_internal.py","_internal.py","D:\MAGIC\scripts"
"D:\MAGIC\scripts\_internal_utils.py","_internal_utils.py","D:\MAGIC\scripts"
"D:\MAGIC\scripts\_in_process.py","_in_process.py","D:\MAGIC\scripts"
"D:\MAGIC\scripts\_io.py","_io.py","D:\MAGIC\scripts"
"D:\MAGIC\scripts\_iotools.py","_iotools.py","D:\MAGIC\scripts"
"D:\MAGIC\scripts\_io_common.py","_io_common.py","D:\MAGIC\scripts"
"D:\MAGIC\scripts\_io_epoll.py","_io_epoll.py","D:\MAGIC\scripts"
"D:\MAGIC\scripts\_io_kqueue.py","_io_kqueue.py","D:\MAGIC\scripts"
"D:\MAGIC\scripts\_io_windows.py","_io_windows.py","D:\MAGIC\scripts"
"D:\MAGIC\scripts\_itertools.py","_itertools.py","D:\MAGIC\scripts"
"D:\MAGIC\scripts\_json.py","_json.py","D:\MAGIC\scripts"
"D:\MAGIC\scripts\_ki.py","_ki.py","D:\MAGIC\scripts"
"D:\MAGIC\scripts\_k_e_r_n.py","_k_e_r_n.py","D:\MAGIC\scripts"
"D:\MAGIC\scripts\_legacy.py","_legacy.py","D:\MAGIC\scripts"
"D:\MAGIC\scripts\_local.py","_local.py","D:\MAGIC\scripts"
"D:\MAGIC\scripts\_locales.py","_locales.py","D:\MAGIC\scripts"
"D:\MAGIC\scripts\_log.py","_log.py","D:\MAGIC\scripts"
"D:\MAGIC\scripts\_logging.py","_logging.py","D:\MAGIC\scripts"
"D:\MAGIC\scripts\_log_render.py","_log_render.py","D:\MAGIC\scripts"
"D:\MAGIC\scripts\_loop.py","_loop.py","D:\MAGIC\scripts"
"D:\MAGIC\scripts\_lxml.py","_lxml.py","D:\MAGIC\scripts"
"D:\MAGIC\scripts\_lxml_2.py","_lxml_2.py","D:\MAGIC\scripts"
"D:\MAGIC\scripts\_l_c_a_r.py","_l_c_a_r.py","D:\MAGIC\scripts"
"D:\MAGIC\scripts\_l_o_c_a.py","_l_o_c_a.py","D:\MAGIC\scripts"
"D:\MAGIC\scripts\_l_t_a_g.py","_l_t_a_g.py","D:\MAGIC\scripts"
"D:\MAGIC\scripts\_macos_compat.py","_macos_compat.py","D:\MAGIC\scripts"
"D:\MAGIC\scripts\_magics.py","_magics.py","D:\MAGIC\scripts"
"D:\MAGIC\scripts\_make.py","_make.py","D:\MAGIC\scripts"
"D:\MAGIC\scripts\_make_2.py","_make_2.py","D:\MAGIC\scripts"
"D:\MAGIC\scripts\_manylinux.py","_manylinux.py","D:\MAGIC\scripts"
"D:\MAGIC\scripts\_mapping.py","_mapping.py","D:\MAGIC\scripts"
"D:\MAGIC\scripts\_memory_streams.py","_memory_streams.py","D:\MAGIC\scripts"
"D:\MAGIC\scripts\_meta.py","_meta.py","D:\MAGIC\scripts"
"D:\MAGIC\scripts\_methods.py","_methods.py","D:\MAGIC\scripts"
"D:\MAGIC\scripts\_misc.py","_misc.py","D:\MAGIC\scripts"
"D:\MAGIC\scripts\_mixins.py","_mixins.py","D:\MAGIC\scripts"
"D:\MAGIC\scripts\_mock_clock.py","_mock_clock.py","D:\MAGIC\scripts"
"D:\MAGIC\scripts\_msvccompiler.py","_msvccompiler.py","D:\MAGIC\scripts"
"D:\MAGIC\scripts\_musllinux.py","_musllinux.py","D:\MAGIC\scripts"
"D:\MAGIC\scripts\_m_a_x_p.py","_m_a_x_p.py","D:\MAGIC\scripts"
"D:\MAGIC\scripts\_m_e_t_a.py","_m_e_t_a.py","D:\MAGIC\scripts"
"D:\MAGIC\scripts\_m_o_r_t.py","_m_o_r_t.py","D:\MAGIC\scripts"
"D:\MAGIC\scripts\_m_o_r_x.py","_m_o_r_x.py","D:\MAGIC\scripts"
"D:\MAGIC\scripts\_nbit.py","_nbit.py","D:\MAGIC\scripts"
"D:\MAGIC\scripts\_network.py","_network.py","D:\MAGIC\scripts"
"D:\MAGIC\scripts\_next_gen.py","_next_gen.py","D:\MAGIC\scripts"
"D:\MAGIC\scripts\_next_gen_2.py","_next_gen_2.py","D:\MAGIC\scripts"
"D:\MAGIC\scripts\_normalize.py","_normalize.py","D:\MAGIC\scripts"
"D:\MAGIC\scripts\_null_file.py","_null_file.py","D:\MAGIC\scripts"
"D:\MAGIC\scripts\_n_a_m_e.py","_n_a_m_e.py","D:\MAGIC\scripts"
"D:\MAGIC\scripts\_odfreader.py","_odfreader.py","D:\MAGIC\scripts"
"D:\MAGIC\scripts\_odswriter.py","_odswriter.py","D:\MAGIC\scripts"
"D:\MAGIC\scripts\_oid.py","_oid.py","D:\MAGIC\scripts"
"D:\MAGIC\scripts\_openpyxl.py","_openpyxl.py","D:\MAGIC\scripts"
"D:\MAGIC\scripts\_optional.py","_optional.py","D:\MAGIC\scripts"
"D:\MAGIC\scripts\_o_p_b_d.py","_o_p_b_d.py","D:\MAGIC\scripts"
"D:\MAGIC\scripts\_palettes.py","_palettes.py","D:\MAGIC\scripts"
"D:\MAGIC\scripts\_parking_lot.py","_parking_lot.py","D:\MAGIC\scripts"
"D:\MAGIC\scripts\_parser.py","_parser.py","D:\MAGIC\scripts"
"D:\MAGIC\scripts\_parser_2.py","_parser_2.py","D:\MAGIC\scripts"
"D:\MAGIC\scripts\_path.py","_path.py","D:\MAGIC\scripts"
"D:\MAGIC\scripts\_pick.py","_pick.py","D:\MAGIC\scripts"
"D:\MAGIC\scripts\_pickle.py","_pickle.py","D:\MAGIC\scripts"
"D:\MAGIC\scripts\_pocketfft.py","_pocketfft.py","D:\MAGIC\scripts"
"D:\MAGIC\scripts\_polybase.py","_polybase.py","D:\MAGIC\scripts"
"D:\MAGIC\scripts\_print_versions.py","_print_versions.py","D:\MAGIC\scripts"
"D:\MAGIC\scripts\_pytesttester.py","_pytesttester.py","D:\MAGIC\scripts"
"D:\MAGIC\scripts\_pyxlsb.py","_pyxlsb.py","D:\MAGIC\scripts"
"D:\MAGIC\scripts\_p_o_s_t.py","_p_o_s_t.py","D:\MAGIC\scripts"
"D:\MAGIC\scripts\_p_r_e_p.py","_p_r_e_p.py","D:\MAGIC\scripts"
"D:\MAGIC\scripts\_p_r_o_p.py","_p_r_o_p.py","D:\MAGIC\scripts"
"D:\MAGIC\scripts\_raises_group.py","_raises_group.py","D:\MAGIC\scripts"
"D:\MAGIC\scripts\_random.py","_random.py","D:\MAGIC\scripts"
"D:\MAGIC\scripts\_ranges.py","_ranges.py","D:\MAGIC\scripts"
"D:\MAGIC\scripts\_ratio.py","_ratio.py","D:\MAGIC\scripts"
"D:\MAGIC\scripts\_re.py","_re.py","D:\MAGIC\scripts"
"D:\MAGIC\scripts\_readers.py","_readers.py","D:\MAGIC\scripts"
"D:\MAGIC\scripts\_receivebuffer.py","_receivebuffer.py","D:\MAGIC\scripts"
"D:\MAGIC\scripts\_repl.py","_repl.py","D:\MAGIC\scripts"
"D:\MAGIC\scripts\_reqs.py","_reqs.py","D:\MAGIC\scripts"
"D:\MAGIC\scripts\_request_methods.py","_request_methods.py","D:\MAGIC\scripts"
"D:\MAGIC\scripts\_resources.py","_resources.py","D:\MAGIC\scripts"
"D:\MAGIC\scripts\_resources_2.py","_resources_2.py","D:\MAGIC\scripts"
"D:\MAGIC\scripts\_run.py","_run.py","D:\MAGIC\scripts"
"D:\MAGIC\scripts\_run_context.py","_run_context.py","D:\MAGIC\scripts"
"D:\MAGIC\scripts\_scalars.py","_scalars.py","D:\MAGIC\scripts"
"D:\MAGIC\scripts\_sequencer.py","_sequencer.py","D:\MAGIC\scripts"
"D:\MAGIC\scripts\_serialization.py","_serialization.py","D:\MAGIC\scripts"
"D:\MAGIC\scripts\_setmixin.py","_setmixin.py","D:\MAGIC\scripts"
"D:\MAGIC\scripts\_shape.py","_shape.py","D:\MAGIC\scripts"
"D:\MAGIC\scripts\_shell_utils.py","_shell_utils.py","D:\MAGIC\scripts"
"D:\MAGIC\scripts\_shimmed_dist_utils.py","_shimmed_dist_utils.py","D:\MAGIC\scripts"
"D:\MAGIC\scripts\_shimmed_dist_utils_2.py","_shimmed_dist_utils_2.py","D:\MAGIC\scripts"
"D:\MAGIC\scripts\_show.py","_show.py","D:\MAGIC\scripts"
"D:\MAGIC\scripts\_signals.py","_signals.py","D:\MAGIC\scripts"
"D:\MAGIC\scripts\_socket.py","_socket.py","D:\MAGIC\scripts"
"D:\MAGIC\scripts\_sockets.py","_sockets.py","D:\MAGIC\scripts"
"D:\MAGIC\scripts\_sockets_2.py","_sockets_2.py","D:\MAGIC\scripts"
"D:\MAGIC\scripts\_soft.py","_soft.py","D:\MAGIC\scripts"
"D:\MAGIC\scripts\_soft_2.py","_soft_2.py","D:\MAGIC\scripts"
"D:\MAGIC\scripts\_spinners.py","_spinners.py","D:\MAGIC\scripts"
"D:\MAGIC\scripts\_ssl.py","_ssl.py","D:\MAGIC\scripts"
"D:\MAGIC\scripts\_ssl_compat.py","_ssl_compat.py","D:\MAGIC\scripts"
"D:\MAGIC\scripts\_stack.py","_stack.py","D:\MAGIC\scripts"
"D:\MAGIC\scripts\_state.py","_state.py","D:\MAGIC\scripts"
"D:\MAGIC\scripts\_streams.py","_streams.py","D:\MAGIC\scripts"
"D:\MAGIC\scripts\_streams_2.py","_streams_2.py","D:\MAGIC\scripts"
"D:\MAGIC\scripts\_string_helpers.py","_string_helpers.py","D:\MAGIC\scripts"
"D:\MAGIC\scripts\_structures.py","_structures.py","D:\MAGIC\scripts"
"D:\MAGIC\scripts\_subprocess.py","_subprocess.py","D:\MAGIC\scripts"
"D:\MAGIC\scripts\_subprocesses.py","_subprocesses.py","D:\MAGIC\scripts"
"D:\MAGIC\scripts\_subprocesses_2.py","_subprocesses_2.py","D:\MAGIC\scripts"
"D:\MAGIC\scripts\_suppress.py","_suppress.py","D:\MAGIC\scripts"
"D:\MAGIC\scripts\_sync.py","_sync.py","D:\MAGIC\scripts"
"D:\MAGIC\scripts\_synchronization.py","_synchronization.py","D:\MAGIC\scripts"
"D:\MAGIC\scripts\_sysconfig.py","_sysconfig.py","D:\MAGIC\scripts"
"D:\MAGIC\scripts\_s_b_i_x.py","_s_b_i_x.py","D:\MAGIC\scripts"
"D:\MAGIC\scripts\_table_schema.py","_table_schema.py","D:\MAGIC\scripts"
"D:\MAGIC\scripts\_tasks.py","_tasks.py","D:\MAGIC\scripts"
"D:\MAGIC\scripts\_tasks_2.py","_tasks_2.py","D:\MAGIC\scripts"
"D:\MAGIC\scripts\_tempfile.py","_tempfile.py","D:\MAGIC\scripts"
"D:\MAGIC\scripts\_termui_impl.py","_termui_impl.py","D:\MAGIC\scripts"
"D:\MAGIC\scripts\_tester.py","_tester.py","D:\MAGIC\scripts"
"D:\MAGIC\scripts\_testing.py","_testing.py","D:\MAGIC\scripts"
"D:\MAGIC\scripts\_testing_2.py","_testing_2.py","D:\MAGIC\scripts"
"D:\MAGIC\scripts\_test_decorators.py","_test_decorators.py","D:\MAGIC\scripts"
"D:\MAGIC\scripts\_text.py","_text.py","D:\MAGIC\scripts"
"D:\MAGIC\scripts\_textwrap.py","_textwrap.py","D:\MAGIC\scripts"
"D:\MAGIC\scripts\_threads.py","_threads.py","D:\MAGIC\scripts"
"D:\MAGIC\scripts\_thread_cache.py","_thread_cache.py","D:\MAGIC\scripts"
"D:\MAGIC\scripts\_timeouts.py","_timeouts.py","D:\MAGIC\scripts"
"D:\MAGIC\scripts\_timer.py","_timer.py","D:\MAGIC\scripts"
"D:\MAGIC\scripts\_tokenizer.py","_tokenizer.py","D:\MAGIC\scripts"
"D:\MAGIC\scripts\_transformed_data.py","_transformed_data.py","D:\MAGIC\scripts"
"D:\MAGIC\scripts\_traps.py","_traps.py","D:\MAGIC\scripts"
"D:\MAGIC\scripts\_trio.py","_trio.py","D:\MAGIC\scripts"
"D:\MAGIC\scripts\_trio_test.py","_trio_test.py","D:\MAGIC\scripts"
"D:\MAGIC\scripts\_typedattr.py","_typedattr.py","D:\MAGIC\scripts"
"D:\MAGIC\scripts\_types.py","_types.py","D:\MAGIC\scripts"
"D:\MAGIC\scripts\_type_aliases.py","_type_aliases.py","D:\MAGIC\scripts"
"D:\MAGIC\scripts\_typing.py","_typing.py","D:\MAGIC\scripts"
"D:\MAGIC\scripts\_typing_2.py","_typing_2.py","D:\MAGIC\scripts"
"D:\MAGIC\scripts\_typing_3.py","_typing_3.py","D:\MAGIC\scripts"
"D:\MAGIC\scripts\_typing_4.py","_typing_4.py","D:\MAGIC\scripts"
"D:\MAGIC\scripts\_t_r_a_k.py","_t_r_a_k.py","D:\MAGIC\scripts"
"D:\MAGIC\scripts\_ufunc_config.py","_ufunc_config.py","D:\MAGIC\scripts"
"D:\MAGIC\scripts\_ufunc_config_2.py","_ufunc_config_2.py","D:\MAGIC\scripts"
"D:\MAGIC\scripts\_unbounded_queue.py","_unbounded_queue.py","D:\MAGIC\scripts"
"D:\MAGIC\scripts\_unix.py","_unix.py","D:\MAGIC\scripts"
"D:\MAGIC\scripts\_unix_2.py","_unix_2.py","D:\MAGIC\scripts"
"D:\MAGIC\scripts\_unix_pipes.py","_unix_pipes.py","D:\MAGIC\scripts"
"D:\MAGIC\scripts\_url.py","_url.py","D:\MAGIC\scripts"
"D:\MAGIC\scripts\_util.py","_util.py","D:\MAGIC\scripts"
"D:\MAGIC\scripts\_utilities.py","_utilities.py","D:\MAGIC\scripts"
"D:\MAGIC\scripts\_utils.py","_utils.py","D:\MAGIC\scripts"
"D:\MAGIC\scripts\_util_2.py","_util_2.py","D:\MAGIC\scripts"
"D:\MAGIC\scripts\_util_3.py","_util_3.py","D:\MAGIC\scripts"
"D:\MAGIC\scripts\_util_4.py","_util_4.py","D:\MAGIC\scripts"
"D:\MAGIC\scripts\_validators.py","_validators.py","D:\MAGIC\scripts"
"D:\MAGIC\scripts\_vegafusion_data.py","_vegafusion_data.py","D:\MAGIC\scripts"
"D:\MAGIC\scripts\_version.py","_version.py","D:\MAGIC\scripts"
"D:\MAGIC\scripts\_version_10.py","_version_10.py","D:\MAGIC\scripts"
"D:\MAGIC\scripts\_version_11.py","_version_11.py","D:\MAGIC\scripts"
"D:\MAGIC\scripts\_version_2.py","_version_2.py","D:\MAGIC\scripts"
"D:\MAGIC\scripts\_version_3.py","_version_3.py","D:\MAGIC\scripts"
"D:\MAGIC\scripts\_version_4.py","_version_4.py","D:\MAGIC\scripts"
"D:\MAGIC\scripts\_version_5.py","_version_5.py","D:\MAGIC\scripts"
"D:\MAGIC\scripts\_version_6.py","_version_6.py","D:\MAGIC\scripts"
"D:\MAGIC\scripts\_version_7.py","_version_7.py","D:\MAGIC\scripts"
"D:\MAGIC\scripts\_version_8.py","_version_8.py","D:\MAGIC\scripts"
"D:\MAGIC\scripts\_version_9.py","_version_9.py","D:\MAGIC\scripts"
"D:\MAGIC\scripts\_version_info.py","_version_info.py","D:\MAGIC\scripts"
"D:\MAGIC\scripts\_version_info_2.py","_version_info_2.py","D:\MAGIC\scripts"
"D:\MAGIC\scripts\_v_h_e_a.py","_v_h_e_a.py","D:\MAGIC\scripts"
"D:\MAGIC\scripts\_v_m_t_x.py","_v_m_t_x.py","D:\MAGIC\scripts"
"D:\MAGIC\scripts\_wait_for_object.py","_wait_for_object.py","D:\MAGIC\scripts"
"D:\MAGIC\scripts\_wakeup_socketpair.py","_wakeup_socketpair.py","D:\MAGIC\scripts"
"D:\MAGIC\scripts\_warnings.py","_warnings.py","D:\MAGIC\scripts"
"D:\MAGIC\scripts\_warnings_2.py","_warnings_2.py","D:\MAGIC\scripts"
"D:\MAGIC\scripts\_win32_console.py","_win32_console.py","D:\MAGIC\scripts"
"D:\MAGIC\scripts\_winconsole.py","_winconsole.py","D:\MAGIC\scripts"
"D:\MAGIC\scripts\_windows.py","_windows.py","D:\MAGIC\scripts"
"D:\MAGIC\scripts\_windows_2.py","_windows_2.py","D:\MAGIC\scripts"
"D:\MAGIC\scripts\_windows_cffi.py","_windows_cffi.py","D:\MAGIC\scripts"
"D:\MAGIC\scripts\_windows_pipes.py","_windows_pipes.py","D:\MAGIC\scripts"
"D:\MAGIC\scripts\_windows_renderer.py","_windows_renderer.py","D:\MAGIC\scripts"
"D:\MAGIC\scripts\_wrap.py","_wrap.py","D:\MAGIC\scripts"
"D:\MAGIC\scripts\_writers.py","_writers.py","D:\MAGIC\scripts"
"D:\MAGIC\scripts\_wsdump.py","_wsdump.py","D:\MAGIC\scripts"
"D:\MAGIC\scripts\_xlrd.py","_xlrd.py","D:\MAGIC\scripts"
"D:\MAGIC\scripts\_xlsxwriter.py","_xlsxwriter.py","D:\MAGIC\scripts"
"D:\MAGIC\scripts\_xlwt.py","_xlwt.py","D:\MAGIC\scripts"
"D:\MAGIC\scripts\__about__.py","__about__.py","D:\MAGIC\scripts"
"D:\MAGIC\scripts\__config__.py","__config__.py","D:\MAGIC\scripts"
"D:\MAGIC\scripts\__config___2.py","__config___2.py","D:\MAGIC\scripts"
"D:\MAGIC\scripts\__config___3.py","__config___3.py","D:\MAGIC\scripts"
"D:\MAGIC\scripts\__init__.py","__init__.py","D:\MAGIC\scripts"
"D:\MAGIC\scripts\__init___10.py","__init___10.py","D:\MAGIC\scripts"
"D:\MAGIC\scripts\__init___100.py","__init___100.py","D:\MAGIC\scripts"
"D:\MAGIC\scripts\__init___101.py","__init___101.py","D:\MAGIC\scripts"
"D:\MAGIC\scripts\__init___102.py","__init___102.py","D:\MAGIC\scripts"
"D:\MAGIC\scripts\__init___103.py","__init___103.py","D:\MAGIC\scripts"
"D:\MAGIC\scripts\__init___104.py","__init___104.py","D:\MAGIC\scripts"
"D:\MAGIC\scripts\__init___105.py","__init___105.py","D:\MAGIC\scripts"
"D:\MAGIC\scripts\__init___106.py","__init___106.py","D:\MAGIC\scripts"
"D:\MAGIC\scripts\__init___107.py","__init___107.py","D:\MAGIC\scripts"
"D:\MAGIC\scripts\__init___108.py","__init___108.py","D:\MAGIC\scripts"
"D:\MAGIC\scripts\__init___109.py","__init___109.py","D:\MAGIC\scripts"
"D:\MAGIC\scripts\__init___11.py","__init___11.py","D:\MAGIC\scripts"
"D:\MAGIC\scripts\__init___110.py","__init___110.py","D:\MAGIC\scripts"
"D:\MAGIC\scripts\__init___111.py","__init___111.py","D:\MAGIC\scripts"
"D:\MAGIC\scripts\__init___112.py","__init___112.py","D:\MAGIC\scripts"
"D:\MAGIC\scripts\__init___113.py","__init___113.py","D:\MAGIC\scripts"
"D:\MAGIC\scripts\__init___114.py","__init___114.py","D:\MAGIC\scripts"
"D:\MAGIC\scripts\__init___115.py","__init___115.py","D:\MAGIC\scripts"
"D:\MAGIC\scripts\__init___116.py","__init___116.py","D:\MAGIC\scripts"
"D:\MAGIC\scripts\__init___117.py","__init___117.py","D:\MAGIC\scripts"
"D:\MAGIC\scripts\__init___118.py","__init___118.py","D:\MAGIC\scripts"
"D:\MAGIC\scripts\__init___119.py","__init___119.py","D:\MAGIC\scripts"
"D:\MAGIC\scripts\__init___12.py","__init___12.py","D:\MAGIC\scripts"
"D:\MAGIC\scripts\__init___120.py","__init___120.py","D:\MAGIC\scripts"
"D:\MAGIC\scripts\__init___121.py","__init___121.py","D:\MAGIC\scripts"
"D:\MAGIC\scripts\__init___122.py","__init___122.py","D:\MAGIC\scripts"
"D:\MAGIC\scripts\__init___123.py","__init___123.py","D:\MAGIC\scripts"
"D:\MAGIC\scripts\__init___124.py","__init___124.py","D:\MAGIC\scripts"
"D:\MAGIC\scripts\__init___125.py","__init___125.py","D:\MAGIC\scripts"
"D:\MAGIC\scripts\__init___126.py","__init___126.py","D:\MAGIC\scripts"
"D:\MAGIC\scripts\__init___127.py","__init___127.py","D:\MAGIC\scripts"
"D:\MAGIC\scripts\__init___128.py","__init___128.py","D:\MAGIC\scripts"
"D:\MAGIC\scripts\__init___129.py","__init___129.py","D:\MAGIC\scripts"
"D:\MAGIC\scripts\__init___13.py","__init___13.py","D:\MAGIC\scripts"
"D:\MAGIC\scripts\__init___130.py","__init___130.py","D:\MAGIC\scripts"
"D:\MAGIC\scripts\__init___131.py","__init___131.py","D:\MAGIC\scripts"
"D:\MAGIC\scripts\__init___132.py","__init___132.py","D:\MAGIC\scripts"
"D:\MAGIC\scripts\__init___133.py","__init___133.py","D:\MAGIC\scripts"
"D:\MAGIC\scripts\__init___134.py","__init___134.py","D:\MAGIC\scripts"
"D:\MAGIC\scripts\__init___135.py","__init___135.py","D:\MAGIC\scripts"
"D:\MAGIC\scripts\__init___136.py","__init___136.py","D:\MAGIC\scripts"
"D:\MAGIC\scripts\__init___137.py","__init___137.py","D:\MAGIC\scripts"
"D:\MAGIC\scripts\__init___138.py","__init___138.py","D:\MAGIC\scripts"
"D:\MAGIC\scripts\__init___139.py","__init___139.py","D:\MAGIC\scripts"
"D:\MAGIC\scripts\__init___14.py","__init___14.py","D:\MAGIC\scripts"
"D:\MAGIC\scripts\__init___140.py","__init___140.py","D:\MAGIC\scripts"
"D:\MAGIC\scripts\__init___141.py","__init___141.py","D:\MAGIC\scripts"
"D:\MAGIC\scripts\__init___142.py","__init___142.py","D:\MAGIC\scripts"
"D:\MAGIC\scripts\__init___143.py","__init___143.py","D:\MAGIC\scripts"
"D:\MAGIC\scripts\__init___144.py","__init___144.py","D:\MAGIC\scripts"
"D:\MAGIC\scripts\__init___145.py","__init___145.py","D:\MAGIC\scripts"
"D:\MAGIC\scripts\__init___146.py","__init___146.py","D:\MAGIC\scripts"
"D:\MAGIC\scripts\__init___147.py","__init___147.py","D:\MAGIC\scripts"
"D:\MAGIC\scripts\__init___148.py","__init___148.py","D:\MAGIC\scripts"
"D:\MAGIC\scripts\__init___149.py","__init___149.py","D:\MAGIC\scripts"
"D:\MAGIC\scripts\__init___15.py","__init___15.py","D:\MAGIC\scripts"
"D:\MAGIC\scripts\__init___150.py","__init___150.py","D:\MAGIC\scripts"
"D:\MAGIC\scripts\__init___151.py","__init___151.py","D:\MAGIC\scripts"
"D:\MAGIC\scripts\__init___152.py","__init___152.py","D:\MAGIC\scripts"
"D:\MAGIC\scripts\__init___153.py","__init___153.py","D:\MAGIC\scripts"
"D:\MAGIC\scripts\__init___154.py","__init___154.py","D:\MAGIC\scripts"
"D:\MAGIC\scripts\__init___155.py","__init___155.py","D:\MAGIC\scripts"
"D:\MAGIC\scripts\__init___156.py","__init___156.py","D:\MAGIC\scripts"
"D:\MAGIC\scripts\__init___157.py","__init___157.py","D:\MAGIC\scripts"
"D:\MAGIC\scripts\__init___158.py","__init___158.py","D:\MAGIC\scripts"
"D:\MAGIC\scripts\__init___159.py","__init___159.py","D:\MAGIC\scripts"
"D:\MAGIC\scripts\__init___16.py","__init___16.py","D:\MAGIC\scripts"
"D:\MAGIC\scripts\__init___160.py","__init___160.py","D:\MAGIC\scripts"
"D:\MAGIC\scripts\__init___161.py","__init___161.py","D:\MAGIC\scripts"
"D:\MAGIC\scripts\__init___162.py","__init___162.py","D:\MAGIC\scripts"
"D:\MAGIC\scripts\__init___163.py","__init___163.py","D:\MAGIC\scripts"
"D:\MAGIC\scripts\__init___164.py","__init___164.py","D:\MAGIC\scripts"
"D:\MAGIC\scripts\__init___165.py","__init___165.py","D:\MAGIC\scripts"
"D:\MAGIC\scripts\__init___166.py","__init___166.py","D:\MAGIC\scripts"
"D:\MAGIC\scripts\__init___167.py","__init___167.py","D:\MAGIC\scripts"
"D:\MAGIC\scripts\__init___168.py","__init___168.py","D:\MAGIC\scripts"
"D:\MAGIC\scripts\__init___169.py","__init___169.py","D:\MAGIC\scripts"
"D:\MAGIC\scripts\__init___17.py","__init___17.py","D:\MAGIC\scripts"
"D:\MAGIC\scripts\__init___170.py","__init___170.py","D:\MAGIC\scripts"
"D:\MAGIC\scripts\__init___171.py","__init___171.py","D:\MAGIC\scripts"
"D:\MAGIC\scripts\__init___172.py","__init___172.py","D:\MAGIC\scripts"
"D:\MAGIC\scripts\__init___173.py","__init___173.py","D:\MAGIC\scripts"
"D:\MAGIC\scripts\__init___174.py","__init___174.py","D:\MAGIC\scripts"
"D:\MAGIC\scripts\__init___175.py","__init___175.py","D:\MAGIC\scripts"
"D:\MAGIC\scripts\__init___176.py","__init___176.py","D:\MAGIC\scripts"
"D:\MAGIC\scripts\__init___177.py","__init___177.py","D:\MAGIC\scripts"
"D:\MAGIC\scripts\__init___178.py","__init___178.py","D:\MAGIC\scripts"
"D:\MAGIC\scripts\__init___179.py","__init___179.py","D:\MAGIC\scripts"
"D:\MAGIC\scripts\__init___18.py","__init___18.py","D:\MAGIC\scripts"
"D:\MAGIC\scripts\__init___180.py","__init___180.py","D:\MAGIC\scripts"
"D:\MAGIC\scripts\__init___181.py","__init___181.py","D:\MAGIC\scripts"
"D:\MAGIC\scripts\__init___182.py","__init___182.py","D:\MAGIC\scripts"
"D:\MAGIC\scripts\__init___19.py","__init___19.py","D:\MAGIC\scripts"
"D:\MAGIC\scripts\__init___2.py","__init___2.py","D:\MAGIC\scripts"
"D:\MAGIC\scripts\__init___20.py","__init___20.py","D:\MAGIC\scripts"
"D:\MAGIC\scripts\__init___21.py","__init___21.py","D:\MAGIC\scripts"
"D:\MAGIC\scripts\__init___22.py","__init___22.py","D:\MAGIC\scripts"
"D:\MAGIC\scripts\__init___23.py","__init___23.py","D:\MAGIC\scripts"
"D:\MAGIC\scripts\__init___24.py","__init___24.py","D:\MAGIC\scripts"
"D:\MAGIC\scripts\__init___25.py","__init___25.py","D:\MAGIC\scripts"
"D:\MAGIC\scripts\__init___26.py","__init___26.py","D:\MAGIC\scripts"
"D:\MAGIC\scripts\__init___27.py","__init___27.py","D:\MAGIC\scripts"
"D:\MAGIC\scripts\__init___28.py","__init___28.py","D:\MAGIC\scripts"
"D:\MAGIC\scripts\__init___29.py","__init___29.py","D:\MAGIC\scripts"
"D:\MAGIC\scripts\__init___3.py","__init___3.py","D:\MAGIC\scripts"
"D:\MAGIC\scripts\__init___30.py","__init___30.py","D:\MAGIC\scripts"
"D:\MAGIC\scripts\__init___31.py","__init___31.py","D:\MAGIC\scripts"
"D:\MAGIC\scripts\__init___32.py","__init___32.py","D:\MAGIC\scripts"
"D:\MAGIC\scripts\__init___33.py","__init___33.py","D:\MAGIC\scripts"
"D:\MAGIC\scripts\__init___34.py","__init___34.py","D:\MAGIC\scripts"
"D:\MAGIC\scripts\__init___35.py","__init___35.py","D:\MAGIC\scripts"
"D:\MAGIC\scripts\__init___36.py","__init___36.py","D:\MAGIC\scripts"
"D:\MAGIC\scripts\__init___37.py","__init___37.py","D:\MAGIC\scripts"
"D:\MAGIC\scripts\__init___38.py","__init___38.py","D:\MAGIC\scripts"
"D:\MAGIC\scripts\__init___39.py","__init___39.py","D:\MAGIC\scripts"
"D:\MAGIC\scripts\__init___4.py","__init___4.py","D:\MAGIC\scripts"
"D:\MAGIC\scripts\__init___40.py","__init___40.py","D:\MAGIC\scripts"
"D:\MAGIC\scripts\__init___41.py","__init___41.py","D:\MAGIC\scripts"
"D:\MAGIC\scripts\__init___42.py","__init___42.py","D:\MAGIC\scripts"
"D:\MAGIC\scripts\__init___43.py","__init___43.py","D:\MAGIC\scripts"
"D:\MAGIC\scripts\__init___44.py","__init___44.py","D:\MAGIC\scripts"
"D:\MAGIC\scripts\__init___45.py","__init___45.py","D:\MAGIC\scripts"
"D:\MAGIC\scripts\__init___46.py","__init___46.py","D:\MAGIC\scripts"
"D:\MAGIC\scripts\__init___47.py","__init___47.py","D:\MAGIC\scripts"
"D:\MAGIC\scripts\__init___48.py","__init___48.py","D:\MAGIC\scripts"
"D:\MAGIC\scripts\__init___49.py","__init___49.py","D:\MAGIC\scripts"
"D:\MAGIC\scripts\__init___5.py","__init___5.py","D:\MAGIC\scripts"
"D:\MAGIC\scripts\__init___50.py","__init___50.py","D:\MAGIC\scripts"
"D:\MAGIC\scripts\__init___51.py","__init___51.py","D:\MAGIC\scripts"
"D:\MAGIC\scripts\__init___52.py","__init___52.py","D:\MAGIC\scripts"
"D:\MAGIC\scripts\__init___53.py","__init___53.py","D:\MAGIC\scripts"
"D:\MAGIC\scripts\__init___54.py","__init___54.py","D:\MAGIC\scripts"
"D:\MAGIC\scripts\__init___55.py","__init___55.py","D:\MAGIC\scripts"
"D:\MAGIC\scripts\__init___56.py","__init___56.py","D:\MAGIC\scripts"
"D:\MAGIC\scripts\__init___57.py","__init___57.py","D:\MAGIC\scripts"
"D:\MAGIC\scripts\__init___58.py","__init___58.py","D:\MAGIC\scripts"
"D:\MAGIC\scripts\__init___59.py","__init___59.py","D:\MAGIC\scripts"
"D:\MAGIC\scripts\__init___6.py","__init___6.py","D:\MAGIC\scripts"
"D:\MAGIC\scripts\__init___60.py","__init___60.py","D:\MAGIC\scripts"
"D:\MAGIC\scripts\__init___61.py","__init___61.py","D:\MAGIC\scripts"
"D:\MAGIC\scripts\__init___62.py","__init___62.py","D:\MAGIC\scripts"
"D:\MAGIC\scripts\__init___63.py","__init___63.py","D:\MAGIC\scripts"
"D:\MAGIC\scripts\__init___64.py","__init___64.py","D:\MAGIC\scripts"
"D:\MAGIC\scripts\__init___65.py","__init___65.py","D:\MAGIC\scripts"
"D:\MAGIC\scripts\__init___66.py","__init___66.py","D:\MAGIC\scripts"
"D:\MAGIC\scripts\__init___67.py","__init___67.py","D:\MAGIC\scripts"
"D:\MAGIC\scripts\__init___68.py","__init___68.py","D:\MAGIC\scripts"
"D:\MAGIC\scripts\__init___69.py","__init___69.py","D:\MAGIC\scripts"
"D:\MAGIC\scripts\__init___7.py","__init___7.py","D:\MAGIC\scripts"
"D:\MAGIC\scripts\__init___70.py","__init___70.py","D:\MAGIC\scripts"
"D:\MAGIC\scripts\__init___71.py","__init___71.py","D:\MAGIC\scripts"
"D:\MAGIC\scripts\__init___72.py","__init___72.py","D:\MAGIC\scripts"
"D:\MAGIC\scripts\__init___73.py","__init___73.py","D:\MAGIC\scripts"
"D:\MAGIC\scripts\__init___74.py","__init___74.py","D:\MAGIC\scripts"
"D:\MAGIC\scripts\__init___75.py","__init___75.py","D:\MAGIC\scripts"
"D:\MAGIC\scripts\__init___76.py","__init___76.py","D:\MAGIC\scripts"
"D:\MAGIC\scripts\__init___77.py","__init___77.py","D:\MAGIC\scripts"
"D:\MAGIC\scripts\__init___78.py","__init___78.py","D:\MAGIC\scripts"
"D:\MAGIC\scripts\__init___79.py","__init___79.py","D:\MAGIC\scripts"
"D:\MAGIC\scripts\__init___8.py","__init___8.py","D:\MAGIC\scripts"
"D:\MAGIC\scripts\__init___80.py","__init___80.py","D:\MAGIC\scripts"
"D:\MAGIC\scripts\__init___81.py","__init___81.py","D:\MAGIC\scripts"
"D:\MAGIC\scripts\__init___82.py","__init___82.py","D:\MAGIC\scripts"
"D:\MAGIC\scripts\__init___83.py","__init___83.py","D:\MAGIC\scripts"
"D:\MAGIC\scripts\__init___84.py","__init___84.py","D:\MAGIC\scripts"
"D:\MAGIC\scripts\__init___85.py","__init___85.py","D:\MAGIC\scripts"
"D:\MAGIC\scripts\__init___86.py","__init___86.py","D:\MAGIC\scripts"
"D:\MAGIC\scripts\__init___87.py","__init___87.py","D:\MAGIC\scripts"
"D:\MAGIC\scripts\__init___88.py","__init___88.py","D:\MAGIC\scripts"
"D:\MAGIC\scripts\__init___89.py","__init___89.py","D:\MAGIC\scripts"
"D:\MAGIC\scripts\__init___9.py","__init___9.py","D:\MAGIC\scripts"
"D:\MAGIC\scripts\__init___90.py","__init___90.py","D:\MAGIC\scripts"
"D:\MAGIC\scripts\__init___91.py","__init___91.py","D:\MAGIC\scripts"
"D:\MAGIC\scripts\__init___92.py","__init___92.py","D:\MAGIC\scripts"
"D:\MAGIC\scripts\__init___93.py","__init___93.py","D:\MAGIC\scripts"
"D:\MAGIC\scripts\__init___94.py","__init___94.py","D:\MAGIC\scripts"
"D:\MAGIC\scripts\__init___95.py","__init___95.py","D:\MAGIC\scripts"
"D:\MAGIC\scripts\__init___96.py","__init___96.py","D:\MAGIC\scripts"
"D:\MAGIC\scripts\__init___97.py","__init___97.py","D:\MAGIC\scripts"
"D:\MAGIC\scripts\__init___98.py","__init___98.py","D:\MAGIC\scripts"
"D:\MAGIC\scripts\__init___99.py","__init___99.py","D:\MAGIC\scripts"
"D:\MAGIC\scripts\__main__.py","__main__.py","D:\MAGIC\scripts"
"D:\MAGIC\scripts\__main___10.py","__main___10.py","D:\MAGIC\scripts"
"D:\MAGIC\scripts\__main___11.py","__main___11.py","D:\MAGIC\scripts"
"D:\MAGIC\scripts\__main___12.py","__main___12.py","D:\MAGIC\scripts"
"D:\MAGIC\scripts\__main___13.py","__main___13.py","D:\MAGIC\scripts"
"D:\MAGIC\scripts\__main___14.py","__main___14.py","D:\MAGIC\scripts"
"D:\MAGIC\scripts\__main___15.py","__main___15.py","D:\MAGIC\scripts"
"D:\MAGIC\scripts\__main___16.py","__main___16.py","D:\MAGIC\scripts"
"D:\MAGIC\scripts\__main___17.py","__main___17.py","D:\MAGIC\scripts"
"D:\MAGIC\scripts\__main___18.py","__main___18.py","D:\MAGIC\scripts"
"D:\MAGIC\scripts\__main___19.py","__main___19.py","D:\MAGIC\scripts"
"D:\MAGIC\scripts\__main___2.py","__main___2.py","D:\MAGIC\scripts"
"D:\MAGIC\scripts\__main___20.py","__main___20.py","D:\MAGIC\scripts"
"D:\MAGIC\scripts\__main___21.py","__main___21.py","D:\MAGIC\scripts"
"D:\MAGIC\scripts\__main___22.py","__main___22.py","D:\MAGIC\scripts"
"D:\MAGIC\scripts\__main___3.py","__main___3.py","D:\MAGIC\scripts"
"D:\MAGIC\scripts\__main___4.py","__main___4.py","D:\MAGIC\scripts"
"D:\MAGIC\scripts\__main___5.py","__main___5.py","D:\MAGIC\scripts"
"D:\MAGIC\scripts\__main___6.py","__main___6.py","D:\MAGIC\scripts"
"D:\MAGIC\scripts\__main___7.py","__main___7.py","D:\MAGIC\scripts"
"D:\MAGIC\scripts\__main___8.py","__main___8.py","D:\MAGIC\scripts"
"D:\MAGIC\scripts\__main___9.py","__main___9.py","D:\MAGIC\scripts"
"D:\MAGIC\scripts\__meta__.py","__meta__.py","D:\MAGIC\scripts"
"D:\MAGIC\scripts\__pip-runner__.py","__pip-runner__.py","D:\MAGIC\scripts"
"D:\MAGIC\scripts\__version__.py","__version__.py","D:\MAGIC\scripts"
"D:\MAGIC\scripts\…","…","D:\MAGIC\scripts"
"D:\MAGIC\scripts\.github\workflows\.github_workflows_placeholder_READY.py",".github_workflows_placeholder_READY.py","D:\MAGIC\scripts\.github\workflows"
"D:\MAGIC\scripts\.github\workflows\ci.yml","ci.yml","D:\MAGIC\scripts\.github\workflows"
"D:\MAGIC\scripts\bootstrap\debugLogger.js","debugLogger.js","D:\MAGIC\scripts\bootstrap"
"D:\MAGIC\scripts\bootstrap\numpy-config.exe","numpy-config.exe","D:\MAGIC\scripts\bootstrap"
"D:\MAGIC\scripts\bootstrap\numpyconfig.h","numpyconfig.h","D:\MAGIC\scripts\bootstrap"
"D:\MAGIC\scripts\bootstrap\setup.cfg","setup.cfg","D:\MAGIC\scripts\bootstrap"
"D:\MAGIC\scripts\bootstrap\setup_reddit_patch.ps1","setup_reddit_patch.ps1","D:\MAGIC\scripts\bootstrap"
"D:\MAGIC\scripts\bootstrap\setup_switch_x64_masm.cmd","setup_switch_x64_masm.cmd","D:\MAGIC\scripts\bootstrap"
"D:\MAGIC\scripts\bootstrap\setup_zephyr_env.ps1","setup_zephyr_env.ps1","D:\MAGIC\scripts\bootstrap"
"D:\MAGIC\scripts\bootstrap\ufunc_config.pyi","ufunc_config.pyi","D:\MAGIC\scripts\bootstrap"
"D:\MAGIC\scripts\bootstrap\_configtool.pyi","_configtool.pyi","D:\MAGIC\scripts\bootstrap"
"D:\MAGIC\scripts\bootstrap\_numpyconfig.h","_numpyconfig.h","D:\MAGIC\scripts\bootstrap"
"D:\MAGIC\scripts\bootstrap\_ufunc_config.pyi","_ufunc_config.pyi","D:\MAGIC\scripts\bootstrap"
"D:\MAGIC\scripts\bootstrap\__config__.pyi","__config__.pyi","D:\MAGIC\scripts\bootstrap"
"D:\MAGIC\scripts\chromedriver-win64\chromedriver.exe","chromedriver.exe","D:\MAGIC\scripts\chromedriver-win64"
"D:\MAGIC\scripts\chromedriver-win64\LICENSE.chromedriver","LICENSE.chromedriver","D:\MAGIC\scripts\chromedriver-win64"
"D:\MAGIC\scripts\chromedriver-win64\THIRD_PARTY_NOTICES.chromedriver","THIRD_PARTY_NOTICES.chromedriver","D:\MAGIC\scripts\chromedriver-win64"
"D:\MAGIC\scripts\dashboards\embed_dashboard.html","embed_dashboard.html","D:\MAGIC\scripts\dashboards"
"D:\MAGIC\scripts\data\user_prefs\data_user_prefs_placeholder_READY.py","data_user_prefs_placeholder_READY.py","D:\MAGIC\scripts\data\user_prefs"
"D:\MAGIC\scripts\phase0\module_A\dummy_pass.py","dummy_pass.py","D:\MAGIC\scripts\phase0\module_A"
"D:\MAGIC\scripts\phase08\module_AA\08AA_interactive_insight_explorer_ui__READY.py","08AA_interactive_insight_explorer_ui__READY.py","D:\MAGIC\scripts\phase08\module_AA"
"D:\MAGIC\scripts\phase08\module_AA\08AA_prompt_to_insight_engine_READY.py","08AA_prompt_to_insight_engine_READY.py","D:\MAGIC\scripts\phase08\module_AA"
"D:\MAGIC\scripts\phase08\module_AA\08AA_visualization_overlay_for_scribe_nexus_READY.py","08AA_visualization_overlay_for_scribe_nexus_READY.py","D:\MAGIC\scripts\phase08\module_AA"
"D:\MAGIC\scripts\phase08\module_AB\08AB_ethics_scoring_for_feedback_driven_actions_READY.py","08AB_ethics_scoring_for_feedback_driven_actions_READY.py","D:\MAGIC\scripts\phase08\module_AB"
"D:\MAGIC\scripts\phase08\module_AB\08AB_feedback_hallucination_validator_READY.py","08AB_feedback_hallucination_validator_READY.py","D:\MAGIC\scripts\phase08\module_AB"
"D:\MAGIC\scripts\phase08\module_AB\08AB_sentiment_bias_scanner_READY.py","08AB_sentiment_bias_scanner_READY.py","D:\MAGIC\scripts\phase08\module_AB"
"D:\MAGIC\scripts\phase10\phase10_seo_keywords_READY.py","phase10_seo_keywords_READY.py","D:\MAGIC\scripts\phase10"
"D:\MAGIC\scripts\phase11\New Text Document.txt","New Text Document.txt","D:\MAGIC\scripts\phase11"
"D:\MAGIC\scripts\phase11\module_AA\11AA_failure_memory_builder_READY.py","11AA_failure_memory_builder_READY.py","D:\MAGIC\scripts\phase11\module_AA"
"D:\MAGIC\scripts\phase11\module_AA\11AA_risk_adaptive_agent_tuner_READY.py","11AA_risk_adaptive_agent_tuner_READY.py","D:\MAGIC\scripts\phase11\module_AA"
"D:\MAGIC\scripts\phase11\module_AA\11AA_self_healing_loop_generator_READY.py","11AA_self_healing_loop_generator_READY.py","D:\MAGIC\scripts\phase11\module_AA"
"D:\MAGIC\scripts\phase11\module_AB\11AB_agent_identity_vault_READY.py","11AB_agent_identity_vault_READY.py","D:\MAGIC\scripts\phase11\module_AB"
"D:\MAGIC\scripts\phase11\module_AB\11AB_agent_signature_validator_READY.py","11AB_agent_signature_validator_READY.py","D:\MAGIC\scripts\phase11\module_AB"
"D:\MAGIC\scripts\phase11\module_AB\11AB_zero_trust_access_policy_engine_READY.py","11AB_zero_trust_access_policy_engine_READY.py","D:\MAGIC\scripts\phase11\module_AB"
"D:\MAGIC\scripts\phase11\outputs\phase11_outputs_placeholder_READY.py","phase11_outputs_placeholder_READY.py","D:\MAGIC\scripts\phase11\outputs"
"D:\MAGIC\scripts\phase11\outputs\logs\cost_overflow_alerts.txt","cost_overflow_alerts.txt","D:\MAGIC\scripts\phase11\outputs\logs"
"D:\MAGIC\scripts\phase17\module_C\#!usrbinenv python3.txt","#!usrbinenv python3.txt","D:\MAGIC\scripts\phase17\module_C"
"D:\MAGIC\scripts\phase6\phase6_retry_scheduler_READY.py","phase6_retry_scheduler_READY.py","D:\MAGIC\scripts\phase6"
"D:\MAGIC\scripts\phase6\phase6_uploader_example_READY.py","phase6_uploader_example_READY.py","D:\MAGIC\scripts\phase6"
"D:\MAGIC\scripts\phase7\phase7_affiliate_handler_READY.py","phase7_affiliate_handler_READY.py","D:\MAGIC\scripts\phase7"
"D:\MAGIC\scripts\phase8\phase8_traffic_sentiment_analysis_READY.py","phase8_traffic_sentiment_analysis_READY.py","D:\MAGIC\scripts\phase8"
"D:\MAGIC\scripts\phase9\phase9_orchestration_runner_READY.py","phase9_orchestration_runner_READY.py","D:\MAGIC\scripts\phase9"
"D:\MAGIC\scripts\phase99\module_ZZ\99ZZ_dummy_script_v2_READY.py","99ZZ_dummy_script_v2_READY.py","D:\MAGIC\scripts\phase99\module_ZZ"
"D:\MAGIC\scripts\phase99\module_ZZ\dummy_input.txt","dummy_input.txt","D:\MAGIC\scripts\phase99\module_ZZ"
"D:\MAGIC\scripts\phase99\module_ZZ\dummy_input_backup.txt","dummy_input_backup.txt","D:\MAGIC\scripts\phase99\module_ZZ"
"D:\MAGIC\scripts\phase99\module_ZZ\file_not_found_test.py","file_not_found_test.py","D:\MAGIC\scripts\phase99\module_ZZ"
"D:\MAGIC\scripts\phase99\module_ZZ\import_error_test.py","import_error_test.py","D:\MAGIC\scripts\phase99\module_ZZ"
"D:\MAGIC\scripts\phase99\module_ZZ\unicode_error_test.py","unicode_error_test.py","D:\MAGIC\scripts\phase99\module_ZZ"
"D:\MAGIC\scripts\test\test_file_not_found.dummy","test_file_not_found.dummy","D:\MAGIC\scripts\test"
"D:\MAGIC\scripts\test\test_file_not_found.py","test_file_not_found.py","D:\MAGIC\scripts\test"
"D:\MAGIC\scripts\test\test_file_not_found.py.dummy","test_file_not_found.py.dummy","D:\MAGIC\scripts\test"
"D:\MAGIC\scripts\test\test_import_error.py","test_import_error.py","D:\MAGIC\scripts\test"
"D:\MAGIC\scripts\test\test_unicode_error.py","test_unicode_error.py","D:\MAGIC\scripts\test"
"D:\MAGIC\scripts\trends\analyze_youtube_autocomplete.ps1","analyze_youtube_autocomplete.ps1","D:\MAGIC\scripts\trends"
"D:\MAGIC\scripts\trends\discover_tiktok_selectors.ps1","discover_tiktok_selectors.ps1","D:\MAGIC\scripts\trends"
"D:\MAGIC\scripts\trends\fix_reddit.ps1","fix_reddit.ps1","D:\MAGIC\scripts\trends"
"D:\MAGIC\scripts\trends\fix_reddit_docstrings.ps1","fix_reddit_docstrings.ps1","D:\MAGIC\scripts\trends"
"D:\MAGIC\scripts\trends\fix_reddit_import.ps1","fix_reddit_import.ps1","D:\MAGIC\scripts\trends"
"D:\MAGIC\scripts\trends\fix_vault_and_reddit.ps1","fix_vault_and_reddit.ps1","D:\MAGIC\scripts\trends"
"D:\MAGIC\scripts\trends\patch_reddit_scraper.ps1","patch_reddit_scraper.ps1","D:\MAGIC\scripts\trends"
"D:\MAGIC\scripts\trends\tiktok_page_source.html","tiktok_page_source.html","D:\MAGIC\scripts\trends"
"D:\MAGIC\scripts\trends\tiktok_scraper.py.bak","tiktok_scraper.py.bak","D:\MAGIC\scripts\trends"
"D:\MAGIC\scripts\trends\tiktok_scraper_quotes_fix.bak","tiktok_scraper_quotes_fix.bak","D:\MAGIC\scripts\trends"
"D:\MAGIC\scripts\trends\tiktok_scraper_quotes_fix2.bak","tiktok_scraper_quotes_fix2.bak","D:\MAGIC\scripts\trends"
"D:\MAGIC\scripts\trends\trends_data.db","trends_data.db","D:\MAGIC\scripts\trends"
"D:\MAGIC\scripts\trends\trends_scraper.py.bak","trends_scraper.py.bak","D:\MAGIC\scripts\trends"
"D:\MAGIC\scripts\trends\trend_report.xlsx","trend_report.xlsx","D:\MAGIC\scripts\trends"
"D:\MAGIC\scripts\trends\youtube_scraper.ps1","youtube_scraper.ps1","D:\MAGIC\scripts\trends"
"D:\MAGIC\scripts\trends\zephyr_trends.db","zephyr_trends.db","D:\MAGIC\scripts\trends"
"D:\MAGIC\scripts\zephyr\correlation_engine.py.txt","correlation_engine.py.txt","D:\MAGIC\scripts\zephyr"
