D:\MAGIC\scripts\ansi.py	NBSP
D:\MAGIC\scripts\api_8.py	SmartQuotes
D:\MAGIC\scripts\api_validator_2.py	UTF-8 BOM
D:\MAGIC\scripts\blacklist_filter.py	ReadError: The property 'Length' cannot be found on this object. Verify that the property exists.
D:\MAGIC\scripts\builder_5.py	SmartQuotes
D:\MAGIC\scripts\burnout_signals.py	ReadError: The property 'Length' cannot be found on this object. Verify that the property exists.
D:\MAGIC\scripts\channels.py	SmartQuotes
D:\MAGIC\scripts\clarity_ranker.py	ReadError: The property 'Length' cannot be found on this object. Verify that the property exists.
D:\MAGIC\scripts\competition_filter.py	ReadError: The property 'Length' cannot be found on this object. Verify that the property exists.
D:\MAGIC\scripts\core_7.py	SmartQuotes
D:\MAGIC\scripts\dammit.py	SmartQuotes
D:\MAGIC\scripts\dammit_2.py	SmartQuotes
D:\MAGIC\scripts\dashboard_pusher.py	ReadError: The property 'Length' cannot be found on this object. Verify that the property exists.
D:\MAGIC\scripts\datetimes.py	SmartQuotes
D:\MAGIC\scripts\debug_columns_2.py	UTF-8 BOM
D:\MAGIC\scripts\decay_predictor.py	ReadError: The property 'Length' cannot be found on this object. Verify that the property exists.
D:\MAGIC\scripts\deduplicate_records_2.py	UTF-8 BOM
D:\MAGIC\scripts\encoding_test.py	UTF-8 BOM
D:\MAGIC\scripts\encryption.py	SmartQuotes
D:\MAGIC\scripts\engagement_velocity.py	ReadError: The property 'Length' cannot be found on this object. Verify that the property exists.
D:\MAGIC\scripts\engagement_velocity_2.py	UTF-8 BOM
D:\MAGIC\scripts\enhanced_twitter_scraper_2.py	UTF-8 BOM
D:\MAGIC\scripts\fixed_twitter_scraper_clean_2.py	UTF-8 BOM
D:\MAGIC\scripts\fixed_twitter_scraper_simple_2.py	UTF-8 BOM
D:\MAGIC\scripts\fix_reddit.py	UTF-8 BOM
D:\MAGIC\scripts\fix_reddit_script.py	UTF-8 BOM
D:\MAGIC\scripts\folder_audit.py	UTF-8 BOM
D:\MAGIC\scripts\folder_audit_2.py	UTF-8 BOM
D:\MAGIC\scripts\folder_cleanup.py	UTF-8 BOM
D:\MAGIC\scripts\format.py	SmartQuotes
D:\MAGIC\scripts\format_classifier.py	ReadError: The property 'Length' cannot be found on this object. Verify that the property exists.
D:\MAGIC\scripts\fpdf.py	SmartQuotes
D:\MAGIC\scripts\frame.py	SmartQuotes
D:\MAGIC\scripts\freetypePen.py	SmartQuotes
D:\MAGIC\scripts\generic.py	SmartQuotes
D:\MAGIC\scripts\generic_3.py	SmartQuotes
D:\MAGIC\scripts\google_api.py	ReadError: The property 'Length' cannot be found on this object. Verify that the property exists.
D:\MAGIC\scripts\google_api_2.py	UTF-8 BOM
D:\MAGIC\scripts\google_scraper.py	ReadError: The property 'Length' cannot be found on this object. Verify that the property exists.
D:\MAGIC\scripts\holiday.py	SmartQuotes
D:\MAGIC\scripts\ig_scraper.py	ReadError: The property 'Length' cannot be found on this object. Verify that the property exists.
D:\MAGIC\scripts\ingest_csvs_to_db_2.py	UTF-8 BOM
D:\MAGIC\scripts\insert_to_db.py	ReadError: The property 'Length' cannot be found on this object. Verify that the property exists.
D:\MAGIC\scripts\insert_to_db_2.py	UTF-8 BOM
D:\MAGIC\scripts\inspect_columns_2.py	UTF-8 BOM
D:\MAGIC\scripts\instagram_api.py	ReadError: The property 'Length' cannot be found on this object. Verify that the property exists.
D:\MAGIC\scripts\intent_classifier.py	ReadError: The property 'Length' cannot be found on this object. Verify that the property exists.
D:\MAGIC\scripts\keyword_deduper.py	ReadError: The property 'Length' cannot be found on this object. Verify that the property exists.
D:\MAGIC\scripts\langbulgarianmodel.py	SmartQuotes
D:\MAGIC\scripts\langgreekmodel.py	SmartQuotes
D:\MAGIC\scripts\langhebrewmodel.py	SmartQuotes
D:\MAGIC\scripts\langhungarianmodel.py	SmartQuotes
D:\MAGIC\scripts\langrussianmodel.py	SmartQuotes
D:\MAGIC\scripts\language_detector.py	ReadError: The property 'Length' cannot be found on this object. Verify that the property exists.
D:\MAGIC\scripts\linearization.py	SmartQuotes
D:\MAGIC\scripts\linear_forecast.py	ReadError: The property 'Length' cannot be found on this object. Verify that the property exists.
D:\MAGIC\scripts\locale_filter.py	ReadError: The property 'Length' cannot be found on this object. Verify that the property exists.
D:\MAGIC\scripts\longevity_predictor.py	ReadError: The property 'Length' cannot be found on this object. Verify that the property exists.
D:\MAGIC\scripts\longevity_predictor_2.py	UTF-8 BOM
D:\MAGIC\scripts\merge.py	SmartQuotes
D:\MAGIC\scripts\mixins_2.py	SmartQuotes
D:\MAGIC\scripts\momentum_scaler.py	ReadError: The property 'Length' cannot be found on this object. Verify that the property exists.
D:\MAGIC\scripts\momentum_tracker.py	ReadError: The property 'Length' cannot be found on this object. Verify that the property exists.
D:\MAGIC\scripts\niche_classifier.py	ReadError: The property 'Length' cannot be found on this object. Verify that the property exists.
D:\MAGIC\scripts\niche_weight.py	ReadError: The property 'Length' cannot be found on this object. Verify that the property exists.
D:\MAGIC\scripts\niche_weight_2.py	UTF-8 BOM
D:\MAGIC\scripts\one_time_organizer.py	UTF-8 BOM
D:\MAGIC\scripts\orchestrator.py	UTF-8 BOM
D:\MAGIC\scripts\otData.py	SmartQuotes
D:\MAGIC\scripts\outline.py	SmartQuotes
D:\MAGIC\scripts\pager.py	NBSP
D:\MAGIC\scripts\pinterest_api.py	ReadError: The property 'Length' cannot be found on this object. Verify that the property exists.
D:\MAGIC\scripts\pinterest_scraper.py	ReadError: The property 'Length' cannot be found on this object. Verify that the property exists.
D:\MAGIC\scripts\prefs.py	SmartQuotes
D:\MAGIC\scripts\quora_scraper.py	ReadError: The property 'Length' cannot be found on this object. Verify that the property exists.
D:\MAGIC\scripts\reddit_api.py	ReadError: The property 'Length' cannot be found on this object. Verify that the property exists.
D:\MAGIC\scripts\reddit_api_3.py	UTF-8 BOM
D:\MAGIC\scripts\reddit_api_final.py	UTF-8 BOM
D:\MAGIC\scripts\reddit_api_fixed.py	UTF-8 BOM
D:\MAGIC\scripts\reddit_api_proper_fix.py	UTF-8 BOM
D:\MAGIC\scripts\saturation_calc.py	ReadError: The property 'Length' cannot be found on this object. Verify that the property exists.
D:\MAGIC\scripts\saturation_calc_2.py	UTF-8 BOM
D:\MAGIC\scripts\save_trends.py	ReadError: The property 'Length' cannot be found on this object. Verify that the property exists.
D:\MAGIC\scripts\save_trends_2.py	UTF-8 BOM
D:\MAGIC\scripts\score_filter.py	ReadError: The property 'Length' cannot be found on this object. Verify that the property exists.
D:\MAGIC\scripts\scribe_feedback.py	ReadError: The property 'Length' cannot be found on this object. Verify that the property exists.
D:\MAGIC\scripts\script1.py	ReadError: The property 'Length' cannot be found on this object. Verify that the property exists.
D:\MAGIC\scripts\script2.py	ReadError: The property 'Length' cannot be found on this object. Verify that the property exists.
D:\MAGIC\scripts\seo_mapper.py	ReadError: The property 'Length' cannot be found on this object. Verify that the property exists.
D:\MAGIC\scripts\setup_folders_2.py	UTF-8 BOM
D:\MAGIC\scripts\sql.py	SmartQuotes
D:\MAGIC\scripts\standardize_columns_2.py	UTF-8 BOM
D:\MAGIC\scripts\start_check.py	UTF-8 BOM
D:\MAGIC\scripts\structure_tree.py	SmartQuotes
D:\MAGIC\scripts\tag_enricher.py	ReadError: The property 'Length' cannot be found on this object. Verify that the property exists.
D:\MAGIC\scripts\tag_icon_mapper.py	ReadError: The property 'Length' cannot be found on this object. Verify that the property exists.
D:\MAGIC\scripts\tests.py	NBSP
D:\MAGIC\scripts\tests_content.py	UTF-8 BOM
D:\MAGIC\scripts\tests_scrapers.py	UTF-8 BOM
D:\MAGIC\scripts\test_budget_backup.py	UTF-8 BOM
D:\MAGIC\scripts\test_dammit.py	SmartQuotes
D:\MAGIC\scripts\test_dammit_2.py	SmartQuotes
D:\MAGIC\scripts\test_imports.py	UTF-8 BOM
D:\MAGIC\scripts\test_pageelement.py	NBSP
D:\MAGIC\scripts\test_pageelement_2.py	NBSP
D:\MAGIC\scripts\test_pandas.py	SmartQuotes
D:\MAGIC\scripts\test_readlines.py	SmartQuotes
D:\MAGIC\scripts\test_secrets_2.py	UTF-8 BOM
D:\MAGIC\scripts\tfmLib.py	SmartQuotes
D:\MAGIC\scripts\threads_scraper.py	ReadError: The property 'Length' cannot be found on this object. Verify that the property exists.
D:\MAGIC\scripts\tiktok_api.py	ReadError: The property 'Length' cannot be found on this object. Verify that the property exists.
D:\MAGIC\scripts\tiktok_scraper.py	ReadError: The property 'Length' cannot be found on this object. Verify that the property exists.
D:\MAGIC\scripts\trends_scraper.py	UTF-8 BOM
D:\MAGIC\scripts\trend_explainer.py	ReadError: The property 'Length' cannot be found on this object. Verify that the property exists.
D:\MAGIC\scripts\trend_lifecycle.py	ReadError: The property 'Length' cannot be found on this object. Verify that the property exists.
D:\MAGIC\scripts\trend_scorer_2.py	UTF-8 BOM
D:\MAGIC\scripts\trend_spike_detector.py	ReadError: The property 'Length' cannot be found on this object. Verify that the property exists.
D:\MAGIC\scripts\trend_summary_gen.py	ReadError: The property 'Length' cannot be found on this object. Verify that the property exists.
D:\MAGIC\scripts\trend_unifier.py	ReadError: The property 'Length' cannot be found on this object. Verify that the property exists.
D:\MAGIC\scripts\trend_unifier_2.py	UTF-8 BOM
D:\MAGIC\scripts\twitter_api.py	ReadError: The property 'Length' cannot be found on this object. Verify that the property exists.
D:\MAGIC\scripts\twitter_scraper.py	ReadError: The property 'Length' cannot be found on this object. Verify that the property exists.
D:\MAGIC\scripts\twitter_scraper_ps_2.py	UTF-8 BOM
D:\MAGIC\scripts\validate_schema_2.py	UTF-8 BOM
D:\MAGIC\scripts\validation_checks_2.py	UTF-8 BOM
D:\MAGIC\scripts\variance_filter.py	ReadError: The property 'Length' cannot be found on this object. Verify that the property exists.
D:\MAGIC\scripts\vault_manager.py	UTF-8 BOM
D:\MAGIC\scripts\voltToFea.py	SmartQuotes
D:\MAGIC\scripts\youtube_api.py	ReadError: The property 'Length' cannot be found on this object. Verify that the property exists.
D:\MAGIC\scripts\youtube_api_2.py	UTF-8 BOM
D:\MAGIC\scripts\youtube_scraper.py	ReadError: The property 'Length' cannot be found on this object. Verify that the property exists.
D:\MAGIC\scripts\zephyr_alerts.py	ReadError: The property 'Length' cannot be found on this object. Verify that the property exists.
D:\MAGIC\scripts\zephyr_feedback.py	ReadError: The property 'Length' cannot be found on this object. Verify that the property exists.
D:\MAGIC\scripts\zephyr_to_midas.py	ReadError: The property 'Length' cannot be found on this object. Verify that the property exists.
D:\MAGIC\scripts\_base.py	SmartQuotes
D:\MAGIC\scripts\_config_3.py	SmartQuotes
D:\MAGIC\scripts\_c_i_d_g.py	SmartQuotes
D:\MAGIC\scripts\_emoji_codes.py	SmartQuotes
D:\MAGIC\scripts\_g_l_y_f.py	SmartQuotes
D:\MAGIC\scripts\_n_a_m_e.py	SmartQuotes
D:\MAGIC\scripts\__init__.py	ReadError: The property 'Length' cannot be found on this object. Verify that the property exists.
D:\MAGIC\scripts\.github\workflows\.github_workflows_placeholder_READY.py	UTF-8 BOM
D:\MAGIC\scripts\data\user_prefs\data_user_prefs_placeholder_READY.py	UTF-8 BOM
D:\MAGIC\scripts\phase0\module_A\dummy_pass.py	UTF-8 BOM
D:\MAGIC\scripts\phase0\module_B\0B_placeholder_READY.py	UTF-8 BOM
D:\MAGIC\scripts\phase0\module_C\0C_placeholder_READY.py	UTF-8 BOM
D:\MAGIC\scripts\phase0\module_D\0D_placeholder_READY.py	UTF-8 BOM
D:\MAGIC\scripts\phase0\module_E\0E_placeholder_READY.py	UTF-8 BOM
D:\MAGIC\scripts\phase0\module_F\0F_placeholder_READY.py	UTF-8 BOM
D:\MAGIC\scripts\phase0\module_G\0G_placeholder_READY.py	UTF-8 BOM
D:\MAGIC\scripts\phase0\module_H\0H_placeholder_READY.py	UTF-8 BOM
D:\MAGIC\scripts\phase0\module_I\0I_placeholder_READY.py	UTF-8 BOM
D:\MAGIC\scripts\phase0\module_J\0J_placeholder_READY.py	UTF-8 BOM
D:\MAGIC\scripts\phase0\module_K\0K_placeholder_READY.py	UTF-8 BOM
D:\MAGIC\scripts\phase0\module_L\0L_placeholder_READY.py	UTF-8 BOM
D:\MAGIC\scripts\phase0\module_M\0M_placeholder_READY.py	UTF-8 BOM
D:\MAGIC\scripts\phase0\module_N\0N_placeholder_READY.py	UTF-8 BOM
D:\MAGIC\scripts\phase0\module_O\0O_placeholder_READY.py	UTF-8 BOM
D:\MAGIC\scripts\phase0\module_P\0P_placeholder_READY.py	UTF-8 BOM
D:\MAGIC\scripts\phase0\module_Q\0Q_placeholder_READY.py	UTF-8 BOM
D:\MAGIC\scripts\phase0\module_R\0R_placeholder_READY.py	UTF-8 BOM
D:\MAGIC\scripts\phase0\module_S\0S_placeholder_READY.py	UTF-8 BOM
D:\MAGIC\scripts\phase0\module_T\0T_placeholder_READY.py	UTF-8 BOM
D:\MAGIC\scripts\phase0\module_U\0U_placeholder_READY.py	UTF-8 BOM
D:\MAGIC\scripts\phase0\module_V\0V_placeholder_READY.py	UTF-8 BOM
D:\MAGIC\scripts\phase0\module_W\0W_placeholder_READY.py	UTF-8 BOM
D:\MAGIC\scripts\phase0\module_X\0X_placeholder_READY.py	UTF-8 BOM
D:\MAGIC\scripts\phase0\module_Y\0Y_placeholder_READY.py	UTF-8 BOM
D:\MAGIC\scripts\phase0\module_Z\0Z_placeholder_READY.py	UTF-8 BOM
D:\MAGIC\scripts\phase00\INBOX\.github_workflows_placeholder_READY_C4341540_C4341540.py	UTF-8 BOM
D:\MAGIC\scripts\phase00\INBOX\08AA_interactive_insight_explorer_ui__READY_C39A4E66_C39A4E66.py	UTF-8 BOM
D:\MAGIC\scripts\phase00\INBOX\08AA_prompt_to_insight_engine_READY_381A4B50_381A4B50.py	UTF-8 BOM
D:\MAGIC\scripts\phase00\INBOX\08AA_visualization_overlay_for_scribe_nexus_READY_4FF04F57_4FF04F57.py	UTF-8 BOM
D:\MAGIC\scripts\phase00\INBOX\08AB_ethics_scoring_for_feedback_driven_actions_READY_50CB93AB_50CB93AB.py	UTF-8 BOM
D:\MAGIC\scripts\phase00\INBOX\08AB_feedback_hallucination_validator_READY_A01162EC_A01162EC.py	UTF-8 BOM
D:\MAGIC\scripts\phase00\INBOX\08AB_sentiment_bias_scanner_READY_E035C1B1_E035C1B1.py	UTF-8 BOM
D:\MAGIC\scripts\phase00\INBOX\0B_placeholder_READY_F843FFE3.py	UTF-8 BOM
D:\MAGIC\scripts\phase00\INBOX\0C_placeholder_READY_FF030501.py	UTF-8 BOM
D:\MAGIC\scripts\phase00\INBOX\0D_placeholder_READY_9E3D7F7A.py	UTF-8 BOM
D:\MAGIC\scripts\phase00\INBOX\0E_placeholder_READY_1B95726C.py	UTF-8 BOM
D:\MAGIC\scripts\phase00\INBOX\0F_placeholder_READY_A3C63887.py	UTF-8 BOM
D:\MAGIC\scripts\phase00\INBOX\0G_placeholder_READY_F9BE717A.py	UTF-8 BOM
D:\MAGIC\scripts\phase00\INBOX\0H_placeholder_READY_BBF88A76.py	UTF-8 BOM
D:\MAGIC\scripts\phase00\INBOX\0I_placeholder_READY_120F1DB9.py	UTF-8 BOM
D:\MAGIC\scripts\phase00\INBOX\0J_placeholder_READY_0CD234ED.py	UTF-8 BOM
D:\MAGIC\scripts\phase00\INBOX\0K_placeholder_READY_7038A2D2.py	UTF-8 BOM
D:\MAGIC\scripts\phase00\INBOX\0L_placeholder_READY_10BC4CC0.py	UTF-8 BOM
D:\MAGIC\scripts\phase00\INBOX\0M_placeholder_READY_CC860794.py	UTF-8 BOM
D:\MAGIC\scripts\phase00\INBOX\0N_placeholder_READY_EA68F8FE.py	UTF-8 BOM
D:\MAGIC\scripts\phase00\INBOX\0O_placeholder_READY_961AD13F.py	UTF-8 BOM
D:\MAGIC\scripts\phase00\INBOX\0P_placeholder_READY_681D00CB.py	UTF-8 BOM
D:\MAGIC\scripts\phase00\INBOX\0Q_placeholder_READY_9DBAD392.py	UTF-8 BOM
D:\MAGIC\scripts\phase00\INBOX\0R_placeholder_READY_C2019A74.py	UTF-8 BOM
D:\MAGIC\scripts\phase00\INBOX\0S_placeholder_READY_2124501C.py	UTF-8 BOM
D:\MAGIC\scripts\phase00\INBOX\0T_placeholder_READY_548664B9.py	UTF-8 BOM
D:\MAGIC\scripts\phase00\INBOX\0U_placeholder_READY_6E83B585.py	UTF-8 BOM
D:\MAGIC\scripts\phase00\INBOX\0V_placeholder_READY_694BB500.py	UTF-8 BOM
D:\MAGIC\scripts\phase00\INBOX\0W_placeholder_READY_7D012CE2.py	UTF-8 BOM
D:\MAGIC\scripts\phase00\INBOX\0X_placeholder_READY_B22F5216.py	UTF-8 BOM
D:\MAGIC\scripts\phase00\INBOX\0Y_placeholder_READY_3851C118.py	UTF-8 BOM
D:\MAGIC\scripts\phase00\INBOX\0Z_placeholder_READY_CE09E9AC.py	UTF-8 BOM
D:\MAGIC\scripts\phase00\INBOX\11AA_failure_memory_builder_READY_526316DC_526316DC.py	UTF-8 BOM
D:\MAGIC\scripts\phase00\INBOX\11AA_risk_adaptive_agent_tuner_READY_D4427E16_D4427E16.py	UTF-8 BOM
D:\MAGIC\scripts\phase00\INBOX\11AA_self_healing_loop_generator_READY_CA5D5596_CA5D5596.py	UTF-8 BOM
D:\MAGIC\scripts\phase00\INBOX\11AB_agent_identity_vault_READY_6275F652_6275F652.py	UTF-8 BOM
D:\MAGIC\scripts\phase00\INBOX\11AB_agent_signature_validator_READY_128B4E49_128B4E49.py	UTF-8 BOM
D:\MAGIC\scripts\phase00\INBOX\11AB_zero_trust_access_policy_engine_READY_86387CBE_86387CBE.py	UTF-8 BOM
D:\MAGIC\scripts\phase00\INBOX\1A_placeholder_READY_C79E9EC3.py	UTF-8 BOM
D:\MAGIC\scripts\phase00\INBOX\1A_sample_READY_E3B0C442.py	ReadError: The property 'Length' cannot be found on this object. Verify that the property exists.
D:\MAGIC\scripts\phase00\INBOX\1B_placeholder_READY_12671F3E.py	UTF-8 BOM
D:\MAGIC\scripts\phase00\INBOX\1C_placeholder_READY_3C5FA6A2.py	UTF-8 BOM
D:\MAGIC\scripts\phase00\INBOX\1D_placeholder_READY_69CCD83D.py	UTF-8 BOM
D:\MAGIC\scripts\phase00\INBOX\1E_placeholder_READY_6AF652E4.py	UTF-8 BOM
D:\MAGIC\scripts\phase00\INBOX\1F_placeholder_READY_1B1759DE.py	UTF-8 BOM
D:\MAGIC\scripts\phase00\INBOX\1G_placeholder_READY_7919E5FB.py	UTF-8 BOM
D:\MAGIC\scripts\phase00\INBOX\1H_placeholder_READY_406F91D1.py	UTF-8 BOM
D:\MAGIC\scripts\phase00\INBOX\1I_placeholder_READY_A0315278.py	UTF-8 BOM
D:\MAGIC\scripts\phase00\INBOX\1J_placeholder_READY_0D72575A.py	UTF-8 BOM
D:\MAGIC\scripts\phase00\INBOX\1K_placeholder_READY_B0BE4141.py	UTF-8 BOM
D:\MAGIC\scripts\phase00\INBOX\1L_placeholder_READY_B56E096F.py	UTF-8 BOM
D:\MAGIC\scripts\phase00\INBOX\1M_placeholder_READY_07E34D12.py	UTF-8 BOM
D:\MAGIC\scripts\phase00\INBOX\1N_placeholder_READY_66C3A5DC.py	UTF-8 BOM
D:\MAGIC\scripts\phase00\INBOX\1O_placeholder_READY_3DA93E28.py	UTF-8 BOM
D:\MAGIC\scripts\phase00\INBOX\1P_placeholder_READY_65364D16.py	UTF-8 BOM
D:\MAGIC\scripts\phase00\INBOX\1Q_placeholder_READY_A53A575F.py	UTF-8 BOM
D:\MAGIC\scripts\phase00\INBOX\1R_placeholder_READY_993DEA3A.py	UTF-8 BOM
D:\MAGIC\scripts\phase00\INBOX\1S_placeholder_READY_F978C30F.py	UTF-8 BOM
D:\MAGIC\scripts\phase00\INBOX\1T_placeholder_READY_07D1DAE2.py	UTF-8 BOM
D:\MAGIC\scripts\phase00\INBOX\1U_placeholder_READY_EB4D1CF1.py	UTF-8 BOM
D:\MAGIC\scripts\phase00\INBOX\1V_placeholder_READY_0637B66F.py	UTF-8 BOM
D:\MAGIC\scripts\phase00\INBOX\1W_placeholder_READY_6A95F9EE.py	UTF-8 BOM
D:\MAGIC\scripts\phase00\INBOX\1X_placeholder_READY_CEF6F579.py	UTF-8 BOM
D:\MAGIC\scripts\phase00\INBOX\1Y_placeholder_READY_C0EF3486.py	UTF-8 BOM
D:\MAGIC\scripts\phase00\INBOX\1Z_placeholder_READY_9885BE24.py	UTF-8 BOM
D:\MAGIC\scripts\phase00\INBOX\2A_placeholder_READY_269FCD11.py	UTF-8 BOM
D:\MAGIC\scripts\phase00\INBOX\2A_sample_READY_E3B0C442.py	ReadError: The property 'Length' cannot be found on this object. Verify that the property exists.
D:\MAGIC\scripts\phase00\INBOX\2B_placeholder_READY_9FF31136.py	UTF-8 BOM
D:\MAGIC\scripts\phase00\INBOX\2C_placeholder_READY_727DEE2D.py	UTF-8 BOM
D:\MAGIC\scripts\phase00\INBOX\2D_placeholder_READY_00F15162.py	UTF-8 BOM
D:\MAGIC\scripts\phase00\INBOX\2E_placeholder_READY_934E3B95.py	UTF-8 BOM
D:\MAGIC\scripts\phase00\INBOX\2F_placeholder_READY_C5ECA609.py	UTF-8 BOM
D:\MAGIC\scripts\phase00\INBOX\2G_placeholder_READY_DEA69E5C.py	UTF-8 BOM
D:\MAGIC\scripts\phase00\INBOX\2H_placeholder_READY_BF3D4DCB.py	UTF-8 BOM
D:\MAGIC\scripts\phase00\INBOX\2I_placeholder_READY_515257EB.py	UTF-8 BOM
D:\MAGIC\scripts\phase00\INBOX\2J_placeholder_READY_FCC71D48.py	UTF-8 BOM
D:\MAGIC\scripts\phase00\INBOX\2K_placeholder_READY_205B4B98.py	UTF-8 BOM
D:\MAGIC\scripts\phase00\INBOX\2L_placeholder_READY_4F97938C.py	UTF-8 BOM
D:\MAGIC\scripts\phase00\INBOX\2M_placeholder_READY_16BC858B.py	UTF-8 BOM
D:\MAGIC\scripts\phase00\INBOX\2N_placeholder_READY_1ED5F3DC.py	UTF-8 BOM
D:\MAGIC\scripts\phase00\INBOX\2O_placeholder_READY_107628A0.py	UTF-8 BOM
D:\MAGIC\scripts\phase00\INBOX\2P_placeholder_READY_8F89AC3B.py	UTF-8 BOM
D:\MAGIC\scripts\phase00\INBOX\2Q_placeholder_READY_27C842AF.py	UTF-8 BOM
D:\MAGIC\scripts\phase00\INBOX\2R_placeholder_READY_04F75E58.py	UTF-8 BOM
D:\MAGIC\scripts\phase00\INBOX\2S_placeholder_READY_0DAB7EAA.py	UTF-8 BOM
D:\MAGIC\scripts\phase00\INBOX\2T_placeholder_READY_D17F030D.py	UTF-8 BOM
D:\MAGIC\scripts\phase00\INBOX\2U_placeholder_READY_258A2F5F.py	UTF-8 BOM
D:\MAGIC\scripts\phase00\INBOX\2V_placeholder_READY_87525B42.py	UTF-8 BOM
D:\MAGIC\scripts\phase00\INBOX\2W_placeholder_READY_7CAFA1A9.py	UTF-8 BOM
D:\MAGIC\scripts\phase00\INBOX\2X_placeholder_READY_F99D9B5A.py	UTF-8 BOM
D:\MAGIC\scripts\phase00\INBOX\2Y_placeholder_READY_65AFA8BC.py	UTF-8 BOM
D:\MAGIC\scripts\phase00\INBOX\2Z_placeholder_READY_1CAD2FDB.py	UTF-8 BOM
D:\MAGIC\scripts\phase00\INBOX\3A_placeholder_READY_F0A377F7.py	UTF-8 BOM
D:\MAGIC\scripts\phase00\INBOX\3A_sample_READY_E3B0C442.py	ReadError: The property 'Length' cannot be found on this object. Verify that the property exists.
D:\MAGIC\scripts\phase00\INBOX\3B_placeholder_READY_DFF6C6DE.py	UTF-8 BOM
D:\MAGIC\scripts\phase00\INBOX\3C_placeholder_READY_4BD159CE.py	UTF-8 BOM
D:\MAGIC\scripts\phase00\INBOX\3D_placeholder_READY_95809D04.py	UTF-8 BOM
D:\MAGIC\scripts\phase00\INBOX\3E_placeholder_READY_593FC4C7.py	UTF-8 BOM
D:\MAGIC\scripts\phase00\INBOX\3F_placeholder_READY_563EDEF1.py	UTF-8 BOM
D:\MAGIC\scripts\phase00\INBOX\3G_placeholder_READY_9014AA19.py	UTF-8 BOM
D:\MAGIC\scripts\phase00\INBOX\3H_placeholder_READY_8BBAA33E.py	UTF-8 BOM
D:\MAGIC\scripts\phase00\INBOX\3I_placeholder_READY_B7922E06.py	UTF-8 BOM
D:\MAGIC\scripts\phase00\INBOX\3J_placeholder_READY_27AE8DD9.py	UTF-8 BOM
D:\MAGIC\scripts\phase00\INBOX\3K_placeholder_READY_03502BEA.py	UTF-8 BOM
D:\MAGIC\scripts\phase00\INBOX\3L_placeholder_READY_08B562F0.py	UTF-8 BOM
D:\MAGIC\scripts\phase00\INBOX\3M_placeholder_READY_5FE993E0.py	UTF-8 BOM
D:\MAGIC\scripts\phase00\INBOX\3N_placeholder_READY_A8545F28.py	UTF-8 BOM
D:\MAGIC\scripts\phase00\INBOX\3O_placeholder_READY_3BF2C350.py	UTF-8 BOM
D:\MAGIC\scripts\phase00\INBOX\3P_placeholder_READY_5CB653C8.py	UTF-8 BOM
D:\MAGIC\scripts\phase00\INBOX\3Q_placeholder_READY_940D73A4.py	UTF-8 BOM
D:\MAGIC\scripts\phase00\INBOX\3R_placeholder_READY_499EA749.py	UTF-8 BOM
D:\MAGIC\scripts\phase00\INBOX\3S_placeholder_READY_F390B19F.py	UTF-8 BOM
D:\MAGIC\scripts\phase00\INBOX\3T_placeholder_READY_C2BC4DF8.py	UTF-8 BOM
D:\MAGIC\scripts\phase00\INBOX\3U_placeholder_READY_5BA6F9AB.py	UTF-8 BOM
D:\MAGIC\scripts\phase00\INBOX\3V_placeholder_READY_A061DE4D.py	UTF-8 BOM
D:\MAGIC\scripts\phase00\INBOX\3W_placeholder_READY_D1FC408C.py	UTF-8 BOM
D:\MAGIC\scripts\phase00\INBOX\3X_placeholder_READY_A5047553.py	UTF-8 BOM
D:\MAGIC\scripts\phase00\INBOX\3Y_placeholder_READY_8617DDB7.py	UTF-8 BOM
D:\MAGIC\scripts\phase00\INBOX\3Z_placeholder_READY_3C8EF017.py	UTF-8 BOM
D:\MAGIC\scripts\phase00\INBOX\4A_placeholder_READY_71D23700.py	UTF-8 BOM
D:\MAGIC\scripts\phase00\INBOX\4A_sample_READY_E3B0C442.py	ReadError: The property 'Length' cannot be found on this object. Verify that the property exists.
D:\MAGIC\scripts\phase00\INBOX\4B_placeholder_READY_CFF62F75.py	UTF-8 BOM
D:\MAGIC\scripts\phase00\INBOX\4C_placeholder_READY_FC3C5CC6.py	UTF-8 BOM
D:\MAGIC\scripts\phase00\INBOX\4D_placeholder_READY_A29BA178.py	UTF-8 BOM
D:\MAGIC\scripts\phase00\INBOX\4E_placeholder_READY_0D446195.py	UTF-8 BOM
D:\MAGIC\scripts\phase00\INBOX\4F_placeholder_READY_B9DC5115.py	UTF-8 BOM
D:\MAGIC\scripts\phase00\INBOX\4G_placeholder_READY_C7FF5510.py	UTF-8 BOM
D:\MAGIC\scripts\phase00\INBOX\4H_placeholder_READY_2463576A.py	UTF-8 BOM
D:\MAGIC\scripts\phase00\INBOX\4I_placeholder_READY_BFBCBE0D.py	UTF-8 BOM
D:\MAGIC\scripts\phase00\INBOX\4J_placeholder_READY_E9F71A96.py	UTF-8 BOM
D:\MAGIC\scripts\phase00\INBOX\4K_placeholder_READY_E155898C.py	UTF-8 BOM
D:\MAGIC\scripts\phase00\INBOX\4L_placeholder_READY_53354F56.py	UTF-8 BOM
D:\MAGIC\scripts\phase00\INBOX\4M_placeholder_READY_EBD4C368.py	UTF-8 BOM
D:\MAGIC\scripts\phase00\INBOX\4N_placeholder_READY_EE53A37F.py	UTF-8 BOM
D:\MAGIC\scripts\phase00\INBOX\4O_placeholder_READY_A69CF2D1.py	UTF-8 BOM
D:\MAGIC\scripts\phase00\INBOX\4P_placeholder_READY_75375A7B.py	UTF-8 BOM
D:\MAGIC\scripts\phase00\INBOX\4Q_placeholder_READY_53A560DE.py	UTF-8 BOM
D:\MAGIC\scripts\phase00\INBOX\4R_placeholder_READY_5EC866F9.py	UTF-8 BOM
D:\MAGIC\scripts\phase00\INBOX\4S_placeholder_READY_5216C8BB.py	UTF-8 BOM
D:\MAGIC\scripts\phase00\INBOX\4T_placeholder_READY_9D043480.py	UTF-8 BOM
D:\MAGIC\scripts\phase00\INBOX\4U_placeholder_READY_B4FDE2BF.py	UTF-8 BOM
D:\MAGIC\scripts\phase00\INBOX\4V_placeholder_READY_422CEE21.py	UTF-8 BOM
D:\MAGIC\scripts\phase00\INBOX\4W_placeholder_READY_C7A0B6D1.py	UTF-8 BOM
D:\MAGIC\scripts\phase00\INBOX\4X_placeholder_READY_C1272A47.py	UTF-8 BOM
D:\MAGIC\scripts\phase00\INBOX\4Y_placeholder_READY_C04B7419.py	UTF-8 BOM
D:\MAGIC\scripts\phase00\INBOX\4Z_placeholder_READY_18FF3975.py	UTF-8 BOM
D:\MAGIC\scripts\phase00\INBOX\5A_placeholder_READY_549E08EB.py	UTF-8 BOM
D:\MAGIC\scripts\phase00\INBOX\5A_sample_READY_E3B0C442.py	ReadError: The property 'Length' cannot be found on this object. Verify that the property exists.
D:\MAGIC\scripts\phase00\INBOX\5B_placeholder_READY_1D17301D.py	UTF-8 BOM
D:\MAGIC\scripts\phase00\INBOX\5C_placeholder_READY_CEFDA4D8.py	UTF-8 BOM
D:\MAGIC\scripts\phase00\INBOX\5D_placeholder_READY_9D67B3B5.py	UTF-8 BOM
D:\MAGIC\scripts\phase00\INBOX\5E_placeholder_READY_1171579C.py	UTF-8 BOM
D:\MAGIC\scripts\phase00\INBOX\5F_placeholder_READY_85D5A9AA.py	UTF-8 BOM
D:\MAGIC\scripts\phase00\INBOX\5G_placeholder_READY_0945EFF9.py	UTF-8 BOM
D:\MAGIC\scripts\phase00\INBOX\5H_placeholder_READY_27C4B4BC.py	UTF-8 BOM
D:\MAGIC\scripts\phase00\INBOX\5I_placeholder_READY_898AFE23.py	UTF-8 BOM
D:\MAGIC\scripts\phase00\INBOX\5J_placeholder_READY_7A3E284F.py	UTF-8 BOM
D:\MAGIC\scripts\phase00\INBOX\5K_placeholder_READY_58C55059.py	UTF-8 BOM
D:\MAGIC\scripts\phase00\INBOX\5L_placeholder_READY_CE0B1FF8.py	UTF-8 BOM
D:\MAGIC\scripts\phase00\INBOX\5M_placeholder_READY_C0F83F3C.py	UTF-8 BOM
D:\MAGIC\scripts\phase00\INBOX\5N_placeholder_READY_F0B7BAA0.py	UTF-8 BOM
D:\MAGIC\scripts\phase00\INBOX\5O_placeholder_READY_ED30EABE.py	UTF-8 BOM
D:\MAGIC\scripts\phase00\INBOX\5P_placeholder_READY_BDBB0C45.py	UTF-8 BOM
D:\MAGIC\scripts\phase00\INBOX\5Q_placeholder_READY_071BF765.py	UTF-8 BOM
D:\MAGIC\scripts\phase00\INBOX\5R_placeholder_READY_D8B8078B.py	UTF-8 BOM
D:\MAGIC\scripts\phase00\INBOX\5S_placeholder_READY_F2523FB4.py	UTF-8 BOM
D:\MAGIC\scripts\phase00\INBOX\5T_placeholder_READY_7FF4B29A.py	UTF-8 BOM
D:\MAGIC\scripts\phase00\INBOX\5U_placeholder_READY_EF61278E.py	UTF-8 BOM
D:\MAGIC\scripts\phase00\INBOX\5V_placeholder_READY_3E7A3ECB.py	UTF-8 BOM
D:\MAGIC\scripts\phase00\INBOX\5W_placeholder_READY_F69C5E54.py	UTF-8 BOM
D:\MAGIC\scripts\phase00\INBOX\5X_placeholder_READY_F95082FC.py	UTF-8 BOM
D:\MAGIC\scripts\phase00\INBOX\5Y_placeholder_READY_11C86BFF.py	UTF-8 BOM
D:\MAGIC\scripts\phase00\INBOX\5Z_placeholder_READY_D24B5007.py	UTF-8 BOM
D:\MAGIC\scripts\phase00\INBOX\6A_placeholder_READY_6D8A16C0.py	UTF-8 BOM
D:\MAGIC\scripts\phase00\INBOX\6A_sample_READY_E3B0C442.py	ReadError: The property 'Length' cannot be found on this object. Verify that the property exists.
D:\MAGIC\scripts\phase00\INBOX\6B_placeholder_READY_B6847FF9.py	UTF-8 BOM
D:\MAGIC\scripts\phase00\INBOX\6C_placeholder_READY_5DA83129.py	UTF-8 BOM
D:\MAGIC\scripts\phase00\INBOX\6D_placeholder_READY_0C000354.py	UTF-8 BOM
D:\MAGIC\scripts\phase00\INBOX\6E_placeholder_READY_69162446.py	UTF-8 BOM
D:\MAGIC\scripts\phase00\INBOX\6F_placeholder_READY_58C79F93.py	UTF-8 BOM
D:\MAGIC\scripts\phase00\INBOX\6G_placeholder_READY_A97D5A8B.py	UTF-8 BOM
D:\MAGIC\scripts\phase00\INBOX\6H_placeholder_READY_24EE4CF3.py	UTF-8 BOM
D:\MAGIC\scripts\phase00\INBOX\6I_placeholder_READY_CA5101B8.py	UTF-8 BOM
D:\MAGIC\scripts\phase00\INBOX\6J_placeholder_READY_BC607EA3.py	UTF-8 BOM
D:\MAGIC\scripts\phase00\INBOX\6K_placeholder_READY_706D4D19.py	UTF-8 BOM
D:\MAGIC\scripts\phase00\INBOX\6L_placeholder_READY_17EB4005.py	UTF-8 BOM
D:\MAGIC\scripts\phase00\INBOX\6M_placeholder_READY_DA45310C.py	UTF-8 BOM
D:\MAGIC\scripts\phase00\INBOX\6N_placeholder_READY_38DF0770.py	UTF-8 BOM
D:\MAGIC\scripts\phase00\INBOX\6O_placeholder_READY_54394E89.py	UTF-8 BOM
D:\MAGIC\scripts\phase00\INBOX\6P_placeholder_READY_5E5A7206.py	UTF-8 BOM
D:\MAGIC\scripts\phase00\INBOX\6Q_placeholder_READY_7B7F5093.py	UTF-8 BOM
D:\MAGIC\scripts\phase00\INBOX\6R_placeholder_READY_8465D68E.py	UTF-8 BOM
D:\MAGIC\scripts\phase00\INBOX\6S_placeholder_READY_3B47EB82.py	UTF-8 BOM
D:\MAGIC\scripts\phase00\INBOX\6T_placeholder_READY_DB7D651C.py	UTF-8 BOM
D:\MAGIC\scripts\phase00\INBOX\6U_placeholder_READY_36932220.py	UTF-8 BOM
D:\MAGIC\scripts\phase00\INBOX\6V_placeholder_READY_53D7E132.py	UTF-8 BOM
D:\MAGIC\scripts\phase00\INBOX\6W_placeholder_READY_747CC73C.py	UTF-8 BOM
D:\MAGIC\scripts\phase00\INBOX\6X_placeholder_READY_D391CFFB.py	UTF-8 BOM
D:\MAGIC\scripts\phase00\INBOX\6Y_placeholder_READY_6B56752E.py	UTF-8 BOM
D:\MAGIC\scripts\phase00\INBOX\6Z_placeholder_READY_D985E334.py	UTF-8 BOM
D:\MAGIC\scripts\phase00\INBOX\7A_placeholder_READY_ED55C378.py	UTF-8 BOM
D:\MAGIC\scripts\phase00\INBOX\7A_sample_READY_E3B0C442.py	ReadError: The property 'Length' cannot be found on this object. Verify that the property exists.
D:\MAGIC\scripts\phase00\INBOX\7B_placeholder_READY_9564AA45.py	UTF-8 BOM
D:\MAGIC\scripts\phase00\INBOX\7C_placeholder_READY_62E031E7.py	UTF-8 BOM
D:\MAGIC\scripts\phase00\INBOX\7D_placeholder_READY_C911CE19.py	UTF-8 BOM
D:\MAGIC\scripts\phase00\INBOX\7E_placeholder_READY_7A4C64D0.py	UTF-8 BOM
D:\MAGIC\scripts\phase00\INBOX\7F_placeholder_READY_77DBF5BB.py	UTF-8 BOM
D:\MAGIC\scripts\phase00\INBOX\7G_placeholder_READY_CFFF1853.py	UTF-8 BOM
D:\MAGIC\scripts\phase00\INBOX\7H_placeholder_READY_8566A4E4.py	UTF-8 BOM
D:\MAGIC\scripts\phase00\INBOX\7I_placeholder_READY_1C1D33A3.py	UTF-8 BOM
D:\MAGIC\scripts\phase00\INBOX\7J_placeholder_READY_B94B9F90.py	UTF-8 BOM
D:\MAGIC\scripts\phase00\INBOX\7K_placeholder_READY_0C648DF3.py	UTF-8 BOM
D:\MAGIC\scripts\phase00\INBOX\7L_placeholder_READY_B326682C.py	UTF-8 BOM
D:\MAGIC\scripts\phase00\INBOX\7M_placeholder_READY_5C492185.py	UTF-8 BOM
D:\MAGIC\scripts\phase00\INBOX\7N_placeholder_READY_5F2F46D6.py	UTF-8 BOM
D:\MAGIC\scripts\phase00\INBOX\7O_placeholder_READY_043BBCDC.py	UTF-8 BOM
D:\MAGIC\scripts\phase00\INBOX\7P_placeholder_READY_53FEA47A.py	UTF-8 BOM
D:\MAGIC\scripts\phase00\INBOX\7Q_placeholder_READY_16C2FABD.py	UTF-8 BOM
D:\MAGIC\scripts\phase00\INBOX\7R_placeholder_READY_3D64AF6E.py	UTF-8 BOM
D:\MAGIC\scripts\phase00\INBOX\7S_placeholder_READY_540B58C1.py	UTF-8 BOM
D:\MAGIC\scripts\phase00\INBOX\7T_placeholder_READY_91A79637.py	UTF-8 BOM
D:\MAGIC\scripts\phase00\INBOX\7U_placeholder_READY_F177D84F.py	UTF-8 BOM
D:\MAGIC\scripts\phase00\INBOX\7V_placeholder_READY_EAC1FA88.py	UTF-8 BOM
D:\MAGIC\scripts\phase00\INBOX\7W_placeholder_READY_62A3F376.py	UTF-8 BOM
D:\MAGIC\scripts\phase00\INBOX\7X_placeholder_READY_F18A514A.py	UTF-8 BOM
D:\MAGIC\scripts\phase00\INBOX\7Y_placeholder_READY_B85536EF.py	UTF-8 BOM
D:\MAGIC\scripts\phase00\INBOX\7Z_placeholder_READY_D5014047.py	UTF-8 BOM
D:\MAGIC\scripts\phase00\INBOX\8A_placeholder_READY_9A22204E.py	UTF-8 BOM
D:\MAGIC\scripts\phase00\INBOX\8A_sample_READY_E3B0C442.py	ReadError: The property 'Length' cannot be found on this object. Verify that the property exists.
D:\MAGIC\scripts\phase00\INBOX\8B_placeholder_READY_889207AA.py	UTF-8 BOM
D:\MAGIC\scripts\phase00\INBOX\8C_placeholder_READY_C626E7A7.py	UTF-8 BOM
D:\MAGIC\scripts\phase00\INBOX\8D_placeholder_READY_E4913AFA.py	UTF-8 BOM
D:\MAGIC\scripts\phase00\INBOX\8E_placeholder_READY_FF3A5D84.py	UTF-8 BOM
D:\MAGIC\scripts\phase00\INBOX\8F_placeholder_READY_C78A87D3.py	UTF-8 BOM
D:\MAGIC\scripts\phase00\INBOX\8G_placeholder_READY_DD313FE7.py	UTF-8 BOM
D:\MAGIC\scripts\phase00\INBOX\8H_placeholder_READY_95CA3821.py	UTF-8 BOM
D:\MAGIC\scripts\phase00\INBOX\8I_placeholder_READY_59D6F5CC.py	UTF-8 BOM
D:\MAGIC\scripts\phase00\INBOX\8J_placeholder_READY_63DCB102.py	UTF-8 BOM
D:\MAGIC\scripts\phase00\INBOX\8K_placeholder_READY_B86664CF.py	UTF-8 BOM
D:\MAGIC\scripts\phase00\INBOX\8L_placeholder_READY_26991BAC.py	UTF-8 BOM
D:\MAGIC\scripts\phase00\INBOX\8M_placeholder_READY_734E879A.py	UTF-8 BOM
D:\MAGIC\scripts\phase00\INBOX\8N_placeholder_READY_0D53AF1E.py	UTF-8 BOM
D:\MAGIC\scripts\phase00\INBOX\8O_placeholder_READY_BFE41B7F.py	UTF-8 BOM
D:\MAGIC\scripts\phase00\INBOX\8P_placeholder_READY_234C3419.py	UTF-8 BOM
D:\MAGIC\scripts\phase00\INBOX\8Q_placeholder_READY_0A80882B.py	UTF-8 BOM
D:\MAGIC\scripts\phase00\INBOX\8R_placeholder_READY_6E7ED0C4.py	UTF-8 BOM
D:\MAGIC\scripts\phase00\INBOX\8S_placeholder_READY_CD177A8A.py	UTF-8 BOM
D:\MAGIC\scripts\phase00\INBOX\8T_placeholder_READY_4C07BEE7.py	UTF-8 BOM
D:\MAGIC\scripts\phase00\INBOX\8U_placeholder_READY_65201DB9.py	UTF-8 BOM
D:\MAGIC\scripts\phase00\INBOX\8V_placeholder_READY_0C58C38D.py	UTF-8 BOM
D:\MAGIC\scripts\phase00\INBOX\8W_placeholder_READY_5790AE31.py	UTF-8 BOM
D:\MAGIC\scripts\phase00\INBOX\8X_placeholder_READY_BE0507C1.py	UTF-8 BOM
D:\MAGIC\scripts\phase00\INBOX\8Y_placeholder_READY_13E0867D.py	UTF-8 BOM
D:\MAGIC\scripts\phase00\INBOX\8Z_placeholder_READY_2CDF810D.py	UTF-8 BOM
D:\MAGIC\scripts\phase00\INBOX\99ZZ_dummy_script_v2_READY_C5910095_C5910095.py	UTF-8 BOM
D:\MAGIC\scripts\phase00\INBOX\9A_placeholder_READY_694AD94E.py	UTF-8 BOM
D:\MAGIC\scripts\phase00\INBOX\9A_sample_READY_E3B0C442.py	ReadError: The property 'Length' cannot be found on this object. Verify that the property exists.
D:\MAGIC\scripts\phase00\INBOX\9B_placeholder_READY_37BC3131.py	UTF-8 BOM
D:\MAGIC\scripts\phase00\INBOX\9C_placeholder_READY_5CCA2686.py	UTF-8 BOM
D:\MAGIC\scripts\phase00\INBOX\9D_placeholder_READY_64C57F14.py	UTF-8 BOM
D:\MAGIC\scripts\phase00\INBOX\9E_placeholder_READY_31B848A6.py	UTF-8 BOM
D:\MAGIC\scripts\phase00\INBOX\9F_placeholder_READY_36863382.py	UTF-8 BOM
D:\MAGIC\scripts\phase00\INBOX\9G_placeholder_READY_F675785B.py	UTF-8 BOM
D:\MAGIC\scripts\phase00\INBOX\9H_placeholder_READY_07223D8D.py	UTF-8 BOM
D:\MAGIC\scripts\phase00\INBOX\9I_placeholder_READY_ECEAE454.py	UTF-8 BOM
D:\MAGIC\scripts\phase00\INBOX\9J_placeholder_READY_285FB16C.py	UTF-8 BOM
D:\MAGIC\scripts\phase00\INBOX\9K_placeholder_READY_AEDD5392.py	UTF-8 BOM
D:\MAGIC\scripts\phase00\INBOX\9L_placeholder_READY_83B904CC.py	UTF-8 BOM
D:\MAGIC\scripts\phase00\INBOX\9M_placeholder_READY_4F72D975.py	UTF-8 BOM
D:\MAGIC\scripts\phase00\INBOX\9N_placeholder_READY_E3D7EC84.py	UTF-8 BOM
D:\MAGIC\scripts\phase00\INBOX\9O_placeholder_READY_2AA8DA58.py	UTF-8 BOM
D:\MAGIC\scripts\phase00\INBOX\9P_placeholder_READY_97BA7D06.py	UTF-8 BOM
D:\MAGIC\scripts\phase00\INBOX\9Q_placeholder_READY_0E28CC65.py	UTF-8 BOM
D:\MAGIC\scripts\phase00\INBOX\9R_placeholder_READY_8DCCFCA3.py	UTF-8 BOM
D:\MAGIC\scripts\phase00\INBOX\9S_placeholder_READY_F10069DC.py	UTF-8 BOM
D:\MAGIC\scripts\phase00\INBOX\9T_placeholder_READY_DA1E0EB3.py	UTF-8 BOM
D:\MAGIC\scripts\phase00\INBOX\9U_placeholder_READY_6C403376.py	UTF-8 BOM
D:\MAGIC\scripts\phase00\INBOX\9V_placeholder_READY_5E10B131.py	UTF-8 BOM
D:\MAGIC\scripts\phase00\INBOX\9W_placeholder_READY_C8A377EA.py	UTF-8 BOM
D:\MAGIC\scripts\phase00\INBOX\9X_placeholder_READY_FD54B1E7.py	UTF-8 BOM
D:\MAGIC\scripts\phase00\INBOX\9Y_placeholder_READY_022C40F5.py	UTF-8 BOM
D:\MAGIC\scripts\phase00\INBOX\9Z_placeholder_READY_B3ADEECB.py	UTF-8 BOM
D:\MAGIC\scripts\phase00\INBOX\ansi_4C77B1EF_4C77B1EF.py	NBSP
D:\MAGIC\scripts\phase00\INBOX\api_8_368D8910_368D8910.py	SmartQuotes
D:\MAGIC\scripts\phase00\INBOX\backup_agent_883A122E_883A122E.py	UTF-8 BOM
D:\MAGIC\scripts\phase00\INBOX\blacklist_filter_E3B0C442_E3B0C442.py	ReadError: The property 'Length' cannot be found on this object. Verify that the property exists.
D:\MAGIC\scripts\phase00\INBOX\builder_5_307B902A_307B902A.py	SmartQuotes
D:\MAGIC\scripts\phase00\INBOX\build_dashboard_481FE2CB_481FE2CB.py	NBSP
D:\MAGIC\scripts\phase00\INBOX\build_dashboard_A6337C9E_A6337C9E.py	NBSP
D:\MAGIC\scripts\phase00\INBOX\build_dashboard_A6337C9E_A6337C9E.py	SmartQuotes
D:\MAGIC\scripts\phase00\INBOX\burnout_signals_E3B0C442_E3B0C442.py	ReadError: The property 'Length' cannot be found on this object. Verify that the property exists.
D:\MAGIC\scripts\phase00\INBOX\channels_07E24782_07E24782.py	SmartQuotes
D:\MAGIC\scripts\phase00\INBOX\clarity_ranker_E3B0C442_E3B0C442.py	ReadError: The property 'Length' cannot be found on this object. Verify that the property exists.
D:\MAGIC\scripts\phase00\INBOX\competition_filter_E3B0C442_E3B0C442.py	ReadError: The property 'Length' cannot be found on this object. Verify that the property exists.
D:\MAGIC\scripts\phase00\INBOX\core_7_9B4452E8_9B4452E8.py	SmartQuotes
D:\MAGIC\scripts\phase00\INBOX\dammit_2_A077757A_A077757A.py	SmartQuotes
D:\MAGIC\scripts\phase00\INBOX\dammit_A077757A_A077757A.py	SmartQuotes
D:\MAGIC\scripts\phase00\INBOX\dashboard_pusher_E3B0C442_E3B0C442.py	ReadError: The property 'Length' cannot be found on this object. Verify that the property exists.
D:\MAGIC\scripts\phase00\INBOX\data_user_prefs_placeholder_READY_582031F6_582031F6.py	UTF-8 BOM
D:\MAGIC\scripts\phase00\INBOX\datetimes_CB48EF6D_CB48EF6D.py	SmartQuotes
D:\MAGIC\scripts\phase00\INBOX\debug_columns_2_BA85F588_BA85F588.py	UTF-8 BOM
D:\MAGIC\scripts\phase00\INBOX\decay_predictor_E3B0C442_E3B0C442.py	ReadError: The property 'Length' cannot be found on this object. Verify that the property exists.
D:\MAGIC\scripts\phase00\INBOX\deduplicate_records_2_B139F347_B139F347.py	UTF-8 BOM
D:\MAGIC\scripts\phase00\INBOX\dummy_pass_953CE29B_953CE29B.py	UTF-8 BOM
D:\MAGIC\scripts\phase00\INBOX\encoding_test_9C1F1376_9C1F1376.py	UTF-8 BOM
D:\MAGIC\scripts\phase00\INBOX\encryption_94AD78C8_94AD78C8.py	SmartQuotes
D:\MAGIC\scripts\phase00\INBOX\engagement_velocity_2_14E51365_14E51365.py	UTF-8 BOM
D:\MAGIC\scripts\phase00\INBOX\engagement_velocity_E3B0C442_E3B0C442.py	ReadError: The property 'Length' cannot be found on this object. Verify that the property exists.
D:\MAGIC\scripts\phase00\INBOX\enhanced_twitter_scraper_2_D82B08CB_D82B08CB.py	UTF-8 BOM
D:\MAGIC\scripts\phase00\INBOX\file_not_found_test_2737003A_2737003A.py	UTF-8 BOM
D:\MAGIC\scripts\phase00\INBOX\fixed_twitter_scraper_clean_2_C6543788_C6543788.py	UTF-8 BOM
D:\MAGIC\scripts\phase00\INBOX\fixed_twitter_scraper_simple_2_33BDF204_33BDF204.py	UTF-8 BOM
D:\MAGIC\scripts\phase00\INBOX\fix_log_writer_agent_048F6291_048F6291.py	SmartQuotes
D:\MAGIC\scripts\phase00\INBOX\fix_reddit_C318112B_C318112B.py	UTF-8 BOM
D:\MAGIC\scripts\phase00\INBOX\fix_reddit_script_D8140B13_D8140B13.py	UTF-8 BOM
D:\MAGIC\scripts\phase00\INBOX\folder_audit_1CF6D674_1CF6D674.py	UTF-8 BOM
D:\MAGIC\scripts\phase00\INBOX\folder_audit_2_397C57F1_397C57F1.py	UTF-8 BOM
D:\MAGIC\scripts\phase00\INBOX\folder_cleanup_AE150002_AE150002.py	UTF-8 BOM
D:\MAGIC\scripts\phase00\INBOX\format_classifier_E3B0C442_E3B0C442.py	ReadError: The property 'Length' cannot be found on this object. Verify that the property exists.
D:\MAGIC\scripts\phase00\INBOX\format_D2CE22D0_D2CE22D0.py	SmartQuotes
D:\MAGIC\scripts\phase00\INBOX\fpdf_9FD4C0E6_9FD4C0E6.py	SmartQuotes
D:\MAGIC\scripts\phase00\INBOX\frame_AE8632D2_AE8632D2.py	SmartQuotes
D:\MAGIC\scripts\phase00\INBOX\freetypePen_1C3FA05C_1C3FA05C.py	SmartQuotes
D:\MAGIC\scripts\phase00\INBOX\generate_patch_from_phase11_A34D127E_A34D127E.py	UTF-8 BOM
D:\MAGIC\scripts\phase00\INBOX\generic_3_BAEA1720_BAEA1720.py	SmartQuotes
D:\MAGIC\scripts\phase00\INBOX\generic_5C4CA5F1_5C4CA5F1.py	SmartQuotes
D:\MAGIC\scripts\phase00\INBOX\google_api_2_7C142B89_7C142B89.py	UTF-8 BOM
D:\MAGIC\scripts\phase00\INBOX\google_api_E3B0C442_E3B0C442.py	ReadError: The property 'Length' cannot be found on this object. Verify that the property exists.
D:\MAGIC\scripts\phase00\INBOX\google_scraper_E3B0C442_E3B0C442.py	ReadError: The property 'Length' cannot be found on this object. Verify that the property exists.
D:\MAGIC\scripts\phase00\INBOX\holiday_A1792864_A1792864.py	SmartQuotes
D:\MAGIC\scripts\phase00\INBOX\ig_scraper_E3B0C442_E3B0C442.py	ReadError: The property 'Length' cannot be found on this object. Verify that the property exists.
D:\MAGIC\scripts\phase00\INBOX\import_error_test_669F2A56_669F2A56.py	UTF-8 BOM
D:\MAGIC\scripts\phase00\INBOX\ingest_csvs_to_db_2_9B639A6D_9B639A6D.py	UTF-8 BOM
D:\MAGIC\scripts\phase00\INBOX\insert_to_db_2_A83E069E_A83E069E.py	UTF-8 BOM
D:\MAGIC\scripts\phase00\INBOX\insert_to_db_E3B0C442_E3B0C442.py	ReadError: The property 'Length' cannot be found on this object. Verify that the property exists.
D:\MAGIC\scripts\phase00\INBOX\inspect_columns_2_7FA22165_7FA22165.py	UTF-8 BOM
D:\MAGIC\scripts\phase00\INBOX\instagram_api_E3B0C442_E3B0C442.py	ReadError: The property 'Length' cannot be found on this object. Verify that the property exists.
D:\MAGIC\scripts\phase00\INBOX\intent_classifier_E3B0C442_E3B0C442.py	ReadError: The property 'Length' cannot be found on this object. Verify that the property exists.
D:\MAGIC\scripts\phase00\INBOX\keyword_deduper_E3B0C442_E3B0C442.py	ReadError: The property 'Length' cannot be found on this object. Verify that the property exists.
D:\MAGIC\scripts\phase00\INBOX\langbulgarianmodel_BE66EF60_BE66EF60.py	SmartQuotes
D:\MAGIC\scripts\phase00\INBOX\langgreekmodel_25F07B6E_25F07B6E.py	SmartQuotes
D:\MAGIC\scripts\phase00\INBOX\langhebrewmodel_DC75C768_DC75C768.py	SmartQuotes
D:\MAGIC\scripts\phase00\INBOX\langhungarianmodel_5B16DE40_5B16DE40.py	SmartQuotes
D:\MAGIC\scripts\phase00\INBOX\langrussianmodel_B37F796D_B37F796D.py	SmartQuotes
D:\MAGIC\scripts\phase00\INBOX\language_detector_E3B0C442_E3B0C442.py	ReadError: The property 'Length' cannot be found on this object. Verify that the property exists.
D:\MAGIC\scripts\phase00\INBOX\linearization_CF1C17DB_CF1C17DB.py	SmartQuotes
D:\MAGIC\scripts\phase00\INBOX\linear_forecast_E3B0C442_E3B0C442.py	ReadError: The property 'Length' cannot be found on this object. Verify that the property exists.
D:\MAGIC\scripts\phase00\INBOX\locale_filter_E3B0C442_E3B0C442.py	ReadError: The property 'Length' cannot be found on this object. Verify that the property exists.
D:\MAGIC\scripts\phase00\INBOX\log_writer_agent_791FE60D_791FE60D.py	UTF-8 BOM
D:\MAGIC\scripts\phase00\INBOX\longevity_predictor_2_275CA56F_275CA56F.py	UTF-8 BOM
D:\MAGIC\scripts\phase00\INBOX\longevity_predictor_E3B0C442_E3B0C442.py	ReadError: The property 'Length' cannot be found on this object. Verify that the property exists.
D:\MAGIC\scripts\phase00\INBOX\merge_AD6B19BB_AD6B19BB.py	SmartQuotes
D:\MAGIC\scripts\phase00\INBOX\mixins_2_FA744653_FA744653.py	SmartQuotes
D:\MAGIC\scripts\phase00\INBOX\momentum_scaler_E3B0C442_E3B0C442.py	ReadError: The property 'Length' cannot be found on this object. Verify that the property exists.
D:\MAGIC\scripts\phase00\INBOX\momentum_tracker_E3B0C442_E3B0C442.py	ReadError: The property 'Length' cannot be found on this object. Verify that the property exists.
D:\MAGIC\scripts\phase00\INBOX\niche_classifier_E3B0C442_E3B0C442.py	ReadError: The property 'Length' cannot be found on this object. Verify that the property exists.
D:\MAGIC\scripts\phase00\INBOX\niche_weight_2_A366BC71_A366BC71.py	UTF-8 BOM
D:\MAGIC\scripts\phase00\INBOX\niche_weight_E3B0C442_E3B0C442.py	ReadError: The property 'Length' cannot be found on this object. Verify that the property exists.
D:\MAGIC\scripts\phase00\INBOX\one_time_organizer_055564E4_055564E4.py	UTF-8 BOM
D:\MAGIC\scripts\phase00\INBOX\orchestrator_FEF67BCC_FEF67BCC.py	UTF-8 BOM
D:\MAGIC\scripts\phase00\INBOX\otData_F975D1C1_F975D1C1.py	SmartQuotes
D:\MAGIC\scripts\phase00\INBOX\outline_049C7B03_049C7B03.py	SmartQuotes
D:\MAGIC\scripts\phase00\INBOX\pager_48EFC44C_48EFC44C.py	NBSP
D:\MAGIC\scripts\phase00\INBOX\phase10_seo_keywords_READY_61626079_61626079.py	UTF-8 BOM
D:\MAGIC\scripts\phase00\INBOX\phase11_outputs_placeholder_READY_E73A2040_E73A2040.py	UTF-8 BOM
D:\MAGIC\scripts\phase00\INBOX\phase6_retry_scheduler_READY_FE44F4AF_FE44F4AF.py	UTF-8 BOM
D:\MAGIC\scripts\phase00\INBOX\phase6_uploader_example_READY_CA1ABC35_CA1ABC35.py	UTF-8 BOM
D:\MAGIC\scripts\phase00\INBOX\phase7_affiliate_handler_READY_46BD0467_46BD0467.py	UTF-8 BOM
D:\MAGIC\scripts\phase00\INBOX\phase8_traffic_sentiment_analysis_READY_746C064F_746C064F.py	UTF-8 BOM
D:\MAGIC\scripts\phase00\INBOX\phase9_orchestration_runner_READY_05C171E7_05C171E7.py	UTF-8 BOM
D:\MAGIC\scripts\phase00\INBOX\pinterest_api_E3B0C442_E3B0C442.py	ReadError: The property 'Length' cannot be found on this object. Verify that the property exists.
D:\MAGIC\scripts\phase00\INBOX\pinterest_scraper_E3B0C442_E3B0C442.py	ReadError: The property 'Length' cannot be found on this object. Verify that the property exists.
D:\MAGIC\scripts\phase00\INBOX\prefs_178B30E0_178B30E0.py	SmartQuotes
D:\MAGIC\scripts\phase00\INBOX\quarantine_agent_B571556D_B571556D.py	UTF-8 BOM
D:\MAGIC\scripts\phase00\INBOX\quarantine_agent_backup_8770D9B1_8770D9B1.py	UTF-8 BOM
D:\MAGIC\scripts\phase00\INBOX\quora_scraper_E3B0C442_E3B0C442.py	ReadError: The property 'Length' cannot be found on this object. Verify that the property exists.
D:\MAGIC\scripts\phase00\INBOX\reddit_api_3_B308E258_B308E258.py	UTF-8 BOM
D:\MAGIC\scripts\phase00\INBOX\reddit_api_E3B0C442_E3B0C442.py	ReadError: The property 'Length' cannot be found on this object. Verify that the property exists.
D:\MAGIC\scripts\phase00\INBOX\reddit_api_final_E313AA25_E313AA25.py	UTF-8 BOM
D:\MAGIC\scripts\phase00\INBOX\reddit_api_fixed_E313AA25_E313AA25.py	UTF-8 BOM
D:\MAGIC\scripts\phase00\INBOX\reddit_api_proper_fix_971E0D4C_971E0D4C.py	UTF-8 BOM
D:\MAGIC\scripts\phase00\INBOX\remediator_0950F4F0_0950F4F0.py	SmartQuotes
D:\MAGIC\scripts\phase00\INBOX\saturation_calc_2_C0C94636_C0C94636.py	UTF-8 BOM
D:\MAGIC\scripts\phase00\INBOX\saturation_calc_E3B0C442_E3B0C442.py	ReadError: The property 'Length' cannot be found on this object. Verify that the property exists.
D:\MAGIC\scripts\phase00\INBOX\save_trends_2_E5350EAF_E5350EAF.py	UTF-8 BOM
D:\MAGIC\scripts\phase00\INBOX\save_trends_E3B0C442_E3B0C442.py	ReadError: The property 'Length' cannot be found on this object. Verify that the property exists.
D:\MAGIC\scripts\phase00\INBOX\score_filter_E3B0C442_E3B0C442.py	ReadError: The property 'Length' cannot be found on this object. Verify that the property exists.
D:\MAGIC\scripts\phase00\INBOX\scribe_feedback_E3B0C442_E3B0C442.py	ReadError: The property 'Length' cannot be found on this object. Verify that the property exists.
D:\MAGIC\scripts\phase00\INBOX\script1_E3B0C442_E3B0C442.py	ReadError: The property 'Length' cannot be found on this object. Verify that the property exists.
D:\MAGIC\scripts\phase00\INBOX\script2_E3B0C442_E3B0C442.py	ReadError: The property 'Length' cannot be found on this object. Verify that the property exists.
D:\MAGIC\scripts\phase00\INBOX\self_healing_runner_v5_parallel_2730F398_2730F398.py	SmartQuotes
D:\MAGIC\scripts\phase00\INBOX\self_heal_placeholder_FBE37D40_FBE37D40.py	UTF-8 BOM
D:\MAGIC\scripts\phase00\INBOX\seo_mapper_E3B0C442_E3B0C442.py	ReadError: The property 'Length' cannot be found on this object. Verify that the property exists.
D:\MAGIC\scripts\phase00\INBOX\setup_folders_2_B1D77D00_B1D77D00.py	UTF-8 BOM
D:\MAGIC\scripts\phase00\INBOX\sql_FBE1AC50_FBE1AC50.py	SmartQuotes
D:\MAGIC\scripts\phase00\INBOX\standardize_columns_2_A919E605_A919E605.py	UTF-8 BOM
D:\MAGIC\scripts\phase00\INBOX\start_check_F63FF1B1_F63FF1B1.py	UTF-8 BOM
D:\MAGIC\scripts\phase00\INBOX\storage_manager_80B053AF_80B053AF.py	UTF-8 BOM
D:\MAGIC\scripts\phase00\INBOX\structure_tree_FF22F40D_FF22F40D.py	SmartQuotes
D:\MAGIC\scripts\phase00\INBOX\tag_enricher_E3B0C442_E3B0C442.py	ReadError: The property 'Length' cannot be found on this object. Verify that the property exists.
D:\MAGIC\scripts\phase00\INBOX\tag_icon_mapper_E3B0C442_E3B0C442.py	ReadError: The property 'Length' cannot be found on this object. Verify that the property exists.
D:\MAGIC\scripts\phase00\INBOX\tests_5D8F39EC_5D8F39EC.py	NBSP
D:\MAGIC\scripts\phase00\INBOX\tests_905D69CF_905D69CF.py	NBSP
D:\MAGIC\scripts\phase00\INBOX\tests_content_FB14340B_FB14340B.py	UTF-8 BOM
D:\MAGIC\scripts\phase00\INBOX\tests_scrapers_A0552571_A0552571.py	UTF-8 BOM
D:\MAGIC\scripts\phase00\INBOX\test_budget_backup_15F38624_15F38624.py	UTF-8 BOM
D:\MAGIC\scripts\phase00\INBOX\test_build_dashboard_64F4C8E8_64F4C8E8.py	UTF-8 BOM
D:\MAGIC\scripts\phase00\INBOX\test_dammit_2_4D00957B_4D00957B.py	SmartQuotes
D:\MAGIC\scripts\phase00\INBOX\test_dammit_4D00957B_4D00957B.py	SmartQuotes
D:\MAGIC\scripts\phase00\INBOX\test_e2e_smoketest_EB82E289_EB82E289.py	UTF-8 BOM
D:\MAGIC\scripts\phase00\INBOX\test_imports_6A0FDAAA_6A0FDAAA.py	UTF-8 BOM
D:\MAGIC\scripts\phase00\INBOX\test_integrity_checker_98FA0B8A_98FA0B8A.py	UTF-8 BOM
D:\MAGIC\scripts\phase00\INBOX\test_pageelement_2_DCA5468B_DCA5468B.py	NBSP
D:\MAGIC\scripts\phase00\INBOX\test_pageelement_DCA5468B_DCA5468B.py	NBSP
D:\MAGIC\scripts\phase00\INBOX\test_pandas_3E3EEC15_3E3EEC15.py	SmartQuotes
D:\MAGIC\scripts\phase00\INBOX\test_readlines_35A21E08_35A21E08.py	SmartQuotes
D:\MAGIC\scripts\phase00\INBOX\test_remediator_unit_16FFA75B_16FFA75B.py	UTF-8 BOM
D:\MAGIC\scripts\phase00\INBOX\test_secrets_2_B0DA33BE_B0DA33BE.py	UTF-8 BOM
D:\MAGIC\scripts\phase00\INBOX\test_smoke_6273A0AD_6273A0AD.py	UTF-8 BOM
D:\MAGIC\scripts\phase00\INBOX\tfmLib_0E283926_0E283926.py	SmartQuotes
D:\MAGIC\scripts\phase00\INBOX\threads_scraper_E3B0C442_E3B0C442.py	ReadError: The property 'Length' cannot be found on this object. Verify that the property exists.
D:\MAGIC\scripts\phase00\INBOX\tiktok_api_E3B0C442_E3B0C442.py	ReadError: The property 'Length' cannot be found on this object. Verify that the property exists.
D:\MAGIC\scripts\phase00\INBOX\tiktok_scraper_E3B0C442_E3B0C442.py	ReadError: The property 'Length' cannot be found on this object. Verify that the property exists.
D:\MAGIC\scripts\phase00\INBOX\trends_scraper_1B2654BF_1B2654BF.py	UTF-8 BOM
D:\MAGIC\scripts\phase00\INBOX\trend_explainer_E3B0C442_E3B0C442.py	ReadError: The property 'Length' cannot be found on this object. Verify that the property exists.
D:\MAGIC\scripts\phase00\INBOX\trend_lifecycle_E3B0C442_E3B0C442.py	ReadError: The property 'Length' cannot be found on this object. Verify that the property exists.
D:\MAGIC\scripts\phase00\INBOX\trend_scorer_2_75AEC5C4_75AEC5C4.py	UTF-8 BOM
D:\MAGIC\scripts\phase00\INBOX\trend_spike_detector_E3B0C442_E3B0C442.py	ReadError: The property 'Length' cannot be found on this object. Verify that the property exists.
D:\MAGIC\scripts\phase00\INBOX\trend_summary_gen_E3B0C442_E3B0C442.py	ReadError: The property 'Length' cannot be found on this object. Verify that the property exists.
D:\MAGIC\scripts\phase00\INBOX\trend_unifier_2_2CDC2208_2CDC2208.py	UTF-8 BOM
D:\MAGIC\scripts\phase00\INBOX\trend_unifier_E3B0C442_E3B0C442.py	ReadError: The property 'Length' cannot be found on this object. Verify that the property exists.
D:\MAGIC\scripts\phase00\INBOX\twitter_api_E3B0C442_E3B0C442.py	ReadError: The property 'Length' cannot be found on this object. Verify that the property exists.
D:\MAGIC\scripts\phase00\INBOX\twitter_scraper_E3B0C442_E3B0C442.py	ReadError: The property 'Length' cannot be found on this object. Verify that the property exists.
D:\MAGIC\scripts\phase00\INBOX\twitter_scraper_ps_2_855DED96_855DED96.py	UTF-8 BOM
D:\MAGIC\scripts\phase00\INBOX\unicode_error_test_37DE7A35_37DE7A35.py	UTF-8 BOM
D:\MAGIC\scripts\phase00\INBOX\validate_schema_2_293F409B_293F409B.py	UTF-8 BOM
D:\MAGIC\scripts\phase00\INBOX\validation_checks_2_B52CF8CC_B52CF8CC.py	UTF-8 BOM
D:\MAGIC\scripts\phase00\INBOX\variance_filter_E3B0C442_E3B0C442.py	ReadError: The property 'Length' cannot be found on this object. Verify that the property exists.
D:\MAGIC\scripts\phase00\INBOX\vault_manager_2BCD5EAE_2BCD5EAE.py	UTF-8 BOM
D:\MAGIC\scripts\phase00\INBOX\voltToFea_676CAF9D_676CAF9D.py	SmartQuotes
D:\MAGIC\scripts\phase00\INBOX\youtube_api_2_83DA9F1F_83DA9F1F.py	UTF-8 BOM
D:\MAGIC\scripts\phase00\INBOX\youtube_api_E3B0C442_E3B0C442.py	ReadError: The property 'Length' cannot be found on this object. Verify that the property exists.
D:\MAGIC\scripts\phase00\INBOX\youtube_scraper_E3B0C442_E3B0C442.py	ReadError: The property 'Length' cannot be found on this object. Verify that the property exists.
D:\MAGIC\scripts\phase00\INBOX\zephyr_alerts_E3B0C442_E3B0C442.py	ReadError: The property 'Length' cannot be found on this object. Verify that the property exists.
D:\MAGIC\scripts\phase00\INBOX\zephyr_feedback_E3B0C442_E3B0C442.py	ReadError: The property 'Length' cannot be found on this object. Verify that the property exists.
D:\MAGIC\scripts\phase00\INBOX\zephyr_to_midas_E3B0C442_E3B0C442.py	ReadError: The property 'Length' cannot be found on this object. Verify that the property exists.
D:\MAGIC\scripts\phase00\INBOX\_base_DFE299CF_DFE299CF.py	SmartQuotes
D:\MAGIC\scripts\phase00\INBOX\_config_3_04E009C9_04E009C9.py	SmartQuotes
D:\MAGIC\scripts\phase00\INBOX\_c_i_d_g_CADF2B54_CADF2B54.py	SmartQuotes
D:\MAGIC\scripts\phase00\INBOX\_emoji_codes_86ED552F_86ED552F.py	SmartQuotes
D:\MAGIC\scripts\phase00\INBOX\_g_l_y_f_E4D68ECA_E4D68ECA.py	SmartQuotes
D:\MAGIC\scripts\phase00\INBOX\_n_a_m_e_2D8C9228_2D8C9228.py	SmartQuotes
D:\MAGIC\scripts\phase00\INBOX\__init___105_33E16FE7_33E16FE7.py	SmartQuotes
D:\MAGIC\scripts\phase00\INBOX\__init___153_EB6BE971_EB6BE971.py	NBSP
D:\MAGIC\scripts\phase00\INBOX\__init___154_E3B0C442_E3B0C442.py	ReadError: The property 'Length' cannot be found on this object. Verify that the property exists.
D:\MAGIC\scripts\phase00\INBOX\__init___155_24808E1C_24808E1C.py	SmartQuotes
D:\MAGIC\scripts\phase00\INBOX\__init___181_E3B0C442_E3B0C442.py	ReadError: The property 'Length' cannot be found on this object. Verify that the property exists.
D:\MAGIC\scripts\phase00\INBOX\__init___19_E3B0C442_E3B0C442.py	ReadError: The property 'Length' cannot be found on this object. Verify that the property exists.
D:\MAGIC\scripts\phase00\INBOX\__init___27_E3B0C442_E3B0C442.py	ReadError: The property 'Length' cannot be found on this object. Verify that the property exists.
D:\MAGIC\scripts\phase00\INBOX\__init___28_E3B0C442_E3B0C442.py	ReadError: The property 'Length' cannot be found on this object. Verify that the property exists.
D:\MAGIC\scripts\phase00\INBOX\__init___29_E3B0C442_E3B0C442.py	ReadError: The property 'Length' cannot be found on this object. Verify that the property exists.
D:\MAGIC\scripts\phase00\INBOX\__init___30_E3B0C442_E3B0C442.py	ReadError: The property 'Length' cannot be found on this object. Verify that the property exists.
D:\MAGIC\scripts\phase00\INBOX\__init___31_E3B0C442_E3B0C442.py	ReadError: The property 'Length' cannot be found on this object. Verify that the property exists.
D:\MAGIC\scripts\phase00\INBOX\__init___35_E3B0C442_E3B0C442.py	ReadError: The property 'Length' cannot be found on this object. Verify that the property exists.
D:\MAGIC\scripts\phase00\INBOX\__init___37_E3B0C442_E3B0C442.py	ReadError: The property 'Length' cannot be found on this object. Verify that the property exists.
D:\MAGIC\scripts\phase00\INBOX\__init___41_E3B0C442_E3B0C442.py	ReadError: The property 'Length' cannot be found on this object. Verify that the property exists.
D:\MAGIC\scripts\phase00\INBOX\__init___44_E3B0C442_E3B0C442.py	ReadError: The property 'Length' cannot be found on this object. Verify that the property exists.
D:\MAGIC\scripts\phase00\INBOX\__init___46_E3B0C442_E3B0C442.py	ReadError: The property 'Length' cannot be found on this object. Verify that the property exists.
D:\MAGIC\scripts\phase00\INBOX\__init___48_E3B0C442_E3B0C442.py	ReadError: The property 'Length' cannot be found on this object. Verify that the property exists.
D:\MAGIC\scripts\phase00\INBOX\__init___50_E3B0C442_E3B0C442.py	ReadError: The property 'Length' cannot be found on this object. Verify that the property exists.
D:\MAGIC\scripts\phase00\INBOX\__init___52_E3B0C442_E3B0C442.py	ReadError: The property 'Length' cannot be found on this object. Verify that the property exists.
D:\MAGIC\scripts\phase00\INBOX\__init___54_E3B0C442_E3B0C442.py	ReadError: The property 'Length' cannot be found on this object. Verify that the property exists.
D:\MAGIC\scripts\phase00\INBOX\__init___56_E3B0C442_E3B0C442.py	ReadError: The property 'Length' cannot be found on this object. Verify that the property exists.
D:\MAGIC\scripts\phase00\INBOX\__init___58_E3B0C442_E3B0C442.py	ReadError: The property 'Length' cannot be found on this object. Verify that the property exists.
D:\MAGIC\scripts\phase00\INBOX\__init___59_E3B0C442_E3B0C442.py	ReadError: The property 'Length' cannot be found on this object. Verify that the property exists.
D:\MAGIC\scripts\phase00\INBOX\__init___5_33E16FE7_33E16FE7.py	SmartQuotes
D:\MAGIC\scripts\phase00\INBOX\__init___61_E3B0C442_E3B0C442.py	ReadError: The property 'Length' cannot be found on this object. Verify that the property exists.
D:\MAGIC\scripts\phase00\INBOX\__init___62_E3B0C442_E3B0C442.py	ReadError: The property 'Length' cannot be found on this object. Verify that the property exists.
D:\MAGIC\scripts\phase00\INBOX\__init___63_E3B0C442_E3B0C442.py	ReadError: The property 'Length' cannot be found on this object. Verify that the property exists.
D:\MAGIC\scripts\phase00\INBOX\__init___65_E3B0C442_E3B0C442.py	ReadError: The property 'Length' cannot be found on this object. Verify that the property exists.
D:\MAGIC\scripts\phase00\INBOX\__init___76_E3B0C442_E3B0C442.py	ReadError: The property 'Length' cannot be found on this object. Verify that the property exists.
D:\MAGIC\scripts\phase00\INBOX\__init___81_E3B0C442_E3B0C442.py	ReadError: The property 'Length' cannot be found on this object. Verify that the property exists.
D:\MAGIC\scripts\phase00\INBOX\__init___82_E3B0C442_E3B0C442.py	ReadError: The property 'Length' cannot be found on this object. Verify that the property exists.
D:\MAGIC\scripts\phase00\INBOX\__init___96_E3B0C442_E3B0C442.py	ReadError: The property 'Length' cannot be found on this object. Verify that the property exists.
D:\MAGIC\scripts\phase00\INBOX\__init___97_E3B0C442_E3B0C442.py	ReadError: The property 'Length' cannot be found on this object. Verify that the property exists.
D:\MAGIC\scripts\phase00\INBOX\__init___98_E3B0C442_E3B0C442.py	ReadError: The property 'Length' cannot be found on this object. Verify that the property exists.
D:\MAGIC\scripts\phase00\INBOX\__init___E3B0C442_E3B0C442.py	ReadError: The property 'Length' cannot be found on this object. Verify that the property exists.
D:\MAGIC\scripts\phase01\module_A\01A_api_key_validator_READY.py	UTF-8 BOM
D:\MAGIC\scripts\phase01\module_A\01A_oauth_consent_setup_checker_READY.py	UTF-8 BOM
D:\MAGIC\scripts\phase01\module_A\01A_secure_api_key_storage_READY.py	UTF-8 BOM
D:\MAGIC\scripts\phase01\module_B\01B_auto_cleanup_script_READY.py	UTF-8 BOM
D:\MAGIC\scripts\phase01\module_B\01B_directory_health_checker_READY.py	UTF-8 BOM
D:\MAGIC\scripts\phase01\module_B\01B_project_folder_creator_READY.py	UTF-8 BOM
D:\MAGIC\scripts\phase01\module_C\01C_dummy_trigger_runner_READY.py	UTF-8 BOM
D:\MAGIC\scripts\phase01\module_C\01C_test_scaffolds_for_generators_READY.py	UTF-8 BOM
D:\MAGIC\scripts\phase01\module_C\01C_test_scaffolds_for_scrapers_READY.py	UTF-8 BOM
D:\MAGIC\scripts\phase01\module_D\01D_central_logging_system_READY.py	UTF-8 BOM
D:\MAGIC\scripts\phase01\module_D\01D_log_rotation_archiver_READY.py	UTF-8 BOM
D:\MAGIC\scripts\phase01\module_D\01D_log_visualizer_cli_READY.py	UTF-8 BOM
D:\MAGIC\scripts\phase01\module_E\01E_budget_cap_system_READY.py	UTF-8 BOM
D:\MAGIC\scripts\phase01\module_E\01E_monthly_spend_reporter_READY.py	UTF-8 BOM
D:\MAGIC\scripts\phase01\module_E\01E_quota_warning_notifier_READY.py	UTF-8 BOM
D:\MAGIC\scripts\phase01\module_F\01F_cloud_sync_optional__READY.py	UTF-8 BOM
D:\MAGIC\scripts\phase01\module_F\01F_db_connection_handler_READY.py	UTF-8 BOM
D:\MAGIC\scripts\phase01\module_F\01F_sqlite_db_bootstrap_READY.py	UTF-8 BOM
D:\MAGIC\scripts\phase01\module_G\01G_crash_recovery_snapshot_READY.py	UTF-8 BOM
D:\MAGIC\scripts\phase01\module_G\01G_file_watchdog_READY.py	UTF-8 BOM
D:\MAGIC\scripts\phase01\module_G\01G_null_data_detector_READY.py	UTF-8 BOM
D:\MAGIC\scripts\phase01\module_H\01H_column_standardizer_READY.py	UTF-8 BOM
D:\MAGIC\scripts\phase01\module_H\01H_duplicate_entry_remover_READY.py	UTF-8 BOM
D:\MAGIC\scripts\phase01\module_H\01H_sanity_rules_checker_READY.py	UTF-8 BOM
D:\MAGIC\scripts\phase01\module_H\01H_schema_validator_READY.py	UTF-8 BOM
D:\MAGIC\scripts\phase01\module_I\01I_output_directory_tracker_READY.py	UTF-8 BOM
D:\MAGIC\scripts\phase01\module_I\01I_readme_setup_verifier_READY.py	UTF-8 BOM
D:\MAGIC\scripts\phase01\module_I\01I_startup_validator_cli_READY.py	UTF-8 BOM
D:\MAGIC\scripts\phase01\module_I\01I_unified_settings_loader_READY.py	UTF-8 BOM
D:\MAGIC\scripts\phase02\module_A\02A_google_trends_scraper_READY.py	UTF-8 BOM
D:\MAGIC\scripts\phase02\module_A\02A_instagram_reels_hashtag_crawler_READY.py	UTF-8 BOM
D:\MAGIC\scripts\phase02\module_A\02A_pinterest_trends_crawler_READY.py	UTF-8 BOM
D:\MAGIC\scripts\phase02\module_A\02A_quora_trending_topics_READY.py	UTF-8 BOM
D:\MAGIC\scripts\phase02\module_A\02A_reddit_hot_topics_scraper_READY.py	UTF-8 BOM
D:\MAGIC\scripts\phase02\module_A\02A_threads_topics_crawler_READY.py	UTF-8 BOM
D:\MAGIC\scripts\phase02\module_A\02A_tiktok_description_scraper_READY.py	UTF-8 BOM
D:\MAGIC\scripts\phase02\module_A\02A_twitter_x_trending_collector_READY.py	UTF-8 BOM
D:\MAGIC\scripts\phase02\module_A\02A_youtube_autocomplete_miner_READY.py	UTF-8 BOM
D:\MAGIC\scripts\phase02\module_A\02A_youtube_trending_scraper_READY.py	UTF-8 BOM
D:\MAGIC\scripts\phase02\module_B\02B_cross_platform_api_normalizer_READY.py	UTF-8 BOM
D:\MAGIC\scripts\phase02\module_B\02B_google_trends_api_connector_READY.py	UTF-8 BOM
D:\MAGIC\scripts\phase02\module_B\02B_instagram_graph_api_fetcher_READY.py	UTF-8 BOM
D:\MAGIC\scripts\phase02\module_B\02B_pinterest_trends_api_proxy_READY.py	UTF-8 BOM
D:\MAGIC\scripts\phase02\module_B\02B_reddit_api_integration_praw__READY.py	UTF-8 BOM
D:\MAGIC\scripts\phase02\module_B\02B_tiktok_unofficial_api_wrapper_READY.py	UTF-8 BOM
D:\MAGIC\scripts\phase02\module_B\02B_twitter_x_trends_api_layer_READY.py	UTF-8 BOM
D:\MAGIC\scripts\phase02\module_B\02B_youtube_data_api_fetcher_READY.py	UTF-8 BOM
D:\MAGIC\scripts\phase02\module_C\02C_content_saturation_estimator_READY.py	UTF-8 BOM
D:\MAGIC\scripts\phase02\module_C\02C_cross_platform_trend_combiner_READY.py	UTF-8 BOM
D:\MAGIC\scripts\phase02\module_C\02C_engagement_velocity_calculator_READY.py	UTF-8 BOM
D:\MAGIC\scripts\phase02\module_C\02C_niche_relevance_weighting_system_READY.py	UTF-8 BOM
D:\MAGIC\scripts\phase02\module_C\02C_trend_longevity_predictor_READY.py	UTF-8 BOM
D:\MAGIC\scripts\phase02\module_C\02C_trend_popularity_score_engine_READY.py	UTF-8 BOM
D:\MAGIC\scripts\phase02\module_D\02D_banned_keywords_cleaner_READY.py	UTF-8 BOM
D:\MAGIC\scripts\phase02\module_D\02D_competitive_keyword_filter_READY.py	UTF-8 BOM
D:\MAGIC\scripts\phase02\module_D\02D_high_variance_trend_detector_READY.py	UTF-8 BOM
D:\MAGIC\scripts\phase02\module_D\02D_keyword_deduplicator_READY.py	UTF-8 BOM
D:\MAGIC\scripts\phase02\module_D\02D_language_region_filter_READY.py	UTF-8 BOM
D:\MAGIC\scripts\phase02\module_D\02D_trend_score_threshold_filter_READY.py	UTF-8 BOM
D:\MAGIC\scripts\phase02\module_E\02E_auto_tag_generator_READY.py	UTF-8 BOM
D:\MAGIC\scripts\phase02\module_E\02E_format_type_classifier_READY.py	UTF-8 BOM
D:\MAGIC\scripts\phase02\module_E\02E_gpt_trend_explainer_READY.py	UTF-8 BOM
D:\MAGIC\scripts\phase02\module_E\02E_niche_classifier_READY.py	UTF-8 BOM
D:\MAGIC\scripts\phase02\module_E\02E_seo_keyword_pairing_READY.py	UTF-8 BOM
D:\MAGIC\scripts\phase02\module_E\02E_trend_clarity_ranker_READY.py	UTF-8 BOM
D:\MAGIC\scripts\phase02\module_E\02E_trend_intent_categorizer_READY.py	UTF-8 BOM
D:\MAGIC\scripts\phase02\module_E\02E_trend_language_detector_READY.py	UTF-8 BOM
D:\MAGIC\scripts\phase02\module_E\02E_trend_summary_generator_READY.py	UTF-8 BOM
D:\MAGIC\scripts\phase02\module_F\02F_anomaly_spike_detector_READY.py	UTF-8 BOM
D:\MAGIC\scripts\phase02\module_F\02F_linear_forecasting_engine_READY.py	UTF-8 BOM
D:\MAGIC\scripts\phase02\module_F\02F_plateau_decline_predictor_READY.py	UTF-8 BOM
D:\MAGIC\scripts\phase02\module_F\02F_rolling_window_acceleration_READY.py	UTF-8 BOM
D:\MAGIC\scripts\phase02\module_F\02F_topic_momentum_scaler_READY.py	UTF-8 BOM
D:\MAGIC\scripts\phase02\module_F\02F_trend_lifecycle_tagger_READY.py	UTF-8 BOM
D:\MAGIC\scripts\phase02\module_G\02G_dashboard_trend_router_READY.py	UTF-8 BOM
D:\MAGIC\scripts\phase02\module_G\02G_sqlite_trend_inserter_READY.py	UTF-8 BOM
D:\MAGIC\scripts\phase02\module_G\02G_trends_output_csv_writer_READY.py	UTF-8 BOM
D:\MAGIC\scripts\phase02\module_G\02G_trend_json_exporter_for_api__READY.py	UTF-8 BOM
D:\MAGIC\scripts\phase02\module_G\02G_visual_tags_for_dashboard_READY.py	UTF-8 BOM
D:\MAGIC\scripts\phase02\module_H\02H_push_monetized_trend_roi_to_midas_READY.py	UTF-8 BOM
D:\MAGIC\scripts\phase02\module_H\02H_push_viral_trends_to_scribe_agent_READY.py	UTF-8 BOM
D:\MAGIC\scripts\phase02\module_H\02H_trend_alert_trigger_to_orchestrator_READY.py	UTF-8 BOM
D:\MAGIC\scripts\phase02\module_H\02H_trend_archive_to_feedback_layer_READY.py	UTF-8 BOM
D:\MAGIC\scripts\phase02\module_H\02H_trend_burnout_feedback_to_scribe_READY.py	UTF-8 BOM
D:\MAGIC\scripts\phase03\module_A\03A_blog_article_writer_READY.py	UTF-8 BOM
D:\MAGIC\scripts\phase03\module_A\03A_bullet_point_expander_READY.py	UTF-8 BOM
D:\MAGIC\scripts\phase03\module_A\03A_call_to_action_generator_READY.py	UTF-8 BOM
D:\MAGIC\scripts\phase03\module_A\03A_carousel_caption_writer_READY.py	UTF-8 BOM
D:\MAGIC\scripts\phase03\module_A\03A_cta_inserter_READY.py	UTF-8 BOM
D:\MAGIC\scripts\phase03\module_A\03A_hook_optimizer_READY.py	UTF-8 BOM
D:\MAGIC\scripts\phase03\module_A\03A_instagram_reel_script_generator_READY.py	UTF-8 BOM
D:\MAGIC\scripts\phase03\module_A\03A_longform_to_shortform_rewriter_READY.py	UTF-8 BOM
D:\MAGIC\scripts\phase03\module_A\03A_outline_generator_READY.py	UTF-8 BOM
D:\MAGIC\scripts\phase03\module_A\03A_persona_matching_engine_READY.py	UTF-8 BOM
D:\MAGIC\scripts\phase03\module_A\03A_platform_adaptive_rewriter_READY.py	UTF-8 BOM
D:\MAGIC\scripts\phase03\module_A\03A_repeat_view_encourager_READY.py	UTF-8 BOM
D:\MAGIC\scripts\phase03\module_A\03A_tiktok_hook_script_generator_READY.py	UTF-8 BOM
D:\MAGIC\scripts\phase03\module_A\03A_translation_localization_READY.py	UTF-8 BOM
D:\MAGIC\scripts\phase03\module_A\03A_trend_to_script_generator_READY.py	UTF-8 BOM
D:\MAGIC\scripts\phase03\module_A\03A_tweet_thread_writer_READY.py	UTF-8 BOM
D:\MAGIC\scripts\phase03\module_A\03A_urgency_enhancer_READY.py	UTF-8 BOM
D:\MAGIC\scripts\phase03\module_A\03A_viral_hook_generator_READY.py	UTF-8 BOM
D:\MAGIC\scripts\phase03\module_A\03A_youtube_script_generator_READY.py	UTF-8 BOM
D:\MAGIC\scripts\phase03\module_B\03B_formality_controller_READY.py	UTF-8 BOM
D:\MAGIC\scripts\phase03\module_B\03B_persona_voice_switcher_READY.py	UTF-8 BOM
D:\MAGIC\scripts\phase03\module_B\03B_platform_tone_adapter_READY.py	UTF-8 BOM
D:\MAGIC\scripts\phase03\module_B\03B_word_count_optimizer_READY.py	UTF-8 BOM
D:\MAGIC\scripts\phase03\module_C\03C_idea_expander_READY.py	UTF-8 BOM
D:\MAGIC\scripts\phase03\module_C\03C_outline_generator_READY.py	UTF-8 BOM
D:\MAGIC\scripts\phase03\module_C\03C_shortform_repurposer_READY.py	UTF-8 BOM
D:\MAGIC\scripts\phase03\module_D\03D_emotion_booster_READY.py	UTF-8 BOM
D:\MAGIC\scripts\phase03\module_D\03D_metaphor_analogy_inserter_READY.py	UTF-8 BOM
D:\MAGIC\scripts\phase03\module_D\03D_retention_enhancer_READY.py	UTF-8 BOM
D:\MAGIC\scripts\phase03\module_E\03E_cross__script_ranker_READY.py	UTF-8 BOM
D:\MAGIC\scripts\phase03\module_E\03E_feedback_rewriter_READY.py	UTF-8 BOM
D:\MAGIC\scripts\phase03\module_E\03E_prompt_improver_READY.py	UTF-8 BOM
D:\MAGIC\scripts\phase03\module_E\03E_title_roi_tuner_READY.py	UTF-8 BOM
D:\MAGIC\scripts\phase03\module_F\03F_save_to_local_cloud_READY.py	UTF-8 BOM
D:\MAGIC\scripts\phase03\module_F\03F_save_to_notion_READY.py	UTF-8 BOM
D:\MAGIC\scripts\phase03\module_F\03F_script_formatter_READY.py	UTF-8 BOM
D:\MAGIC\scripts\phase03\module_G\03G_formality_controller_READY.py	UTF-8 BOM
D:\MAGIC\scripts\phase03\module_G\03G_multi_language_translator_READY.py	UTF-8 BOM
D:\MAGIC\scripts\phase03\module_G\03G_persona_voice_switcher_READY.py	UTF-8 BOM
D:\MAGIC\scripts\phase03\module_G\03G_platform_adaptive_rewriter_READY.py	UTF-8 BOM
D:\MAGIC\scripts\phase03\module_G\03G_script_trimmer_READY.py	UTF-8 BOM
D:\MAGIC\scripts\phase03\module_H\03H_content_prompt_archiver_READY.py	UTF-8 BOM
D:\MAGIC\scripts\phase03\module_H\03H_content_uniqueness_checker_READY.py	UTF-8 BOM
D:\MAGIC\scripts\phase03\module_H\03H_generation_log_tracker_READY.py	UTF-8 BOM
D:\MAGIC\scripts\phase03\module_H\03H_human_review_toggle_READY.py	UTF-8 BOM
D:\MAGIC\scripts\phase03\module_H\03H_script_archive_index_READY.py	UTF-8 BOM
D:\MAGIC\scripts\phase03\module_I\03I_human_in_the_loop_approval_READY.py	UTF-8 BOM
D:\MAGIC\scripts\phase03\module_I\03I_prompt_caching_system_READY.py	UTF-8 BOM
D:\MAGIC\scripts\phase03\module_I\03I_scribe_controller_READY.py	UTF-8 BOM
D:\MAGIC\scripts\phase04\module_A\04A_anomaly_spike_timeline_READY.py	UTF-8 BOM
D:\MAGIC\scripts\phase04\module_A\04A_trending_roi_visualizer_READY.py	UTF-8 BOM
D:\MAGIC\scripts\phase04\module_A\04A_trend_data_dashboard_READY.py	UTF-8 BOM
D:\MAGIC\scripts\phase04\module_B\04B_affiliate_performance_panel_READY.py	UTF-8 BOM
D:\MAGIC\scripts\phase04\module_B\04B_a_b_test_engagement_graph_READY.py	UTF-8 BOM
D:\MAGIC\scripts\phase04\module_B\04B_content_metrics_dashboard_READY.py	UTF-8 BOM
D:\MAGIC\scripts\phase04\module_B\04B_conversion_funnel_view_READY.py	UTF-8 BOM
D:\MAGIC\scripts\phase04\module_B\04B_funnel_drop_off_visualizer_READY.py	UTF-8 BOM
D:\MAGIC\scripts\phase04\module_B\04B_lifecycle_heatmap_READY.py	UTF-8 BOM
D:\MAGIC\scripts\phase04\module_C\04C_api_quota_usage_chart_READY.py	UTF-8 BOM
D:\MAGIC\scripts\phase04\module_C\04C_budget_tracker_panel_READY.py	UTF-8 BOM
D:\MAGIC\scripts\phase04\module_C\04C_cost_per_output_breakdown_READY.py	UTF-8 BOM
D:\MAGIC\scripts\phase04\module_D\04D_execution_timeline_chart_READY.py	UTF-8 BOM
D:\MAGIC\scripts\phase04\module_D\04D_retry_execution_gantt_chart_READY.py	UTF-8 BOM
D:\MAGIC\scripts\phase04\module_D\04D_retry_queue_monitor_READY.py	UTF-8 BOM
D:\MAGIC\scripts\phase04\module_D\04D_system_status_panel_READY.py	UTF-8 BOM
D:\MAGIC\scripts\phase04\module_E\04E_human_override_toggles_READY.py	UTF-8 BOM
D:\MAGIC\scripts\phase04\module_E\04E_manual_content_editor_READY.py	UTF-8 BOM
D:\MAGIC\scripts\phase04\module_E\04E_script_preview_panel_READY.py	UTF-8 BOM
D:\MAGIC\scripts\phase04\module_E\04E_script_rescheduler_ui_READY.py	UTF-8 BOM
D:\MAGIC\scripts\phase05\module_A\05A_ai_voice_dubbing_translator_READY.py	UTF-8 BOM
D:\MAGIC\scripts\phase05\module_A\05A_audio_enhancer_cleaner_READY.py	UTF-8 BOM
D:\MAGIC\scripts\phase05\module_A\05A_breath_pause_cleaner_READY.py	UTF-8 BOM
D:\MAGIC\scripts\phase05\module_A\05A_dynamic_voice_variation_READY.py	UTF-8 BOM
D:\MAGIC\scripts\phase05\module_A\05A_elevenlabs_voiceover_generator_READY.py	UTF-8 BOM
D:\MAGIC\scripts\phase05\module_A\05A_emotion_detector_logger_READY.py	UTF-8 BOM
D:\MAGIC\scripts\phase05\module_A\05A_multilingual_voiceover_READY.py	UTF-8 BOM
D:\MAGIC\scripts\phase05\module_A\05A_script_to_voiceover_READY.py	UTF-8 BOM
D:\MAGIC\scripts\phase05\module_A\05A_voiceover_sync_logger_READY.py	UTF-8 BOM
D:\MAGIC\scripts\phase05\module_A\05A_voice_style_matcher_READY.py	UTF-8 BOM
D:\MAGIC\scripts\phase05\module_A\05A_voice_tone_emotion_controller_READY.py	UTF-8 BOM
D:\MAGIC\scripts\phase05\module_B\05B_ai_scene_generator_READY.py	UTF-8 BOM
D:\MAGIC\scripts\phase05\module_B\05B_ai_scene_transition_engine_READY.py	UTF-8 BOM
D:\MAGIC\scripts\phase05\module_B\05B_aspect_ratio_corrector_READY.py	UTF-8 BOM
D:\MAGIC\scripts\phase05\module_B\05B_background_music_layer_READY.py	UTF-8 BOM
D:\MAGIC\scripts\phase05\module_B\05B_b_roll_injector_READY.py	UTF-8 BOM
D:\MAGIC\scripts\phase05\module_B\05B_emotion_sync_marker_READY.py	UTF-8 BOM
D:\MAGIC\scripts\phase05\module_B\05B_multi_format_exporter_READY.py	UTF-8 BOM
D:\MAGIC\scripts\phase05\module_B\05B_scene_mapper_from_script_READY.py	UTF-8 BOM
D:\MAGIC\scripts\phase05\module_B\05B_script_driven_video_editor_READY.py	UTF-8 BOM
D:\MAGIC\scripts\phase05\module_B\05B_script_to_storyboard_READY.py	UTF-8 BOM
D:\MAGIC\scripts\phase05\module_B\05B_video_cropper_by_platform_READY.py	UTF-8 BOM
D:\MAGIC\scripts\phase05\module_B\05B_voice_video_stitcher_READY.py	UTF-8 BOM
D:\MAGIC\scripts\phase05\module_C\05C_accessibility_metadata_READY.py	UTF-8 BOM
D:\MAGIC\scripts\phase05\module_C\05C_brand_visual_style_enforcer_READY.py	UTF-8 BOM
D:\MAGIC\scripts\phase05\module_C\05C_caption_subtitle_generator_READY.py	UTF-8 BOM
D:\MAGIC\scripts\phase05\module_C\05C_dynamic_text_overlay_generator_READY.py	UTF-8 BOM
D:\MAGIC\scripts\phase05\module_C\05C_hero_blog_image_generator_READY.py	UTF-8 BOM
D:\MAGIC\scripts\phase05\module_C\05C_inline_blog_visuals_READY.py	UTF-8 BOM
D:\MAGIC\scripts\phase05\module_C\05C_intro_outro_auto_adder_READY.py	UTF-8 BOM
D:\MAGIC\scripts\phase05\module_C\05C_thumbnail_generator_READY.py	UTF-8 BOM
D:\MAGIC\scripts\phase05\module_D\05D_auto_caption_embedder_READY.py	UTF-8 BOM
D:\MAGIC\scripts\phase05\module_D\05D_blog_script_to_infographic_READY.py	UTF-8 BOM
D:\MAGIC\scripts\phase05\module_D\05D_blog_to_video_ready_builder_READY.py	UTF-8 BOM
D:\MAGIC\scripts\phase05\module_D\05D_branded_overlay_adder_READY.py	UTF-8 BOM
D:\MAGIC\scripts\phase05\module_D\05D_carousel_creator_READY.py	UTF-8 BOM
D:\MAGIC\scripts\phase05\module_D\05D_formal_casual_gen_z_rewriter_READY.py	UTF-8 BOM
D:\MAGIC\scripts\phase05\module_D\05D_highlight_to_short_extractor_READY.py	UTF-8 BOM
D:\MAGIC\scripts\phase05\module_D\05D_pacing_and_cut_optimizer_READY.py	UTF-8 BOM
D:\MAGIC\scripts\phase05\module_D\05D_repurpose_engine_READY.py	UTF-8 BOM
D:\MAGIC\scripts\phase05\module_D\05D_tweet_thread_generator_READY.py	UTF-8 BOM
D:\MAGIC\scripts\phase05\module_D\05D_video_to_blog_converter_READY.py	UTF-8 BOM
D:\MAGIC\scripts\phase05\module_D\05D_voice_image_syncer_READY.py	UTF-8 BOM
D:\MAGIC\scripts\phase05\module_E\05E_final_video_renderer_READY.py	UTF-8 BOM
D:\MAGIC\scripts\phase05\module_E\05E_output_quality_checker_READY.py	UTF-8 BOM
D:\MAGIC\scripts\phase05\module_E\05E_pre_publish_review_panel_READY.py	UTF-8 BOM
D:\MAGIC\scripts\phase05\module_E\05E_render_status_tracker_READY.py	UTF-8 BOM
D:\MAGIC\scripts\phase05\module_F\05F_hook_variants_generator_READY.py	UTF-8 BOM
D:\MAGIC\scripts\phase05\module_F\05F_multi_format_video_exporter_READY.py	UTF-8 BOM
D:\MAGIC\scripts\phase05\module_F\05F_script_reuse_suggester_READY.py	UTF-8 BOM
D:\MAGIC\scripts\phase05\module_G\05G_final_storage_router_READY.py	UTF-8 BOM
D:\MAGIC\scripts\phase06\module_A\06A_tiktok_upload_automator_READY.py	UTF-8 BOM
D:\MAGIC\scripts\phase06\module_A\06A_youtube_auto_publisher_READY.py	UTF-8 BOM
D:\MAGIC\scripts\phase06\module_B\06B_time_zone_adjuster_READY.py	UTF-8 BOM
D:\MAGIC\scripts\phase06\module_C\06C_caption_split_tester_READY.py	UTF-8 BOM
D:\MAGIC\scripts\phase06\module_C\06C_hashtag_split_tester_READY.py	UTF-8 BOM
D:\MAGIC\scripts\phase06\module_C\06C_thumbnail_variant_analyzer_READY.py	UTF-8 BOM
D:\MAGIC\scripts\phase06\module_D\06D_auto_delay_retry_handler_READY.py	UTF-8 BOM
D:\MAGIC\scripts\phase06\module_E\06E_analytics_ping_logger_READY.py	UTF-8 BOM
D:\MAGIC\scripts\phase06\module_E\06E_failed_upload_notifier_READY.py	UTF-8 BOM
D:\MAGIC\scripts\phase06\module_E\06E_publish_log_cleaner_READY.py	UTF-8 BOM
D:\MAGIC\scripts\phase06\module_E\06E_upload_status_monitor_READY.py	UTF-8 BOM
D:\MAGIC\scripts\phase06\module_F\06F_dry_run_uploader_no_post_mode__READY.py	UTF-8 BOM
D:\MAGIC\scripts\phase06\module_F\06F_publish_debug_logger_READY.py	UTF-8 BOM
D:\MAGIC\scripts\phase06\module_F\06F_safe_mode_toggle_READY.py	UTF-8 BOM
D:\MAGIC\scripts\phase06\module_G\06G_export_analytics_to_google_sheets_READY.py	UTF-8 BOM
D:\MAGIC\scripts\phase06\module_G\06G_kpi_metrics_dashboard_generator_READY.py	UTF-8 BOM
D:\MAGIC\scripts\phase06\module_G\06G_weekly_report_emailer_READY.py	UTF-8 BOM
D:\MAGIC\scripts\phase06\module_H\06H_last_successful_upload_marker_READY.py	UTF-8 BOM
D:\MAGIC\scripts\phase06\module_H\06H_post_log_syncer_READY.py	UTF-8 BOM
D:\MAGIC\scripts\phase06\module_H\06H_upload_backup_archiver_READY.py	UTF-8 BOM
D:\MAGIC\scripts\phase06\module_I\06I_human_oversight_trigger_READY.py	UTF-8 BOM
D:\MAGIC\scripts\phase06\module_I\06I_upload_audit_logger_READY.py	UTF-8 BOM
D:\MAGIC\scripts\phase06\module_J\06J_ada_compliance_validator_READY.py	UTF-8 BOM
D:\MAGIC\scripts\phase06\module_J\06J_caption_translator_READY.py	UTF-8 BOM
D:\MAGIC\scripts\phase06\module_K\06K_real_time_spike_detector_READY.py	UTF-8 BOM
D:\MAGIC\scripts\phase06\module_K\06K_viewer_retention_analyzer_READY.py	UTF-8 BOM
D:\MAGIC\scripts\phase06\module_L\06L_analytics_pull_sync_READY.py	UTF-8 BOM
D:\MAGIC\scripts\phase06\module_L\06L_upload_cost_logger_READY.py	UTF-8 BOM
D:\MAGIC\scripts\phase06\module_M\06M_auto_recover_publish_job_READY.py	UTF-8 BOM
D:\MAGIC\scripts\phase06\module_M\06M_crash_detector_logger_READY.py	UTF-8 BOM
D:\MAGIC\scripts\phase06\module_N\06N_notion_performance_sync_READY.py	UTF-8 BOM
D:\MAGIC\scripts\phase06\module_N\06N_publish_event_logger_to_notion_READY.py	UTF-8 BOM
D:\MAGIC\scripts\phase06\module_O\06O_incoming_webhook_handler_READY.py	UTF-8 BOM
D:\MAGIC\scripts\phase06\module_O\06O_zapier_make_integration_bridge_READY.py	UTF-8 BOM
D:\MAGIC\scripts\phase06\module_P\06P_command_line_publisher_READY.py	UTF-8 BOM
D:\MAGIC\scripts\phase06\module_P\06P_core_orchestration_engine_READY.py	UTF-8 BOM
D:\MAGIC\scripts\phase06\module_Q\06Q_auto_summary_of_each_post_READY.py	UTF-8 BOM
D:\MAGIC\scripts\phase06\module_Q\06Q_ctr_engagement_summary_report_READY.py	UTF-8 BOM
D:\MAGIC\scripts\phase06\module_R\06R_content_policy_compliance_checker_READY.py	UTF-8 BOM
D:\MAGIC\scripts\phase06\module_R\06R_load_platform_specific_constraints_READY.py	UTF-8 BOM
D:\MAGIC\scripts\phase06\module_S\06S_ai_based_best_time_predictor_READY.py	UTF-8 BOM
D:\MAGIC\scripts\phase06\module_S\06S_virality_score_forecaster_READY.py	UTF-8 BOM
D:\MAGIC\scripts\phase06\module_T\06T_role_based_publishing_permissions_READY.py	UTF-8 BOM
D:\MAGIC\scripts\phase06\module_T\06T_team_approval_queue_engine_READY.py	UTF-8 BOM
D:\MAGIC\scripts\phase06\module_U\06U_auto_boost_to_fb_ig_via_ads_api_READY.py	UTF-8 BOM
D:\MAGIC\scripts\phase06\module_U\06U_promotion_cost_optimizer_READY.py	UTF-8 BOM
D:\MAGIC\scripts\phase06\module_V\06V_affiliate_revenue_tracker_READY.py	UTF-8 BOM
D:\MAGIC\scripts\phase06\module_V\06V_post_roi_analyzer_READY.py	UTF-8 BOM
D:\MAGIC\scripts\phase06\module_W\06W_global_emergency_stop_trigger_READY.py	UTF-8 BOM
D:\MAGIC\scripts\phase06\module_W\06W_manual_force_post_toggle_READY.py	UTF-8 BOM
D:\MAGIC\scripts\phase06\module_X\06X_auto_disclosure_caption_appender_READY.py	UTF-8 BOM
D:\MAGIC\scripts\phase06\module_X\06X_copyright_check_engine_READY.py	UTF-8 BOM
D:\MAGIC\scripts\phase06\module_Y\06Y_sync_publish_configs_to_json_READY.py	UTF-8 BOM
D:\MAGIC\scripts\phase06\module_Y\06Y_upload_to_cloud_backup_READY.py	UTF-8 BOM
D:\MAGIC\scripts\phase06\module_Z\06Z_profit_forecast_model_READY.py	UTF-8 BOM
D:\MAGIC\scripts\phase06\module_Z\06Z_revenue_breakdown_by_platform_READY.py	UTF-8 BOM
D:\MAGIC\scripts\phase07\module_A\07A_comment_alert_trigger_READY.py	UTF-8 BOM
D:\MAGIC\scripts\phase07\module_A\07A_comment_sentiment_tracker_READY.py	UTF-8 BOM
D:\MAGIC\scripts\phase07\module_A\07A_faq_extractor_from_comments_READY.py	UTF-8 BOM
D:\MAGIC\scripts\phase07\module_B\07B_auto_dm_responder_READY.py	UTF-8 BOM
D:\MAGIC\scripts\phase07\module_B\07B_loyalty_score_engine_READY.py	UTF-8 BOM
D:\MAGIC\scripts\phase07\module_B\07B_warm_lead_tagger_READY.py	UTF-8 BOM
D:\MAGIC\scripts\phase07\module_C\07C_giveaway_trigger_bot_READY.py	UTF-8 BOM
D:\MAGIC\scripts\phase07\module_C\07C_loyalty_badge_distributor_READY.py	UTF-8 BOM
D:\MAGIC\scripts\phase07\module_C\07C_milestone_celebration_trigger_READY.py	UTF-8 BOM
D:\MAGIC\scripts\phase08\module_A\08A_a_b_roi_testing_monitor_READY.py	UTF-8 BOM
D:\MAGIC\scripts\phase08\module_A\08A_content_analytics_dashboard_READY.py	UTF-8 BOM
D:\MAGIC\scripts\phase08\module_A\08A_performance_decay_detector_READY.py	UTF-8 BOM
D:\MAGIC\scripts\phase08\module_AA\08AA_interactive_insight_explorer_ui__READY.py	UTF-8 BOM
D:\MAGIC\scripts\phase08\module_AA\08AA_prompt_to_insight_engine_READY.py	UTF-8 BOM
D:\MAGIC\scripts\phase08\module_AA\08AA_visualization_overlay_for_scribe_nexus_READY.py	UTF-8 BOM
D:\MAGIC\scripts\phase08\module_AB\08AB_ethics_scoring_for_feedback_driven_actions_READY.py	UTF-8 BOM
D:\MAGIC\scripts\phase08\module_AB\08AB_feedback_hallucination_validator_READY.py	UTF-8 BOM
D:\MAGIC\scripts\phase08\module_AB\08AB_sentiment_bias_scanner_READY.py	UTF-8 BOM
D:\MAGIC\scripts\phase08\module_B\08B_dropoff_heatmap_visualizer_READY.py	UTF-8 BOM
D:\MAGIC\scripts\phase08\module_B\08B_sentiment_scoring_engine_READY.py	UTF-8 BOM
D:\MAGIC\scripts\phase08\module_B\08B_user_reaction_scraper_READY.py	UTF-8 BOM
D:\MAGIC\scripts\phase08\module_C\08C_affiliate_click_tracker_READY.py	UTF-8 BOM
D:\MAGIC\scripts\phase08\module_C\08C_attribution_scoring_model_READY.py	UTF-8 BOM
D:\MAGIC\scripts\phase08\module_C\08C_traffic_source_breakdown_READY.py	UTF-8 BOM
D:\MAGIC\scripts\phase08\module_D\08D_audience_insights_module_READY.py	UTF-8 BOM
D:\MAGIC\scripts\phase08\module_D\08D_funnel_dropout_analyzer_READY.py	UTF-8 BOM
D:\MAGIC\scripts\phase08\module_D\08D_retention_cohort_builder_READY.py	UTF-8 BOM
D:\MAGIC\scripts\phase08\module_E\08E_ai_learning_updater_READY.py	UTF-8 BOM
D:\MAGIC\scripts\phase08\module_E\08E_alert_trigger_to_orchestrator_READY.py	UTF-8 BOM
D:\MAGIC\scripts\phase08\module_E\08E_feedback_loop_controller_READY.py	UTF-8 BOM
D:\MAGIC\scripts\phase08\module_F\08F_multivariate_testing_manager_READY.py	UTF-8 BOM
D:\MAGIC\scripts\phase08\module_F\08F_statistical_significance_analyzer_READY.py	UTF-8 BOM
D:\MAGIC\scripts\phase08\module_F\08F_variant_experiment_queue_READY.py	UTF-8 BOM
D:\MAGIC\scripts\phase08\module_G\08G_export_to_notion_workspace_READY.py	UTF-8 BOM
D:\MAGIC\scripts\phase08\module_G\08G_sync_reports_to_google_sheets_READY.py	UTF-8 BOM
D:\MAGIC\scripts\phase08\module_G\08G_weekly_convertkit_email_sync_READY.py	UTF-8 BOM
D:\MAGIC\scripts\phase08\module_H\08H_content_version_comparator_READY.py	UTF-8 BOM
D:\MAGIC\scripts\phase08\module_H\08H_historical_trend_archive_READY.py	UTF-8 BOM
D:\MAGIC\scripts\phase08\module_H\08H_week_on_week_performance_delta_READY.py	UTF-8 BOM
D:\MAGIC\scripts\phase08\module_I\08I_decline_warning_trigger_READY.py	UTF-8 BOM
D:\MAGIC\scripts\phase08\module_I\08I_metric_spike_alerting_system_READY.py	UTF-8 BOM
D:\MAGIC\scripts\phase08\module_I\08I_slack_discord_bot_reporter_READY.py	UTF-8 BOM
D:\MAGIC\scripts\phase08\module_J\08J_ai_model_reward_tuner_READY.py	UTF-8 BOM
D:\MAGIC\scripts\phase08\module_J\08J_audience_clustering_updater_READY.py	UTF-8 BOM
D:\MAGIC\scripts\phase08\module_J\08J_content_recipe_optimizer_READY.py	UTF-8 BOM
D:\MAGIC\scripts\phase08\module_K\08K_post_performance_forecaster_READY.py	UTF-8 BOM
D:\MAGIC\scripts\phase08\module_K\08K_seasonal_pattern_detector_READY.py	UTF-8 BOM
D:\MAGIC\scripts\phase08\module_K\08K_viral_trend_lifespan_predictor_READY.py	UTF-8 BOM
D:\MAGIC\scripts\phase08\module_L\08L_push_thumbnail_insights_to_prism_READY.py	UTF-8 BOM
D:\MAGIC\scripts\phase08\module_L\08L_recommend_posting_time_updates_READY.py	UTF-8 BOM
D:\MAGIC\scripts\phase08\module_L\08L_update_scribe_generation_prompts_READY.py	UTF-8 BOM
D:\MAGIC\scripts\phase08\module_M\08M_auto_suggest_titles_from_seo_READY.py	UTF-8 BOM
D:\MAGIC\scripts\phase08\module_M\08M_ctr_drop_keyword_alert_system_READY.py	UTF-8 BOM
D:\MAGIC\scripts\phase08\module_M\08M_high_converting_keyword_ranker_READY.py	UTF-8 BOM
D:\MAGIC\scripts\phase08\module_N\08N_instagram_analytics_sync_READY.py	UTF-8 BOM
D:\MAGIC\scripts\phase08\module_N\08N_tiktok_insights_importer_READY.py	UTF-8 BOM
D:\MAGIC\scripts\phase08\module_N\08N_youtube_api_feedback_processor_READY.py	UTF-8 BOM
D:\MAGIC\scripts\phase08\module_O\08O_attribution_override_ai_agent_READY.py	UTF-8 BOM
D:\MAGIC\scripts\phase08\module_O\08O_profitability_per_content_type_READY.py	UTF-8 BOM
D:\MAGIC\scripts\phase08\module_P\08P_feedback_linked_fine_tuning_triggers_READY.py	UTF-8 BOM
D:\MAGIC\scripts\phase08\module_P\08P_tag_high_performance_traits_to_agent_db_READY.py	UTF-8 BOM
D:\MAGIC\scripts\phase08\module_P\08P_update_agent_memory_embeddings_READY.py	UTF-8 BOM
D:\MAGIC\scripts\phase08\module_Q\08Q_ga4_integration_READY.py	UTF-8 BOM
D:\MAGIC\scripts\phase08\module_Q\08Q_hotjar_crazyegg_integration_READY.py	UTF-8 BOM
D:\MAGIC\scripts\phase08\module_Q\08Q_youtube_studio_scrape_fallback_READY.py	UTF-8 BOM
D:\MAGIC\scripts\phase08\module_R\08R_daily_insight_generator_READY.py	UTF-8 BOM
D:\MAGIC\scripts\phase08\module_R\08R_monthly_audit_summary_plan_trigger_READY.py	UTF-8 BOM
D:\MAGIC\scripts\phase08\module_R\08R_weekly_analytics_review_pack_READY.py	UTF-8 BOM
D:\MAGIC\scripts\phase08\module_S\08S_low_performance_content_autopsy_READY.py	UTF-8 BOM
D:\MAGIC\scripts\phase08\module_S\08S_rewrite_triggers_based_on_decay_patterns_READY.py	UTF-8 BOM
D:\MAGIC\scripts\phase08\module_S\08S_strategic_republish_recommender_READY.py	UTF-8 BOM
D:\MAGIC\scripts\phase08\module_T\08T_budget_reallocation_engine_READY.py	UTF-8 BOM
D:\MAGIC\scripts\phase08\module_T\08T_cross_platform_format_effectiveness_map_READY.py	UTF-8 BOM
D:\MAGIC\scripts\phase08\module_T\08T_platform_priority_adjuster_READY.py	UTF-8 BOM
D:\MAGIC\scripts\phase08\module_U\08U_insight_to_action_mapping_agent_READY.py	UTF-8 BOM
D:\MAGIC\scripts\phase08\module_U\08U_narrative_summary_generator_READY.py	UTF-8 BOM
D:\MAGIC\scripts\phase08\module_U\08U_slide_deck_auto_creator_READY.py	UTF-8 BOM
D:\MAGIC\scripts\phase08\module_V\08V_evergreen_content_identifier_READY.py	UTF-8 BOM
D:\MAGIC\scripts\phase08\module_V\08V_topic_fatigue_predictor_READY.py	UTF-8 BOM
D:\MAGIC\scripts\phase08\module_V\08V_viral_pattern_recognizer_READY.py	UTF-8 BOM
D:\MAGIC\scripts\phase08\module_W\08W_legal_compliance_risk_monitor_READY.py	UTF-8 BOM
D:\MAGIC\scripts\phase08\module_W\08W_revenue_anomaly_detector_READY.py	UTF-8 BOM
D:\MAGIC\scripts\phase08\module_W\08W_traffic_spike_validation_layer_READY.py	UTF-8 BOM
D:\MAGIC\scripts\phase08\module_X\08X_inventory_based_strategy_adjuster_READY.py	UTF-8 BOM
D:\MAGIC\scripts\phase08\module_X\08X_rpm_forecasting_model_READY.py	UTF-8 BOM
D:\MAGIC\scripts\phase08\module_X\08X_week_ahead_content_planner_READY.py	UTF-8 BOM
D:\MAGIC\scripts\phase08\module_Y\08Y_agent_knowledge_updater_READY.py	UTF-8 BOM
D:\MAGIC\scripts\phase08\module_Y\08Y_agent_performance_scoring_system_READY.py	UTF-8 BOM
D:\MAGIC\scripts\phase08\module_Y\08Y_auto_deprecate_outdated_agent_logic_READY.py	UTF-8 BOM
D:\MAGIC\scripts\phase08\module_Z\08Z_analytics_memory_reweighter_READY.py	UTF-8 BOM
D:\MAGIC\scripts\phase08\module_Z\08Z_insight_memory_compactor_READY.py	UTF-8 BOM
D:\MAGIC\scripts\phase08\module_Z\08Z_lifespan_tracking_engine_READY.py	UTF-8 BOM
D:\MAGIC\scripts\phase09\module_A\09A_async_scheduling_engine_READY.py	UTF-8 BOM
D:\MAGIC\scripts\phase09\module_A\09A_central_script_orchestrator_READY.py	UTF-8 BOM
D:\MAGIC\scripts\phase09\module_A\09A_execution_timeline_visualizer_READY.py	UTF-8 BOM
D:\MAGIC\scripts\phase09\module_A\09A_human_approval_toggles_READY.py	UTF-8 BOM
D:\MAGIC\scripts\phase09\module_B\09B_api_quota_guard_READY.py	UTF-8 BOM
D:\MAGIC\scripts\phase09\module_B\09B_budget_enforcement_system_READY.py	UTF-8 BOM
D:\MAGIC\scripts\phase09\module_B\09B_daily_weekly_cost_cap_enforcer_READY.py	UTF-8 BOM
D:\MAGIC\scripts\phase09\module_B\09B_rate_limiting_adapter_READY.py	UTF-8 BOM
D:\MAGIC\scripts\phase09\module_B\09B_rolling_cost_caps_READY.py	UTF-8 BOM
D:\MAGIC\scripts\phase09\module_C\09C_brand_consistency_enforcer_READY.py	UTF-8 BOM
D:\MAGIC\scripts\phase09\module_C\09C_compliance_audit_dashboard_READY.py	UTF-8 BOM
D:\MAGIC\scripts\phase09\module_C\09C_policy_monitoring_system_READY.py	UTF-8 BOM
D:\MAGIC\scripts\phase09\module_C\09C_privacy_compliance_scanner_READY.py	UTF-8 BOM
D:\MAGIC\scripts\phase09\module_D\09D_central_logging_alert_hub_READY.py	UTF-8 BOM
D:\MAGIC\scripts\phase09\module_D\09D_daily_health_check_bot_READY.py	UTF-8 BOM
D:\MAGIC\scripts\phase09\module_D\09D_process_crash_detection_READY.py	UTF-8 BOM
D:\MAGIC\scripts\phase09\module_D\09D_retry_logic_failure_recovery_READY.py	UTF-8 BOM
D:\MAGIC\scripts\phase09\module_D\09D_versioned_logs_for_debugging_READY.py	UTF-8 BOM
D:\MAGIC\scripts\phase09\module_E\09E_central_credential_vault_READY.py	UTF-8 BOM
D:\MAGIC\scripts\phase09\module_E\09E_cloud_storage_lifecycle_manager_READY.py	UTF-8 BOM
D:\MAGIC\scripts\phase09\module_E\09E_infra_health_monitoring_READY.py	UTF-8 BOM
D:\MAGIC\scripts\phase09\module_E\09E_load_balancing_manager_READY.py	UTF-8 BOM
D:\MAGIC\scripts\phase09\module_E\09E_version_control_locking_READY.py	UTF-8 BOM
D:\MAGIC\scripts\phase09\module_F\09F_api_fallback_handling_READY.py	UTF-8 BOM
D:\MAGIC\scripts\phase09\module_F\09F_backup_generation_strategy_READY.py	UTF-8 BOM
D:\MAGIC\scripts\phase09\module_F\09F_redundant_script_paths_READY.py	UTF-8 BOM
D:\MAGIC\scripts\phase09\module_G\09G_consent_logging_system_READY.py	UTF-8 BOM
D:\MAGIC\scripts\phase09\module_G\09G_execution_permissions_manager_READY.py	UTF-8 BOM
D:\MAGIC\scripts\phase09\module_G\09G_human_oversight_dashboard_READY.py	UTF-8 BOM
D:\MAGIC\scripts\phase09\module_H\09H_ai_ethics_guardrails_READY.py	UTF-8 BOM
D:\MAGIC\scripts\phase09\module_H\09H_critical_failure_kill_switch_READY.py	UTF-8 BOM
D:\MAGIC\scripts\phase09\module_H\09H_post_execution_validation_READY.py	UTF-8 BOM
D:\MAGIC\scripts\phase09\module_I\09I_api_gateway_access_handler_READY.py	UTF-8 BOM
D:\MAGIC\scripts\phase09\module_I\09I_remote_trigger_listener_READY.py	UTF-8 BOM
D:\MAGIC\scripts\phase09\module_I\09I_slack_discord_notifications_READY.py	UTF-8 BOM
D:\MAGIC\scripts\phase09\module_J\09J_ai_self_check_summary_generator_READY.py	UTF-8 BOM
D:\MAGIC\scripts\phase09\module_J\09J_autonomous_mode_toggle_READY.py	UTF-8 BOM
D:\MAGIC\scripts\phase09\module_J\09J_dynamic_decision_engine_READY.py	UTF-8 BOM
D:\MAGIC\scripts\phase09\module_K\09K_cron_time_trigger_support_READY.py	UTF-8 BOM
D:\MAGIC\scripts\phase09\module_K\09K_quiet_hours_enforcement_READY.py	UTF-8 BOM
D:\MAGIC\scripts\phase09\module_K\09K_run_history_analytics_READY.py	UTF-8 BOM
D:\MAGIC\scripts\phase1\module_A\1A_placeholder_READY.py	UTF-8 BOM
D:\MAGIC\scripts\phase1\module_B\1B_placeholder_READY.py	UTF-8 BOM
D:\MAGIC\scripts\phase1\module_C\1C_placeholder_READY.py	UTF-8 BOM
D:\MAGIC\scripts\phase1\module_D\1D_placeholder_READY.py	UTF-8 BOM
D:\MAGIC\scripts\phase1\module_E\1E_placeholder_READY.py	UTF-8 BOM
D:\MAGIC\scripts\phase1\module_F\1F_placeholder_READY.py	UTF-8 BOM
D:\MAGIC\scripts\phase1\module_G\1G_placeholder_READY.py	UTF-8 BOM
D:\MAGIC\scripts\phase1\module_H\1H_placeholder_READY.py	UTF-8 BOM
D:\MAGIC\scripts\phase1\module_I\1I_placeholder_READY.py	UTF-8 BOM
D:\MAGIC\scripts\phase1\module_J\1J_placeholder_READY.py	UTF-8 BOM
D:\MAGIC\scripts\phase1\module_K\1K_placeholder_READY.py	UTF-8 BOM
D:\MAGIC\scripts\phase1\module_L\1L_placeholder_READY.py	UTF-8 BOM
D:\MAGIC\scripts\phase1\module_M\1M_placeholder_READY.py	UTF-8 BOM
D:\MAGIC\scripts\phase1\module_N\1N_placeholder_READY.py	UTF-8 BOM
D:\MAGIC\scripts\phase1\module_O\1O_placeholder_READY.py	UTF-8 BOM
D:\MAGIC\scripts\phase1\module_P\1P_placeholder_READY.py	UTF-8 BOM
D:\MAGIC\scripts\phase1\module_Q\1Q_placeholder_READY.py	UTF-8 BOM
D:\MAGIC\scripts\phase1\module_R\1R_placeholder_READY.py	UTF-8 BOM
D:\MAGIC\scripts\phase1\module_S\1S_placeholder_READY.py	UTF-8 BOM
D:\MAGIC\scripts\phase1\module_T\1T_placeholder_READY.py	UTF-8 BOM
D:\MAGIC\scripts\phase1\module_U\1U_placeholder_READY.py	UTF-8 BOM
D:\MAGIC\scripts\phase1\module_V\1V_placeholder_READY.py	UTF-8 BOM
D:\MAGIC\scripts\phase1\module_W\1W_placeholder_READY.py	UTF-8 BOM
D:\MAGIC\scripts\phase1\module_X\1X_placeholder_READY.py	UTF-8 BOM
D:\MAGIC\scripts\phase1\module_Y\1Y_placeholder_READY.py	UTF-8 BOM
D:\MAGIC\scripts\phase1\module_Z\1Z_placeholder_READY.py	UTF-8 BOM
D:\MAGIC\scripts\phase10\phase10_seo_keywords_READY.py	UTF-8 BOM
D:\MAGIC\scripts\phase10\module_A\10A_placeholder_READY.py	UTF-8 BOM
D:\MAGIC\scripts\phase10\module_A\10A_schema_opengraph_inserter_READY.py	UTF-8 BOM
D:\MAGIC\scripts\phase10\module_A\10A_seo_keyword_engine_READY.py	UTF-8 BOM
D:\MAGIC\scripts\phase10\module_A\10A_title_meta_writer_READY.py	UTF-8 BOM
D:\MAGIC\scripts\phase10\module_B\10B_blog_formatter_publisher_READY.py	UTF-8 BOM
D:\MAGIC\scripts\phase10\module_B\10B_evergreen_vs_trending_split_READY.py	UTF-8 BOM
D:\MAGIC\scripts\phase10\module_B\10B_placeholder_READY.py	UTF-8 BOM
D:\MAGIC\scripts\phase10\module_B\10B_rss_medium_syndicator_READY.py	UTF-8 BOM
D:\MAGIC\scripts\phase10\module_C\10C_backlink_outreach_manager_READY.py	UTF-8 BOM
D:\MAGIC\scripts\phase10\module_C\10C_backlink_tracker_READY.py	UTF-8 BOM
D:\MAGIC\scripts\phase10\module_C\10C_placeholder_READY.py	UTF-8 BOM
D:\MAGIC\scripts\phase10\module_D\10D_google_search_console_bridge_READY.py	UTF-8 BOM
D:\MAGIC\scripts\phase10\module_D\10D_placeholder_READY.py	UTF-8 BOM
D:\MAGIC\scripts\phase10\module_D\10D_seo_audit_reporter_READY.py	UTF-8 BOM
D:\MAGIC\scripts\phase10\module_D\10D_serp_monitor_READY.py	UTF-8 BOM
D:\MAGIC\scripts\phase10\module_D\10D_utm_tag_builder_READY.py	UTF-8 BOM
D:\MAGIC\scripts\phase10\module_E\10E_ad_budget_enforcer_READY.py	UTF-8 BOM
D:\MAGIC\scripts\phase10\module_E\10E_ad_strategy_simulator_READY.py	UTF-8 BOM
D:\MAGIC\scripts\phase10\module_E\10E_paid_traffic_tester_READY.py	UTF-8 BOM
D:\MAGIC\scripts\phase10\module_E\10E_placeholder_READY.py	UTF-8 BOM
D:\MAGIC\scripts\phase10\module_E\10E_ppc_roi_calculator_READY.py	UTF-8 BOM
D:\MAGIC\scripts\phase10\module_F\10F_cross_channel_synergy_engine_READY.py	UTF-8 BOM
D:\MAGIC\scripts\phase10\module_F\10F_multilingual_seo_optimizer_READY.py	UTF-8 BOM
D:\MAGIC\scripts\phase10\module_F\10F_placeholder_READY.py	UTF-8 BOM
D:\MAGIC\scripts\phase10\module_F\10F_traffic_source_mixer_READY.py	UTF-8 BOM
D:\MAGIC\scripts\phase10\module_F\10F_traffic_trend_visualizer_READY.py	UTF-8 BOM
D:\MAGIC\scripts\phase10\module_G\10G_pinterest_auto_pinner_READY.py	UTF-8 BOM
D:\MAGIC\scripts\phase10\module_G\10G_placeholder_READY.py	UTF-8 BOM
D:\MAGIC\scripts\phase10\module_G\10G_youtube_chapter_inserter_READY.py	UTF-8 BOM
D:\MAGIC\scripts\phase10\module_H\10H_competitor_content_mapper_READY.py	UTF-8 BOM
D:\MAGIC\scripts\phase10\module_H\10H_competitor_keyword_analyzer_READY.py	UTF-8 BOM
D:\MAGIC\scripts\phase10\module_H\10H_placeholder_READY.py	UTF-8 BOM
D:\MAGIC\scripts\phase10\module_I\10I_indexation_simulator_READY.py	UTF-8 BOM
D:\MAGIC\scripts\phase10\module_I\10I_placeholder_READY.py	UTF-8 BOM
D:\MAGIC\scripts\phase10\module_I\10I_seo_a_b_tester_READY.py	UTF-8 BOM
D:\MAGIC\scripts\phase10\module_I\10I_seo_click_heatmap_builder_READY.py	UTF-8 BOM
D:\MAGIC\scripts\phase10\module_J\10J_comment_sentiment_analyzer_READY.py	UTF-8 BOM
D:\MAGIC\scripts\phase10\module_J\10J_placeholder_READY.py	UTF-8 BOM
D:\MAGIC\scripts\phase10\module_J\10J_reddit_twitter_hashtag_inserter_READY.py	UTF-8 BOM
D:\MAGIC\scripts\phase10\module_J\10J_social_engagement_seo_booster_READY.py	UTF-8 BOM
D:\MAGIC\scripts\phase10\module_K\10K_auto_scheduler_for_seo_posts_READY.py	UTF-8 BOM
D:\MAGIC\scripts\phase10\module_K\10K_bulk_seo_deployment_tool_READY.py	UTF-8 BOM
D:\MAGIC\scripts\phase10\module_K\10K_placeholder_READY.py	UTF-8 BOM
D:\MAGIC\scripts\phase10\module_K\10K_scalable_url_generator_READY.py	UTF-8 BOM
D:\MAGIC\scripts\phase10\module_L\10L_historical_seo_tracker_READY.py	UTF-8 BOM
D:\MAGIC\scripts\phase10\module_L\10L_placeholder_READY.py	UTF-8 BOM
D:\MAGIC\scripts\phase10\module_L\10L_platform_roi_comparer_READY.py	UTF-8 BOM
D:\MAGIC\scripts\phase10\module_L\10L_seo_forecast_engine_READY.py	UTF-8 BOM
D:\MAGIC\scripts\phase10\module_M\10M_ai_content_improver_READY.py	UTF-8 BOM
D:\MAGIC\scripts\phase10\module_M\10M_llm_powered_snippet_generator_READY.py	UTF-8 BOM
D:\MAGIC\scripts\phase10\module_M\10M_multilingual_content_spinner_READY.py	UTF-8 BOM
D:\MAGIC\scripts\phase10\module_M\10M_placeholder_READY.py	UTF-8 BOM
D:\MAGIC\scripts\phase10\module_N\10N_broken_link_checker_READY.py	UTF-8 BOM
D:\MAGIC\scripts\phase10\module_N\10N_placeholder_READY.py	UTF-8 BOM
D:\MAGIC\scripts\phase10\module_N\10N_robots_txt_manager_READY.py	UTF-8 BOM
D:\MAGIC\scripts\phase10\module_N\10N_sitemap_auto_builder_READY.py	UTF-8 BOM
D:\MAGIC\scripts\phase10\module_O\10O_featured_snippet_tracker_READY.py	UTF-8 BOM
D:\MAGIC\scripts\phase10\module_O\10O_people_also_ask_analyzer_READY.py	UTF-8 BOM
D:\MAGIC\scripts\phase10\module_O\10O_placeholder_READY.py	UTF-8 BOM
D:\MAGIC\scripts\phase10\module_O\10O_related_searches_miner_READY.py	UTF-8 BOM
D:\MAGIC\scripts\phase10\module_P\10P_ai_seo_prompt_formatter_READY.py	UTF-8 BOM
D:\MAGIC\scripts\phase10\module_P\10P_placeholder_READY.py	UTF-8 BOM
D:\MAGIC\scripts\phase10\module_P\10P_search_engine_tag_generator_READY.py	UTF-8 BOM
D:\MAGIC\scripts\phase10\module_P\10P_voice_search_optimization_engine_READY.py	UTF-8 BOM
D:\MAGIC\scripts\phase10\module_Q\10Q_bounce_rate_tracker_READY.py	UTF-8 BOM
D:\MAGIC\scripts\phase10\module_Q\10Q_dwell_time_monitor_READY.py	UTF-8 BOM
D:\MAGIC\scripts\phase10\module_Q\10Q_placeholder_READY.py	UTF-8 BOM
D:\MAGIC\scripts\phase10\module_Q\10Q_scroll_depth_analyzer_READY.py	UTF-8 BOM
D:\MAGIC\scripts\phase10\module_R\10R_automation_toggle_panel_READY.py	UTF-8 BOM
D:\MAGIC\scripts\phase10\module_R\10R_placeholder_READY.py	UTF-8 BOM
D:\MAGIC\scripts\phase10\module_R\10R_retry_failed_seo_actions_READY.py	UTF-8 BOM
D:\MAGIC\scripts\phase10\module_R\10R_seo_quarantine_system_READY.py	UTF-8 BOM
D:\MAGIC\scripts\phase10\module_S\10S_digital_pr_tracker_READY.py	UTF-8 BOM
D:\MAGIC\scripts\phase10\module_S\10S_haro_pitch_automator_READY.py	UTF-8 BOM
D:\MAGIC\scripts\phase10\module_S\10S_placeholder_READY.py	UTF-8 BOM
D:\MAGIC\scripts\phase10\module_S\10S_press_release_seo_formatter_READY.py	UTF-8 BOM
D:\MAGIC\scripts\phase10\module_T\10T_cta_heatmap_generator_READY.py	UTF-8 BOM
D:\MAGIC\scripts\phase10\module_T\10T_placeholder_READY.py	UTF-8 BOM
D:\MAGIC\scripts\phase10\module_T\10T_scroll_triggered_seo_opt_ins_READY.py	UTF-8 BOM
D:\MAGIC\scripts\phase10\module_T\10T_seo_based_lead_magnet_builder_READY.py	UTF-8 BOM
D:\MAGIC\scripts\phase10\module_U\10U_placeholder_READY.py	UTF-8 BOM
D:\MAGIC\scripts\phase10\module_U\10U_seo_based_youtube_title_spinner_READY.py	UTF-8 BOM
D:\MAGIC\scripts\phase10\module_U\10U_shorts_hashtag_auto_matcher_READY.py	UTF-8 BOM
D:\MAGIC\scripts\phase10\module_U\10U_video_transcript_seo_optimizer_READY.py	UTF-8 BOM
D:\MAGIC\scripts\phase10\module_V\10V_affiliate_keyword_rank_tracker_READY.py	UTF-8 BOM
D:\MAGIC\scripts\phase10\module_V\10V_monetization_opportunity_finder_READY.py	UTF-8 BOM
D:\MAGIC\scripts\phase10\module_V\10V_placeholder_READY.py	UTF-8 BOM
D:\MAGIC\scripts\phase10\module_V\10V_seo_split_test_for_affiliate_ctas_READY.py	UTF-8 BOM
D:\MAGIC\scripts\phase10\module_W\10W_collection_seo_auto_bundler_READY.py	UTF-8 BOM
D:\MAGIC\scripts\phase10\module_W\10W_placeholder_READY.py	UTF-8 BOM
D:\MAGIC\scripts\phase10\module_W\10W_product_page_keyword_optimizer_READY.py	UTF-8 BOM
D:\MAGIC\scripts\phase10\module_W\10W_review_snippet_generator_READY.py	UTF-8 BOM
D:\MAGIC\scripts\phase10\module_X\10X_ai_search_performance_analyzer_READY.py	UTF-8 BOM
D:\MAGIC\scripts\phase10\module_X\10X_alexa_google_voice_seo_embedder_READY.py	UTF-8 BOM
D:\MAGIC\scripts\phase10\module_X\10X_llm_visibility_tag_generator_READY.py	UTF-8 BOM
D:\MAGIC\scripts\phase10\module_X\10X_placeholder_READY.py	UTF-8 BOM
D:\MAGIC\scripts\phase10\module_Y\10Y_placeholder_READY.py	UTF-8 BOM
D:\MAGIC\scripts\phase10\module_Y\10Y_social_share_impact_tracker_READY.py	UTF-8 BOM
D:\MAGIC\scripts\phase10\module_Y\10Y_testimonial_embed_builder_READY.py	UTF-8 BOM
D:\MAGIC\scripts\phase10\module_Y\10Y_user_generated_content_seo_indexer_READY.py	UTF-8 BOM
D:\MAGIC\scripts\phase10\module_Z\10Z_intelligent_prioritization_system_READY.py	UTF-8 BOM
D:\MAGIC\scripts\phase10\module_Z\10Z_placeholder_READY.py	UTF-8 BOM
D:\MAGIC\scripts\phase10\module_Z\10Z_seo_cleanup_script_READY.py	UTF-8 BOM
D:\MAGIC\scripts\phase10\module_Z\10Z__10_orchestration_trigger_READY.py	UTF-8 BOM
D:\MAGIC\scripts\phase11\module_A\11A_automation_flow_breakpoint_map_READY.py	UTF-8 BOM
D:\MAGIC\scripts\phase11\module_A\11A_error_log_monitor_READY.py	UTF-8 BOM
D:\MAGIC\scripts\phase11\module_A\11A_file_integrity_checker_READY.py	UTF-8 BOM
D:\MAGIC\scripts\phase11\module_A\11A_file_watchdog_READY.py	UTF-8 BOM
D:\MAGIC\scripts\phase11\module_A\11A_missing_module_detector_READY.py	UTF-8 BOM
D:\MAGIC\scripts\phase11\module_A\11A_placeholder_READY.py	UTF-8 BOM
D:\MAGIC\scripts\phase11\module_A\11A_watchdog_agent_READY.py	UTF-8 BOM
D:\MAGIC\scripts\phase11\module_AA\11AA_failure_memory_builder_READY.py	UTF-8 BOM
D:\MAGIC\scripts\phase11\module_AA\11AA_risk_adaptive_agent_tuner_READY.py	UTF-8 BOM
D:\MAGIC\scripts\phase11\module_AA\11AA_self_healing_loop_generator_READY.py	UTF-8 BOM
D:\MAGIC\scripts\phase11\module_AB\11AB_agent_identity_vault_READY.py	UTF-8 BOM
D:\MAGIC\scripts\phase11\module_AB\11AB_agent_signature_validator_READY.py	UTF-8 BOM
D:\MAGIC\scripts\phase11\module_AB\11AB_zero_trust_access_policy_engine_READY.py	UTF-8 BOM
D:\MAGIC\scripts\phase11\module_B\11B_api_key_leak_checker_READY.py	UTF-8 BOM
D:\MAGIC\scripts\phase11\module_B\11B_missing_script_READY.py	UTF-8 BOM
D:\MAGIC\scripts\phase11\module_B\11B_missing_script_TEST.py	ReadError: The property 'Length' cannot be found on this object. Verify that the property exists.
D:\MAGIC\scripts\phase11\module_B\11B_placeholder_READY.py	UTF-8 BOM
D:\MAGIC\scripts\phase11\module_C\11C_manifest_consistency_checker_READY.py	UTF-8 BOM
D:\MAGIC\scripts\phase11\module_C\11C_script_integrity_checker_READY.py	UTF-8 BOM
D:\MAGIC\scripts\phase11\module_D\11D_deployment_readiness_auditor_READY.py	UTF-8 BOM
D:\MAGIC\scripts\phase11\module_D\11D_failpoint_injection_simulator_READY.py	UTF-8 BOM
D:\MAGIC\scripts\phase11\module_D\11D_orchestration_consistency_check_READY.py	UTF-8 BOM
D:\MAGIC\scripts\phase11\module_D\11D_placeholder_READY.py	UTF-8 BOM
D:\MAGIC\scripts\phase11\module_E\11E_api_health_checker_READY.py	UTF-8 BOM
D:\MAGIC\scripts\phase11\module_E\11E_bottleneck_profiler_READY.py	UTF-8 BOM
D:\MAGIC\scripts\phase11\module_E\11E_broken_script_detector_READY.py	UTF-8 BOM
D:\MAGIC\scripts\phase11\module_E\11E_budget_burn_monitor_READY.py	UTF-8 BOM
D:\MAGIC\scripts\phase11\module_E\11E_file_folder_cleanup_READY.py	UTF-8 BOM
D:\MAGIC\scripts\phase11\module_E\11E_placeholder_READY.py	UTF-8 BOM
D:\MAGIC\scripts\phase11\module_F\11F_agent_performance_log_READY.py	UTF-8 BOM
D:\MAGIC\scripts\phase11\module_F\11F_error_pattern_analyzer_READY.py	UTF-8 BOM
D:\MAGIC\scripts\phase11\module_F\11F_placeholder_READY.py	UTF-8 BOM
D:\MAGIC\scripts\phase11\module_F\11F_redundancy_reducer_READY.py	UTF-8 BOM
D:\MAGIC\scripts\phase11\module_F\11F_retry_dead_job_scanner_READY.py	UTF-8 BOM
D:\MAGIC\scripts\phase11\module_G\11G_full_system_audit_report_READY.py	UTF-8 BOM
D:\MAGIC\scripts\phase11\module_G\11G_placeholder_READY.py	UTF-8 BOM
D:\MAGIC\scripts\phase11\module_H\11H_dead_api_key_validator_READY.py	UTF-8 BOM
D:\MAGIC\scripts\phase11\module_H\11H_dependency_graph_audit_READY.py	UTF-8 BOM
D:\MAGIC\scripts\phase11\module_H\11H_logging_coverage_analyzer_READY.py	UTF-8 BOM
D:\MAGIC\scripts\phase11\module_H\11H_orphan_file_detector_READY.py	UTF-8 BOM
D:\MAGIC\scripts\phase11\module_H\11H_output_file_validator_READY.py	UTF-8 BOM
D:\MAGIC\scripts\phase11\module_H\11H_placeholder_READY.py	UTF-8 BOM
D:\MAGIC\scripts\phase11\module_H\11H_retry_logic_tester_READY.py	UTF-8 BOM
D:\MAGIC\scripts\phase11\module_I\11I_ai_decision_watchdog_READY.py	UTF-8 BOM
D:\MAGIC\scripts\phase11\module_I\11I_broken_link_embed_fixer_READY.py	UTF-8 BOM
D:\MAGIC\scripts\phase11\module_I\11I_central_config_migration_READY.py	UTF-8 BOM
D:\MAGIC\scripts\phase11\module_I\11I_cost_overflow_stopper_READY.py	UTF-8 BOM
D:\MAGIC\scripts\phase11\module_I\11I_fallback_agent_builder_READY.py	UTF-8 BOM
D:\MAGIC\scripts\phase11\module_I\11I_modularize_orchestration_READY.py	UTF-8 BOM
D:\MAGIC\scripts\phase11\module_I\11I_placeholder_READY.py	UTF-8 BOM
D:\MAGIC\scripts\phase11\module_I\11I_rate_limit_guard_READY.py	UTF-8 BOM
D:\MAGIC\scripts\phase11\module_I\11I_regression_test_runner_READY.py	UTF-8 BOM
D:\MAGIC\scripts\phase11\module_I\11I_system_wide_retry_limiter_READY.py	UTF-8 BOM
D:\MAGIC\scripts\phase11\module_J\11J_load_spike_simulator_READY.py	UTF-8 BOM
D:\MAGIC\scripts\phase11\module_J\11J_memory_leak_detector_READY.py	UTF-8 BOM
D:\MAGIC\scripts\phase11\module_J\11J_placeholder_READY.py	UTF-8 BOM
D:\MAGIC\scripts\phase11\module_J\11J_random_failure_injector_READY.py	UTF-8 BOM
D:\MAGIC\scripts\phase11\module_K\11K_admin_access_checker_READY.py	UTF-8 BOM
D:\MAGIC\scripts\phase11\module_K\11K_config_tamper_detector_READY.py	UTF-8 BOM
D:\MAGIC\scripts\phase11\module_K\11K_directory_write_lock_verifier_READY.py	UTF-8 BOM
D:\MAGIC\scripts\phase11\module_K\11K_placeholder_READY.py	UTF-8 BOM
D:\MAGIC\scripts\phase11\module_L\11L_output_change_diff_checker_READY.py	UTF-8 BOM
D:\MAGIC\scripts\phase11\module_L\11L_placeholder_READY.py	UTF-8 BOM
D:\MAGIC\scripts\phase11\module_L\11L_rate_limit_guard_READY.py	UTF-8 BOM
D:\MAGIC\scripts\phase11\module_L\11L_time_stamped_run_archiver_READY.py	UTF-8 BOM
D:\MAGIC\scripts\phase11\module_L\11L_version_drift_detector_READY.py	UTF-8 BOM
D:\MAGIC\scripts\phase11\module_M\11M_api_abuse_detector_READY.py	UTF-8 BOM
D:\MAGIC\scripts\phase11\module_M\11M_input_sanitizer_READY.py	UTF-8 BOM
D:\MAGIC\scripts\phase11\module_M\11M_placeholder_READY.py	UTF-8 BOM
D:\MAGIC\scripts\phase11\module_M\11M_prompt_injection_tester_READY.py	UTF-8 BOM
D:\MAGIC\scripts\phase11\module_N\11N_approval_gate_for_high_risk_ops_READY.py	UTF-8 BOM
D:\MAGIC\scripts\phase11\module_N\11N_manual_override_toggle_READY.py	UTF-8 BOM
D:\MAGIC\scripts\phase11\module_N\11N_placeholder_READY.py	UTF-8 BOM
D:\MAGIC\scripts\phase11\module_N\11N_slack_email_alert_system_READY.py	UTF-8 BOM
D:\MAGIC\scripts\phase11\module_O\11O_placeholder_READY.py	UTF-8 BOM
D:\MAGIC\scripts\phase11\module_O\11O_real_time_log_streamer_READY.py	UTF-8 BOM
D:\MAGIC\scripts\phase11\module_O\11O_telemetry_exporter_READY.py	UTF-8 BOM
D:\MAGIC\scripts\phase11\module_O\11O_unified_log_aggregator_READY.py	UTF-8 BOM
D:\MAGIC\scripts\phase11\module_P\11P_api_terms_compliance_checker_READY.py	UTF-8 BOM
D:\MAGIC\scripts\phase11\module_P\11P_attribution_inserter_READY.py	UTF-8 BOM
D:\MAGIC\scripts\phase11\module_P\11P_license_file_auditor_READY.py	UTF-8 BOM
D:\MAGIC\scripts\phase11\module_P\11P_placeholder_READY.py	UTF-8 BOM
D:\MAGIC\scripts\phase11\module_Q\11Q_dependency_version_pin_checker_READY.py	UTF-8 BOM
D:\MAGIC\scripts\phase11\module_Q\11Q_placeholder_READY.py	UTF-8 BOM
D:\MAGIC\scripts\phase11\module_Q\11Q_python_environment_verifier_READY.py	UTF-8 BOM
D:\MAGIC\scripts\phase11\module_Q\11Q_virtualenv_isolation_enforcer_READY.py	UTF-8 BOM
D:\MAGIC\scripts\phase11\module_R\11R_placeholder_READY.py	UTF-8 BOM
D:\MAGIC\scripts\phase11\module_R\11R_shadow_run_mode_READY.py	UTF-8 BOM
D:\MAGIC\scripts\phase11\module_R\11R_silent_error_logger_READY.py	UTF-8 BOM
D:\MAGIC\scripts\phase11\module_R\11R_sneak_audit_agent_READY.py	UTF-8 BOM
D:\MAGIC\scripts\phase11\module_S\11S_ai_risk_classifier_READY.py	UTF-8 BOM
D:\MAGIC\scripts\phase11\module_S\11S_mitigation_suggestion_engine_READY.py	UTF-8 BOM
D:\MAGIC\scripts\phase11\module_S\11S_placeholder_READY.py	UTF-8 BOM
D:\MAGIC\scripts\phase11\module_S\11S_risk_score_dashboard_READY.py	UTF-8 BOM
D:\MAGIC\scripts\phase11\module_T\11T_audit_trail_renderer_READY.py	UTF-8 BOM
D:\MAGIC\scripts\phase11\module_T\11T_decision_chain_visualizer_READY.py	UTF-8 BOM
D:\MAGIC\scripts\phase11\module_T\11T_output_attribution_tracer_READY.py	UTF-8 BOM
D:\MAGIC\scripts\phase11\module_T\11T_placeholder_READY.py	UTF-8 BOM
D:\MAGIC\scripts\phase11\module_U\11U_agent_voting_system_READY.py	UTF-8 BOM
D:\MAGIC\scripts\phase11\module_U\11U_chain_of_responsibility_resolver_READY.py	UTF-8 BOM
D:\MAGIC\scripts\phase11\module_U\11U_conflict_detector_between_agents_READY.py	UTF-8 BOM
D:\MAGIC\scripts\phase11\module_U\11U_placeholder_READY.py	UTF-8 BOM
D:\MAGIC\scripts\phase11\module_V\11V_maintece_nudger_READY.py	UTF-8 BOM
D:\MAGIC\scripts\phase11\module_V\11V_output_drift_detector_READY.py	UTF-8 BOM
D:\MAGIC\scripts\phase11\module_V\11V_placeholder_READY.py	UTF-8 BOM
D:\MAGIC\scripts\phase11\module_V\11V_unused_agent_scanner_READY.py	UTF-8 BOM
D:\MAGIC\scripts\phase11\module_W\11W_ethical_decision_flagger_READY.py	UTF-8 BOM
D:\MAGIC\scripts\phase11\module_W\11W_hallucination_catcher_READY.py	UTF-8 BOM
D:\MAGIC\scripts\phase11\module_W\11W_placeholder_READY.py	UTF-8 BOM
D:\MAGIC\scripts\phase11\module_W\11W_toxicity_bias_filter_READY.py	UTF-8 BOM
D:\MAGIC\scripts\phase11\module_X\11X_agent_sabotage_replay_detector_READY.py	UTF-8 BOM
D:\MAGIC\scripts\phase11\module_X\11X_llm_jailbreak_resistance_tester_READY.py	UTF-8 BOM
D:\MAGIC\scripts\phase11\module_X\11X_placeholder_READY.py	UTF-8 BOM
D:\MAGIC\scripts\phase11\module_X\11X_red_team_threat_simulator_READY.py	UTF-8 BOM
D:\MAGIC\scripts\phase11\module_Y\11Y_agent_uptime_monitor_READY.py	UTF-8 BOM
D:\MAGIC\scripts\phase11\module_Y\11Y_multi_tier_auto_restarter_READY.py	UTF-8 BOM
D:\MAGIC\scripts\phase11\module_Y\11Y_placeholder_READY.py	UTF-8 BOM
D:\MAGIC\scripts\phase11\module_Y\11Y_sla_violation_logger_READY.py	UTF-8 BOM
D:\MAGIC\scripts\phase11\module_Z\11Z_auto_rollback_controller_READY.py	UTF-8 BOM
D:\MAGIC\scripts\phase11\module_Z\11Z_placeholder_READY.py	UTF-8 BOM
D:\MAGIC\scripts\phase11\module_Z\11Z_snapshot_creation_diff_engine_READY.py	UTF-8 BOM
D:\MAGIC\scripts\phase11\module_Z\11Z_step_by_step_time_travel_debugger_READY.py	UTF-8 BOM
D:\MAGIC\scripts\phase11\outputs\phase11_outputs_placeholder_READY.py	UTF-8 BOM
D:\MAGIC\scripts\phase12\module_A\12A_auto_upload_with_reaction_sync_READY.py	UTF-8 BOM
D:\MAGIC\scripts\phase12\module_A\12A_comment_collector_READY.py	UTF-8 BOM
D:\MAGIC\scripts\phase12\module_A\12A_comment_sentiment_analyzer_READY.py	UTF-8 BOM
D:\MAGIC\scripts\phase12\module_A\12A_mention_tracker_READY.py	UTF-8 BOM
D:\MAGIC\scripts\phase12\module_A\12A_placeholder_READY.py	UTF-8 BOM
D:\MAGIC\scripts\phase12\module_A\12A_ugc_feedback_sentiment_READY.py	UTF-8 BOM
D:\MAGIC\scripts\phase12\module_A\12A_ugc_metrics_extractor_READY.py	UTF-8 BOM
D:\MAGIC\scripts\phase12\module_B\12B_comment_summarizer_READY.py	UTF-8 BOM
D:\MAGIC\scripts\phase12\module_B\12B_engagement_predictor_READY.py	UTF-8 BOM
D:\MAGIC\scripts\phase12\module_B\12B_highlight_great_ugc_READY.py	UTF-8 BOM
D:\MAGIC\scripts\phase12\module_B\12B_placeholder_READY.py	UTF-8 BOM
D:\MAGIC\scripts\phase12\module_B\12B_reply_funnel_scorer_READY.py	UTF-8 BOM
D:\MAGIC\scripts\phase12\module_B\12B_toxicity_spam_filter_READY.py	UTF-8 BOM
D:\MAGIC\scripts\phase12\module_B\12B_ugc_impact_dashboard_READY.py	UTF-8 BOM
D:\MAGIC\scripts\phase12\module_C\12C_auto_comment_generator_READY.py	UTF-8 BOM
D:\MAGIC\scripts\phase12\module_C\12C_auto_response_to_comments_READY.py	UTF-8 BOM
D:\MAGIC\scripts\phase12\module_C\12C_dm_response_recommender_READY.py	UTF-8 BOM
D:\MAGIC\scripts\phase12\module_C\12C_placeholder_READY.py	UTF-8 BOM
D:\MAGIC\scripts\phase12\module_C\12C_repost_remix_detection_READY.py	UTF-8 BOM
D:\MAGIC\scripts\phase12\module_C\12C_user_request_detector_READY.py	UTF-8 BOM
D:\MAGIC\scripts\phase12\module_D\12D_notion_ugc_summary_export_READY.py	UTF-8 BOM
D:\MAGIC\scripts\phase12\module_D\12D_placeholder_READY.py	UTF-8 BOM
D:\MAGIC\scripts\phase12\module_D\12D_ugc_funnel_visualizer_READY.py	UTF-8 BOM
D:\MAGIC\scripts\phase12\module_D\12D_ugc_into_content_repurposing_READY.py	UTF-8 BOM
D:\MAGIC\scripts\phase12\module_E\12E_creator_attribution_tracker_READY.py	UTF-8 BOM
D:\MAGIC\scripts\phase12\module_E\12E_gdpr_data_privacy_filter_READY.py	UTF-8 BOM
D:\MAGIC\scripts\phase12\module_E\12E_placeholder_READY.py	UTF-8 BOM
D:\MAGIC\scripts\phase12\module_E\12E_platform_policy_filter_READY.py	UTF-8 BOM
D:\MAGIC\scripts\phase12\module_E\12E_ugc_legal_risk_assessor_READY.py	UTF-8 BOM
D:\MAGIC\scripts\phase12\module_E\12E_ugc_permission_validator_READY.py	UTF-8 BOM
D:\MAGIC\scripts\phase12\module_F\12F_historical_impact_analysis_READY.py	UTF-8 BOM
D:\MAGIC\scripts\phase12\module_F\12F_lifespan_estimator_READY.py	UTF-8 BOM
D:\MAGIC\scripts\phase12\module_F\12F_placeholder_READY.py	UTF-8 BOM
D:\MAGIC\scripts\phase12\module_F\12F_retrieval_augmented_response_READY.py	UTF-8 BOM
D:\MAGIC\scripts\phase12\module_F\12F_ugc_memory_indexer_READY.py	UTF-8 BOM
D:\MAGIC\scripts\phase12\module_G\12G_accessibility_validator_READY.py	UTF-8 BOM
D:\MAGIC\scripts\phase12\module_G\12G_auto_translate_comment_READY.py	UTF-8 BOM
D:\MAGIC\scripts\phase12\module_G\12G_comment_language_detector_READY.py	UTF-8 BOM
D:\MAGIC\scripts\phase12\module_G\12G_placeholder_READY.py	UTF-8 BOM
D:\MAGIC\scripts\phase12\module_H\12H_placeholder_READY.py	UTF-8 BOM
D:\MAGIC\scripts\phase12\module_H\12H_popular_phrase_miner_READY.py	UTF-8 BOM
D:\MAGIC\scripts\phase12\module_H\12H_style_format_reinforcer_READY.py	UTF-8 BOM
D:\MAGIC\scripts\phase12\module_H\12H_ugc_driven_prompt_finetuner_READY.py	UTF-8 BOM
D:\MAGIC\scripts\phase12\module_H\12H_ugc_feedback_looper_READY.py	UTF-8 BOM
D:\MAGIC\scripts\phase12\module_I\12I_engagement_badge_engine_READY.py	UTF-8 BOM
D:\MAGIC\scripts\phase12\module_I\12I_giveaway_trigger_from_ugc_READY.py	UTF-8 BOM
D:\MAGIC\scripts\phase12\module_I\12I_placeholder_READY.py	UTF-8 BOM
D:\MAGIC\scripts\phase12\module_I\12I_referral_tracker_for_ugc_shares_READY.py	UTF-8 BOM
D:\MAGIC\scripts\phase12\module_I\12I_ugc_leaderboard_generator_READY.py	UTF-8 BOM
D:\MAGIC\scripts\phase12\module_J\12J_context_aware_escalation_READY.py	UTF-8 BOM
D:\MAGIC\scripts\phase12\module_J\12J_funnel_fit_matcher_READY.py	UTF-8 BOM
D:\MAGIC\scripts\phase12\module_J\12J_placeholder_READY.py	UTF-8 BOM
D:\MAGIC\scripts\phase12\module_J\12J_smart_ugc_routing_engine_READY.py	UTF-8 BOM
D:\MAGIC\scripts\phase12\module_J\12J_workflow_delay_detector_READY.py	UTF-8 BOM
D:\MAGIC\scripts\phase12\module_K\12K_multi_account_uploader_READY.py	UTF-8 BOM
D:\MAGIC\scripts\phase12\module_K\12K_multi_platform_sync_engine_READY.py	UTF-8 BOM
D:\MAGIC\scripts\phase12\module_K\12K_placeholder_READY.py	UTF-8 BOM
D:\MAGIC\scripts\phase12\module_K\12K_platform_specific_format_adapter_READY.py	UTF-8 BOM
D:\MAGIC\scripts\phase12\module_K\12K_ugc_duplication_guard_READY.py	UTF-8 BOM
D:\MAGIC\scripts\phase12\module_L\12L_agent_collaboration_bridge_READY.py	UTF-8 BOM
D:\MAGIC\scripts\phase12\module_L\12L_comment_thread_mapper_READY.py	UTF-8 BOM
D:\MAGIC\scripts\phase12\module_L\12L_feedback_notification_bot_READY.py	UTF-8 BOM
D:\MAGIC\scripts\phase12\module_L\12L_notifier_for_viral_ugc_spikes_READY.py	UTF-8 BOM
D:\MAGIC\scripts\phase12\module_L\12L_placeholder_READY.py	UTF-8 BOM
D:\MAGIC\scripts\phase12\module_M\12M_lip_sync_reaction_match_classifier_READY.py	UTF-8 BOM
D:\MAGIC\scripts\phase12\module_M\12M_placeholder_READY.py	UTF-8 BOM
D:\MAGIC\scripts\phase12\module_M\12M_ugc_video_extractor_READY.py	UTF-8 BOM
D:\MAGIC\scripts\phase12\module_M\12M_voice_comment_transcriber_READY.py	UTF-8 BOM
D:\MAGIC\scripts\phase12\module_M\12M_voice_sentiment_classifier_READY.py	UTF-8 BOM
D:\MAGIC\scripts\phase12\module_N\12N_airtable_sheets_sync_READY.py	UTF-8 BOM
D:\MAGIC\scripts\phase12\module_N\12N_notion_ugc_board_updater_READY.py	UTF-8 BOM
D:\MAGIC\scripts\phase12\module_N\12N_placeholder_READY.py	UTF-8 BOM
D:\MAGIC\scripts\phase12\module_N\12N_slack_discord_hook_integrator_READY.py	UTF-8 BOM
D:\MAGIC\scripts\phase12\module_N\12N_ugc_to_bigquery_export_READY.py	UTF-8 BOM
D:\MAGIC\scripts\phase12\module_O\12O_influencer_amplification_logger_READY.py	UTF-8 BOM
D:\MAGIC\scripts\phase12\module_O\12O_originator_tracer_READY.py	UTF-8 BOM
D:\MAGIC\scripts\phase12\module_O\12O_placeholder_READY.py	UTF-8 BOM
D:\MAGIC\scripts\phase12\module_O\12O_secondary_wave_detector_READY.py	UTF-8 BOM
D:\MAGIC\scripts\phase12\module_O\12O_ugc_influence_graph_builder_READY.py	UTF-8 BOM
D:\MAGIC\scripts\phase12\module_P\12P_comment_thread_resurfacer_READY.py	UTF-8 BOM
D:\MAGIC\scripts\phase12\module_P\12P_evergreen_ugc_highlighter_READY.py	UTF-8 BOM
D:\MAGIC\scripts\phase12\module_P\12P_placeholder_READY.py	UTF-8 BOM
D:\MAGIC\scripts\phase12\module_P\12P_seasonal_ugc_tagger_READY.py	UTF-8 BOM
D:\MAGIC\scripts\phase12\module_P\12P_ugc_lifecycle_tracker_READY.py	UTF-8 BOM
D:\MAGIC\scripts\phase12\module_Q\12Q_internal_feedback_collector_READY.py	UTF-8 BOM
D:\MAGIC\scripts\phase12\module_Q\12Q_moderator_interface_integrator_READY.py	UTF-8 BOM
D:\MAGIC\scripts\phase12\module_Q\12Q_placeholder_READY.py	UTF-8 BOM
D:\MAGIC\scripts\phase12\module_Q\12Q_semi_manual_content_repurpose_tool_READY.py	UTF-8 BOM
D:\MAGIC\scripts\phase12\module_Q\12Q_ugc_approval_queue_READY.py	UTF-8 BOM
D:\MAGIC\scripts\phase12\module_R\12R_comment_labeling_feedback_READY.py	UTF-8 BOM
D:\MAGIC\scripts\phase12\module_R\12R_confidence_scoring_system_READY.py	UTF-8 BOM
D:\MAGIC\scripts\phase12\module_R\12R_fine_tune_ai_comment_agent_READY.py	UTF-8 BOM
D:\MAGIC\scripts\phase12\module_R\12R_placeholder_READY.py	UTF-8 BOM
D:\MAGIC\scripts\phase12\module_R\12R_ugc_ai_mismatch_detector_READY.py	UTF-8 BOM
D:\MAGIC\scripts\phase12\module_S\12S_agi_ready_trend_feedback_loop_READY.py	UTF-8 BOM
D:\MAGIC\scripts\phase12\module_S\12S_decentralized_ugc_logging_READY.py	UTF-8 BOM
D:\MAGIC\scripts\phase12\module_S\12S_llm_memory_integration_engine_READY.py	UTF-8 BOM
D:\MAGIC\scripts\phase12\module_S\12S_multimodal_ugc_router_READY.py	UTF-8 BOM
D:\MAGIC\scripts\phase12\module_S\12S_placeholder_READY.py	UTF-8 BOM
D:\MAGIC\scripts\phase12\module_T\12T_placeholder_READY.py	UTF-8 BOM
D:\MAGIC\scripts\phase12\module_U\12U_placeholder_READY.py	UTF-8 BOM
D:\MAGIC\scripts\phase12\module_V\12V_placeholder_READY.py	UTF-8 BOM
D:\MAGIC\scripts\phase12\module_W\12W_placeholder_READY.py	UTF-8 BOM
D:\MAGIC\scripts\phase12\module_X\12X_placeholder_READY.py	UTF-8 BOM
D:\MAGIC\scripts\phase12\module_Y\12Y_placeholder_READY.py	UTF-8 BOM
D:\MAGIC\scripts\phase12\module_Z\12Z_placeholder_READY.py	UTF-8 BOM
D:\MAGIC\scripts\phase13\module_A\13A_affiliate_click_tracker_READY.py	UTF-8 BOM
D:\MAGIC\scripts\phase13\module_A\13A_affiliate_roi_calculator_READY.py	UTF-8 BOM
D:\MAGIC\scripts\phase13\module_A\13A_bitly_click_tracker_integration_READY.py	UTF-8 BOM
D:\MAGIC\scripts\phase13\module_A\13A_bitly_link_grouping_tags_READY.py	UTF-8 BOM
D:\MAGIC\scripts\phase13\module_A\13A_bitly_roi_exporter_READY.py	UTF-8 BOM
D:\MAGIC\scripts\phase13\module_A\13A_placeholder_READY.py	UTF-8 BOM
D:\MAGIC\scripts\phase13\module_A\13A_product_level_roi_calculator_READY.py	UTF-8 BOM
D:\MAGIC\scripts\phase13\module_B\13B_auto_cta_replacement_engine_READY.py	UTF-8 BOM
D:\MAGIC\scripts\phase13\module_B\13B_a_b_funnel_variant_manager_READY.py	UTF-8 BOM
D:\MAGIC\scripts\phase13\module_B\13B_cta_performance_scorer_READY.py	UTF-8 BOM
D:\MAGIC\scripts\phase13\module_B\13B_high_performer_rewriter_READY.py	UTF-8 BOM
D:\MAGIC\scripts\phase13\module_B\13B_placeholder_READY.py	UTF-8 BOM
D:\MAGIC\scripts\phase13\module_B\13B_product_cta_matching_engine_READY.py	UTF-8 BOM
D:\MAGIC\scripts\phase13\module_B\13B_smart_cta_split_tester_READY.py	UTF-8 BOM
D:\MAGIC\scripts\phase13\module_C\13C_auto_dm_to_email_funnel_trigger_READY.py	UTF-8 BOM
D:\MAGIC\scripts\phase13\module_C\13C_conversion_path_analyzer_READY.py	UTF-8 BOM
D:\MAGIC\scripts\phase13\module_C\13C_crm_auto_sync_bot_READY.py	UTF-8 BOM
D:\MAGIC\scripts\phase13\module_C\13C_crm_conversion_exporter_READY.py	UTF-8 BOM
D:\MAGIC\scripts\phase13\module_C\13C_crm_integration_module_READY.py	UTF-8 BOM
D:\MAGIC\scripts\phase13\module_C\13C_lead_source_profiler_READY.py	UTF-8 BOM
D:\MAGIC\scripts\phase13\module_C\13C_placeholder_READY.py	UTF-8 BOM
D:\MAGIC\scripts\phase13\module_C\13C_subscriber_funnel_mapper_READY.py	UTF-8 BOM
D:\MAGIC\scripts\phase13\module_D\13D_affiliate_funnel_tester_READY.py	UTF-8 BOM
D:\MAGIC\scripts\phase13\module_D\13D_affiliate_roi_dashboard_READY.py	UTF-8 BOM
D:\MAGIC\scripts\phase13\module_D\13D_funnel_performance_dashboard_READY.py	UTF-8 BOM
D:\MAGIC\scripts\phase13\module_D\13D_placeholder_READY.py	UTF-8 BOM
D:\MAGIC\scripts\phase13\module_E\13E_dynamic_affiliate_recommender_READY.py	UTF-8 BOM
D:\MAGIC\scripts\phase13\module_E\13E_intent_signal_analyzer_READY.py	UTF-8 BOM
D:\MAGIC\scripts\phase13\module_E\13E_placeholder_READY.py	UTF-8 BOM
D:\MAGIC\scripts\phase13\module_E\13E_smart_link_personalizer_READY.py	UTF-8 BOM
D:\MAGIC\scripts\phase13\module_F\13F_funnel_drop_off_detector_READY.py	UTF-8 BOM
D:\MAGIC\scripts\phase13\module_F\13F_placeholder_READY.py	UTF-8 BOM
D:\MAGIC\scripts\phase13\module_F\13F_reactivation_email_generator_READY.py	UTF-8 BOM
D:\MAGIC\scripts\phase13\module_F\13F_retargeting_list_builder_READY.py	UTF-8 BOM
D:\MAGIC\scripts\phase13\module_G\13G_affiliate_policy_violation_scanner_READY.py	UTF-8 BOM
D:\MAGIC\scripts\phase13\module_G\13G_country_level_compliance_filter_READY.py	UTF-8 BOM
D:\MAGIC\scripts\phase13\module_G\13G_duplicate_click_filter_READY.py	UTF-8 BOM
D:\MAGIC\scripts\phase13\module_G\13G_placeholder_READY.py	UTF-8 BOM
D:\MAGIC\scripts\phase13\module_H\13H_auto_link_rotation_engine_READY.py	UTF-8 BOM
D:\MAGIC\scripts\phase13\module_H\13H_bulk_link_health_checker_READY.py	UTF-8 BOM
D:\MAGIC\scripts\phase13\module_H\13H_multi_campaign_deployment_bot_READY.py	UTF-8 BOM
D:\MAGIC\scripts\phase13\module_H\13H_placeholder_READY.py	UTF-8 BOM
D:\MAGIC\scripts\phase13\module_H\13H_platform_specific_link_formatter_READY.py	UTF-8 BOM
D:\MAGIC\scripts\phase13\module_I\13I_affiliate_performance_anomaly_detector_READY.py	UTF-8 BOM
D:\MAGIC\scripts\phase13\module_I\13I_affiliate_roi_forecaster_READY.py	UTF-8 BOM
D:\MAGIC\scripts\phase13\module_I\13I_content_affiliate_matchmaker_ai_READY.py	UTF-8 BOM
D:\MAGIC\scripts\phase13\module_I\13I_placeholder_READY.py	UTF-8 BOM
D:\MAGIC\scripts\phase13\module_J\13J_affiliate_offer_whitelist_manager_READY.py	UTF-8 BOM
D:\MAGIC\scripts\phase13\module_J\13J_approval_gate_for_high_spend_funnels_READY.py	UTF-8 BOM
D:\MAGIC\scripts\phase13\module_J\13J_human_override_cta_selector_READY.py	UTF-8 BOM
D:\MAGIC\scripts\phase13\module_J\13J_placeholder_READY.py	UTF-8 BOM
D:\MAGIC\scripts\phase13\module_K\13K_affiliate_performance_heatmap_READY.py	UTF-8 BOM
D:\MAGIC\scripts\phase13\module_K\13K_cross_platform_roi_dashboard_READY.py	UTF-8 BOM
D:\MAGIC\scripts\phase13\module_K\13K_funnel_drop_off_chart_READY.py	UTF-8 BOM
D:\MAGIC\scripts\phase13\module_K\13K_live_funnel_monitor_READY.py	UTF-8 BOM
D:\MAGIC\scripts\phase13\module_K\13K_placeholder_READY.py	UTF-8 BOM
D:\MAGIC\scripts\phase13\module_L\13L_affiliate_lead_memory_graph_READY.py	UTF-8 BOM
D:\MAGIC\scripts\phase13\module_L\13L_affiliate_purchase_attribution_READY.py	UTF-8 BOM
D:\MAGIC\scripts\phase13\module_L\13L_crm_event_replayer_READY.py	UTF-8 BOM
D:\MAGIC\scripts\phase13\module_L\13L_funnel_abandonment_re_engager_READY.py	UTF-8 BOM
D:\MAGIC\scripts\phase13\module_L\13L_placeholder_READY.py	UTF-8 BOM
D:\MAGIC\scripts\phase13\module_M\13M_country_level_affiliate_gate_READY.py	UTF-8 BOM
D:\MAGIC\scripts\phase13\module_M\13M_ftc_disclosure_checker_READY.py	UTF-8 BOM
D:\MAGIC\scripts\phase13\module_M\13M_placeholder_READY.py	UTF-8 BOM
D:\MAGIC\scripts\phase13\module_M\13M_terms_conditions_injector_READY.py	UTF-8 BOM
D:\MAGIC\scripts\phase13\module_N\13N_broken_funnel_catcher_READY.py	UTF-8 BOM
D:\MAGIC\scripts\phase13\module_N\13N_cta_variant_click_tester_READY.py	UTF-8 BOM
D:\MAGIC\scripts\phase13\module_N\13N_funnel_a_b_simulator_READY.py	UTF-8 BOM
D:\MAGIC\scripts\phase13\module_N\13N_placeholder_READY.py	UTF-8 BOM
D:\MAGIC\scripts\phase13\module_O\13O_placeholder_READY.py	UTF-8 BOM
D:\MAGIC\scripts\phase13\module_P\13P_placeholder_READY.py	UTF-8 BOM
D:\MAGIC\scripts\phase13\module_Q\13Q_placeholder_READY.py	UTF-8 BOM
D:\MAGIC\scripts\phase13\module_R\13R_placeholder_READY.py	UTF-8 BOM
D:\MAGIC\scripts\phase13\module_S\13S_placeholder_READY.py	UTF-8 BOM
D:\MAGIC\scripts\phase13\module_T\13T_placeholder_READY.py	UTF-8 BOM
D:\MAGIC\scripts\phase13\module_U\13U_placeholder_READY.py	UTF-8 BOM
D:\MAGIC\scripts\phase13\module_V\13V_placeholder_READY.py	UTF-8 BOM
D:\MAGIC\scripts\phase13\module_W\13W_placeholder_READY.py	UTF-8 BOM
D:\MAGIC\scripts\phase13\module_X\13X_placeholder_READY.py	UTF-8 BOM
D:\MAGIC\scripts\phase13\module_Y\13Y_placeholder_READY.py	UTF-8 BOM
D:\MAGIC\scripts\phase13\module_Z\13Z_placeholder_READY.py	UTF-8 BOM
D:\MAGIC\scripts\phase14\module_A\14A_engagement_predictor_READY.py	UTF-8 BOM
D:\MAGIC\scripts\phase14\module_A\14A_placeholder_READY.py	UTF-8 BOM
D:\MAGIC\scripts\phase14\module_A\14A_trend_roi_predictor_READY.py	UTF-8 BOM
D:\MAGIC\scripts\phase14\module_A\14A_trend_scoring_engine_READY.py	UTF-8 BOM
D:\MAGIC\scripts\phase14\module_A\14A_virality_likelihood_scorer_READY.py	UTF-8 BOM
D:\MAGIC\scripts\phase14\module_B\14B_cost_benefit_ranker_READY.py	UTF-8 BOM
D:\MAGIC\scripts\phase14\module_B\14B_cta_optimizer_READY.py	UTF-8 BOM
D:\MAGIC\scripts\phase14\module_B\14B_placeholder_READY.py	UTF-8 BOM
D:\MAGIC\scripts\phase14\module_B\14B_platform_posting_selector_READY.py	UTF-8 BOM
D:\MAGIC\scripts\phase14\module_B\14B_production_decision_engine_READY.py	UTF-8 BOM
D:\MAGIC\scripts\phase14\module_B\14B_production_priority_queue_READY.py	UTF-8 BOM
D:\MAGIC\scripts\phase14\module_C\14C_best_format_recommender_READY.py	UTF-8 BOM
D:\MAGIC\scripts\phase14\module_C\14C_feedback_signal_combiner_READY.py	UTF-8 BOM
D:\MAGIC\scripts\phase14\module_C\14C_high_impact_trend_ranker_READY.py	UTF-8 BOM
D:\MAGIC\scripts\phase14\module_C\14C_placeholder_READY.py	UTF-8 BOM
D:\MAGIC\scripts\phase14\module_C\14C_roi_based_script_prioritization_READY.py	UTF-8 BOM
D:\MAGIC\scripts\phase14\module_C\14C_smart_backlog_sorter_READY.py	UTF-8 BOM
D:\MAGIC\scripts\phase14\module_D\14D_channel_goal_alignment_engine_READY.py	UTF-8 BOM
D:\MAGIC\scripts\phase14\module_D\14D_cold_start_fallback_logic_READY.py	UTF-8 BOM
D:\MAGIC\scripts\phase14\module_D\14D_decision_audit_log_READY.py	UTF-8 BOM
D:\MAGIC\scripts\phase14\module_D\14D_dummy_script_TEST.py	ReadError: The property 'Length' cannot be found on this object. Verify that the property exists.
D:\MAGIC\scripts\phase14\module_D\14D_multi_source_decision_controller_READY.py	UTF-8 BOM
D:\MAGIC\scripts\phase14\module_D\14D_placeholder_READY.py	UTF-8 BOM
D:\MAGIC\scripts\phase14\module_E\14E_autonomous_theme_selector_READY.py	UTF-8 BOM
D:\MAGIC\scripts\phase14\module_E\14E_content_lifecycle_advisor_READY.py	UTF-8 BOM
D:\MAGIC\scripts\phase14\module_E\14E_cta_heatmap_visualizer_READY.py	UTF-8 BOM
D:\MAGIC\scripts\phase14\module_E\14E_evergreen_identifier_READY.py	UTF-8 BOM
D:\MAGIC\scripts\phase14\module_E\14E_failed_content_analyzer_READY.py	UTF-8 BOM
D:\MAGIC\scripts\phase14\module_E\14E_placeholder_READY.py	UTF-8 BOM
D:\MAGIC\scripts\phase14\module_E\14E_retention_drop_off_analyzer_READY.py	UTF-8 BOM
D:\MAGIC\scripts\phase14\module_E\14E_thumbnail_hook_tester_READY.py	UTF-8 BOM
D:\MAGIC\scripts\phase14\module_E\14E_title_rewrite_recommender_READY.py	UTF-8 BOM
D:\MAGIC\scripts\phase14\module_F\14F_cost_benefit_ranker_READY.py	UTF-8 BOM
D:\MAGIC\scripts\phase14\module_F\14F_multi_agent_decision_controller_READY.py	UTF-8 BOM
D:\MAGIC\scripts\phase14\module_F\14F_placeholder_READY.py	UTF-8 BOM
D:\MAGIC\scripts\phase14\module_F\14F_production_priority_queue_READY.py	UTF-8 BOM
D:\MAGIC\scripts\phase14\module_F\14F_roi_based_script_prioritization_READY.py	UTF-8 BOM
D:\MAGIC\scripts\phase14\module_G\14G_channel_goal_alignment_engine_READY.py	UTF-8 BOM
D:\MAGIC\scripts\phase14\module_G\14G_decision_audit_log_READY.py	UTF-8 BOM
D:\MAGIC\scripts\phase14\module_G\14G_feedback_signal_combiner_READY.py	UTF-8 BOM
D:\MAGIC\scripts\phase14\module_G\14G_placeholder_READY.py	UTF-8 BOM
D:\MAGIC\scripts\phase14\module_H\14H_autonomous_theme_selector_READY.py	UTF-8 BOM
D:\MAGIC\scripts\phase14\module_H\14H_cold_start_fallback_logic_READY.py	UTF-8 BOM
D:\MAGIC\scripts\phase14\module_H\14H_placeholder_READY.py	UTF-8 BOM
D:\MAGIC\scripts\phase14\module_I\14I_ai_executive_override_logic_READY.py	UTF-8 BOM
D:\MAGIC\scripts\phase14\module_I\14I_decision_feedback_integrator_READY.py	UTF-8 BOM
D:\MAGIC\scripts\phase14\module_I\14I_placeholder_READY.py	UTF-8 BOM
D:\MAGIC\scripts\phase14\module_I\14I_trend_scoring_engine_READY.py	UTF-8 BOM
D:\MAGIC\scripts\phase14\module_J\14J_content_fatigue_detector_READY.py	UTF-8 BOM
D:\MAGIC\scripts\phase14\module_J\14J_cross_content_signal_tracker_READY.py	UTF-8 BOM
D:\MAGIC\scripts\phase14\module_J\14J_placeholder_READY.py	UTF-8 BOM
D:\MAGIC\scripts\phase14\module_J\14J_post_publish_optimization_suggester_READY.py	UTF-8 BOM
D:\MAGIC\scripts\phase14\module_J\14J_real_time_performance_watcher_READY.py	UTF-8 BOM
D:\MAGIC\scripts\phase14\module_K\14K_content_rpm_forecaster_READY.py	UTF-8 BOM
D:\MAGIC\scripts\phase14\module_K\14K_multi_channel_profit_projection_READY.py	UTF-8 BOM
D:\MAGIC\scripts\phase14\module_K\14K_placeholder_READY.py	UTF-8 BOM
D:\MAGIC\scripts\phase14\module_K\14K_smart_budget_allocator_READY.py	UTF-8 BOM
D:\MAGIC\scripts\phase14\module_L\14L_adaptive_decision_refiner_READY.py	UTF-8 BOM
D:\MAGIC\scripts\phase14\module_L\14L_agent_performance_feedback_loop_READY.py	UTF-8 BOM
D:\MAGIC\scripts\phase14\module_L\14L_llm_choice_rebalancer_READY.py	UTF-8 BOM
D:\MAGIC\scripts\phase14\module_L\14L_placeholder_READY.py	UTF-8 BOM
D:\MAGIC\scripts\phase14\module_M\14M_human_override_portal_READY.py	UTF-8 BOM
D:\MAGIC\scripts\phase14\module_M\14M_internal_qa_checklist_validator_READY.py	UTF-8 BOM
D:\MAGIC\scripts\phase14\module_M\14M_placeholder_READY.py	UTF-8 BOM
D:\MAGIC\scripts\phase14\module_M\14M_weekly_decision_digest_generator_READY.py	UTF-8 BOM
D:\MAGIC\scripts\phase14\module_N\14N_placeholder_READY.py	UTF-8 BOM
D:\MAGIC\scripts\phase14\module_O\14O_placeholder_READY.py	UTF-8 BOM
D:\MAGIC\scripts\phase14\module_P\14P_placeholder_READY.py	UTF-8 BOM
D:\MAGIC\scripts\phase14\module_Q\14Q_placeholder_READY.py	UTF-8 BOM
D:\MAGIC\scripts\phase14\module_R\14R_placeholder_READY.py	UTF-8 BOM
D:\MAGIC\scripts\phase14\module_S\14S_placeholder_READY.py	UTF-8 BOM
D:\MAGIC\scripts\phase14\module_T\14T_placeholder_READY.py	UTF-8 BOM
D:\MAGIC\scripts\phase14\module_U\14U_placeholder_READY.py	UTF-8 BOM
D:\MAGIC\scripts\phase14\module_V\14V_placeholder_READY.py	UTF-8 BOM
D:\MAGIC\scripts\phase14\module_W\14W_placeholder_READY.py	UTF-8 BOM
D:\MAGIC\scripts\phase14\module_X\14X_placeholder_READY.py	UTF-8 BOM
D:\MAGIC\scripts\phase14\module_Y\14Y_placeholder_READY.py	UTF-8 BOM
D:\MAGIC\scripts\phase14\module_Z\14Z_placeholder_READY.py	UTF-8 BOM
D:\MAGIC\scripts\phase15\module_A\15A_ai_trend_signal_amplifier_READY.py	UTF-8 BOM
D:\MAGIC\scripts\phase15\module_A\15A_breaking_news_detector_READY.py	UTF-8 BOM
D:\MAGIC\scripts\phase15\module_A\15A_hashtag_surge_tracker_READY.py	UTF-8 BOM
D:\MAGIC\scripts\phase15\module_A\15A_placeholder_READY.py	UTF-8 BOM
D:\MAGIC\scripts\phase15\module_A\15A_trending_topic_monitor_READY.py	UTF-8 BOM
D:\MAGIC\scripts\phase15\module_A\15A_trend_webhook_listener_READY.py	UTF-8 BOM
D:\MAGIC\scripts\phase15\module_B\15B_auto_tag_real_time_trends_READY.py	UTF-8 BOM
D:\MAGIC\scripts\phase15\module_B\15B_dummy_TEST.py	ReadError: The property 'Length' cannot be found on this object. Verify that the property exists.
D:\MAGIC\scripts\phase15\module_B\15B_emergency_publish_override_READY.py	UTF-8 BOM
D:\MAGIC\scripts\phase15\module_B\15B_live_response_content_agent_READY.py	UTF-8 BOM
D:\MAGIC\scripts\phase15\module_B\15B_peak_engagement_prediction_READY.py	UTF-8 BOM
D:\MAGIC\scripts\phase15\module_B\15B_placeholder_READY.py	UTF-8 BOM
D:\MAGIC\scripts\phase15\module_B\15B_social_listening_api_bridge_READY.py	UTF-8 BOM
D:\MAGIC\scripts\phase15\module_C\15C_cross_platform_trend_aligner_READY.py	UTF-8 BOM
D:\MAGIC\scripts\phase15\module_C\15C_latency_aware_response_tuner_READY.py	UTF-8 BOM
D:\MAGIC\scripts\phase15\module_C\15C_multi_agent_conflict_resolver_READY.py	UTF-8 BOM
D:\MAGIC\scripts\phase15\module_C\15C_placeholder_READY.py	UTF-8 BOM
D:\MAGIC\scripts\phase15\module_C\15C_reactive_thumbnail_generator_READY.py	UTF-8 BOM
D:\MAGIC\scripts\phase15\module_C\15C_real_time_throttling_controller_READY.py	UTF-8 BOM
D:\MAGIC\scripts\phase15\module_D\15D_instant_meme_generator_READY.py	UTF-8 BOM
D:\MAGIC\scripts\phase15\module_D\15D_placeholder_READY.py	UTF-8 BOM
D:\MAGIC\scripts\phase15\module_D\15D_platform_specific_formatter_READY.py	UTF-8 BOM
D:\MAGIC\scripts\phase15\module_D\15D_real_time_voiceover_generator_READY.py	UTF-8 BOM
D:\MAGIC\scripts\phase15\module_D\15D_trend_based_music_selector_READY.py	UTF-8 BOM
D:\MAGIC\scripts\phase15\module_D\15D_trend_thumbnail_captioner_READY.py	UTF-8 BOM
D:\MAGIC\scripts\phase15\module_E\15E_explainable_ai_justification_log_READY.py	UTF-8 BOM
D:\MAGIC\scripts\phase15\module_E\15E_human_moderator_notification_READY.py	UTF-8 BOM
D:\MAGIC\scripts\phase15\module_E\15E_multi_language_live_responder_READY.py	UTF-8 BOM
D:\MAGIC\scripts\phase15\module_E\15E_one_click_approve_publish_gui_READY.py	UTF-8 BOM
D:\MAGIC\scripts\phase15\module_E\15E_placeholder_READY.py	UTF-8 BOM
D:\MAGIC\scripts\phase15\module_E\15E_trend_content_pause_resume_READY.py	UTF-8 BOM
D:\MAGIC\scripts\phase15\module_F\15F_contradictory_signal_suppressor_READY.py	UTF-8 BOM
D:\MAGIC\scripts\phase15\module_F\15F_external_authority_override_READY.py	UTF-8 BOM
D:\MAGIC\scripts\phase15\module_F\15F_multi_trend_priority_arbiter_READY.py	UTF-8 BOM
D:\MAGIC\scripts\phase15\module_F\15F_placeholder_READY.py	UTF-8 BOM
D:\MAGIC\scripts\phase15\module_F\15F_trend_sentiment_reconciler_READY.py	UTF-8 BOM
D:\MAGIC\scripts\phase15\module_F\15F_trend_vote_weighting_system_READY.py	UTF-8 BOM
D:\MAGIC\scripts\phase15\module_G\15G_negative_feedback_blocker_READY.py	UTF-8 BOM
D:\MAGIC\scripts\phase15\module_G\15G_performance_based_self_retuner_READY.py	UTF-8 BOM
D:\MAGIC\scripts\phase15\module_G\15G_placeholder_READY.py	UTF-8 BOM
D:\MAGIC\scripts\phase15\module_G\15G_post_trend_deactivation_signaler_READY.py	UTF-8 BOM
D:\MAGIC\scripts\phase15\module_G\15G_real_time_a_b_variation_switcher_READY.py	UTF-8 BOM
D:\MAGIC\scripts\phase15\module_G\15G_real_time_engagement_delta_tracker_READY.py	UTF-8 BOM
D:\MAGIC\scripts\phase15\module_H\15H_api_quota_aware_throttler_READY.py	UTF-8 BOM
D:\MAGIC\scripts\phase15\module_H\15H_placeholder_READY.py	UTF-8 BOM
D:\MAGIC\scripts\phase15\module_H\15H_platform_priority_queue_manager_READY.py	UTF-8 BOM
D:\MAGIC\scripts\phase15\module_H\15H_real_time_multi_platform_scheduler_READY.py	UTF-8 BOM
D:\MAGIC\scripts\phase15\module_H\15H_time_zone_aware_trend_replication_READY.py	UTF-8 BOM
D:\MAGIC\scripts\phase15\module_H\15H_trend_repurposer_across_formats_READY.py	UTF-8 BOM
D:\MAGIC\scripts\phase15\module_I\15I_annotated_feedback_dashboard_READY.py	UTF-8 BOM
D:\MAGIC\scripts\phase15\module_I\15I_escalation_alert_system_READY.py	UTF-8 BOM
D:\MAGIC\scripts\phase15\module_I\15I_override_reason_logger_READY.py	UTF-8 BOM
D:\MAGIC\scripts\phase15\module_I\15I_placeholder_READY.py	UTF-8 BOM
D:\MAGIC\scripts\phase15\module_I\15I_reviewer_load_balancer_READY.py	UTF-8 BOM
D:\MAGIC\scripts\phase15\module_I\15I_trend_confirmation_ui_READY.py	UTF-8 BOM
D:\MAGIC\scripts\phase15\module_J\15J_community_reaction_comparator_READY.py	UTF-8 BOM
D:\MAGIC\scripts\phase15\module_J\15J_feedback_informed_decision_tuning_READY.py	UTF-8 BOM
D:\MAGIC\scripts\phase15\module_J\15J_placeholder_READY.py	UTF-8 BOM
D:\MAGIC\scripts\phase15\module_J\15J_post_failure_root_cause_analyzer_READY.py	UTF-8 BOM
D:\MAGIC\scripts\phase15\module_J\15J_reinforcement_learning_trigger_agent_READY.py	UTF-8 BOM
D:\MAGIC\scripts\phase15\module_J\15J_trend_recall_training_engine_READY.py	UTF-8 BOM
D:\MAGIC\scripts\phase15\module_K\15K_placeholder_READY.py	UTF-8 BOM
D:\MAGIC\scripts\phase15\module_L\15L_placeholder_READY.py	UTF-8 BOM
D:\MAGIC\scripts\phase15\module_M\15M_placeholder_READY.py	UTF-8 BOM
D:\MAGIC\scripts\phase15\module_N\15N_placeholder_READY.py	UTF-8 BOM
D:\MAGIC\scripts\phase15\module_O\15O_placeholder_READY.py	UTF-8 BOM
D:\MAGIC\scripts\phase15\module_P\15P_placeholder_READY.py	UTF-8 BOM
D:\MAGIC\scripts\phase15\module_Q\15Q_placeholder_READY.py	UTF-8 BOM
D:\MAGIC\scripts\phase15\module_R\15R_placeholder_READY.py	UTF-8 BOM
D:\MAGIC\scripts\phase15\module_S\15S_placeholder_READY.py	UTF-8 BOM
D:\MAGIC\scripts\phase15\module_T\15T_placeholder_READY.py	UTF-8 BOM
D:\MAGIC\scripts\phase15\module_U\15U_placeholder_READY.py	UTF-8 BOM
D:\MAGIC\scripts\phase15\module_V\15V_placeholder_READY.py	UTF-8 BOM
D:\MAGIC\scripts\phase15\module_W\15W_placeholder_READY.py	UTF-8 BOM
D:\MAGIC\scripts\phase15\module_X\15X_placeholder_READY.py	UTF-8 BOM
D:\MAGIC\scripts\phase15\module_Y\15Y_placeholder_READY.py	UTF-8 BOM
D:\MAGIC\scripts\phase15\module_Z\15Z_placeholder_READY.py	UTF-8 BOM
D:\MAGIC\scripts\phase16\module_A\16A_comment_alert_pusher_READY.py	UTF-8 BOM
D:\MAGIC\scripts\phase16\module_A\16A_comment_sentiment_tracker_READY.py	UTF-8 BOM
D:\MAGIC\scripts\phase16\module_A\16A_faq_extractor_from_comments_READY.py	UTF-8 BOM
D:\MAGIC\scripts\phase16\module_A\16A_placeholder_READY.py	UTF-8 BOM
D:\MAGIC\scripts\phase16\module_B\16B_auto_dm_responder_READY.py	UTF-8 BOM
D:\MAGIC\scripts\phase16\module_B\16B_loyalty_point_tracker_READY.py	UTF-8 BOM
D:\MAGIC\scripts\phase16\module_B\16B_placeholder_READY.py	UTF-8 BOM
D:\MAGIC\scripts\phase16\module_B\16B_warm_lead_tagger_READY.py	UTF-8 BOM
D:\MAGIC\scripts\phase16\module_C\16C_community_drop_announcer_READY.py	UTF-8 BOM
D:\MAGIC\scripts\phase16\module_C\16C_giveaway_trigger_READY.py	UTF-8 BOM
D:\MAGIC\scripts\phase16\module_C\16C_placeholder_READY.py	UTF-8 BOM
D:\MAGIC\scripts\phase16\module_C\16C_tiered_access_gater_READY.py	UTF-8 BOM
D:\MAGIC\scripts\phase16\module_D\16D_engagement_leaderboard_READY.py	UTF-8 BOM
D:\MAGIC\scripts\phase16\module_D\16D_fan_feedback_collector_READY.py	UTF-8 BOM
D:\MAGIC\scripts\phase16\module_D\16D_placeholder_READY.py	UTF-8 BOM
D:\MAGIC\scripts\phase16\module_D\16D_public_thank_you_generator_READY.py	UTF-8 BOM
D:\MAGIC\scripts\phase16\module_E\16E_engagement_funnel_visualizer_READY.py	UTF-8 BOM
D:\MAGIC\scripts\phase16\module_E\16E_placeholder_READY.py	UTF-8 BOM
D:\MAGIC\scripts\phase16\module_E\16E_retention_heatmap_READY.py	UTF-8 BOM
D:\MAGIC\scripts\phase16\module_E\16E_sentiment_over_time_chart_READY.py	UTF-8 BOM
D:\MAGIC\scripts\phase16\module_F\16F_placeholder_READY.py	UTF-8 BOM
D:\MAGIC\scripts\phase16\module_G\16G_placeholder_READY.py	UTF-8 BOM
D:\MAGIC\scripts\phase16\module_H\16H_placeholder_READY.py	UTF-8 BOM
D:\MAGIC\scripts\phase16\module_I\16I_placeholder_READY.py	UTF-8 BOM
D:\MAGIC\scripts\phase16\module_J\16J_placeholder_READY.py	UTF-8 BOM
D:\MAGIC\scripts\phase16\module_K\16K_placeholder_READY.py	UTF-8 BOM
D:\MAGIC\scripts\phase16\module_L\16L_placeholder_READY.py	UTF-8 BOM
D:\MAGIC\scripts\phase16\module_M\16M_placeholder_READY.py	UTF-8 BOM
D:\MAGIC\scripts\phase16\module_N\16N_placeholder_READY.py	UTF-8 BOM
D:\MAGIC\scripts\phase16\module_O\16O_placeholder_READY.py	UTF-8 BOM
D:\MAGIC\scripts\phase16\module_P\16P_placeholder_READY.py	UTF-8 BOM
D:\MAGIC\scripts\phase16\module_Q\16Q_placeholder_READY.py	UTF-8 BOM
D:\MAGIC\scripts\phase16\module_R\16R_placeholder_READY.py	UTF-8 BOM
D:\MAGIC\scripts\phase16\module_S\16S_placeholder_READY.py	UTF-8 BOM
D:\MAGIC\scripts\phase16\module_T\16T_placeholder_READY.py	UTF-8 BOM
D:\MAGIC\scripts\phase16\module_U\16U_placeholder_READY.py	UTF-8 BOM
D:\MAGIC\scripts\phase16\module_V\16V_placeholder_READY.py	UTF-8 BOM
D:\MAGIC\scripts\phase16\module_W\16W_placeholder_READY.py	UTF-8 BOM
D:\MAGIC\scripts\phase16\module_X\16X_placeholder_READY.py	UTF-8 BOM
D:\MAGIC\scripts\phase16\module_Y\16Y_placeholder_READY.py	UTF-8 BOM
D:\MAGIC\scripts\phase16\module_Z\16Z_placeholder_READY.py	UTF-8 BOM
D:\MAGIC\scripts\phase17\module_A\17A_api_failover_router_READY.py	UTF-8 BOM
D:\MAGIC\scripts\phase17\module_A\17A_placeholder_READY.py	UTF-8 BOM
D:\MAGIC\scripts\phase17\module_A\17A_platform_status_watchdog_READY.py	UTF-8 BOM
D:\MAGIC\scripts\phase17\module_A\17A_retry_queue_manager_READY.py	UTF-8 BOM
D:\MAGIC\scripts\phase17\module_A\17A_scraping_fallback_engine_READY.py	UTF-8 BOM
D:\MAGIC\scripts\phase17\module_B\17B_auto_pr_crisis_manager_READY.py	UTF-8 BOM
D:\MAGIC\scripts\phase17\module_B\17B_black_swan_event_detector_READY.py	UTF-8 BOM
D:\MAGIC\scripts\phase17\module_B\17B_creator_blacklist_watch_READY.py	UTF-8 BOM
D:\MAGIC\scripts\phase17\module_B\17B_emergency_shutdown_switch_READY.py	UTF-8 BOM
D:\MAGIC\scripts\phase17\module_B\17B_placeholder_READY.py	UTF-8 BOM
D:\MAGIC\scripts\phase17\module_C\17C_automation_self_healing_layer_READY.py	UTF-8 BOM
D:\MAGIC\scripts\phase17\module_C\17C_auto_recover_agent_READY.py	UTF-8 BOM
D:\MAGIC\scripts\phase17\module_C\17C_backup_configuration_sync_READY.py	UTF-8 BOM
D:\MAGIC\scripts\phase17\module_C\17C_diagnostic_snapshot_exporter_READY.py	UTF-8 BOM
D:\MAGIC\scripts\phase17\module_C\17C_escalation_notifier_READY.py	UTF-8 BOM
D:\MAGIC\scripts\phase17\module_C\17C_extra_missing_TEST.py	ReadError: The property 'Length' cannot be found on this object. Verify that the property exists.
D:\MAGIC\scripts\phase17\module_C\17C_placeholder_READY.py	UTF-8 BOM
D:\MAGIC\scripts\phase17\module_D\17D_age_restricted_content_filter_READY.py	UTF-8 BOM
D:\MAGIC\scripts\phase17\module_D\17D_copyright_takedown_watcher_READY.py	UTF-8 BOM
D:\MAGIC\scripts\phase17\module_D\17D_placeholder_READY.py	UTF-8 BOM
D:\MAGIC\scripts\phase17\module_D\17D_policy_violation_auto_flagger_READY.py	UTF-8 BOM
D:\MAGIC\scripts\phase17\module_D\17D_shadowban_detection_radar_READY.py	UTF-8 BOM
D:\MAGIC\scripts\phase17\module_E\17E_cold_backup_upload_agent_READY.py	UTF-8 BOM
D:\MAGIC\scripts\phase17\module_E\17E_content_vault_checkpoint_manager_READY.py	UTF-8 BOM
D:\MAGIC\scripts\phase17\module_E\17E_local_drafts_backup_queue_READY.py	UTF-8 BOM
D:\MAGIC\scripts\phase17\module_E\17E_placeholder_READY.py	UTF-8 BOM
D:\MAGIC\scripts\phase17\module_E\17E_sync_to_git_auto_recovery_logs_READY.py	UTF-8 BOM
D:\MAGIC\scripts\phase17\module_F\17F_placeholder_READY.py	UTF-8 BOM
D:\MAGIC\scripts\phase17\module_G\17G_placeholder_READY.py	UTF-8 BOM
D:\MAGIC\scripts\phase17\module_H\17H_placeholder_READY.py	UTF-8 BOM
D:\MAGIC\scripts\phase17\module_I\17I_placeholder_READY.py	UTF-8 BOM
D:\MAGIC\scripts\phase17\module_J\17J_placeholder_READY.py	UTF-8 BOM
D:\MAGIC\scripts\phase17\module_K\17K_placeholder_READY.py	UTF-8 BOM
D:\MAGIC\scripts\phase17\module_L\17L_placeholder_READY.py	UTF-8 BOM
D:\MAGIC\scripts\phase17\module_M\17M_placeholder_READY.py	UTF-8 BOM
D:\MAGIC\scripts\phase17\module_N\17N_placeholder_READY.py	UTF-8 BOM
D:\MAGIC\scripts\phase17\module_O\17O_placeholder_READY.py	UTF-8 BOM
D:\MAGIC\scripts\phase17\module_P\17P_placeholder_READY.py	UTF-8 BOM
D:\MAGIC\scripts\phase17\module_Q\17Q_placeholder_READY.py	UTF-8 BOM
D:\MAGIC\scripts\phase17\module_R\17R_placeholder_READY.py	UTF-8 BOM
D:\MAGIC\scripts\phase17\module_S\17S_placeholder_READY.py	UTF-8 BOM
D:\MAGIC\scripts\phase17\module_T\17T_placeholder_READY.py	UTF-8 BOM
D:\MAGIC\scripts\phase17\module_U\17U_placeholder_READY.py	UTF-8 BOM
D:\MAGIC\scripts\phase17\module_V\17V_placeholder_READY.py	UTF-8 BOM
D:\MAGIC\scripts\phase17\module_W\17W_placeholder_READY.py	UTF-8 BOM
D:\MAGIC\scripts\phase17\module_X\17X_placeholder_READY.py	UTF-8 BOM
D:\MAGIC\scripts\phase17\module_Y\17Y_placeholder_READY.py	UTF-8 BOM
D:\MAGIC\scripts\phase17\module_Z\17Z_placeholder_READY.py	UTF-8 BOM
D:\MAGIC\scripts\phase18\module_A\18A_cost_of_acquisition_estimator_READY.py	UTF-8 BOM
D:\MAGIC\scripts\phase18\module_A\18A_earnings_estimator_READY.py	UTF-8 BOM
D:\MAGIC\scripts\phase18\module_A\18A_placeholder_READY.py	UTF-8 BOM
D:\MAGIC\scripts\phase18\module_A\18A_rpm_data_manager_READY.py	UTF-8 BOM
D:\MAGIC\scripts\phase18\module_A\18A_uncertainty_visualizer_READY.py	UTF-8 BOM
D:\MAGIC\scripts\phase18\module_B\18B_affiliate_click_tracking_READY.py	UTF-8 BOM
D:\MAGIC\scripts\phase18\module_B\18B_affiliate_link_auto_placer_READY.py	UTF-8 BOM
D:\MAGIC\scripts\phase18\module_B\18B_affiliate_program_directory_READY.py	UTF-8 BOM
D:\MAGIC\scripts\phase18\module_B\18B_affiliate_tracking_id_generator_READY.py	UTF-8 BOM
D:\MAGIC\scripts\phase18\module_B\18B_link_cloaking_bitly_integration_READY.py	UTF-8 BOM
D:\MAGIC\scripts\phase18\module_B\18B_link_level_revenue_mapping_READY.py	UTF-8 BOM
D:\MAGIC\scripts\phase18\module_B\18B_placeholder_READY.py	UTF-8 BOM
D:\MAGIC\scripts\phase18\module_B\18B_trend_to_affiliate_matcher_READY.py	UTF-8 BOM
D:\MAGIC\scripts\phase18\module_C\18C_auto_create_notion_template_READY.py	UTF-8 BOM
D:\MAGIC\scripts\phase18\module_C\18C_digital_product_generator_READY.py	UTF-8 BOM
D:\MAGIC\scripts\phase18\module_C\18C_giveaway_trigger_bot_READY.py	UTF-8 BOM
D:\MAGIC\scripts\phase18\module_C\18C_gumroad_exporter_READY.py	UTF-8 BOM
D:\MAGIC\scripts\phase18\module_C\18C_licensing_deal_detector_READY.py	UTF-8 BOM
D:\MAGIC\scripts\phase18\module_C\18C_outreach_script_generator_READY.py	UTF-8 BOM
D:\MAGIC\scripts\phase18\module_C\18C_placeholder_READY.py	UTF-8 BOM
D:\MAGIC\scripts\phase18\module_C\18C_sponsorship_opportunity_scanner_READY.py	UTF-8 BOM
D:\MAGIC\scripts\phase18\module_D\18D_auto_legal_disclaimer_inserter_READY.py	UTF-8 BOM
D:\MAGIC\scripts\phase18\module_D\18D_no_earnings_detector_READY.py	UTF-8 BOM
D:\MAGIC\scripts\phase18\module_D\18D_placeholder_READY.py	UTF-8 BOM
D:\MAGIC\scripts\phase18\module_D\18D_sponsored_content_flagger_READY.py	UTF-8 BOM
D:\MAGIC\scripts\phase18\module_E\18E_google_sheets_exporter_READY.py	UTF-8 BOM
D:\MAGIC\scripts\phase18\module_E\18E_midas_roi_dashboard_READY.py	UTF-8 BOM
D:\MAGIC\scripts\phase18\module_E\18E_notion_earnings_sync_READY.py	UTF-8 BOM
D:\MAGIC\scripts\phase18\module_E\18E_placeholder_READY.py	UTF-8 BOM
D:\MAGIC\scripts\phase18\module_E\18E_profit_vs_cost_analyzer_READY.py	UTF-8 BOM
D:\MAGIC\scripts\phase18\module_E\18E_roi_tracker_READY.py	UTF-8 BOM
D:\MAGIC\scripts\phase18\module_F\18F_convertkit_funnel_linker_READY.py	UTF-8 BOM
D:\MAGIC\scripts\phase18\module_F\18F_crm_tag_syncer_READY.py	UTF-8 BOM
D:\MAGIC\scripts\phase18\module_F\18F_placeholder_READY.py	UTF-8 BOM
D:\MAGIC\scripts\phase18\module_G\18G_dynamic_cta_tester_READY.py	UTF-8 BOM
D:\MAGIC\scripts\phase18\module_G\18G_dynamic_profit_split_tracker_READY.py	UTF-8 BOM
D:\MAGIC\scripts\phase18\module_G\18G_midas_controller_READY.py	UTF-8 BOM
D:\MAGIC\scripts\phase18\module_G\18G_placeholder_READY.py	UTF-8 BOM
D:\MAGIC\scripts\phase18\module_G\18G_pricing_recommender_ai_READY.py	UTF-8 BOM
D:\MAGIC\scripts\phase18\module_H\18H_auto_platform_roi_rebalancer_READY.py	UTF-8 BOM
D:\MAGIC\scripts\phase18\module_H\18H_placeholder_READY.py	UTF-8 BOM
D:\MAGIC\scripts\phase18\module_H\18H_platform_revenue_gap_finder_READY.py	UTF-8 BOM
D:\MAGIC\scripts\phase18\module_H\18H_platform_rpm_benchmark_visualizer_READY.py	UTF-8 BOM
D:\MAGIC\scripts\phase18\module_I\18I_conversion_optimizer_ai_READY.py	UTF-8 BOM
D:\MAGIC\scripts\phase18\module_I\18I_geo_based_offer_redirector_READY.py	UTF-8 BOM
D:\MAGIC\scripts\phase18\module_I\18I_placeholder_READY.py	UTF-8 BOM
D:\MAGIC\scripts\phase18\module_I\18I_split_test_affiliate_cta_generator_READY.py	UTF-8 BOM
D:\MAGIC\scripts\phase18\module_J\18J_affiliate_product_cross_list_ai_READY.py	UTF-8 BOM
D:\MAGIC\scripts\phase18\module_J\18J_placeholder_READY.py	UTF-8 BOM
D:\MAGIC\scripts\phase18\module_J\18J_upload_product_to_gumroad_READY.py	UTF-8 BOM
D:\MAGIC\scripts\phase18\module_J\18J_upload_product_to_payhip_READY.py	UTF-8 BOM
D:\MAGIC\scripts\phase18\module_K\18K_email_upsell_detector_READY.py	UTF-8 BOM
D:\MAGIC\scripts\phase18\module_K\18K_placeholder_READY.py	UTF-8 BOM
D:\MAGIC\scripts\phase18\module_K\18K_post_purchase_offer_trigger_READY.py	UTF-8 BOM
D:\MAGIC\scripts\phase18\module_K\18K_upsell_chain_planner_READY.py	UTF-8 BOM
D:\MAGIC\scripts\phase18\module_L\18L_customer_ltv_estimator_READY.py	UTF-8 BOM
D:\MAGIC\scripts\phase18\module_L\18L_forecasting_ai_30_90_180_days__READY.py	UTF-8 BOM
D:\MAGIC\scripts\phase18\module_L\18L_funnel_drop_off_analyzer_READY.py	UTF-8 BOM
D:\MAGIC\scripts\phase18\module_L\18L_placeholder_READY.py	UTF-8 BOM
D:\MAGIC\scripts\phase18\module_M\18M_affiliate_link_failure_detector_READY.py	UTF-8 BOM
D:\MAGIC\scripts\phase18\module_M\18M_placeholder_READY.py	UTF-8 BOM
D:\MAGIC\scripts\phase18\module_M\18M_sponsorship_offer_expiry_notifier_READY.py	UTF-8 BOM
D:\MAGIC\scripts\phase18\module_M\18M_zero_earnings_alert_system_READY.py	UTF-8 BOM
D:\MAGIC\scripts\phase18\module_N\18N_midas_summary_report_generator_READY.py	UTF-8 BOM
D:\MAGIC\scripts\phase18\module_N\18N_monetization_audit_log_READY.py	UTF-8 BOM
D:\MAGIC\scripts\phase18\module_N\18N_placeholder_READY.py	UTF-8 BOM
D:\MAGIC\scripts\phase18\module_O\18O_affiliate_journey_map_generator_READY.py	UTF-8 BOM
D:\MAGIC\scripts\phase18\module_O\18O_crm_conversion_timeline_analyzer_READY.py	UTF-8 BOM
D:\MAGIC\scripts\phase18\module_O\18O_crm_lead_tag_syncer_READY.py	UTF-8 BOM
D:\MAGIC\scripts\phase18\module_O\18O_placeholder_READY.py	UTF-8 BOM
D:\MAGIC\scripts\phase18\module_P\18P_format_specific_roi_splitter_READY.py	UTF-8 BOM
D:\MAGIC\scripts\phase18\module_P\18P_placeholder_READY.py	UTF-8 BOM
D:\MAGIC\scripts\phase18\module_P\18P_title_based_rpm_adjuster_READY.py	UTF-8 BOM
D:\MAGIC\scripts\phase18\module_P\18P_topicÃ¢_earnings_multiplier_mapper_READY.py	UTF-8 BOM
D:\MAGIC\scripts\phase18\module_Q\18Q_outreach_email_personalizer_READY.py	UTF-8 BOM
D:\MAGIC\scripts\phase18\module_Q\18Q_placeholder_READY.py	UTF-8 BOM
D:\MAGIC\scripts\phase18\module_Q\18Q_sponsored_video_roi_tracker_READY.py	UTF-8 BOM
D:\MAGIC\scripts\phase18\module_Q\18Q_sponsor_type_categorizer_READY.py	UTF-8 BOM
D:\MAGIC\scripts\phase18\module_R\18R_affiliate_link_expiration_watcher_READY.py	UTF-8 BOM
D:\MAGIC\scripts\phase18\module_R\18R_link_redirect_manager_READY.py	UTF-8 BOM
D:\MAGIC\scripts\phase18\module_R\18R_link_tracker_pixel_injector_READY.py	UTF-8 BOM
D:\MAGIC\scripts\phase18\module_R\18R_placeholder_READY.py	UTF-8 BOM
D:\MAGIC\scripts\phase18\module_S\18S_dynamic_monetization_optimizer_READY.py	UTF-8 BOM
D:\MAGIC\scripts\phase18\module_S\18S_earnings_opportunity_predictor_READY.py	UTF-8 BOM
D:\MAGIC\scripts\phase18\module_S\18S_monetization_strength_scorer_READY.py	UTF-8 BOM
D:\MAGIC\scripts\phase18\module_S\18S_placeholder_READY.py	UTF-8 BOM
D:\MAGIC\scripts\phase18\module_T\18T_nexusÃ¢_midas_auto_publish_planner_READY.py	UTF-8 BOM
D:\MAGIC\scripts\phase18\module_T\18T_placeholder_READY.py	UTF-8 BOM
D:\MAGIC\scripts\phase18\module_T\18T_scribeÃ¢_midas_link_generator_READY.py	UTF-8 BOM
D:\MAGIC\scripts\phase18\module_T\18T_zephyrÃ¢_midas_trend_revenue_sync_READY.py	UTF-8 BOM
D:\MAGIC\scripts\phase18\module_U\18U_google_sheets_earnings_exporter_READY.py	UTF-8 BOM
D:\MAGIC\scripts\phase18\module_U\18U_notion_funnel_link_inserter_READY.py	UTF-8 BOM
D:\MAGIC\scripts\phase18\module_U\18U_notion_paywall_status_tracker_READY.py	UTF-8 BOM
D:\MAGIC\scripts\phase18\module_U\18U_notion_revenue_syncer_READY.py	UTF-8 BOM
D:\MAGIC\scripts\phase18\module_U\18U_placeholder_READY.py	UTF-8 BOM
D:\MAGIC\scripts\phase18\module_V\18V_auto_legal_disclaimer_inserter_READY.py	UTF-8 BOM
D:\MAGIC\scripts\phase18\module_V\18V_placeholder_READY.py	UTF-8 BOM
D:\MAGIC\scripts\phase18\module_V\18V_region_based_monetization_rules_READY.py	UTF-8 BOM
D:\MAGIC\scripts\phase18\module_V\18V_revenue_split_compliance_checker_READY.py	UTF-8 BOM
D:\MAGIC\scripts\phase18\module_V\18V_sponsored_tag_auto_flagger_READY.py	UTF-8 BOM
D:\MAGIC\scripts\phase18\module_W\18W_no_earnings_content_detector_READY.py	UTF-8 BOM
D:\MAGIC\scripts\phase18\module_W\18W_placeholder_READY.py	UTF-8 BOM
D:\MAGIC\scripts\phase18\module_W\18W_shadowban_monetization_impact_watch_READY.py	UTF-8 BOM
D:\MAGIC\scripts\phase18\module_W\18W_traffic_spike_monetization_trigger_READY.py	UTF-8 BOM
D:\MAGIC\scripts\phase18\module_X\18X_content_Ã¢_product_recommendation_ai_READY.py	UTF-8 BOM
D:\MAGIC\scripts\phase18\module_X\18X_funnel_stage_content_matcher_READY.py	UTF-8 BOM
D:\MAGIC\scripts\phase18\module_X\18X_placeholder_READY.py	UTF-8 BOM
D:\MAGIC\scripts\phase18\module_X\18X_product_Ã¢_content_expansion_ai_READY.py	UTF-8 BOM
D:\MAGIC\scripts\phase18\module_Y\18Y_cpm_optimized_upload_scheduler_READY.py	UTF-8 BOM
D:\MAGIC\scripts\phase18\module_Y\18Y_dynamic_platform_earnings_comparator_READY.py	UTF-8 BOM
D:\MAGIC\scripts\phase18\module_Y\18Y_placeholder_READY.py	UTF-8 BOM
D:\MAGIC\scripts\phase18\module_Y\18Y_seasonal_trend_monetization_mapper_READY.py	UTF-8 BOM
D:\MAGIC\scripts\phase18\module_Z\18Z_midas_cli_tool_READY.py	UTF-8 BOM
D:\MAGIC\scripts\phase18\module_Z\18Z_midas_controller_orchestrator_READY.py	UTF-8 BOM
D:\MAGIC\scripts\phase18\module_Z\18Z_midas_watchdog_failsafe_READY.py	UTF-8 BOM
D:\MAGIC\scripts\phase18\module_Z\18Z_placeholder_READY.py	UTF-8 BOM
D:\MAGIC\scripts\phase2\module_A\2A_placeholder_READY.py	UTF-8 BOM
D:\MAGIC\scripts\phase2\module_B\2B_placeholder_READY.py	UTF-8 BOM
D:\MAGIC\scripts\phase2\module_C\2C_placeholder_READY.py	UTF-8 BOM
D:\MAGIC\scripts\phase2\module_D\2D_placeholder_READY.py	UTF-8 BOM
D:\MAGIC\scripts\phase2\module_E\2E_placeholder_READY.py	UTF-8 BOM
D:\MAGIC\scripts\phase2\module_F\2F_placeholder_READY.py	UTF-8 BOM
D:\MAGIC\scripts\phase2\module_G\2G_placeholder_READY.py	UTF-8 BOM
D:\MAGIC\scripts\phase2\module_H\2H_placeholder_READY.py	UTF-8 BOM
D:\MAGIC\scripts\phase2\module_I\2I_placeholder_READY.py	UTF-8 BOM
D:\MAGIC\scripts\phase2\module_J\2J_placeholder_READY.py	UTF-8 BOM
D:\MAGIC\scripts\phase2\module_K\2K_placeholder_READY.py	UTF-8 BOM
D:\MAGIC\scripts\phase2\module_L\2L_placeholder_READY.py	UTF-8 BOM
D:\MAGIC\scripts\phase2\module_M\2M_placeholder_READY.py	UTF-8 BOM
D:\MAGIC\scripts\phase2\module_N\2N_placeholder_READY.py	UTF-8 BOM
D:\MAGIC\scripts\phase2\module_O\2O_placeholder_READY.py	UTF-8 BOM
D:\MAGIC\scripts\phase2\module_P\2P_placeholder_READY.py	UTF-8 BOM
D:\MAGIC\scripts\phase2\module_Q\2Q_placeholder_READY.py	UTF-8 BOM
D:\MAGIC\scripts\phase2\module_R\2R_placeholder_READY.py	UTF-8 BOM
D:\MAGIC\scripts\phase2\module_S\2S_placeholder_READY.py	UTF-8 BOM
D:\MAGIC\scripts\phase2\module_T\2T_placeholder_READY.py	UTF-8 BOM
D:\MAGIC\scripts\phase2\module_U\2U_placeholder_READY.py	UTF-8 BOM
D:\MAGIC\scripts\phase2\module_V\2V_placeholder_READY.py	UTF-8 BOM
D:\MAGIC\scripts\phase2\module_W\2W_placeholder_READY.py	UTF-8 BOM
D:\MAGIC\scripts\phase2\module_X\2X_placeholder_READY.py	UTF-8 BOM
D:\MAGIC\scripts\phase2\module_Y\2Y_placeholder_READY.py	UTF-8 BOM
D:\MAGIC\scripts\phase2\module_Z\2Z_placeholder_READY.py	UTF-8 BOM
D:\MAGIC\scripts\phase3\module_A\3A_placeholder_READY.py	UTF-8 BOM
D:\MAGIC\scripts\phase3\module_B\3B_placeholder_READY.py	UTF-8 BOM
D:\MAGIC\scripts\phase3\module_C\3C_placeholder_READY.py	UTF-8 BOM
D:\MAGIC\scripts\phase3\module_D\3D_placeholder_READY.py	UTF-8 BOM
D:\MAGIC\scripts\phase3\module_E\3E_placeholder_READY.py	UTF-8 BOM
D:\MAGIC\scripts\phase3\module_F\3F_placeholder_READY.py	UTF-8 BOM
D:\MAGIC\scripts\phase3\module_G\3G_placeholder_READY.py	UTF-8 BOM
D:\MAGIC\scripts\phase3\module_H\3H_placeholder_READY.py	UTF-8 BOM
D:\MAGIC\scripts\phase3\module_I\3I_placeholder_READY.py	UTF-8 BOM
D:\MAGIC\scripts\phase3\module_J\3J_placeholder_READY.py	UTF-8 BOM
D:\MAGIC\scripts\phase3\module_K\3K_placeholder_READY.py	UTF-8 BOM
D:\MAGIC\scripts\phase3\module_L\3L_placeholder_READY.py	UTF-8 BOM
D:\MAGIC\scripts\phase3\module_M\3M_placeholder_READY.py	UTF-8 BOM
D:\MAGIC\scripts\phase3\module_N\3N_placeholder_READY.py	UTF-8 BOM
D:\MAGIC\scripts\phase3\module_O\3O_placeholder_READY.py	UTF-8 BOM
D:\MAGIC\scripts\phase3\module_P\3P_placeholder_READY.py	UTF-8 BOM
D:\MAGIC\scripts\phase3\module_Q\3Q_placeholder_READY.py	UTF-8 BOM
D:\MAGIC\scripts\phase3\module_R\3R_placeholder_READY.py	UTF-8 BOM
D:\MAGIC\scripts\phase3\module_S\3S_placeholder_READY.py	UTF-8 BOM
D:\MAGIC\scripts\phase3\module_T\3T_placeholder_READY.py	UTF-8 BOM
D:\MAGIC\scripts\phase3\module_U\3U_placeholder_READY.py	UTF-8 BOM
D:\MAGIC\scripts\phase3\module_V\3V_placeholder_READY.py	UTF-8 BOM
D:\MAGIC\scripts\phase3\module_W\3W_placeholder_READY.py	UTF-8 BOM
D:\MAGIC\scripts\phase3\module_X\3X_placeholder_READY.py	UTF-8 BOM
D:\MAGIC\scripts\phase3\module_Y\3Y_placeholder_READY.py	UTF-8 BOM
D:\MAGIC\scripts\phase3\module_Z\3Z_placeholder_READY.py	UTF-8 BOM
D:\MAGIC\scripts\phase4\module_A\4A_placeholder_READY.py	UTF-8 BOM
D:\MAGIC\scripts\phase4\module_B\4B_placeholder_READY.py	UTF-8 BOM
D:\MAGIC\scripts\phase4\module_C\4C_placeholder_READY.py	UTF-8 BOM
D:\MAGIC\scripts\phase4\module_D\4D_placeholder_READY.py	UTF-8 BOM
D:\MAGIC\scripts\phase4\module_E\4E_placeholder_READY.py	UTF-8 BOM
D:\MAGIC\scripts\phase4\module_F\4F_placeholder_READY.py	UTF-8 BOM
D:\MAGIC\scripts\phase4\module_G\4G_placeholder_READY.py	UTF-8 BOM
D:\MAGIC\scripts\phase4\module_H\4H_placeholder_READY.py	UTF-8 BOM
D:\MAGIC\scripts\phase4\module_I\4I_placeholder_READY.py	UTF-8 BOM
D:\MAGIC\scripts\phase4\module_J\4J_placeholder_READY.py	UTF-8 BOM
D:\MAGIC\scripts\phase4\module_K\4K_placeholder_READY.py	UTF-8 BOM
D:\MAGIC\scripts\phase4\module_L\4L_placeholder_READY.py	UTF-8 BOM
D:\MAGIC\scripts\phase4\module_M\4M_placeholder_READY.py	UTF-8 BOM
D:\MAGIC\scripts\phase4\module_N\4N_placeholder_READY.py	UTF-8 BOM
D:\MAGIC\scripts\phase4\module_O\4O_placeholder_READY.py	UTF-8 BOM
D:\MAGIC\scripts\phase4\module_P\4P_placeholder_READY.py	UTF-8 BOM
D:\MAGIC\scripts\phase4\module_Q\4Q_placeholder_READY.py	UTF-8 BOM
D:\MAGIC\scripts\phase4\module_R\4R_placeholder_READY.py	UTF-8 BOM
D:\MAGIC\scripts\phase4\module_S\4S_placeholder_READY.py	UTF-8 BOM
D:\MAGIC\scripts\phase4\module_T\4T_placeholder_READY.py	UTF-8 BOM
D:\MAGIC\scripts\phase4\module_U\4U_placeholder_READY.py	UTF-8 BOM
D:\MAGIC\scripts\phase4\module_V\4V_placeholder_READY.py	UTF-8 BOM
D:\MAGIC\scripts\phase4\module_W\4W_placeholder_READY.py	UTF-8 BOM
D:\MAGIC\scripts\phase4\module_X\4X_placeholder_READY.py	UTF-8 BOM
D:\MAGIC\scripts\phase4\module_Y\4Y_placeholder_READY.py	UTF-8 BOM
D:\MAGIC\scripts\phase4\module_Z\4Z_placeholder_READY.py	UTF-8 BOM
D:\MAGIC\scripts\phase5\module_A\5A_placeholder_READY.py	UTF-8 BOM
D:\MAGIC\scripts\phase5\module_B\5B_placeholder_READY.py	UTF-8 BOM
D:\MAGIC\scripts\phase5\module_C\5C_placeholder_READY.py	UTF-8 BOM
D:\MAGIC\scripts\phase5\module_D\5D_placeholder_READY.py	UTF-8 BOM
D:\MAGIC\scripts\phase5\module_E\5E_placeholder_READY.py	UTF-8 BOM
D:\MAGIC\scripts\phase5\module_F\5F_placeholder_READY.py	UTF-8 BOM
D:\MAGIC\scripts\phase5\module_G\5G_placeholder_READY.py	UTF-8 BOM
D:\MAGIC\scripts\phase5\module_H\5H_placeholder_READY.py	UTF-8 BOM
D:\MAGIC\scripts\phase5\module_I\5I_placeholder_READY.py	UTF-8 BOM
D:\MAGIC\scripts\phase5\module_J\5J_placeholder_READY.py	UTF-8 BOM
D:\MAGIC\scripts\phase5\module_K\5K_placeholder_READY.py	UTF-8 BOM
D:\MAGIC\scripts\phase5\module_L\5L_placeholder_READY.py	UTF-8 BOM
D:\MAGIC\scripts\phase5\module_M\5M_placeholder_READY.py	UTF-8 BOM
D:\MAGIC\scripts\phase5\module_N\5N_placeholder_READY.py	UTF-8 BOM
D:\MAGIC\scripts\phase5\module_O\5O_placeholder_READY.py	UTF-8 BOM
D:\MAGIC\scripts\phase5\module_P\5P_placeholder_READY.py	UTF-8 BOM
D:\MAGIC\scripts\phase5\module_Q\5Q_placeholder_READY.py	UTF-8 BOM
D:\MAGIC\scripts\phase5\module_R\5R_placeholder_READY.py	UTF-8 BOM
D:\MAGIC\scripts\phase5\module_S\5S_placeholder_READY.py	UTF-8 BOM
D:\MAGIC\scripts\phase5\module_T\5T_placeholder_READY.py	UTF-8 BOM
D:\MAGIC\scripts\phase5\module_U\5U_placeholder_READY.py	UTF-8 BOM
D:\MAGIC\scripts\phase5\module_V\5V_placeholder_READY.py	UTF-8 BOM
D:\MAGIC\scripts\phase5\module_W\5W_placeholder_READY.py	UTF-8 BOM
D:\MAGIC\scripts\phase5\module_X\5X_placeholder_READY.py	UTF-8 BOM
D:\MAGIC\scripts\phase5\module_Y\5Y_placeholder_READY.py	UTF-8 BOM
D:\MAGIC\scripts\phase5\module_Z\5Z_placeholder_READY.py	UTF-8 BOM
D:\MAGIC\scripts\phase6\phase6_retry_scheduler_READY.py	UTF-8 BOM
D:\MAGIC\scripts\phase6\phase6_uploader_example_READY.py	UTF-8 BOM
D:\MAGIC\scripts\phase6\module_A\6A_placeholder_READY.py	UTF-8 BOM
D:\MAGIC\scripts\phase6\module_B\6B_placeholder_READY.py	UTF-8 BOM
D:\MAGIC\scripts\phase6\module_C\6C_placeholder_READY.py	UTF-8 BOM
D:\MAGIC\scripts\phase6\module_D\6D_placeholder_READY.py	UTF-8 BOM
D:\MAGIC\scripts\phase6\module_E\6E_placeholder_READY.py	UTF-8 BOM
D:\MAGIC\scripts\phase6\module_F\6F_placeholder_READY.py	UTF-8 BOM
D:\MAGIC\scripts\phase6\module_G\6G_placeholder_READY.py	UTF-8 BOM
D:\MAGIC\scripts\phase6\module_H\6H_placeholder_READY.py	UTF-8 BOM
D:\MAGIC\scripts\phase6\module_I\6I_placeholder_READY.py	UTF-8 BOM
D:\MAGIC\scripts\phase6\module_J\6J_placeholder_READY.py	UTF-8 BOM
D:\MAGIC\scripts\phase6\module_K\6K_placeholder_READY.py	UTF-8 BOM
D:\MAGIC\scripts\phase6\module_L\6L_placeholder_READY.py	UTF-8 BOM
D:\MAGIC\scripts\phase6\module_M\6M_placeholder_READY.py	UTF-8 BOM
D:\MAGIC\scripts\phase6\module_N\6N_placeholder_READY.py	UTF-8 BOM
D:\MAGIC\scripts\phase6\module_O\6O_placeholder_READY.py	UTF-8 BOM
D:\MAGIC\scripts\phase6\module_P\6P_placeholder_READY.py	UTF-8 BOM
D:\MAGIC\scripts\phase6\module_Q\6Q_placeholder_READY.py	UTF-8 BOM
D:\MAGIC\scripts\phase6\module_R\6R_placeholder_READY.py	UTF-8 BOM
D:\MAGIC\scripts\phase6\module_S\6S_placeholder_READY.py	UTF-8 BOM
D:\MAGIC\scripts\phase6\module_T\6T_placeholder_READY.py	UTF-8 BOM
D:\MAGIC\scripts\phase6\module_U\6U_placeholder_READY.py	UTF-8 BOM
D:\MAGIC\scripts\phase6\module_V\6V_placeholder_READY.py	UTF-8 BOM
D:\MAGIC\scripts\phase6\module_W\6W_placeholder_READY.py	UTF-8 BOM
D:\MAGIC\scripts\phase6\module_X\6X_placeholder_READY.py	UTF-8 BOM
D:\MAGIC\scripts\phase6\module_Y\6Y_placeholder_READY.py	UTF-8 BOM
D:\MAGIC\scripts\phase6\module_Z\6Z_placeholder_READY.py	UTF-8 BOM
D:\MAGIC\scripts\phase7\phase7_affiliate_handler_READY.py	UTF-8 BOM
D:\MAGIC\scripts\phase7\module_A\7A_placeholder_READY.py	UTF-8 BOM
D:\MAGIC\scripts\phase7\module_B\7B_placeholder_READY.py	UTF-8 BOM
D:\MAGIC\scripts\phase7\module_C\7C_placeholder_READY.py	UTF-8 BOM
D:\MAGIC\scripts\phase7\module_D\7D_placeholder_READY.py	UTF-8 BOM
D:\MAGIC\scripts\phase7\module_E\7E_placeholder_READY.py	UTF-8 BOM
D:\MAGIC\scripts\phase7\module_F\7F_placeholder_READY.py	UTF-8 BOM
D:\MAGIC\scripts\phase7\module_G\7G_placeholder_READY.py	UTF-8 BOM
D:\MAGIC\scripts\phase7\module_H\7H_placeholder_READY.py	UTF-8 BOM
D:\MAGIC\scripts\phase7\module_I\7I_placeholder_READY.py	UTF-8 BOM
D:\MAGIC\scripts\phase7\module_J\7J_placeholder_READY.py	UTF-8 BOM
D:\MAGIC\scripts\phase7\module_K\7K_placeholder_READY.py	UTF-8 BOM
D:\MAGIC\scripts\phase7\module_L\7L_placeholder_READY.py	UTF-8 BOM
D:\MAGIC\scripts\phase7\module_M\7M_placeholder_READY.py	UTF-8 BOM
D:\MAGIC\scripts\phase7\module_N\7N_placeholder_READY.py	UTF-8 BOM
D:\MAGIC\scripts\phase7\module_O\7O_placeholder_READY.py	UTF-8 BOM
D:\MAGIC\scripts\phase7\module_P\7P_placeholder_READY.py	UTF-8 BOM
D:\MAGIC\scripts\phase7\module_Q\7Q_placeholder_READY.py	UTF-8 BOM
D:\MAGIC\scripts\phase7\module_R\7R_placeholder_READY.py	UTF-8 BOM
D:\MAGIC\scripts\phase7\module_S\7S_placeholder_READY.py	UTF-8 BOM
D:\MAGIC\scripts\phase7\module_T\7T_placeholder_READY.py	UTF-8 BOM
D:\MAGIC\scripts\phase7\module_U\7U_placeholder_READY.py	UTF-8 BOM
D:\MAGIC\scripts\phase7\module_V\7V_placeholder_READY.py	UTF-8 BOM
D:\MAGIC\scripts\phase7\module_W\7W_placeholder_READY.py	UTF-8 BOM
D:\MAGIC\scripts\phase7\module_X\7X_placeholder_READY.py	UTF-8 BOM
D:\MAGIC\scripts\phase7\module_Y\7Y_placeholder_READY.py	UTF-8 BOM
D:\MAGIC\scripts\phase7\module_Z\7Z_placeholder_READY.py	UTF-8 BOM
D:\MAGIC\scripts\phase8\phase8_traffic_sentiment_analysis_READY.py	UTF-8 BOM
D:\MAGIC\scripts\phase8\module_A\8A_placeholder_READY.py	UTF-8 BOM
D:\MAGIC\scripts\phase8\module_B\8B_placeholder_READY.py	UTF-8 BOM
D:\MAGIC\scripts\phase8\module_C\8C_placeholder_READY.py	UTF-8 BOM
D:\MAGIC\scripts\phase8\module_D\8D_placeholder_READY.py	UTF-8 BOM
D:\MAGIC\scripts\phase8\module_E\8E_placeholder_READY.py	UTF-8 BOM
D:\MAGIC\scripts\phase8\module_F\8F_placeholder_READY.py	UTF-8 BOM
D:\MAGIC\scripts\phase8\module_G\8G_placeholder_READY.py	UTF-8 BOM
D:\MAGIC\scripts\phase8\module_H\8H_placeholder_READY.py	UTF-8 BOM
D:\MAGIC\scripts\phase8\module_I\8I_placeholder_READY.py	UTF-8 BOM
D:\MAGIC\scripts\phase8\module_J\8J_placeholder_READY.py	UTF-8 BOM
D:\MAGIC\scripts\phase8\module_K\8K_placeholder_READY.py	UTF-8 BOM
D:\MAGIC\scripts\phase8\module_L\8L_placeholder_READY.py	UTF-8 BOM
D:\MAGIC\scripts\phase8\module_M\8M_placeholder_READY.py	UTF-8 BOM
D:\MAGIC\scripts\phase8\module_N\8N_placeholder_READY.py	UTF-8 BOM
D:\MAGIC\scripts\phase8\module_O\8O_placeholder_READY.py	UTF-8 BOM
D:\MAGIC\scripts\phase8\module_P\8P_placeholder_READY.py	UTF-8 BOM
D:\MAGIC\scripts\phase8\module_Q\8Q_placeholder_READY.py	UTF-8 BOM
D:\MAGIC\scripts\phase8\module_R\8R_placeholder_READY.py	UTF-8 BOM
D:\MAGIC\scripts\phase8\module_S\8S_placeholder_READY.py	UTF-8 BOM
D:\MAGIC\scripts\phase8\module_T\8T_placeholder_READY.py	UTF-8 BOM
D:\MAGIC\scripts\phase8\module_U\8U_placeholder_READY.py	UTF-8 BOM
D:\MAGIC\scripts\phase8\module_V\8V_placeholder_READY.py	UTF-8 BOM
D:\MAGIC\scripts\phase8\module_W\8W_placeholder_READY.py	UTF-8 BOM
D:\MAGIC\scripts\phase8\module_X\8X_placeholder_READY.py	UTF-8 BOM
D:\MAGIC\scripts\phase8\module_Y\8Y_placeholder_READY.py	UTF-8 BOM
D:\MAGIC\scripts\phase8\module_Z\8Z_placeholder_READY.py	UTF-8 BOM
D:\MAGIC\scripts\phase9\phase9_orchestration_runner_READY.py	UTF-8 BOM
D:\MAGIC\scripts\phase9\module_A\9A_placeholder_READY.py	UTF-8 BOM
D:\MAGIC\scripts\phase9\module_B\9B_placeholder_READY.py	UTF-8 BOM
D:\MAGIC\scripts\phase9\module_C\9C_placeholder_READY.py	UTF-8 BOM
D:\MAGIC\scripts\phase9\module_D\9D_placeholder_READY.py	UTF-8 BOM
D:\MAGIC\scripts\phase9\module_E\9E_placeholder_READY.py	UTF-8 BOM
D:\MAGIC\scripts\phase9\module_F\9F_placeholder_READY.py	UTF-8 BOM
D:\MAGIC\scripts\phase9\module_G\9G_placeholder_READY.py	UTF-8 BOM
D:\MAGIC\scripts\phase9\module_H\9H_placeholder_READY.py	UTF-8 BOM
D:\MAGIC\scripts\phase9\module_I\9I_placeholder_READY.py	UTF-8 BOM
D:\MAGIC\scripts\phase9\module_J\9J_placeholder_READY.py	UTF-8 BOM
D:\MAGIC\scripts\phase9\module_K\9K_placeholder_READY.py	UTF-8 BOM
D:\MAGIC\scripts\phase9\module_L\9L_placeholder_READY.py	UTF-8 BOM
D:\MAGIC\scripts\phase9\module_M\9M_placeholder_READY.py	UTF-8 BOM
D:\MAGIC\scripts\phase9\module_N\9N_placeholder_READY.py	UTF-8 BOM
D:\MAGIC\scripts\phase9\module_O\9O_placeholder_READY.py	UTF-8 BOM
D:\MAGIC\scripts\phase9\module_P\9P_placeholder_READY.py	UTF-8 BOM
D:\MAGIC\scripts\phase9\module_Q\9Q_placeholder_READY.py	UTF-8 BOM
D:\MAGIC\scripts\phase9\module_R\9R_placeholder_READY.py	UTF-8 BOM
D:\MAGIC\scripts\phase9\module_S\9S_placeholder_READY.py	UTF-8 BOM
D:\MAGIC\scripts\phase9\module_T\9T_placeholder_READY.py	UTF-8 BOM
D:\MAGIC\scripts\phase9\module_U\9U_placeholder_READY.py	UTF-8 BOM
D:\MAGIC\scripts\phase9\module_V\9V_placeholder_READY.py	UTF-8 BOM
D:\MAGIC\scripts\phase9\module_W\9W_placeholder_READY.py	UTF-8 BOM
D:\MAGIC\scripts\phase9\module_X\9X_placeholder_READY.py	UTF-8 BOM
D:\MAGIC\scripts\phase9\module_Y\9Y_placeholder_READY.py	UTF-8 BOM
D:\MAGIC\scripts\phase9\module_Z\9Z_placeholder_READY.py	UTF-8 BOM
D:\MAGIC\scripts\phase99\module_ZZ\99ZZ_dummy_script_v2_READY.py	UTF-8 BOM
D:\MAGIC\scripts\phase99\module_ZZ\file_not_found_test.py	UTF-8 BOM
D:\MAGIC\scripts\phase99\module_ZZ\import_error_test.py	UTF-8 BOM
D:\MAGIC\scripts\phase99\module_ZZ\unicode_error_test.py	UTF-8 BOM
