D:\MAGIC\scripts\abc.py	907
D:\MAGIC\scripts\absoft.py	5788
D:\MAGIC\scripts\abstract_event_listener.py	2178
D:\MAGIC\scripts\accessibility.py	22894
D:\MAGIC\scripts\accessor.py	107414
D:\MAGIC\scripts\accessors.py	14807
D:\MAGIC\scripts\accessor_2.py	12058
D:\MAGIC\scripts\account.py	1977
D:\MAGIC\scripts\actions.py	6426
D:\MAGIC\scripts\action_builder.py	6281
D:\MAGIC\scripts\action_chains.py	13746
D:\MAGIC\scripts\adapter.py	5033
D:\MAGIC\scripts\adapters.py	27451
D:\MAGIC\scripts\advanced_twitter_scraper_2.py	4258
D:\MAGIC\scripts\aead.py	634
D:\MAGIC\scripts\afmLib.py	13374
D:\MAGIC\scripts\after.py	1496
D:\MAGIC\scripts\agl.py	113031
D:\MAGIC\scripts\alert.py	2617
D:\MAGIC\scripts\algorithms.py	62938
D:\MAGIC\scripts\algorithms_2.py	2595
D:\MAGIC\scripts\algorithms_3.py	4542
D:\MAGIC\scripts\alias.py	2383
D:\MAGIC\scripts\align.py	10368
D:\MAGIC\scripts\alphabeticalattributes.py	878
D:\MAGIC\scripts\android.py	4112
D:\MAGIC\scripts\animation.py	14229
D:\MAGIC\scripts\annotations.py	5746
D:\MAGIC\scripts\ansi.py	6819
D:\MAGIC\scripts\ansitowin32.py	11161
D:\MAGIC\scripts\ansitowin32_test.py	10496
D:\MAGIC\scripts\ansi_test.py	2836
D:\MAGIC\scripts\api.py	6449
D:\MAGIC\scripts\api_10.py	22617
D:\MAGIC\scripts\api_2.py	22617
D:\MAGIC\scripts\api_3.py	3089
D:\MAGIC\scripts\api_4.py	65
D:\MAGIC\scripts\api_5.py	1845
D:\MAGIC\scripts\api_6.py	10437
D:\MAGIC\scripts\api_7.py	35
D:\MAGIC\scripts\api_8.py	191298
D:\MAGIC\scripts\api_9.py	42256
D:\MAGIC\scripts\api_normalizer.py	1713
D:\MAGIC\scripts\api_validator_2.py	86
D:\MAGIC\scripts\appdirs.py	24652
D:\MAGIC\scripts\appengine.py	11036
D:\MAGIC\scripts\apply.py	51126
D:\MAGIC\scripts\arc.py	5812
D:\MAGIC\scripts\archive.py	2411
D:\MAGIC\scripts\archive_util.py	8603
D:\MAGIC\scripts\areaPen.py	1472
D:\MAGIC\scripts\argon2.py	460
D:\MAGIC\scripts\arithmetic.py	3795
D:\MAGIC\scripts\arithmetic_2.py	7661
D:\MAGIC\scripts\arithmetic_3.py	25336
D:\MAGIC\scripts\array.py	3827
D:\MAGIC\scripts\arraylike.py	18689
D:\MAGIC\scripts\arraypad.py	31241
D:\MAGIC\scripts\arrayprint.py	61458
D:\MAGIC\scripts\arrayprint_2.py	522
D:\MAGIC\scripts\arrayprint_3.py	766
D:\MAGIC\scripts\arrayprint_4.py	673
D:\MAGIC\scripts\arrays.py	5758
D:\MAGIC\scripts\arraysetops.py	26442
D:\MAGIC\scripts\arrayterator.py	7102
D:\MAGIC\scripts\arrayterator_2.py	480
D:\MAGIC\scripts\arrayterator_3.py	392
D:\MAGIC\scripts\arrayterator_4.py	1249
D:\MAGIC\scripts\arrayTools.py	11483
D:\MAGIC\scripts\array_2.py	65460
D:\MAGIC\scripts\array_3.py	9056
D:\MAGIC\scripts\array_constructors.py	1010
D:\MAGIC\scripts\array_constructors_2.py	2458
D:\MAGIC\scripts\array_constructors_3.py	4491
D:\MAGIC\scripts\array_like.py	454
D:\MAGIC\scripts\array_like_2.py	887
D:\MAGIC\scripts\array_manager.py	46169
D:\MAGIC\scripts\array_ops.py	16715
D:\MAGIC\scripts\arrow.py	8623
D:\MAGIC\scripts\arrow_parser_wrapper.py	5558
D:\MAGIC\scripts\asciiTable.py	637
D:\MAGIC\scripts\asserters.py	49752
D:\MAGIC\scripts\ast.py	74158
D:\MAGIC\scripts\astype.py	12983
D:\MAGIC\scripts\ast_2.py	13300
D:\MAGIC\scripts\ast_transforms.py	5495
D:\MAGIC\scripts\asyn.py	36776
D:\MAGIC\scripts\asyncio.py	12676
D:\MAGIC\scripts\asyncio_2.py	12676
D:\MAGIC\scripts\asyn_wrapper.py	3326
D:\MAGIC\scripts\audio.py	8112
D:\MAGIC\scripts\audits.py	74863
D:\MAGIC\scripts\auth.py	10186
D:\MAGIC\scripts\auth_test.py	66
D:\MAGIC\scripts\autocomplete_scraper.py	1554
D:\MAGIC\scripts\autocompletion.py	6675
D:\MAGIC\scripts\autodist.py	3853
D:\MAGIC\scripts\autofill.py	7703
D:\MAGIC\scripts\auxfuncs.py	22304
D:\MAGIC\scripts\avar.py	9647
D:\MAGIC\scripts\avarPlanner.py	27358
D:\MAGIC\scripts\backend.py	10153
D:\MAGIC\scripts\backend_ctypes.py	42538
D:\MAGIC\scripts\backend_ctypes_2.py	42538
D:\MAGIC\scripts\background_service.py	5979
D:\MAGIC\scripts\bar.py	3264
D:\MAGIC\scripts\base.py	12800
D:\MAGIC\scripts\basePen.py	17080
D:\MAGIC\scripts\base_10.py	615
D:\MAGIC\scripts\base_11.py	27539
D:\MAGIC\scripts\base_12.py	2389
D:\MAGIC\scripts\base_2.py	14445
D:\MAGIC\scripts\base_3.py	7499
D:\MAGIC\scripts\base_4.py	40708
D:\MAGIC\scripts\base_5.py	62656
D:\MAGIC\scripts\base_6.py	15368
D:\MAGIC\scripts\base_7.py	3798
D:\MAGIC\scripts\base_8.py	19238
D:\MAGIC\scripts\base_9.py	4165
D:\MAGIC\scripts\base_command.py	7843
D:\MAGIC\scripts\base_parser.py	44549
D:\MAGIC\scripts\bazaar.py	3519
D:\MAGIC\scripts\bbcode.py	3294
D:\MAGIC\scripts\bcppcompiler.py	14789
D:\MAGIC\scripts\bdist.py	5441
D:\MAGIC\scripts\bdist_dumb.py	4699
D:\MAGIC\scripts\bdist_egg.py	16633
D:\MAGIC\scripts\bdist_rpm.py	22037
D:\MAGIC\scripts\before.py	1382
D:\MAGIC\scripts\before_sleep.py	1908
D:\MAGIC\scripts\bench.py	4739
D:\MAGIC\scripts\benchmark.py	1296
D:\MAGIC\scripts\benchmark_2.py	1400
D:\MAGIC\scripts\bezierTools.py	45037
D:\MAGIC\scripts\bidi.py	31864
D:\MAGIC\scripts\bidi_connection.py	968
D:\MAGIC\scripts\big5freq.py	31274
D:\MAGIC\scripts\big5prober.py	1763
D:\MAGIC\scripts\binding.py	4008
D:\MAGIC\scripts\bindings.py	17631
D:\MAGIC\scripts\BitmapGlyphMetrics.py	1769
D:\MAGIC\scripts\bitwise_ops.py	514
D:\MAGIC\scripts\bitwise_ops_2.py	970
D:\MAGIC\scripts\bitwise_ops_3.py	3709
D:\MAGIC\scripts\blacklist_filter.py	0
D:\MAGIC\scripts\Blocks.py	79501
D:\MAGIC\scripts\bluetooth_emulation.py	18843
D:\MAGIC\scripts\bokeh_renderer.py	14202
D:\MAGIC\scripts\bokeh_util.py	2937
D:\MAGIC\scripts\boolean.py	11057
D:\MAGIC\scripts\boundsPen.py	3129
D:\MAGIC\scripts\box.py	9842
D:\MAGIC\scripts\boxplot.py	17113
D:\MAGIC\scripts\browser.py	23916
D:\MAGIC\scripts\browser_test.py	258
D:\MAGIC\scripts\browsing_context.py	29506
D:\MAGIC\scripts\buffer.py	2216
D:\MAGIC\scripts\buffered.py	4500
D:\MAGIC\scripts\build.py	5617
D:\MAGIC\scripts\builder.py	8538
D:\MAGIC\scripts\builder_2.py	6197
D:\MAGIC\scripts\builder_3.py	23008
D:\MAGIC\scripts\builder_4.py	73165
D:\MAGIC\scripts\builder_5.py	128727
D:\MAGIC\scripts\builder_6.py	6609
D:\MAGIC\scripts\build_clib.py	7719
D:\MAGIC\scripts\build_env.py	10242
D:\MAGIC\scripts\build_ext.py	31556
D:\MAGIC\scripts\build_meta.py	19310
D:\MAGIC\scripts\build_py.py	16554
D:\MAGIC\scripts\build_scripts.py	5620
D:\MAGIC\scripts\build_src.py	31605
D:\MAGIC\scripts\build_tracker.py	4133
D:\MAGIC\scripts\burnout_signals.py	0
D:\MAGIC\scripts\by.py	2855
D:\MAGIC\scripts\B_A_S_E_.py	369
D:\MAGIC\scripts\cache.py	1536
D:\MAGIC\scripts\cached.py	33592
D:\MAGIC\scripts\cache_mapper.py	2421
D:\MAGIC\scripts\cache_metadata.py	8511
D:\MAGIC\scripts\cache_storage.py	8909
D:\MAGIC\scripts\caching.py	34292
D:\MAGIC\scripts\cairoPen.py	592
D:\MAGIC\scripts\callbacks.py	9210
D:\MAGIC\scripts\candidate.py	990
D:\MAGIC\scripts\candidates.py	18963
D:\MAGIC\scripts\capi_maps.py	30714
D:\MAGIC\scripts\cast.py	4292
D:\MAGIC\scripts\casting.py	3136
D:\MAGIC\scripts\categorical.py	97787
D:\MAGIC\scripts\categorical_2.py	3877
D:\MAGIC\scripts\category.py	19245
D:\MAGIC\scripts\cb_rules.py	24883
D:\MAGIC\scripts\ccompiler.py	47369
D:\MAGIC\scripts\ccompiler_opt.py	96000
D:\MAGIC\scripts\cd.py	12522
D:\MAGIC\scripts\cdp.py	19078
D:\MAGIC\scripts\cd_2.py	12522
D:\MAGIC\scripts\cElementTree.py	1448
D:\MAGIC\scripts\cells.py	4581
D:\MAGIC\scripts\certificate_transparency.py	797
D:\MAGIC\scripts\certs.py	429
D:\MAGIC\scripts\cff.py	6145
D:\MAGIC\scripts\CFF2ToCFF.py	6088
D:\MAGIC\scripts\cffi_opcode.py	4805
D:\MAGIC\scripts\cffi_opcode_2.py	4805
D:\MAGIC\scripts\CFFToCFF2.py	10119
D:\MAGIC\scripts\cff_2.py	22901
D:\MAGIC\scripts\cfuncs.py	47285
D:\MAGIC\scripts\chainmap.py	827
D:\MAGIC\scripts\channels.py	1178576
D:\MAGIC\scripts\chardetect.py	3241
D:\MAGIC\scripts\chardistribution.py	10032
D:\MAGIC\scripts\charsetgroupprober.py	3915
D:\MAGIC\scripts\charsetprober.py	5420
D:\MAGIC\scripts\charts_2.py	1727
D:\MAGIC\scripts\chebyshev.py	62661
D:\MAGIC\scripts\check.py	4889
D:\MAGIC\scripts\check_tables_2.py	241
D:\MAGIC\scripts\check_type_completeness.py	9845
D:\MAGIC\scripts\check_wraps.py	284
D:\MAGIC\scripts\chunk.py	3459
D:\MAGIC\scripts\clarity_ranker.py	0
D:\MAGIC\scripts\classifyTools.py	5621
D:\MAGIC\scripts\clean.py	2603
D:\MAGIC\scripts\cli.py	6075
D:\MAGIC\scripts\client_config.py	6855
D:\MAGIC\scripts\clipboards.py	4916
D:\MAGIC\scripts\cliTools.py	1862
D:\MAGIC\scripts\cli_2.py	6076
D:\MAGIC\scripts\cli_3.py	3714
D:\MAGIC\scripts\cmac.py	338
D:\MAGIC\scripts\cmap.py	6728
D:\MAGIC\scripts\cmd.py	17967
D:\MAGIC\scripts\cmdline.py	24075
D:\MAGIC\scripts\cmdoptions.py	29497
D:\MAGIC\scripts\cmdstan.py	19105
D:\MAGIC\scripts\cmdstan_args.py	39009
D:\MAGIC\scripts\cocoaPen.py	612
D:\MAGIC\scripts\codec.py	3359
D:\MAGIC\scripts\codecs.py	4722
D:\MAGIC\scripts\codingstatemachine.py	3732
D:\MAGIC\scripts\codingstatemachinedict.py	542
D:\MAGIC\scripts\collections_abc.py	156
D:\MAGIC\scripts\collector.py	16495
D:\MAGIC\scripts\color.py	12172
D:\MAGIC\scripts\color_triplet.py	1054
D:\MAGIC\scripts\column.py	13608
D:\MAGIC\scripts\columns.py	7179
D:\MAGIC\scripts\command.py	5555
D:\MAGIC\scripts\command_context.py	774
D:\MAGIC\scripts\common.py	12936
D:\MAGIC\scripts\commontypes.py	2867
D:\MAGIC\scripts\commontypes_2.py	2867
D:\MAGIC\scripts\common_2.py	675
D:\MAGIC\scripts\common_3.py	49379
D:\MAGIC\scripts\common_4.py	4082
D:\MAGIC\scripts\common_5.py	4973
D:\MAGIC\scripts\common_rules.py	4981
D:\MAGIC\scripts\compaq.py	3991
D:\MAGIC\scripts\comparisons.py	963
D:\MAGIC\scripts\comparisons_2.py	2992
D:\MAGIC\scripts\comparisons_3.py	9402
D:\MAGIC\scripts\compat.py	2142
D:\MAGIC\scripts\compatibility_tags.py	5376
D:\MAGIC\scripts\competition_filter.py	0
D:\MAGIC\scripts\compilation.py	20628
D:\MAGIC\scripts\compiler.py	438
D:\MAGIC\scripts\compiler_2.py	816
D:\MAGIC\scripts\completion.py	4129
D:\MAGIC\scripts\compression.py	4865
D:\MAGIC\scripts\concat.py	25226
D:\MAGIC\scripts\concatkdf.py	3737
D:\MAGIC\scripts\config.py	13137
D:\MAGIC\scripts\configs.py	56287
D:\MAGIC\scripts\configTools.py	11188
D:\MAGIC\scripts\configuration.py	9815
D:\MAGIC\scripts\config_2.py	67
D:\MAGIC\scripts\config_3.py	4279
D:\MAGIC\scripts\config_compiler.py	4730
D:\MAGIC\scripts\config_init.py	28430
D:\MAGIC\scripts\config_init_2.py	27060
D:\MAGIC\scripts\conftest.py	1595
D:\MAGIC\scripts\conftest_2.py	47908
D:\MAGIC\scripts\conftest_3.py	1245
D:\MAGIC\scripts\connection.py	6813
D:\MAGIC\scripts\connectionpool.py	43371
D:\MAGIC\scripts\console.py	2740
D:\MAGIC\scripts\constant.py	42713
D:\MAGIC\scripts\constants_2.py	82764
D:\MAGIC\scripts\constants_3.py	9347
D:\MAGIC\scripts\constants_4.py	268
D:\MAGIC\scripts\constants_5.py	1742
D:\MAGIC\scripts\constants_6.py	219
D:\MAGIC\scripts\constant_2.py	42713
D:\MAGIC\scripts\constant_time.py	422
D:\MAGIC\scripts\constrain.py	1288
D:\MAGIC\scripts\construction.py	33468
D:\MAGIC\scripts\constructors.py	16611
D:\MAGIC\scripts\consts.py	602
D:\MAGIC\scripts\containers.py	5481
D:\MAGIC\scripts\context.py	5420
D:\MAGIC\scripts\contexts.py	5610
D:\MAGIC\scripts\control.py	6630
D:\MAGIC\scripts\controller.py	16416
D:\MAGIC\scripts\convert.py	26546
D:\MAGIC\scripts\converter.py	36417
D:\MAGIC\scripts\converters.py	3861
D:\MAGIC\scripts\converters_2.py	76
D:\MAGIC\scripts\converters_3.py	3861
D:\MAGIC\scripts\converters_4.py	76
D:\MAGIC\scripts\converters_5.py	13044
D:\MAGIC\scripts\conv_template.py	9513
D:\MAGIC\scripts\cookies.py	18590
D:\MAGIC\scripts\copy.py	19967
D:\MAGIC\scripts\core.py	213289
D:\MAGIC\scripts\core_10.py	23828
D:\MAGIC\scripts\core_2.py	13999
D:\MAGIC\scripts\core_3.py	7959
D:\MAGIC\scripts\core_4.py	264359
D:\MAGIC\scripts\core_5.py	8292
D:\MAGIC\scripts\core_6.py	31759
D:\MAGIC\scripts\core_7.py	1554066
D:\MAGIC\scripts\core_8.py	3396
D:\MAGIC\scripts\core_9.py	117357
D:\MAGIC\scripts\correlation_engine.py	1180
D:\MAGIC\scripts\cost_guard_2.py	101
D:\MAGIC\scripts\cost_manager_2.py	173
D:\MAGIC\scripts\cp949prober.py	1860
D:\MAGIC\scripts\cparser.py	44620
D:\MAGIC\scripts\cparser_2.py	44620
D:\MAGIC\scripts\cpp.py	34949
D:\MAGIC\scripts\cpuinfo.py	23105
D:\MAGIC\scripts\crackfortran.py	136435
D:\MAGIC\scripts\crash_recover_2.py	78
D:\MAGIC\scripts\create_tables_2.py	474
D:\MAGIC\scripts\create_trends_table.py	574
D:\MAGIC\scripts\css.py	89949
D:\MAGIC\scripts\cssselect.py	3288
D:\MAGIC\scripts\css_2.py	12685
D:\MAGIC\scripts\css_match.py	62735
D:\MAGIC\scripts\css_parser.py	48419
D:\MAGIC\scripts\css_types.py	10386
D:\MAGIC\scripts\csvs.py	10320
D:\MAGIC\scripts\ctokens.py	2829
D:\MAGIC\scripts\ctypeslib.py	17422
D:\MAGIC\scripts\cu2qu.py	16439
D:\MAGIC\scripts\cu2quPen.py	13007
D:\MAGIC\scripts\cversions.py	348
D:\MAGIC\scripts\cygwinccompiler.py	12537
D:\MAGIC\scripts\cython.py	646
D:\MAGIC\scripts\c_ast.py	32462
D:\MAGIC\scripts\C_B_D_T_.py	3646
D:\MAGIC\scripts\C_B_L_C_.py	520
D:\MAGIC\scripts\C_F_F_.py	1978
D:\MAGIC\scripts\C_F_F__2.py	807
D:\MAGIC\scripts\c_generator.py	18083
D:\MAGIC\scripts\c_lexer.py	17806
D:\MAGIC\scripts\C_O_L_R_.py	5993
D:\MAGIC\scripts\c_parser.py	69257
D:\MAGIC\scripts\c_parser_wrapper.py	15437
D:\MAGIC\scripts\C_P_A_L_.py	11942
D:\MAGIC\scripts\dammit.py	51472
D:\MAGIC\scripts\dammit_2.py	51472
D:\MAGIC\scripts\dashboard_notifier.py	512
D:\MAGIC\scripts\dashboard_pusher.py	0
D:\MAGIC\scripts\dask.py	4466
D:\MAGIC\scripts\data.py	14684
D:\MAGIC\scripts\database.py	51580
D:\MAGIC\scripts\dataframe.py	3752
D:\MAGIC\scripts\dataframe_protocol.py	16416
D:\MAGIC\scripts\datasource.py	395
D:\MAGIC\scripts\datasource_2.py	557
D:\MAGIC\scripts\data_2.py	1751
D:\MAGIC\scripts\data_3.py	1175
D:\MAGIC\scripts\data_4.py	2672
D:\MAGIC\scripts\data_5.py	1658
D:\MAGIC\scripts\data_munging.py	1246
D:\MAGIC\scripts\dates.py	669
D:\MAGIC\scripts\datetime.py	241
D:\MAGIC\scripts\datetimelike.py	4342
D:\MAGIC\scripts\datetimes.py	43288
D:\MAGIC\scripts\date_converters.py	3883
D:\MAGIC\scripts\dbfs.py	15145
D:\MAGIC\scripts\db_connector_2.py	77
D:\MAGIC\scripts\debug.py	139
D:\MAGIC\scripts\debugger.py	53196
D:\MAGIC\scripts\debug_columns_2.py	399
D:\MAGIC\scripts\decay_predictor.py	0
D:\MAGIC\scripts\dechunk.py	7756
D:\MAGIC\scripts\decorators.py	11629
D:\MAGIC\scripts\decorators_2.py	18461
D:\MAGIC\scripts\deduplicate_records_2.py	749
D:\MAGIC\scripts\DefaultTable.py	1487
D:\MAGIC\scripts\default_styles.py	7954
D:\MAGIC\scripts\defchararray.py	69743
D:\MAGIC\scripts\defmatrix.py	30661
D:\MAGIC\scripts\defs.py	6350
D:\MAGIC\scripts\depends.py	5529
D:\MAGIC\scripts\deprecation.py	5844
D:\MAGIC\scripts\deprecation_2.py	2875
D:\MAGIC\scripts\dep_util.py	3423
D:\MAGIC\scripts\describe.py	12843
D:\MAGIC\scripts\desired_capabilities.py	2790
D:\MAGIC\scripts\develop.py	7012
D:\MAGIC\scripts\device_access.py	3294
D:\MAGIC\scripts\device_orientation.py	1139
D:\MAGIC\scripts\dh.py	3645
D:\MAGIC\scripts\diagnose.py	972
D:\MAGIC\scripts\diagnose_2.py	5360
D:\MAGIC\scripts\diagnose_3.py	7832
D:\MAGIC\scripts\diagnostic_test.py	547
D:\MAGIC\scripts\dialog.py	2198
D:\MAGIC\scripts\dictTools.py	2417
D:\MAGIC\scripts\diff.py	33614
D:\MAGIC\scripts\dim2.py	10486
D:\MAGIC\scripts\dircache.py	2717
D:\MAGIC\scripts\direct_url.py	6625
D:\MAGIC\scripts\direct_url_helpers.py	3206
D:\MAGIC\scripts\dirfs.py	12108
D:\MAGIC\scripts\dir_util.py	8082
D:\MAGIC\scripts\discovery.py	20816
D:\MAGIC\scripts\dispatch.py	586
D:\MAGIC\scripts\display.py	1804
D:\MAGIC\scripts\display_2.py	342
D:\MAGIC\scripts\display_3.py	6087
D:\MAGIC\scripts\dist.py	50170
D:\MAGIC\scripts\distro.py	49330
D:\MAGIC\scripts\distutils_args.py	1115
D:\MAGIC\scripts\dist_info.py	4847
D:\MAGIC\scripts\doc.py	4640
D:\MAGIC\scripts\docstrings.py	18148
D:\MAGIC\scripts\doctestcompare.py	17835
D:\MAGIC\scripts\dom.py	66821
D:\MAGIC\scripts\dom_2.py	1488
D:\MAGIC\scripts\dom_debugger.py	9533
D:\MAGIC\scripts\dom_snapshot.py	39155
D:\MAGIC\scripts\dom_storage.py	5770
D:\MAGIC\scripts\download.py	6096
D:\MAGIC\scripts\drawing.py	149045
D:\MAGIC\scripts\driver_finder.py	4064
D:\MAGIC\scripts\dsa.py	4201
D:\MAGIC\scripts\dtype.py	4755
D:\MAGIC\scripts\dtypes.py	47164
D:\MAGIC\scripts\dtype_2.py	1073
D:\MAGIC\scripts\dtype_3.py	2760
D:\MAGIC\scripts\dtype_4.py	6293
D:\MAGIC\scripts\dtype_5.py	13003
D:\MAGIC\scripts\dual.py	2252
D:\MAGIC\scripts\D_S_I_G_.py	5517
D:\MAGIC\scripts\D__e_b_g.py	1134
D:\MAGIC\scripts\easter.py	2720
D:\MAGIC\scripts\easter_2.py	2720
D:\MAGIC\scripts\easy_install.py	85935
D:\MAGIC\scripts\ec.py	12903
D:\MAGIC\scripts\echo-server.py	482
D:\MAGIC\scripts\ed25519.py	3700
D:\MAGIC\scripts\ed448.py	3729
D:\MAGIC\scripts\editable_legacy.py	1354
D:\MAGIC\scripts\editable_wheel.py	31148
D:\MAGIC\scripts\eexec.py	3331
D:\MAGIC\scripts\egg_info.py	26666
D:\MAGIC\scripts\egg_link.py	2118
D:\MAGIC\scripts\einsumfunc.py	51741
D:\MAGIC\scripts\einsumfunc_2.py	749
D:\MAGIC\scripts\einsumfunc_3.py	1376
D:\MAGIC\scripts\einsumfunc_4.py	1983
D:\MAGIC\scripts\element.py	109897
D:\MAGIC\scripts\ElementInclude.py	8480
D:\MAGIC\scripts\ElementSoup.py	321
D:\MAGIC\scripts\ElementTree.py	4661
D:\MAGIC\scripts\element_2.py	109897
D:\MAGIC\scripts\emoji.py	2501
D:\MAGIC\scripts\emulation.py	42052
D:\MAGIC\scripts\encoding.py	1169
D:\MAGIC\scripts\encodingTools.py	2037
D:\MAGIC\scripts\encoding_test.py	62
D:\MAGIC\scripts\encryption.py	21772
D:\MAGIC\scripts\enforce_schema_2.py	394
D:\MAGIC\scripts\engagement_velocity.py	0
D:\MAGIC\scripts\engagement_velocity_2.py	221
D:\MAGIC\scripts\engines.py	3335
D:\MAGIC\scripts\enhanced_twitter_scraper_2.py	618
D:\MAGIC\scripts\entrypoints.py	3064
D:\MAGIC\scripts\enums.py	1683
D:\MAGIC\scripts\enum_util.py	1519
D:\MAGIC\scripts\environment.py	3073
D:\MAGIC\scripts\env_loader.py	110
D:\MAGIC\scripts\error.py	871
D:\MAGIC\scripts\errorhandler.py	9752
D:\MAGIC\scripts\errors.py	3589
D:\MAGIC\scripts\errors_2.py	41
D:\MAGIC\scripts\errors_3.py	2441
D:\MAGIC\scripts\errors_4.py	845
D:\MAGIC\scripts\errors_5.py	6934
D:\MAGIC\scripts\errors_6.py	1760
D:\MAGIC\scripts\error_2.py	871
D:\MAGIC\scripts\error_3.py	648
D:\MAGIC\scripts\error_4.py	335
D:\MAGIC\scripts\error_5.py	395
D:\MAGIC\scripts\error_reporting.py	11266
D:\MAGIC\scripts\escprober.py	4006
D:\MAGIC\scripts\escsm.py	12176
D:\MAGIC\scripts\etree.py	12950
D:\MAGIC\scripts\etree_2.py	4592
D:\MAGIC\scripts\etree_3.py	16304
D:\MAGIC\scripts\etree_4.py	231
D:\MAGIC\scripts\etree_lxml.py	15029
D:\MAGIC\scripts\etree_lxml_2.py	6538
D:\MAGIC\scripts\eucjpprober.py	3934
D:\MAGIC\scripts\euckrfreq.py	13566
D:\MAGIC\scripts\euckrprober.py	1753
D:\MAGIC\scripts\euctwfreq.py	36913
D:\MAGIC\scripts\euctwprober.py	1753
D:\MAGIC\scripts\eval.py	13729
D:\MAGIC\scripts\events.py	7979
D:\MAGIC\scripts\event_breakpoints.py	1442
D:\MAGIC\scripts\event_firing_webdriver.py	9432
D:\MAGIC\scripts\ewm.py	35533
D:\MAGIC\scripts\excel.py	33042
D:\MAGIC\scripts\exceptions.py	9938
D:\MAGIC\scripts\exceptions_2.py	76
D:\MAGIC\scripts\exceptions_3.py	951
D:\MAGIC\scripts\exceptions_4.py	1977
D:\MAGIC\scripts\exceptions_5.py	76
D:\MAGIC\scripts\exceptions_6.py	951
D:\MAGIC\scripts\exceptions_7.py	9891
D:\MAGIC\scripts\exceptions_8.py	1073
D:\MAGIC\scripts\exceptions_9.py	331
D:\MAGIC\scripts\execeval.py	2691
D:\MAGIC\scripts\executor.py	1439
D:\MAGIC\scripts\exec_command.py	10307
D:\MAGIC\scripts\expand.py	16369
D:\MAGIC\scripts\expanding.py	26685
D:\MAGIC\scripts\expatbuilder.py	3810
D:\MAGIC\scripts\expatreader.py	2215
D:\MAGIC\scripts\expected_conditions.py	31666
D:\MAGIC\scripts\explicitClosingLinePen.py	3219
D:\MAGIC\scripts\export_json.py	737
D:\MAGIC\scripts\expr.py	24938
D:\MAGIC\scripts\expressions.py	7446
D:\MAGIC\scripts\ext.py	6080
D:\MAGIC\scripts\extended_precision.py	347
D:\MAGIC\scripts\extending.py	888
D:\MAGIC\scripts\extending_2.py	1962
D:\MAGIC\scripts\extending_distributions.py	2041
D:\MAGIC\scripts\extension.py	10270
D:\MAGIC\scripts\extensions.py	11211
D:\MAGIC\scripts\extension_types.py	3310
D:\MAGIC\scripts\extract_tiktok_texts.py	703
D:\MAGIC\scripts\extras.py	58526
D:\MAGIC\scripts\extra_validations.py	1153
D:\MAGIC\scripts\E_B_D_T_.py	32534
D:\MAGIC\scripts\E_B_L_C_.py	30054
D:\MAGIC\scripts\f2py2e.py	24592
D:\MAGIC\scripts\f2py_testing.py	1529
D:\MAGIC\scripts\f90mod_rules.py	10186
D:\MAGIC\scripts\facebook.py	20706
D:\MAGIC\scripts\factory.py	27878
D:\MAGIC\scripts\fake.py	14745
D:\MAGIC\scripts\fallback.py	34556
D:\MAGIC\scripts\fancy_getopt.py	17908
D:\MAGIC\scripts\fastjsonschema_exceptions.py	1612
D:\MAGIC\scripts\fastjsonschema_validations.py	269901
D:\MAGIC\scripts\feather_format.py	3788
D:\MAGIC\scripts\featureVars.py	25695
D:\MAGIC\scripts\featureVars_2.py	7110
D:\MAGIC\scripts\fedcm.py	2773
D:\MAGIC\scripts\fed_cm.py	7581
D:\MAGIC\scripts\fernet.py	6795
D:\MAGIC\scripts\fetch.py	23484
D:\MAGIC\scripts\ffiplatform.py	3648
D:\MAGIC\scripts\ffiplatform_2.py	3648
D:\MAGIC\scripts\fields.py	10829
D:\MAGIC\scripts\file.py	4383
D:\MAGIC\scripts\filelist.py	13713
D:\MAGIC\scripts\filenames.py	8223
D:\MAGIC\scripts\filenames_2.py	10418
D:\MAGIC\scripts\filepost.py	2388
D:\MAGIC\scripts\filesize.py	2508
D:\MAGIC\scripts\filesystem.py	5122
D:\MAGIC\scripts\filetypes.py	715
D:\MAGIC\scripts\filewrapper.py	3946
D:\MAGIC\scripts\file_cache.py	5271
D:\MAGIC\scripts\file_detector.py	1760
D:\MAGIC\scripts\file_guard_2.py	75
D:\MAGIC\scripts\file_proxy.py	1616
D:\MAGIC\scripts\file_system.py	3271
D:\MAGIC\scripts\file_util.py	8225
D:\MAGIC\scripts\filter.py	1940
D:\MAGIC\scripts\filterPen.py	7790
D:\MAGIC\scripts\filters.py	1723
D:\MAGIC\scripts\filters_2.py	73
D:\MAGIC\scripts\filters_3.py	1723
D:\MAGIC\scripts\filters_4.py	73
D:\MAGIC\scripts\filter_2.py	29196
D:\MAGIC\scripts\firefox_binary.py	9256
D:\MAGIC\scripts\firefox_profile.py	14016
D:\MAGIC\scripts\fixedTools.py	7682
D:\MAGIC\scripts\fixed_twitter_scraper_clean_2.py	1070
D:\MAGIC\scripts\fixed_twitter_scraper_simple_2.py	1200
D:\MAGIC\scripts\fix_reddit.py	481
D:\MAGIC\scripts\fix_reddit_script.py	986
D:\MAGIC\scripts\flags.py	3646
D:\MAGIC\scripts\flatiter.py	834
D:\MAGIC\scripts\flatiter_2.py	174
D:\MAGIC\scripts\flatiter_3.py	830
D:\MAGIC\scripts\floating.py	3730
D:\MAGIC\scripts\folder_audit.py	735
D:\MAGIC\scripts\folder_audit_2.py	863
D:\MAGIC\scripts\folder_cleanup.py	553
D:\MAGIC\scripts\folder_cleanup_2.py	79
D:\MAGIC\scripts\fontBuilder.py	34130
D:\MAGIC\scripts\fonts.py	64748
D:\MAGIC\scripts\format.py	69687
D:\MAGIC\scripts\formats.py	8736
D:\MAGIC\scripts\formatter.py	2897
D:\MAGIC\scripts\formatter_2.py	10468
D:\MAGIC\scripts\formatting.py	9726
D:\MAGIC\scripts\format_classifier.py	0
D:\MAGIC\scripts\format_control.py	2520
D:\MAGIC\scripts\formfill.py	9834
D:\MAGIC\scripts\found_candidates.py	5705
D:\MAGIC\scripts\fpdf.py	228714
D:\MAGIC\scripts\frame.py	412417
D:\MAGIC\scripts\frame_protocol.py	23401
D:\MAGIC\scripts\freetypePen.py	19908
D:\MAGIC\scripts\freeze.py	9784
D:\MAGIC\scripts\frequencies.py	18812
D:\MAGIC\scripts\fromnumeric.py	122962
D:\MAGIC\scripts\fromnumeric_2.py	5974
D:\MAGIC\scripts\fromnumeric_3.py	3742
D:\MAGIC\scripts\fromnumeric_4.py	10131
D:\MAGIC\scripts\from_dataframe.py	16938
D:\MAGIC\scripts\from_template.py	7952
D:\MAGIC\scripts\from_thread.py	442
D:\MAGIC\scripts\frozen.py	3190
D:\MAGIC\scripts\ftp.py	11936
D:\MAGIC\scripts\fujitsu.py	1316
D:\MAGIC\scripts\func.py	3116
D:\MAGIC\scripts\func2subr.py	9416
D:\MAGIC\scripts\funcs.py	33826
D:\MAGIC\scripts\function.py	13948
D:\MAGIC\scripts\function_base.py	18919
D:\MAGIC\scripts\function_base_2.py	162281
D:\MAGIC\scripts\functools.py	13472
D:\MAGIC\scripts\fuse.py	10177
D:\MAGIC\scripts\F_F_T_M_.py	1683
D:\MAGIC\scripts\F__e_a_t.py	5483
D:\MAGIC\scripts\g95.py	1315
D:\MAGIC\scripts\gb2312freq.py	20735
D:\MAGIC\scripts\gb2312prober.py	1759
D:\MAGIC\scripts\gbq.py	8388
D:\MAGIC\scripts\general_name.py	7782
D:\MAGIC\scripts\generate_legacy_storage_files.py	9840
D:\MAGIC\scripts\generate_numpy_api.py	7001
D:\MAGIC\scripts\generic.py	429218
D:\MAGIC\scripts\generic_2.py	4619
D:\MAGIC\scripts\generic_3.py	67018
D:\MAGIC\scripts\generic_4.py	13449
D:\MAGIC\scripts\genshi.py	1811
D:\MAGIC\scripts\genshi_2.py	2395
D:\MAGIC\scripts\gen_exports.py	11699
D:\MAGIC\scripts\geometry.py	5518
D:\MAGIC\scripts\get.py	20755
D:\MAGIC\scripts\getitem.py	16546
D:\MAGIC\scripts\getlimits.py	18148
D:\MAGIC\scripts\get_version.py	193
D:\MAGIC\scripts\gist.py	8341
D:\MAGIC\scripts\git.py	18116
D:\MAGIC\scripts\github.py	11653
D:\MAGIC\scripts\glibc.py	3110
D:\MAGIC\scripts\glifLib.py	72759
D:\MAGIC\scripts\glob.py	4868
D:\MAGIC\scripts\globals.py	1923
D:\MAGIC\scripts\gnu.py	20272
D:\MAGIC\scripts\google_api.py	0
D:\MAGIC\scripts\google_api_2.py	403
D:\MAGIC\scripts\google_scraper.py	0
D:\MAGIC\scripts\google_trends_scraper.py	527
D:\MAGIC\scripts\gpos.py	17668
D:\MAGIC\scripts\gq.py	25663
D:\MAGIC\scripts\graphics_state.py	11881
D:\MAGIC\scripts\groff.py	5088
D:\MAGIC\scripts\groupby.py	4566
D:\MAGIC\scripts\grouper.py	34186
D:\MAGIC\scripts\grUtils.py	2270
D:\MAGIC\scripts\gui.py	13975
D:\MAGIC\scripts\G_D_E_F_.py	299
D:\MAGIC\scripts\G_M_A_P_.py	4720
D:\MAGIC\scripts\G_P_K_G_.py	4646
D:\MAGIC\scripts\G_P_O_S_.py	397
D:\MAGIC\scripts\G_S_U_B_.py	294
D:\MAGIC\scripts\G_V_A_R_.py	94
D:\MAGIC\scripts\G__l_a_t.py	8645
D:\MAGIC\scripts\G__l_o_c.py	2685
D:\MAGIC\scripts\handshake.py	18037
D:\MAGIC\scripts\hash.py	1703
D:\MAGIC\scripts\hashes.py	4831
D:\MAGIC\scripts\hashing.py	10319
D:\MAGIC\scripts\hashPointPen.py	3573
D:\MAGIC\scripts\headless_experimental.py	4588
D:\MAGIC\scripts\heap_profiler.py	13737
D:\MAGIC\scripts\hebrewprober.py	14537
D:\MAGIC\scripts\hello_2.py	92
D:\MAGIC\scripts\help.py	3875
D:\MAGIC\scripts\helpconfig.py	9410
D:\MAGIC\scripts\helper.py	6167
D:\MAGIC\scripts\helpers.py	39132
D:\MAGIC\scripts\hermite.py	52383
D:\MAGIC\scripts\hermite_e.py	52458
D:\MAGIC\scripts\heuristics.py	4236
D:\MAGIC\scripts\highlighter.py	9585
D:\MAGIC\scripts\hist.py	14084
D:\MAGIC\scripts\histograms.py	40214
D:\MAGIC\scripts\hkdf.py	3013
D:\MAGIC\scripts\hmac.py	423
D:\MAGIC\scripts\holiday.py	17529
D:\MAGIC\scripts\hooks.py	734
D:\MAGIC\scripts\hotp.py	3224
D:\MAGIC\scripts\hpux.py	1341
D:\MAGIC\scripts\html.py	36035
D:\MAGIC\scripts\html5parser.py	125312
D:\MAGIC\scripts\html5parser_2.py	8551
D:\MAGIC\scripts\html_2.py	49213
D:\MAGIC\scripts\http.py	30138
D:\MAGIC\scripts\http_sync.py	30133
D:\MAGIC\scripts\hvar.py	3695
D:\MAGIC\scripts\H_V_A_R_.py	313
D:\MAGIC\scripts\ibm.py	3553
D:\MAGIC\scripts\idnadata.py	44361
D:\MAGIC\scripts\iframe_contentWindow.py	3537
D:\MAGIC\scripts\ig_scraper.py	0
D:\MAGIC\scripts\image.py	9539
D:\MAGIC\scripts\image_datastructures.py	2452
D:\MAGIC\scripts\image_parsing.py	25486
D:\MAGIC\scripts\img.py	21935
D:\MAGIC\scripts\incremental_tree.py	34831
D:\MAGIC\scripts\index.py	20919
D:\MAGIC\scripts\indexed_db.py	17029
D:\MAGIC\scripts\indexing.py	92089
D:\MAGIC\scripts\indexing_2.py	9477
D:\MAGIC\scripts\index_tricks.py	30694
D:\MAGIC\scripts\index_tricks_2.py	485
D:\MAGIC\scripts\index_tricks_3.py	1492
D:\MAGIC\scripts\index_tricks_4.py	3801
D:\MAGIC\scripts\inference.py	9694
D:\MAGIC\scripts\info.py	32915
D:\MAGIC\scripts\ingest_csvs_to_db.py	823
D:\MAGIC\scripts\ingest_csvs_to_db_2.py	496
D:\MAGIC\scripts\ingest_test.py	1191
D:\MAGIC\scripts\initialise.py	3328
D:\MAGIC\scripts\initialise_test.py	6663
D:\MAGIC\scripts\init_db_2.py	72
D:\MAGIC\scripts\inject_meta_charset.py	3213
D:\MAGIC\scripts\inject_securetransport.py	795
D:\MAGIC\scripts\input_.py	27799
D:\MAGIC\scripts\input_device.py	1283
D:\MAGIC\scripts\insert_to_db.py	0
D:\MAGIC\scripts\insert_to_db_2.py	1029
D:\MAGIC\scripts\inspect.py	3188
D:\MAGIC\scripts\inspector.py	1668
D:\MAGIC\scripts\inspect_columns_2.py	282
D:\MAGIC\scripts\inspect_tiktok.py	391
D:\MAGIC\scripts\instagram.py	12209
D:\MAGIC\scripts\instagram_api.py	0
D:\MAGIC\scripts\install.py	30217
D:\MAGIC\scripts\installation_report.py	2617
D:\MAGIC\scripts\installed.py	729
D:\MAGIC\scripts\installer.py	3887
D:\MAGIC\scripts\install_clib.py	1399
D:\MAGIC\scripts\install_cmdstan.py	23327
D:\MAGIC\scripts\install_cxx_toolchain.py	11636
D:\MAGIC\scripts\install_data.py	2779
D:\MAGIC\scripts\install_egg_info.py	2785
D:\MAGIC\scripts\install_headers.py	1189
D:\MAGIC\scripts\install_lib.py	8430
D:\MAGIC\scripts\install_scripts.py	1936
D:\MAGIC\scripts\integer.py	5279
D:\MAGIC\scripts\intel.py	6495
D:\MAGIC\scripts\intelccompiler.py	4105
D:\MAGIC\scripts\intent_classifier.py	0
D:\MAGIC\scripts\interaction.py	1440
D:\MAGIC\scripts\interface.py	4284
D:\MAGIC\scripts\interpolatable.py	45221
D:\MAGIC\scripts\interpolatableHelpers.py	11496
D:\MAGIC\scripts\interpolatablePlot.py	44375
D:\MAGIC\scripts\interpolatableTestContourOrder.py	3021
D:\MAGIC\scripts\interpolatableTestStartingPoint.py	4296
D:\MAGIC\scripts\interpolate_layout.py	3689
D:\MAGIC\scripts\interval.py	38375
D:\MAGIC\scripts\intranges.py	1898
D:\MAGIC\scripts\intTools.py	586
D:\MAGIC\scripts\invalid.py	1336
D:\MAGIC\scripts\io.py	2943
D:\MAGIC\scripts\ipython.py	1343
D:\MAGIC\scripts\irc.py	5627
D:\MAGIC\scripts\isatty_test.py	1867
D:\MAGIC\scripts\isoparser.py	13285
D:\MAGIC\scripts\isoparser_2.py	13285
D:\MAGIC\scripts\isympy.py	11469
D:\MAGIC\scripts\iterTools.py	390
D:\MAGIC\scripts\iup.py	14984
D:\MAGIC\scripts\jisfreq.py	25796
D:\MAGIC\scripts\johabfreq.py	42498
D:\MAGIC\scripts\johabprober.py	1752
D:\MAGIC\scripts\jpcntx.py	27055
D:\MAGIC\scripts\json.py	5053
D:\MAGIC\scripts\json_2.py	3826
D:\MAGIC\scripts\jupyter.py	3252
D:\MAGIC\scripts\jupyter_chart.py	15231
D:\MAGIC\scripts\J_S_T_F_.py	315
D:\MAGIC\scripts\kbkdf.py	9161
D:\MAGIC\scripts\kerning.py	4233
D:\MAGIC\scripts\keys.py	2554
D:\MAGIC\scripts\keyword_deduper.py	0
D:\MAGIC\scripts\keywrap.py	5636
D:\MAGIC\scripts\key_actions.py	2387
D:\MAGIC\scripts\key_input.py	1832
D:\MAGIC\scripts\kqueue.py	1825
D:\MAGIC\scripts\labels.py	6833
D:\MAGIC\scripts\laguerre.py	50664
D:\MAGIC\scripts\lahey.py	1312
D:\MAGIC\scripts\langbulgarianmodel.py	104562
D:\MAGIC\scripts\langgreekmodel.py	98484
D:\MAGIC\scripts\langhebrewmodel.py	98196
D:\MAGIC\scripts\langhungarianmodel.py	101363
D:\MAGIC\scripts\langrussianmodel.py	128035
D:\MAGIC\scripts\langthaimodel.py	102774
D:\MAGIC\scripts\langturkishmodel.py	95372
D:\MAGIC\scripts\languages.py	13560
D:\MAGIC\scripts\language_detector.py	0
D:\MAGIC\scripts\laplace.py	9500
D:\MAGIC\scripts\latex.py	19193
D:\MAGIC\scripts\latin1prober.py	5380
D:\MAGIC\scripts\launch.py	812
D:\MAGIC\scripts\layer_tree.py	15540
D:\MAGIC\scripts\layout.py	14005
D:\MAGIC\scripts\lazy.py	5942
D:\MAGIC\scripts\lazyTools.py	1020
D:\MAGIC\scripts\lazy_wheel.py	7638
D:\MAGIC\scripts\legacy.py	4104
D:\MAGIC\scripts\legacy_2.py	2287
D:\MAGIC\scripts\legendre.py	51414
D:\MAGIC\scripts\lex.py	45156
D:\MAGIC\scripts\lexer.py	31959
D:\MAGIC\scripts\lexer_2.py	3368
D:\MAGIC\scripts\lextab.py	13287
D:\MAGIC\scripts\lib2def.py	3664
D:\MAGIC\scripts\libarchive.py	7102
D:\MAGIC\scripts\lib_utils.py	276
D:\MAGIC\scripts\lib_utils_2.py	485
D:\MAGIC\scripts\lib_utils_3.py	925
D:\MAGIC\scripts\lib_version.py	158
D:\MAGIC\scripts\lib_version_2.py	299
D:\MAGIC\scripts\lib_version_3.py	605
D:\MAGIC\scripts\linalg.py	89826
D:\MAGIC\scripts\linearization.py	12549
D:\MAGIC\scripts\linear_forecast.py	0
D:\MAGIC\scripts\line_break.py	30321
D:\MAGIC\scripts\line_endings.py	2039
D:\MAGIC\scripts\link.py	18602
D:\MAGIC\scripts\lint.py	3755
D:\MAGIC\scripts\list.py	12343
D:\MAGIC\scripts\list_tables_2.py	282
D:\MAGIC\scripts\literal.py	1299
D:\MAGIC\scripts\live.py	14170
D:\MAGIC\scripts\live_render.py	3667
D:\MAGIC\scripts\load_api_key_2.py	341
D:\MAGIC\scripts\load_secret_test.py	330
D:\MAGIC\scripts\local.py	16768
D:\MAGIC\scripts\locale_filter.py	0
D:\MAGIC\scripts\localization.py	5394
D:\MAGIC\scripts\location.py	234
D:\MAGIC\scripts\locators.py	51945
D:\MAGIC\scripts\locator_converter.py	1195
D:\MAGIC\scripts\lock.py	747
D:\MAGIC\scripts\lock_2.py	747
D:\MAGIC\scripts\log.py	1972
D:\MAGIC\scripts\logger.py	258
D:\MAGIC\scripts\logging.py	1217
D:\MAGIC\scripts\loggingTools.py	19933
D:\MAGIC\scripts\log_2.py	2648
D:\MAGIC\scripts\log_archiver_2.py	77
D:\MAGIC\scripts\log_viewer_2.py	75
D:\MAGIC\scripts\longevity_predictor.py	0
D:\MAGIC\scripts\longevity_predictor_2.py	204
D:\MAGIC\scripts\lookupDebugInfo.py	304
D:\MAGIC\scripts\lowlevel.py	3215
D:\MAGIC\scripts\low_level.py	13921
D:\MAGIC\scripts\lstm_forecast_2.py	1828
D:\MAGIC\scripts\lstm_forecast_torch_2.py	2612
D:\MAGIC\scripts\lxml.py	5058
D:\MAGIC\scripts\L_T_S_H_.py	2189
D:\MAGIC\scripts\macCreatorType.py	1593
D:\MAGIC\scripts\machar.py	10885
D:\MAGIC\scripts\macos.py	2721
D:\MAGIC\scripts\macRes.py	8579
D:\MAGIC\scripts\MacRoman.py	3576
D:\MAGIC\scripts\macromanprober.py	6077
D:\MAGIC\scripts\macUtils.py	1737
D:\MAGIC\scripts\magic_dashboard.py	2292
D:\MAGIC\scripts\main.py	2472
D:\MAGIC\scripts\main_parser.py	4337
D:\MAGIC\scripts\makefile.py	1417
D:\MAGIC\scripts\managers.py	84007
D:\MAGIC\scripts\manifest.py	14690
D:\MAGIC\scripts\mapping.py	8343
D:\MAGIC\scripts\markers.py	8493
D:\MAGIC\scripts\markup.py	8278
D:\MAGIC\scripts\masked.py	44087
D:\MAGIC\scripts\masked_reductions.py	3836
D:\MAGIC\scripts\masked_shared.py	5145
D:\MAGIC\scripts\mask_ops.py	5410
D:\MAGIC\scripts\mastodon.py	17167
D:\MAGIC\scripts\matlib.py	10342
D:\MAGIC\scripts\maxContextCalc.py	3175
D:\MAGIC\scripts\mbcharsetprober.py	3715
D:\MAGIC\scripts\mbcsgroupprober.py	2131
D:\MAGIC\scripts\mbcssm.py	30391
D:\MAGIC\scripts\mcmc.py	31323
D:\MAGIC\scripts\md.py	20145
D:\MAGIC\scripts\md_2.py	20145
D:\MAGIC\scripts\mean_.py	4008
D:\MAGIC\scripts\measure.py	5305
D:\MAGIC\scripts\media.py	7613
D:\MAGIC\scripts\melt.py	18765
D:\MAGIC\scripts\memmap.py	11787
D:\MAGIC\scripts\memory.py	8016
D:\MAGIC\scripts\memory_2.py	10527
D:\MAGIC\scripts\mercurial.py	5238
D:\MAGIC\scripts\merge.py	89546
D:\MAGIC\scripts\merger.py	60802
D:\MAGIC\scripts\metadata.py	39761
D:\MAGIC\scripts\metadata_editable.py	1473
D:\MAGIC\scripts\metadata_legacy.py	2197
D:\MAGIC\scripts\methods.py	22643
D:\MAGIC\scripts\migrate_csvs_to_db_2.py	1950
D:\MAGIC\scripts\mimebundle.py	13035
D:\MAGIC\scripts\mingw32ccompiler.py	24880
D:\MAGIC\scripts\minidom.py	1904
D:\MAGIC\scripts\min_max_.py	1858
D:\MAGIC\scripts\mips.py	1762
D:\MAGIC\scripts\Mirrored.py	9242
D:\MAGIC\scripts\misc.py	22253
D:\MAGIC\scripts\misc_util.py	87735
D:\MAGIC\scripts\missing.py	5345
D:\MAGIC\scripts\missing_2.py	22433
D:\MAGIC\scripts\mixins.py	7052
D:\MAGIC\scripts\mixins_2.py	87170
D:\MAGIC\scripts\mklabels.py	1301
D:\MAGIC\scripts\mle.py	10180
D:\MAGIC\scripts\mobile.py	2655
D:\MAGIC\scripts\mod.py	1578
D:\MAGIC\scripts\model.py	21378
D:\MAGIC\scripts\modeline.py	983
D:\MAGIC\scripts\models.py	35582
D:\MAGIC\scripts\models_2.py	12394
D:\MAGIC\scripts\models_3.py	22398
D:\MAGIC\scripts\model_2.py	21378
D:\MAGIC\scripts\model_3.py	89177
D:\MAGIC\scripts\modes.py	8282
D:\MAGIC\scripts\modules.py	697
D:\MAGIC\scripts\modules_2.py	595
D:\MAGIC\scripts\modules_3.py	1938
D:\MAGIC\scripts\module_with_deprecations.py	447
D:\MAGIC\scripts\mod_2.py	6421
D:\MAGIC\scripts\momentsPen.py	25658
D:\MAGIC\scripts\momentum_scaler.py	0
D:\MAGIC\scripts\momentum_tracker.py	0
D:\MAGIC\scripts\monkey.py	4880
D:\MAGIC\scripts\more.py	117723
D:\MAGIC\scripts\mouse_button.py	879
D:\MAGIC\scripts\mpl_renderer.py	21663
D:\MAGIC\scripts\mpl_util.py	3637
D:\MAGIC\scripts\mrecords.py	27017
D:\MAGIC\scripts\msvc.py	47903
D:\MAGIC\scripts\msvc9compiler.py	30235
D:\MAGIC\scripts\msvccompiler.py	23602
D:\MAGIC\scripts\multi.py	136936
D:\MAGIC\scripts\multiarray.py	55523
D:\MAGIC\scripts\multiarray_2.py	534
D:\MAGIC\scripts\multiarray_3.py	973
D:\MAGIC\scripts\multiVarStore.py	8305
D:\MAGIC\scripts\mutator.py	19278
D:\MAGIC\scripts\mv.py	1982
D:\MAGIC\scripts\mvar.py	2449
D:\MAGIC\scripts\mypy_annotate.py	4018
D:\MAGIC\scripts\mypy_plugin.py	4446
D:\MAGIC\scripts\M_A_T_H_.py	342
D:\MAGIC\scripts\M_E_T_A_.py	11989
D:\MAGIC\scripts\M_V_A_R_.py	308
D:\MAGIC\scripts\nag.py	2624
D:\MAGIC\scripts\name.py	14969
D:\MAGIC\scripts\names.py	14950
D:\MAGIC\scripts\namespaces.py	3045
D:\MAGIC\scripts\nanfunctions.py	58981
D:\MAGIC\scripts\nanops.py	50627
D:\MAGIC\scripts\nap.py	1383
D:\MAGIC\scripts\nbit_base_example.py	479
D:\MAGIC\scripts\ndarray.py	405
D:\MAGIC\scripts\ndarray_conversion.py	1626
D:\MAGIC\scripts\ndarray_conversion_2.py	2153
D:\MAGIC\scripts\ndarray_misc.py	1176
D:\MAGIC\scripts\ndarray_misc_2.py	2718
D:\MAGIC\scripts\ndarray_misc_3.py	6911
D:\MAGIC\scripts\ndarray_shape_manipulation.py	640
D:\MAGIC\scripts\ndarray_shape_manipulation_2.py	1006
D:\MAGIC\scripts\nditer.py	480
D:\MAGIC\scripts\network.py	159096
D:\MAGIC\scripts\niche_classifier.py	0
D:\MAGIC\scripts\niche_weight.py	0
D:\MAGIC\scripts\niche_weight_2.py	206
D:\MAGIC\scripts\none.py	677
D:\MAGIC\scripts\noseclasses.py	14198
D:\MAGIC\scripts\nosetester.py	19519
D:\MAGIC\scripts\npyio.py	90099
D:\MAGIC\scripts\npy_pkg_config.py	13122
D:\MAGIC\scripts\ntlmpool.py	4529
D:\MAGIC\scripts\null_detector_2.py	78
D:\MAGIC\scripts\numba_.py	10728
D:\MAGIC\scripts\numeric.py	8086
D:\MAGIC\scripts\numerictypes.py	17074
D:\MAGIC\scripts\numerictypes_2.py	390
D:\MAGIC\scripts\numerictypes_3.py	973
D:\MAGIC\scripts\numerictypes_4.py	1356
D:\MAGIC\scripts\numeric_2.py	1476
D:\MAGIC\scripts\numeric_3.py	3059
D:\MAGIC\scripts\numeric_4.py	8354
D:\MAGIC\scripts\numpy_.py	14196
D:\MAGIC\scripts\numpy_distribution.py	633
D:\MAGIC\scripts\nursery_start.py	2094
D:\MAGIC\scripts\nv.py	1574
D:\MAGIC\scripts\oauth_checker_2.py	78
D:\MAGIC\scripts\objects.py	12837
D:\MAGIC\scripts\object_array.py	15208
D:\MAGIC\scripts\ocsp.py	12515
D:\MAGIC\scripts\offsets.py	1531
D:\MAGIC\scripts\oid.py	931
D:\MAGIC\scripts\one_time_organizer.py	2549
D:\MAGIC\scripts\online.py	3729
D:\MAGIC\scripts\open.py	329
D:\MAGIC\scripts\open_memory_channel.py	103
D:\MAGIC\scripts\ops.py	7767
D:\MAGIC\scripts\ops_2.py	43791
D:\MAGIC\scripts\optionaltags.py	11034
D:\MAGIC\scripts\options.py	2184
D:\MAGIC\scripts\orc.py	5788
D:\MAGIC\scripts\orchestrator.py	1807
D:\MAGIC\scripts\orchestrator_2.py	150
D:\MAGIC\scripts\ordered_set.py	15131
D:\MAGIC\scripts\otBase.py	53384
D:\MAGIC\scripts\otConverters.py	74202
D:\MAGIC\scripts\otData.py	197262
D:\MAGIC\scripts\other.py	4981
D:\MAGIC\scripts\otTables.py	97128
D:\MAGIC\scripts\OTTags.py	1196
D:\MAGIC\scripts\otTraverse.py	5518
D:\MAGIC\scripts\outline.py	7978
D:\MAGIC\scripts\output.py	52620
D:\MAGIC\scripts\overlay.py	55386
D:\MAGIC\scripts\override.py	44
D:\MAGIC\scripts\overrides.py	8133
D:\MAGIC\scripts\O_S_2f_2.py	28030
D:\MAGIC\scripts\packages.py	904
D:\MAGIC\scripts\package_data.py	20
D:\MAGIC\scripts\package_finder.py	37870
D:\MAGIC\scripts\package_index.py	40326
D:\MAGIC\scripts\packaging.py	2108
D:\MAGIC\scripts\padding.py	4970
D:\MAGIC\scripts\padding_2.py	2847
D:\MAGIC\scripts\page.py	129809
D:\MAGIC\scripts\pager.py	828
D:\MAGIC\scripts\palette.py	3396
D:\MAGIC\scripts\panel.py	10574
D:\MAGIC\scripts\pangomarkup.py	2192
D:\MAGIC\scripts\parameterized.py	15891
D:\MAGIC\scripts\parquet.py	17825
D:\MAGIC\scripts\parse.py	1808
D:\MAGIC\scripts\parser.py	10817
D:\MAGIC\scripts\parser_2.py	5192
D:\MAGIC\scripts\parser_3.py	99331
D:\MAGIC\scripts\parser_4.py	10788
D:\MAGIC\scripts\parser_5.py	25396
D:\MAGIC\scripts\parsing.py	6323
D:\MAGIC\scripts\path.py	5872
D:\MAGIC\scripts\pathccompiler.py	666
D:\MAGIC\scripts\pathf95.py	1046
D:\MAGIC\scripts\pathfinder.py	8252
D:\MAGIC\scripts\pattern.py	12226
D:\MAGIC\scripts\pbkdf2.py	1957
D:\MAGIC\scripts\performance.py	2913
D:\MAGIC\scripts\performance_timeline.py	6843
D:\MAGIC\scripts\perimeterPen.py	2153
D:\MAGIC\scripts\period.py	19297
D:\MAGIC\scripts\permissions.py	921
D:\MAGIC\scripts\pg.py	3576
D:\MAGIC\scripts\php.py	1441
D:\MAGIC\scripts\pickle.py	6989
D:\MAGIC\scripts\pickle_compat.py	8701
D:\MAGIC\scripts\pinterest_api.py	0
D:\MAGIC\scripts\pinterest_scraper.py	0
D:\MAGIC\scripts\pipe.py	402
D:\MAGIC\scripts\pivot.py	27632
D:\MAGIC\scripts\pkcs12.py	5000
D:\MAGIC\scripts\pkcs7.py	13725
D:\MAGIC\scripts\pkgconfig.py	4320
D:\MAGIC\scripts\pkgconfig_2.py	4320
D:\MAGIC\scripts\pkg_resources.py	9773
D:\MAGIC\scripts\plistlib.py	1510
D:\MAGIC\scripts\plot.py	7494
D:\MAGIC\scripts\plugin.py	2491
D:\MAGIC\scripts\plugin_registry.py	10013
D:\MAGIC\scripts\plyparser.py	4823
D:\MAGIC\scripts\pointer_actions.py	6025
D:\MAGIC\scripts\pointer_input.py	3039
D:\MAGIC\scripts\pointInsidePen.py	6355
D:\MAGIC\scripts\pointPen.py	22730
D:\MAGIC\scripts\pointPen_2.py	244
D:\MAGIC\scripts\poly1305.py	355
D:\MAGIC\scripts\polynomial.py	43948
D:\MAGIC\scripts\polynomial_2.py	48727
D:\MAGIC\scripts\polyutils.py	22173
D:\MAGIC\scripts\poolmanager.py	23866
D:\MAGIC\scripts\prefs.py	9024
D:\MAGIC\scripts\preload.py	22738
D:\MAGIC\scripts\prepare.py	25090
D:\MAGIC\scripts\pretty.py	4035
D:\MAGIC\scripts\printing.py	1193
D:\MAGIC\scripts\print_coercion_tables.py	6198
D:\MAGIC\scripts\print_page_options.py	10448
D:\MAGIC\scripts\probe.py	3014
D:\MAGIC\scripts\process_tiktok_data.py	292
D:\MAGIC\scripts\profiler.py	13052
D:\MAGIC\scripts\progress.py	59836
D:\MAGIC\scripts\progress_bar.py	8165
D:\MAGIC\scripts\progress_bars.py	1968
D:\MAGIC\scripts\prompt.py	11271
D:\MAGIC\scripts\protocol.py	1391
D:\MAGIC\scripts\provider.py	9914
D:\MAGIC\scripts\providers.py	5872
D:\MAGIC\scripts\proxy.py	1148
D:\MAGIC\scripts\psCharStrings.py	43036
D:\MAGIC\scripts\psLib.py	12099
D:\MAGIC\scripts\psOperators.py	15700
D:\MAGIC\scripts\pulldom.py	1169
D:\MAGIC\scripts\put.py	21201
D:\MAGIC\scripts\putmask.py	4674
D:\MAGIC\scripts\pwa.py	8821
D:\MAGIC\scripts\py.py	1763
D:\MAGIC\scripts\py23.py	2238
D:\MAGIC\scripts\py31compat.py	550
D:\MAGIC\scripts\py34compat.py	246
D:\MAGIC\scripts\py36compat.py	4962
D:\MAGIC\scripts\py37compat.py	672
D:\MAGIC\scripts\py38compat.py	217
D:\MAGIC\scripts\py39compat.py	639
D:\MAGIC\scripts\py3k.py	3670
D:\MAGIC\scripts\py3k_2.py	1542
D:\MAGIC\scripts\pyarrow.py	987
D:\MAGIC\scripts\pyclasslookup.py	92
D:\MAGIC\scripts\pylab.py	111
D:\MAGIC\scripts\pyopenssl.py	19720
D:\MAGIC\scripts\pyproject.py	6987
D:\MAGIC\scripts\pyprojecttoml.py	19360
D:\MAGIC\scripts\pytables.py	171953
D:\MAGIC\scripts\pytest_plugin.py	1581
D:\MAGIC\scripts\python.py	76381
D:\MAGIC\scripts\python_parser.py	47360
D:\MAGIC\scripts\py_2.py	329
D:\MAGIC\scripts\qtPen.py	634
D:\MAGIC\scripts\qu2cu.py	12288
D:\MAGIC\scripts\qu2cuPen.py	3985
D:\MAGIC\scripts\quantile.py	6606
D:\MAGIC\scripts\quartzPen.py	1287
D:\MAGIC\scripts\queue.py	498
D:\MAGIC\scripts\quora_scraper.py	0
D:\MAGIC\scripts\quota_notifier_2.py	79
D:\MAGIC\scripts\raisesgroup.py	7874
D:\MAGIC\scripts\random.py	2836
D:\MAGIC\scripts\random_2.py	61945
D:\MAGIC\scripts\random_3.py	155182
D:\MAGIC\scripts\range.py	37009
D:\MAGIC\scripts\readers.py	3566
D:\MAGIC\scripts\rebuild.py	2401
D:\MAGIC\scripts\rebuild_2.py	2401
D:\MAGIC\scripts\recfunctions.py	56388
D:\MAGIC\scripts\recipes.py	16235
D:\MAGIC\scripts\recompiler.py	66079
D:\MAGIC\scripts\recompiler_2.py	66079
D:\MAGIC\scripts\recorder.py	2765
D:\MAGIC\scripts\recordingPen.py	12489
D:\MAGIC\scripts\records.py	37552
D:\MAGIC\scripts\reddit.py	12365
D:\MAGIC\scripts\redditor.py	236
D:\MAGIC\scripts\redditors.py	3782
D:\MAGIC\scripts\reddit_api.py	0
D:\MAGIC\scripts\reddit_api_2.py	1210
D:\MAGIC\scripts\reddit_api_3.py	1483
D:\MAGIC\scripts\reddit_api_final.py	1213
D:\MAGIC\scripts\reddit_api_fixed.py	1213
D:\MAGIC\scripts\reddit_api_proper_fix.py	485
D:\MAGIC\scripts\reddit_check.py	525
D:\MAGIC\scripts\reddit_scraper.py	539
D:\MAGIC\scripts\reddit_scraper_2.py	950
D:\MAGIC\scripts\reddit_test.py	494
D:\MAGIC\scripts\redis_cache.py	1033
D:\MAGIC\scripts\reduce.py	2238
D:\MAGIC\scripts\reference.py	3872
D:\MAGIC\scripts\regexopt.py	3225
D:\MAGIC\scripts\region.py	166
D:\MAGIC\scripts\register.py	11765
D:\MAGIC\scripts\registry.py	11891
D:\MAGIC\scripts\relativedelta.py	23034
D:\MAGIC\scripts\relativedelta_2.py	23034
D:\MAGIC\scripts\relative_locator.py	13145
D:\MAGIC\scripts\remote_connection.py	2017
D:\MAGIC\scripts\removeOverlaps.py	12611
D:\MAGIC\scripts\renderer.py	5181
D:\MAGIC\scripts\reorderGlyphs.py	10371
D:\MAGIC\scripts\replace.py	4272
D:\MAGIC\scripts\reporter.py	2526
D:\MAGIC\scripts\reporters.py	1583
D:\MAGIC\scripts\reportLabPen.py	2066
D:\MAGIC\scripts\report_generator_2.py	694
D:\MAGIC\scripts\repr.py	4420
D:\MAGIC\scripts\request.py	8411
D:\MAGIC\scripts\requirements.py	4700
D:\MAGIC\scripts\req_command.py	18170
D:\MAGIC\scripts\req_file.py	17646
D:\MAGIC\scripts\req_install.py	35763
D:\MAGIC\scripts\req_set.py	2858
D:\MAGIC\scripts\req_uninstall.py	24046
D:\MAGIC\scripts\resample.py	72768
D:\MAGIC\scripts\reshape.py	29269
D:\MAGIC\scripts\reshaping.py	14117
D:\MAGIC\scripts\resolver.py	11533
D:\MAGIC\scripts\resolvers.py	17564
D:\MAGIC\scripts\resources.py	10788
D:\MAGIC\scripts\response.py	3374
D:\MAGIC\scripts\resultdict.py	402
D:\MAGIC\scripts\results.py	25341
D:\MAGIC\scripts\retry.py	18459
D:\MAGIC\scripts\reverseContourPen.py	4022
D:\MAGIC\scripts\rolling.py	94628
D:\MAGIC\scripts\roperator.py	1115
D:\MAGIC\scripts\rotate.py	2097
D:\MAGIC\scripts\roundingPen.py	4649
D:\MAGIC\scripts\roundTools.py	3173
D:\MAGIC\scripts\rrule.py	66403
D:\MAGIC\scripts\rrule_2.py	66403
D:\MAGIC\scripts\rsa.py	7967
D:\MAGIC\scripts\rtf.py	4933
D:\MAGIC\scripts\rule.py	4773
D:\MAGIC\scripts\rules.py	61208
D:\MAGIC\scripts\run.py	1121
D:\MAGIC\scripts\runset.py	10669
D:\MAGIC\scripts\runtime.py	62454
D:\MAGIC\scripts\run_tests_2.py	74
D:\MAGIC\scripts\sample.py	4583
D:\MAGIC\scripts\sandbox.py	14348
D:\MAGIC\scripts\sanitizer.py	29659
D:\MAGIC\scripts\sas7bdat.py	29704
D:\MAGIC\scripts\sasreader.py	4929
D:\MAGIC\scripts\sas_constants.py	7703
D:\MAGIC\scripts\sas_xport.py	15008
D:\MAGIC\scripts\saturation_calc.py	0
D:\MAGIC\scripts\saturation_calc_2.py	214
D:\MAGIC\scripts\save.py	8348
D:\MAGIC\scripts\saveopts.py	658
D:\MAGIC\scripts\save_api_key_2.py	422
D:\MAGIC\scripts\save_trends.py	0
D:\MAGIC\scripts\save_trends_2.py	1760
D:\MAGIC\scripts\sax.py	1629
D:\MAGIC\scripts\sax_2.py	9668
D:\MAGIC\scripts\sax_3.py	1476
D:\MAGIC\scripts\sbcharsetprober.py	6400
D:\MAGIC\scripts\sbcsgroupprober.py	4137
D:\MAGIC\scripts\sbixGlyph.py	5796
D:\MAGIC\scripts\sbixStrike.py	6663
D:\MAGIC\scripts\scalars.py	2993
D:\MAGIC\scripts\scalars_2.py	3506
D:\MAGIC\scripts\scalars_3.py	5884
D:\MAGIC\scripts\scaleUpem.py	14618
D:\MAGIC\scripts\scanner.py	3004
D:\MAGIC\scripts\schema.py	1090
D:\MAGIC\scripts\schemapi.py	61128
D:\MAGIC\scripts\scheme.py	737
D:\MAGIC\scripts\scimath.py	14904
D:\MAGIC\scripts\scipy_sparse.py	6509
D:\MAGIC\scripts\scope.py	2843
D:\MAGIC\scripts\score_filter.py	0
D:\MAGIC\scripts\screen.py	1591
D:\MAGIC\scripts\scribe_feedback.py	0
D:\MAGIC\scripts\script.py	19729
D:\MAGIC\scripts\script1.py	0
D:\MAGIC\scripts\script2.py	0
D:\MAGIC\scripts\ScriptExtensions.py	28207
D:\MAGIC\scripts\Scripts.py	18253
D:\MAGIC\scripts\script_key.py	1084
D:\MAGIC\scripts\scrypt.py	590
D:\MAGIC\scripts\sdist.py	19241
D:\MAGIC\scripts\search.py	5697
D:\MAGIC\scripts\search_scope.py	4643
D:\MAGIC\scripts\secrets_2.py	229
D:\MAGIC\scripts\securetransport.py	34445
D:\MAGIC\scripts\security.py	17324
D:\MAGIC\scripts\segment.py	24224
D:\MAGIC\scripts\select.py	10521
D:\MAGIC\scripts\selection.py	3928
D:\MAGIC\scripts\selection_prefs.py	1907
D:\MAGIC\scripts\selenium_manager.py	5570
D:\MAGIC\scripts\self_outdated_check.py	8167
D:\MAGIC\scripts\seo_mapper.py	0
D:\MAGIC\scripts\serialize.py	7093
D:\MAGIC\scripts\serializer.py	15786
D:\MAGIC\scripts\series.py	192770
D:\MAGIC\scripts\server.py	7066
D:\MAGIC\scripts\service.py	2672
D:\MAGIC\scripts\service_worker.py	11474
D:\MAGIC\scripts\session.py	2047
D:\MAGIC\scripts\sessions.py	30496
D:\MAGIC\scripts\setitem.py	14801
D:\MAGIC\scripts\setopt.py	4927
D:\MAGIC\scripts\setters.py	1617
D:\MAGIC\scripts\setters_2.py	73
D:\MAGIC\scripts\setters_3.py	1617
D:\MAGIC\scripts\setters_4.py	73
D:\MAGIC\scripts\setup.py	988
D:\MAGIC\scripts\setupcfg.py	25223
D:\MAGIC\scripts\setuponly.py	3191
D:\MAGIC\scripts\setupplan.py	1208
D:\MAGIC\scripts\setuptools_build.py	5662
D:\MAGIC\scripts\setuptools_ext.py	8735
D:\MAGIC\scripts\setuptools_ext_2.py	8735
D:\MAGIC\scripts\setup_10.py	422
D:\MAGIC\scripts\setup_11.py	429
D:\MAGIC\scripts\setup_12.py	377
D:\MAGIC\scripts\setup_13.py	5412
D:\MAGIC\scripts\setup_14.py	1103
D:\MAGIC\scripts\setup_15.py	663
D:\MAGIC\scripts\setup_16.py	411
D:\MAGIC\scripts\setup_17.py	860
D:\MAGIC\scripts\setup_2.py	338
D:\MAGIC\scripts\setup_3.py	43801
D:\MAGIC\scripts\setup_4.py	490
D:\MAGIC\scripts\setup_5.py	633
D:\MAGIC\scripts\setup_6.py	2421
D:\MAGIC\scripts\setup_7.py	687
D:\MAGIC\scripts\setup_8.py	408
D:\MAGIC\scripts\setup_9.py	2851
D:\MAGIC\scripts\setup_common.py	19161
D:\MAGIC\scripts\setup_folders.py	185
D:\MAGIC\scripts\setup_folders_2.py	436
D:\MAGIC\scripts\sfnt.py	22832
D:\MAGIC\scripts\sftp.py	5631
D:\MAGIC\scripts\shadowroot.py	5184
D:\MAGIC\scripts\shapes.py	5322
D:\MAGIC\scripts\shape_base.py	28940
D:\MAGIC\scripts\shape_base_2.py	38359
D:\MAGIC\scripts\shared.py	554
D:\MAGIC\scripts\shared_docs.py	27486
D:\MAGIC\scripts\shell_completion.py	19857
D:\MAGIC\scripts\show.py	6419
D:\MAGIC\scripts\sign.py	3696
D:\MAGIC\scripts\simple.py	2802
D:\MAGIC\scripts\simple_py3.py	96
D:\MAGIC\scripts\six.py	34657
D:\MAGIC\scripts\six_2.py	34832
D:\MAGIC\scripts\sjisprober.py	4007
D:\MAGIC\scripts\smb.py	15236
D:\MAGIC\scripts\socket.py	22916
D:\MAGIC\scripts\socks.py	7549
D:\MAGIC\scripts\sockshandler.py	4366
D:\MAGIC\scripts\sockshandler_2.py	4366
D:\MAGIC\scripts\socks_2.py	30938
D:\MAGIC\scripts\solver.py	11002
D:\MAGIC\scripts\sorteddict.py	22686
D:\MAGIC\scripts\sortedlist.py	76266
D:\MAGIC\scripts\sortedset.py	19799
D:\MAGIC\scripts\sorting.py	22499
D:\MAGIC\scripts\soupparser.py	10298
D:\MAGIC\scripts\sources.py	6557
D:\MAGIC\scripts\spawn.py	3517
D:\MAGIC\scripts\spec.py	77298
D:\MAGIC\scripts\specializer.py	32609
D:\MAGIC\scripts\specifiers.py	30111
D:\MAGIC\scripts\spend_report_2.py	77
D:\MAGIC\scripts\sphinxext.py	4753
D:\MAGIC\scripts\spinner.py	4374
D:\MAGIC\scripts\spinners.py	5118
D:\MAGIC\scripts\split.py	19239
D:\MAGIC\scripts\spss.py	1306
D:\MAGIC\scripts\sql.py	76029
D:\MAGIC\scripts\ssh.py	53121
D:\MAGIC\scripts\ssltransport.py	8847
D:\MAGIC\scripts\ssl_.py	19786
D:\MAGIC\scripts\ssl_match_hostname.py	5845
D:\MAGIC\scripts\sstruct.py	7263
D:\MAGIC\scripts\stancsv.py	16286
D:\MAGIC\scripts\StandardEncoding.py	3581
D:\MAGIC\scripts\standardGlyphOrder.py	5785
D:\MAGIC\scripts\standardize_columns_2.py	372
D:\MAGIC\scripts\stapled.py	4302
D:\MAGIC\scripts\start_check.py	519
D:\MAGIC\scripts\stat.py	4811
D:\MAGIC\scripts\stata.py	131794
D:\MAGIC\scripts\statisticsPen.py	9808
D:\MAGIC\scripts\statNames.py	9237
D:\MAGIC\scripts\status.py	4425
D:\MAGIC\scripts\status_codes.py	4322
D:\MAGIC\scripts\stop.py	2790
D:\MAGIC\scripts\storage.py	78754
D:\MAGIC\scripts\storage_manager_2.py	443
D:\MAGIC\scripts\storage_sync_2.py	77
D:\MAGIC\scripts\stride_tricks.py	17710
D:\MAGIC\scripts\string.py	6860
D:\MAGIC\scripts\string_.py	18310
D:\MAGIC\scripts\string_arrow.py	15909
D:\MAGIC\scripts\structs.py	4794
D:\MAGIC\scripts\structures.py	2912
D:\MAGIC\scripts\structure_tree.py	5659
D:\MAGIC\scripts\style.py	26332
D:\MAGIC\scripts\styled.py	1258
D:\MAGIC\scripts\style_render.py	85698
D:\MAGIC\scripts\subprocess.py	9200
D:\MAGIC\scripts\subprocesses.py	892
D:\MAGIC\scripts\subreddit.py	2394
D:\MAGIC\scripts\subreddits.py	6460
D:\MAGIC\scripts\subscribe_convertkit_2.py	529
D:\MAGIC\scripts\subversion.py	11729
D:\MAGIC\scripts\sum_.py	3617
D:\MAGIC\scripts\sun.py	1551
D:\MAGIC\scripts\svg.py	7391
D:\MAGIC\scripts\svgPathPen.py	8572
D:\MAGIC\scripts\svg_2.py	37944
D:\MAGIC\scripts\switch_to.py	5126
D:\MAGIC\scripts\symfont.py	6977
D:\MAGIC\scripts\syntax.py	34995
D:\MAGIC\scripts\sysconfig.py	18858
D:\MAGIC\scripts\system_info.py	11731
D:\MAGIC\scripts\S_I_N_G_.py	3317
D:\MAGIC\scripts\S_T_A_T_.py	498
D:\MAGIC\scripts\S_V_G_.py	7795
D:\MAGIC\scripts\S__i_l_f.py	34987
D:\MAGIC\scripts\S__i_l_l.py	3224
D:\MAGIC\scripts\t2CharStringPen.py	2931
D:\MAGIC\scripts\table.py	39682
D:\MAGIC\scripts\tables.py	10958
D:\MAGIC\scripts\table_builder.py	7469
D:\MAGIC\scripts\tags.py	15697
D:\MAGIC\scripts\tag_enricher.py	0
D:\MAGIC\scripts\tag_icon_mapper.py	0
D:\MAGIC\scripts\take.py	20504
D:\MAGIC\scripts\tar.py	4111
D:\MAGIC\scripts\target.py	26297
D:\MAGIC\scripts\target_python.py	3857
D:\MAGIC\scripts\task_status.py	947
D:\MAGIC\scripts\teePen.py	1290
D:\MAGIC\scripts\telegram.py	11115
D:\MAGIC\scripts\template.py	24441
D:\MAGIC\scripts\temp_dir.py	7702
D:\MAGIC\scripts\terminal.py	4382
D:\MAGIC\scripts\terminal256.py	11736
D:\MAGIC\scripts\terminal_theme.py	3370
D:\MAGIC\scripts\termui.py	30847
D:\MAGIC\scripts\test.py	8102
D:\MAGIC\scripts\testing.py	13408
D:\MAGIC\scripts\testing_2.py	18718
D:\MAGIC\scripts\tests.py	6709
D:\MAGIC\scripts\tests_content.py	148
D:\MAGIC\scripts\tests_scrapers.py	192
D:\MAGIC\scripts\tests_scrapers_2.py	807
D:\MAGIC\scripts\testTools.py	7052
D:\MAGIC\scripts\testutils.py	9972
D:\MAGIC\scripts\test_abc.py	2477
D:\MAGIC\scripts\test_abnf.py	4629
D:\MAGIC\scripts\test_abstract_interface.py	782
D:\MAGIC\scripts\test_accessor.py	9025
D:\MAGIC\scripts\test_add_prefix_suffix.py	1910
D:\MAGIC\scripts\test_aggregate.py	55491
D:\MAGIC\scripts\test_aggregation.py	2779
D:\MAGIC\scripts\test_algos.py	78583
D:\MAGIC\scripts\test_align.py	17941
D:\MAGIC\scripts\test_allowlist.py	10667
D:\MAGIC\scripts\test_all_methods.py	3077
D:\MAGIC\scripts\test_alter_axes.py	873
D:\MAGIC\scripts\test_analytics.py	13486
D:\MAGIC\scripts\test_any_all.py	5803
D:\MAGIC\scripts\test_any_index.py	5144
D:\MAGIC\scripts\test_api.py	22947
D:\MAGIC\scripts\test_app.py	12364
D:\MAGIC\scripts\test_append.py	2191
D:\MAGIC\scripts\test_append_common.py	27866
D:\MAGIC\scripts\test_apply.py	54516
D:\MAGIC\scripts\test_apply_mutate.py	5012
D:\MAGIC\scripts\test_argparse.py	2843
D:\MAGIC\scripts\test_argsort.py	2871
D:\MAGIC\scripts\test_arithmetic.py	4177
D:\MAGIC\scripts\test_arithmetics.py	20152
D:\MAGIC\scripts\test_array.py	17159
D:\MAGIC\scripts\test_arraymethod.py	3572
D:\MAGIC\scripts\test_arrayobject.py	1047
D:\MAGIC\scripts\test_arraypad.py	112677
D:\MAGIC\scripts\test_arrayprint.py	51815
D:\MAGIC\scripts\test_arraysetops.py	40586
D:\MAGIC\scripts\test_arrayterator.py	1301
D:\MAGIC\scripts\test_array_api_info.py	3028
D:\MAGIC\scripts\test_array_coercion.py	35027
D:\MAGIC\scripts\test_array_from_pyobj.py	23529
D:\MAGIC\scripts\test_array_interface.py	7706
D:\MAGIC\scripts\test_array_ops.py	1064
D:\MAGIC\scripts\test_array_to_datetime.py	11871
D:\MAGIC\scripts\test_array_utils.py	1118
D:\MAGIC\scripts\test_array_with_attr.py	1373
D:\MAGIC\scripts\test_arrow.py	117491
D:\MAGIC\scripts\test_arrow_compat.py	7194
D:\MAGIC\scripts\test_arrow_interface.py	1505
D:\MAGIC\scripts\test_asfreq.py	9341
D:\MAGIC\scripts\test_asof.py	6732
D:\MAGIC\scripts\test_assert_almost_equal.py	16803
D:\MAGIC\scripts\test_assert_attr_equal.py	1045
D:\MAGIC\scripts\test_assert_categorical_equal.py	2728
D:\MAGIC\scripts\test_assert_extension_array_equal.py	3887
D:\MAGIC\scripts\test_assert_frame_equal.py	13376
D:\MAGIC\scripts\test_assert_index_equal.py	10154
D:\MAGIC\scripts\test_assert_interval_array_equal.py	2158
D:\MAGIC\scripts\test_assert_numpy_array_equal.py	6624
D:\MAGIC\scripts\test_assert_produces_warning.py	8414
D:\MAGIC\scripts\test_assert_series_equal.py	15072
D:\MAGIC\scripts\test_assign.py	2982
D:\MAGIC\scripts\test_assumed_shape.py	1467
D:\MAGIC\scripts\test_astype.py	1849
D:\MAGIC\scripts\test_asyncgen.py	11659
D:\MAGIC\scripts\test_as_unit.py	2518
D:\MAGIC\scripts\test_at.py	8092
D:\MAGIC\scripts\test_at_time.py	4708
D:\MAGIC\scripts\test_autocorr.py	1015
D:\MAGIC\scripts\test_backend.py	3382
D:\MAGIC\scripts\test_bar.py	12049
D:\MAGIC\scripts\test_base.py	60527
D:\MAGIC\scripts\test_base_indexer.py	15954
D:\MAGIC\scripts\test_between.py	2584
D:\MAGIC\scripts\test_between_time.py	8083
D:\MAGIC\scripts\test_bin_groupby.py	1769
D:\MAGIC\scripts\test_block_docstring.py	551
D:\MAGIC\scripts\test_block_internals.py	16152
D:\MAGIC\scripts\test_bool.py	2821
D:\MAGIC\scripts\test_boolean.py	13486
D:\MAGIC\scripts\test_boxplot_method.py	30157
D:\MAGIC\scripts\test_budget_backup.py	477
D:\MAGIC\scripts\test_build.py	1605
D:\MAGIC\scripts\test_builder.py	1095
D:\MAGIC\scripts\test_builder_2.py	1095
D:\MAGIC\scripts\test_builder_registry.py	5064
D:\MAGIC\scripts\test_builder_registry_2.py	5064
D:\MAGIC\scripts\test_build_ext.py	2935
D:\MAGIC\scripts\test_business_day.py	6809
D:\MAGIC\scripts\test_business_hour.py	58453
D:\MAGIC\scripts\test_business_month.py	6718
D:\MAGIC\scripts\test_business_quarter.py	12592
D:\MAGIC\scripts\test_business_year.py	6437
D:\MAGIC\scripts\test_byteswap.py	1987
D:\MAGIC\scripts\test_calendar.py	3622
D:\MAGIC\scripts\test_callback.py	7068
D:\MAGIC\scripts\test_can_hold_element.py	2408
D:\MAGIC\scripts\test_cases.py	6868
D:\MAGIC\scripts\test_case_justify.py	13361
D:\MAGIC\scripts\test_case_when.py	4223
D:\MAGIC\scripts\test_casting_floatingpoint_errors.py	5083
D:\MAGIC\scripts\test_casting_unittests.py	34666
D:\MAGIC\scripts\test_cat.py	13607
D:\MAGIC\scripts\test_categorical.py	742
D:\MAGIC\scripts\test_category.py	14667
D:\MAGIC\scripts\test_cat_accessor.py	9611
D:\MAGIC\scripts\test_ccalendar.py	1903
D:\MAGIC\scripts\test_ccompiler_opt.py	28060
D:\MAGIC\scripts\test_ccompiler_opt_conf.py	6543
D:\MAGIC\scripts\test_chained_assignment_deprecation.py	5750
D:\MAGIC\scripts\test_chaining_and_caching.py	23479
D:\MAGIC\scripts\test_channel.py	19518
D:\MAGIC\scripts\test_character.py	21914
D:\MAGIC\scripts\test_chebyshev.py	20773
D:\MAGIC\scripts\test_check_indexer.py	3159
D:\MAGIC\scripts\test_chrome.py	446
D:\MAGIC\scripts\test_chunksize.py	11288
D:\MAGIC\scripts\test_classes.py	18571
D:\MAGIC\scripts\test_clean_lite_2.py	356
D:\MAGIC\scripts\test_clip.py	3077
D:\MAGIC\scripts\test_clipboard.py	13092
D:\MAGIC\scripts\test_coercion.py	6100
D:\MAGIC\scripts\test_combine.py	1359
D:\MAGIC\scripts\test_combine_concat.py	2651
D:\MAGIC\scripts\test_combine_first.py	19726
D:\MAGIC\scripts\test_comment.py	7561
D:\MAGIC\scripts\test_comments.py	683
D:\MAGIC\scripts\test_common.py	644
D:\MAGIC\scripts\test_common_basic.py	31044
D:\MAGIC\scripts\test_compare.py	9615
D:\MAGIC\scripts\test_comparison.py	1976
D:\MAGIC\scripts\test_comparisons.py	10059
D:\MAGIC\scripts\test_compat.py	872
D:\MAGIC\scripts\test_compile_function.py	4234
D:\MAGIC\scripts\test_complex.py	5948
D:\MAGIC\scripts\test_compression.py	12259
D:\MAGIC\scripts\test_concat.py	573
D:\MAGIC\scripts\test_concatenate_chunks.py	1128
D:\MAGIC\scripts\test_config.py	18243
D:\MAGIC\scripts\test_configtool.py	1781
D:\MAGIC\scripts\test_console.py	2435
D:\MAGIC\scripts\test_construction.py	12332
D:\MAGIC\scripts\test_constructors.py	30758
D:\MAGIC\scripts\test_construct_from_scalar.py	1780
D:\MAGIC\scripts\test_construct_ndarray.py	1316
D:\MAGIC\scripts\test_construct_object_arr.py	717
D:\MAGIC\scripts\test_contains.py	204
D:\MAGIC\scripts\test_content.py	1010
D:\MAGIC\scripts\test_contextvars.py	10659
D:\MAGIC\scripts\test_conversion.py	19046
D:\MAGIC\scripts\test_conversion_utils.py	6355
D:\MAGIC\scripts\test_convert.py	5059
D:\MAGIC\scripts\test_converter.py	13251
D:\MAGIC\scripts\test_converters.py	7440
D:\MAGIC\scripts\test_convert_dtypes.py	7848
D:\MAGIC\scripts\test_cookiejar.py	4395
D:\MAGIC\scripts\test_copy.py	1873
D:\MAGIC\scripts\test_core.py	228057
D:\MAGIC\scripts\test_core_functionalities.py	3506
D:\MAGIC\scripts\test_corrwith.py	615
D:\MAGIC\scripts\test_count.py	1083
D:\MAGIC\scripts\test_counting.py	13618
D:\MAGIC\scripts\test_count_with_level_deprecated.py	4340
D:\MAGIC\scripts\test_cov_corr.py	17875
D:\MAGIC\scripts\test_cpp.py	2745
D:\MAGIC\scripts\test_cpu_dispatcher.py	1635
D:\MAGIC\scripts\test_cpu_features.py	16213
D:\MAGIC\scripts\test_crackfortran.py	16569
D:\MAGIC\scripts\test_crosstab.py	32578
D:\MAGIC\scripts\test_css.py	8669
D:\MAGIC\scripts\test_css_2.py	18625
D:\MAGIC\scripts\test_ctypeslib.py	12579
D:\MAGIC\scripts\test_cumulative.py	1307
D:\MAGIC\scripts\test_custom_business_day.py	3181
D:\MAGIC\scripts\test_custom_business_hour.py	12313
D:\MAGIC\scripts\test_custom_business_month.py	13363
D:\MAGIC\scripts\test_custom_dtypes.py	11893
D:\MAGIC\scripts\test_cut.py	24641
D:\MAGIC\scripts\test_cython.py	10046
D:\MAGIC\scripts\test_cython_aggregations.py	3967
D:\MAGIC\scripts\test_c_parser_only.py	20722
D:\MAGIC\scripts\test_dammit.py	17840
D:\MAGIC\scripts\test_dammit_2.py	17840
D:\MAGIC\scripts\test_dashboard_queries.py	459
D:\MAGIC\scripts\test_data.py	2997
D:\MAGIC\scripts\test_dataframe.py	8864
D:\MAGIC\scripts\test_data_list.py	2229
D:\MAGIC\scripts\test_datetime.py	123258
D:\MAGIC\scripts\test_datetime64.py	90255
D:\MAGIC\scripts\test_datetimeindex.py	1980
D:\MAGIC\scripts\test_datetimelike.py	46254
D:\MAGIC\scripts\test_datetimes.py	29113
D:\MAGIC\scripts\test_datetime_index.py	74471
D:\MAGIC\scripts\test_date_converters.py	1368
D:\MAGIC\scripts\test_date_range.py	61363
D:\MAGIC\scripts\test_db_ingestion.py	452
D:\MAGIC\scripts\test_decimal.py	20248
D:\MAGIC\scripts\test_defchararray.py	29497
D:\MAGIC\scripts\test_defmatrix.py	15050
D:\MAGIC\scripts\test_delete.py	4441
D:\MAGIC\scripts\test_delitem.py	1832
D:\MAGIC\scripts\test_deprecate.py	1617
D:\MAGIC\scripts\test_deprecated.py	11516
D:\MAGIC\scripts\test_deprecated_kwargs.py	691
D:\MAGIC\scripts\test_deprecate_kwarg.py	2043
D:\MAGIC\scripts\test_deprecate_nonkeyword_arguments.py	3623
D:\MAGIC\scripts\test_deprecate_strict_exception_groups_false.py	1874
D:\MAGIC\scripts\test_deprecations.py	639
D:\MAGIC\scripts\test_deprecations_2.py	639
D:\MAGIC\scripts\test_deprecations_3.py	2244
D:\MAGIC\scripts\test_describe.py	14500
D:\MAGIC\scripts\test_dialect.py	5844
D:\MAGIC\scripts\test_dict_compat.py	476
D:\MAGIC\scripts\test_diff.py	10099
D:\MAGIC\scripts\test_direct.py	19709
D:\MAGIC\scripts\test_dlpack.py	6034
D:\MAGIC\scripts\test_doc.py	1492
D:\MAGIC\scripts\test_docs.py	1788
D:\MAGIC\scripts\test_doctesting.py	1350
D:\MAGIC\scripts\test_dot.py	4623
D:\MAGIC\scripts\test_downcast.py	2778
D:\MAGIC\scripts\test_downstream.py	10857
D:\MAGIC\scripts\test_drop.py	20362
D:\MAGIC\scripts\test_droplevel.py	1253
D:\MAGIC\scripts\test_dropna.py	10315
D:\MAGIC\scripts\test_drop_duplicates.py	14503
D:\MAGIC\scripts\test_dst.py	9140
D:\MAGIC\scripts\test_dtls.py	34313
D:\MAGIC\scripts\test_dtype.py	79758
D:\MAGIC\scripts\test_dtypes.py	5523
D:\MAGIC\scripts\test_dtypes_basic.py	18822
D:\MAGIC\scripts\test_dt_accessor.py	29877
D:\MAGIC\scripts\test_duplicated.py	3305
D:\MAGIC\scripts\test_duplicates.py	11559
D:\MAGIC\scripts\test_duplicate_labels.py	14507
D:\MAGIC\scripts\test_easter.py	1151
D:\MAGIC\scripts\test_einsum.py	57438
D:\MAGIC\scripts\test_element.py	4374
D:\MAGIC\scripts\test_element_2.py	4374
D:\MAGIC\scripts\test_empty.py	5259
D:\MAGIC\scripts\test_encoding.py	10783
D:\MAGIC\scripts\test_engines.py	6699
D:\MAGIC\scripts\test_eng_formatting.py	8454
D:\MAGIC\scripts\test_equals.py	2996
D:\MAGIC\scripts\test_equivalence.py	8530
D:\MAGIC\scripts\test_errors.py	2789
D:\MAGIC\scripts\test_errstate.py	4720
D:\MAGIC\scripts\test_eval.py	71699
D:\MAGIC\scripts\test_ewm.py	23020
D:\MAGIC\scripts\test_exceptiongroup_gc.py	2814
D:\MAGIC\scripts\test_exceptions.py	1002
D:\MAGIC\scripts\test_exec_command.py	7349
D:\MAGIC\scripts\test_expanding.py	24239
D:\MAGIC\scripts\test_explode.py	9058
D:\MAGIC\scripts\test_exports.py	22545
D:\MAGIC\scripts\test_expressions.py	14256
D:\MAGIC\scripts\test_extending.py	4441
D:\MAGIC\scripts\test_extension.py	560
D:\MAGIC\scripts\test_extension_interface.py	3727
D:\MAGIC\scripts\test_external_block.py	1083
D:\MAGIC\scripts\test_extint128.py	5606
D:\MAGIC\scripts\test_extract.py	26463
D:\MAGIC\scripts\test_extract_array.py	637
D:\MAGIC\scripts\test_extras.py	77880
D:\MAGIC\scripts\test_f2cmap.py	388
D:\MAGIC\scripts\test_f2py2e.py	27622
D:\MAGIC\scripts\test_factorize.py	4468
D:\MAGIC\scripts\test_fakenet.py	9804
D:\MAGIC\scripts\test_fcompiler.py	1276
D:\MAGIC\scripts\test_fcompiler_gnu.py	2174
D:\MAGIC\scripts\test_fcompiler_intel.py	1138
D:\MAGIC\scripts\test_fcompiler_nagfor.py	921
D:\MAGIC\scripts\test_feather.py	10217
D:\MAGIC\scripts\test_federal.py	1948
D:\MAGIC\scripts\test_fields.py	1352
D:\MAGIC\scripts\test_file_buffer_url.py	13952
D:\MAGIC\scripts\test_file_handling.py	15573
D:\MAGIC\scripts\test_file_io.py	7716
D:\MAGIC\scripts\test_fillna.py	1522
D:\MAGIC\scripts\test_filter.py	5422
D:\MAGIC\scripts\test_filters.py	21870
D:\MAGIC\scripts\test_filter_2.py	27458
D:\MAGIC\scripts\test_finalize.py	28853
D:\MAGIC\scripts\test_financial_expired.py	344
D:\MAGIC\scripts\test_find_common_type.py	5226
D:\MAGIC\scripts\test_find_replace.py	37896
D:\MAGIC\scripts\test_first_and_last.py	5350
D:\MAGIC\scripts\test_first_valid_index.py	2575
D:\MAGIC\scripts\test_fiscal.py	26733
D:\MAGIC\scripts\test_flags.py	1550
D:\MAGIC\scripts\test_float.py	2583
D:\MAGIC\scripts\test_floating.py	5333
D:\MAGIC\scripts\test_floats.py	20603
D:\MAGIC\scripts\test_format.py	44754
D:\MAGIC\scripts\test_formats.py	317
D:\MAGIC\scripts\test_formatter.py	6929
D:\MAGIC\scripts\test_formatter_2.py	6929
D:\MAGIC\scripts\test_frame.py	7332
D:\MAGIC\scripts\test_frame_apply.py	54550
D:\MAGIC\scripts\test_frame_apply_relabeling.py	3772
D:\MAGIC\scripts\test_frame_color.py	28487
D:\MAGIC\scripts\test_frame_groupby.py	2545
D:\MAGIC\scripts\test_frame_legend.py	10443
D:\MAGIC\scripts\test_frame_subplots.py	28984
D:\MAGIC\scripts\test_frame_transform.py	8020
D:\MAGIC\scripts\test_frame_value_counts.py	25189
D:\MAGIC\scripts\test_frequencies.py	821
D:\MAGIC\scripts\test_freq_attr.py	1732
D:\MAGIC\scripts\test_freq_code.py	1727
D:\MAGIC\scripts\test_from_dict.py	7988
D:\MAGIC\scripts\test_from_dummies.py	13343
D:\MAGIC\scripts\test_from_records.py	18570
D:\MAGIC\scripts\test_from_template.py	1102
D:\MAGIC\scripts\test_frozen.py	3125
D:\MAGIC\scripts\test_fsspec.py	10547
D:\MAGIC\scripts\test_function.py	4061
D:\MAGIC\scripts\test_functions.py	15734
D:\MAGIC\scripts\test_function_base.py	167780
D:\MAGIC\scripts\test_function_base_2.py	133369
D:\MAGIC\scripts\test_fuzz.py	7124
D:\MAGIC\scripts\test_fuzz_2.py	7124
D:\MAGIC\scripts\test_gbq.py	401
D:\MAGIC\scripts\test_gc.py	2931
D:\MAGIC\scripts\test_gcs.py	7334
D:\MAGIC\scripts\test_generator.py	1246
D:\MAGIC\scripts\test_generator_mt19937.py	118732
D:\MAGIC\scripts\test_generator_mt19937_regressions.py	8113
D:\MAGIC\scripts\test_generator_nested.py	3828
D:\MAGIC\scripts\test_generic.py	4842
D:\MAGIC\scripts\test_generic_alias.py	5169
D:\MAGIC\scripts\test_gen_exports.py	4982
D:\MAGIC\scripts\test_get.py	662
D:\MAGIC\scripts\test_getitem.py	15002
D:\MAGIC\scripts\test_getlimits.py	7335
D:\MAGIC\scripts\test_get_dummies.py	27605
D:\MAGIC\scripts\test_get_level_values.py	3971
D:\MAGIC\scripts\test_get_numeric_data.py	3416
D:\MAGIC\scripts\test_get_set.py	12870
D:\MAGIC\scripts\test_get_value.py	679
D:\MAGIC\scripts\test_greenlet.py	46398
D:\MAGIC\scripts\test_greenlet_trash.py	8010
D:\MAGIC\scripts\test_groupby.py	108961
D:\MAGIC\scripts\test_groupby_dropna.py	23509
D:\MAGIC\scripts\test_groupby_shift_diff.py	7925
D:\MAGIC\scripts\test_groupby_subclass.py	4580
D:\MAGIC\scripts\test_grouping.py	45897
D:\MAGIC\scripts\test_guest_mode.py	25755
D:\MAGIC\scripts\test_half.py	24225
D:\MAGIC\scripts\test_hashing.py	13857
D:\MAGIC\scripts\test_hashtable.py	1147
D:\MAGIC\scripts\test_hashtag.py	2228
D:\MAGIC\scripts\test_header.py	21029
D:\MAGIC\scripts\test_head_tail.py	1935
D:\MAGIC\scripts\test_helper.py	5990
D:\MAGIC\scripts\test_hermite.py	18806
D:\MAGIC\scripts\test_hermite_e.py	19117
D:\MAGIC\scripts\test_highlevel_generic.py	3036
D:\MAGIC\scripts\test_highlevel_open_tcp_listeners.py	13545
D:\MAGIC\scripts\test_highlevel_open_tcp_stream.py	22568
D:\MAGIC\scripts\test_highlevel_open_unix_stream.py	2445
D:\MAGIC\scripts\test_highlevel_serve_listeners.py	6107
D:\MAGIC\scripts\test_highlevel_socket.py	11050
D:\MAGIC\scripts\test_highlevel_ssl_helpers.py	5813
D:\MAGIC\scripts\test_highlight.py	7003
D:\MAGIC\scripts\test_histograms.py	35560
D:\MAGIC\scripts\test_hist_box_by.py	10969
D:\MAGIC\scripts\test_hist_method.py	34971
D:\MAGIC\scripts\test_holiday.py	11173
D:\MAGIC\scripts\test_html.py	56509
D:\MAGIC\scripts\test_html5lib.py	9206
D:\MAGIC\scripts\test_html5lib_2.py	9206
D:\MAGIC\scripts\test_htmlparser.py	6662
D:\MAGIC\scripts\test_htmlparser_2.py	6662
D:\MAGIC\scripts\test_http.py	12461
D:\MAGIC\scripts\test_http_headers.py	4886
D:\MAGIC\scripts\test_iat.py	1492
D:\MAGIC\scripts\test_iloc.py	51661
D:\MAGIC\scripts\test_impl.py	20214
D:\MAGIC\scripts\test_imports.py	105
D:\MAGIC\scripts\test_index.py	5363
D:\MAGIC\scripts\test_indexerrors.py	4708
D:\MAGIC\scripts\test_indexers.py	1661
D:\MAGIC\scripts\test_indexing.py	55039
D:\MAGIC\scripts\test_indexing_slow.py	3335
D:\MAGIC\scripts\test_index_as_string.py	2274
D:\MAGIC\scripts\test_index_col.py	11515
D:\MAGIC\scripts\test_index_new.py	14924
D:\MAGIC\scripts\test_index_tricks.py	19998
D:\MAGIC\scripts\test_inf.py	2115
D:\MAGIC\scripts\test_inference.py	71447
D:\MAGIC\scripts\test_infer_datetimelike.py	603
D:\MAGIC\scripts\test_infer_dtype.py	6001
D:\MAGIC\scripts\test_infer_objects.py	1241
D:\MAGIC\scripts\test_info.py	17923
D:\MAGIC\scripts\test_insert.py	4075
D:\MAGIC\scripts\test_instrumentation.py	9681
D:\MAGIC\scripts\test_integer.py	5944
D:\MAGIC\scripts\test_integration.py	1134
D:\MAGIC\scripts\test_integrity.py	9031
D:\MAGIC\scripts\test_interaction.py	11979
D:\MAGIC\scripts\test_internals.py	5063
D:\MAGIC\scripts\test_interpolate.py	20273
D:\MAGIC\scripts\test_interp_fillna.py	15299
D:\MAGIC\scripts\test_interval.py	10951
D:\MAGIC\scripts\test_interval_new.py	7976
D:\MAGIC\scripts\test_interval_pyarrow.py	5202
D:\MAGIC\scripts\test_interval_range.py	13758
D:\MAGIC\scripts\test_interval_tree.py	7560
D:\MAGIC\scripts\test_ints.py	7244
D:\MAGIC\scripts\test_invalid.py	1608
D:\MAGIC\scripts\test_invalid_arg.py	11176
D:\MAGIC\scripts\test_io.py	110516
D:\MAGIC\scripts\test_ipython_compat.py	3055
D:\MAGIC\scripts\test_isetitem.py	1428
D:\MAGIC\scripts\test_isfile.py	878
D:\MAGIC\scripts\test_isin.py	7599
D:\MAGIC\scripts\test_isna.py	941
D:\MAGIC\scripts\test_isoc.py	1434
D:\MAGIC\scripts\test_isocalendar.py	908
D:\MAGIC\scripts\test_is_full.py	570
D:\MAGIC\scripts\test_is_homogeneous_dtype.py	1455
D:\MAGIC\scripts\test_is_monotonic.py	2566
D:\MAGIC\scripts\test_is_unique.py	953
D:\MAGIC\scripts\test_item.py	1628
D:\MAGIC\scripts\test_item_selection.py	6764
D:\MAGIC\scripts\test_iter.py	2590
D:\MAGIC\scripts\test_iteration.py	5077
D:\MAGIC\scripts\test_iterator.py	3703
D:\MAGIC\scripts\test_iterrows.py	338
D:\MAGIC\scripts\test_join.py	17523
D:\MAGIC\scripts\test_json.py	17951
D:\MAGIC\scripts\test_json_table_schema.py	30665
D:\MAGIC\scripts\test_json_table_schema_ext_dtype.py	9500
D:\MAGIC\scripts\test_keys.py	2673
D:\MAGIC\scripts\test_ki.py	21345
D:\MAGIC\scripts\test_kind.py	1799
D:\MAGIC\scripts\test_label_or_level_utils.py	10244
D:\MAGIC\scripts\test_laguerre.py	17747
D:\MAGIC\scripts\test_lazyloading.py	1160
D:\MAGIC\scripts\test_leaks.py	17696
D:\MAGIC\scripts\test_legendre.py	18919
D:\MAGIC\scripts\test_lexsort.py	1358
D:\MAGIC\scripts\test_lib.py	11066
D:\MAGIC\scripts\test_libalgos.py	5322
D:\MAGIC\scripts\test_libfrequencies.py	717
D:\MAGIC\scripts\test_libgroupby.py	10457
D:\MAGIC\scripts\test_liboffsets.py	5109
D:\MAGIC\scripts\test_libsparse.py	19293
D:\MAGIC\scripts\test_limited_api.py	3386
D:\MAGIC\scripts\test_linalg.py	84077
D:\MAGIC\scripts\test_list.py	671
D:\MAGIC\scripts\test_list_accessor.py	3425
D:\MAGIC\scripts\test_loadtxt.py	40376
D:\MAGIC\scripts\test_loc.py	120437
D:\MAGIC\scripts\test_local.py	2891
D:\MAGIC\scripts\test_localization.py	4479
D:\MAGIC\scripts\test_logical.py	9335
D:\MAGIC\scripts\test_logical_ops.py	7305
D:\MAGIC\scripts\test_longdouble.py	12287
D:\MAGIC\scripts\test_lookup.py	3385
D:\MAGIC\scripts\test_lxml.py	7453
D:\MAGIC\scripts\test_lxml_2.py	7453
D:\MAGIC\scripts\test_machar.py	1068
D:\MAGIC\scripts\test_make_objects.py	252
D:\MAGIC\scripts\test_managers.py	3557
D:\MAGIC\scripts\test_mangle_dupes.py	5441
D:\MAGIC\scripts\test_map.py	5152
D:\MAGIC\scripts\test_mask.py	4862
D:\MAGIC\scripts\test_masked.py	14339
D:\MAGIC\scripts\test_masked_matrix.py	8720
D:\MAGIC\scripts\test_matlib.py	1585
D:\MAGIC\scripts\test_matmul.py	3137
D:\MAGIC\scripts\test_matplotlib.py	11649
D:\MAGIC\scripts\test_matrix_linalg.py	2204
D:\MAGIC\scripts\test_maybe_box_native.py	996
D:\MAGIC\scripts\test_melt.py	42675
D:\MAGIC\scripts\test_memmap.py	7930
D:\MAGIC\scripts\test_mem_overlap.py	29418
D:\MAGIC\scripts\test_mem_policy.py	16816
D:\MAGIC\scripts\test_merge.py	106187
D:\MAGIC\scripts\test_merge_asof.py	121465
D:\MAGIC\scripts\test_merge_cross.py	3146
D:\MAGIC\scripts\test_merge_index_as_string.py	5357
D:\MAGIC\scripts\test_merge_ordered.py	7731
D:\MAGIC\scripts\test_methods.py	71834
D:\MAGIC\scripts\test_mingw32ccompiler.py	1608
D:\MAGIC\scripts\test_min_max.py	7694
D:\MAGIC\scripts\test_misc.py	6053
D:\MAGIC\scripts\test_misc_util.py	3249
D:\MAGIC\scripts\test_missing.py	7814
D:\MAGIC\scripts\test_mixed.py	861
D:\MAGIC\scripts\test_mixins.py	6896
D:\MAGIC\scripts\test_mock_clock.py	5827
D:\MAGIC\scripts\test_modules.py	2303
D:\MAGIC\scripts\test_module_doc.py	941
D:\MAGIC\scripts\test_moments_consistency_ewm.py	8107
D:\MAGIC\scripts\test_moments_consistency_expanding.py	5537
D:\MAGIC\scripts\test_moments_consistency_rolling.py	7821
D:\MAGIC\scripts\test_monotonic.py	7007
D:\MAGIC\scripts\test_month.py	23244
D:\MAGIC\scripts\test_mrecords.py	19353
D:\MAGIC\scripts\test_multi.py	31130
D:\MAGIC\scripts\test_multiarray.py	555
D:\MAGIC\scripts\test_multiarray_2.py	555
D:\MAGIC\scripts\test_multiindex.py	8065
D:\MAGIC\scripts\test_multilevel.py	12206
D:\MAGIC\scripts\test_multithreading.py	8649
D:\MAGIC\scripts\test_multi_thread.py	4316
D:\MAGIC\scripts\test_mypy_annotate.py	4114
D:\MAGIC\scripts\test_names.py	6601
D:\MAGIC\scripts\test_nanfunctions.py	54084
D:\MAGIC\scripts\test_nanops.py	42042
D:\MAGIC\scripts\test_nat.py	1335
D:\MAGIC\scripts\test_navigablestring.py	5636
D:\MAGIC\scripts\test_navigablestring_2.py	5636
D:\MAGIC\scripts\test_na_indexing.py	2322
D:\MAGIC\scripts\test_na_scalar.py	7227
D:\MAGIC\scripts\test_na_values.py	22461
D:\MAGIC\scripts\test_ndarray_backed.py	2332
D:\MAGIC\scripts\test_nditer.py	136084
D:\MAGIC\scripts\test_nep50_promotions.py	10130
D:\MAGIC\scripts\test_network.py	12320
D:\MAGIC\scripts\test_nlargest.py	8193
D:\MAGIC\scripts\test_nlargest_nsmallest.py	3401
D:\MAGIC\scripts\test_nonunique_indexes.py	11937
D:\MAGIC\scripts\test_non_unique.py	4366
D:\MAGIC\scripts\test_normalize.py	3041
D:\MAGIC\scripts\test_npfuncs.py	2752
D:\MAGIC\scripts\test_npy_pkg_config.py	2579
D:\MAGIC\scripts\test_npy_units.py	922
D:\MAGIC\scripts\test_np_datetime.py	7889
D:\MAGIC\scripts\test_nth.py	28225
D:\MAGIC\scripts\test_numba.py	4190
D:\MAGIC\scripts\test_numeric.py	447
D:\MAGIC\scripts\test_numerictypes.py	23340
D:\MAGIC\scripts\test_numeric_2.py	447
D:\MAGIC\scripts\test_numeric_only.py	19188
D:\MAGIC\scripts\test_numpy.py	9727
D:\MAGIC\scripts\test_numpy_clean_2.py	199
D:\MAGIC\scripts\test_numpy_compat.py	5776
D:\MAGIC\scripts\test_numpy_config.py	1235
D:\MAGIC\scripts\test_numpy_version.py	1783
D:\MAGIC\scripts\test_nunique.py	481
D:\MAGIC\scripts\test_object.py	13416
D:\MAGIC\scripts\test_observance.py	2723
D:\MAGIC\scripts\test_odf.py	1999
D:\MAGIC\scripts\test_odswriter.py	3268
D:\MAGIC\scripts\test_offsets.py	40624
D:\MAGIC\scripts\test_offsets_properties.py	1972
D:\MAGIC\scripts\test_old_base.py	40117
D:\MAGIC\scripts\test_old_ma.py	34878
D:\MAGIC\scripts\test_online.py	3644
D:\MAGIC\scripts\test_openpyxl.py	15227
D:\MAGIC\scripts\test_operators.py	15968
D:\MAGIC\scripts\test_ops.py	975
D:\MAGIC\scripts\test_optional_dependency.py	3159
D:\MAGIC\scripts\test_orc.py	14260
D:\MAGIC\scripts\test_other.py	20708
D:\MAGIC\scripts\test_overlaps.py	3280
D:\MAGIC\scripts\test_overrides.py	27525
D:\MAGIC\scripts\test_packbits.py	26235
D:\MAGIC\scripts\test_pageelement.py	16195
D:\MAGIC\scripts\test_pageelement_2.py	16195
D:\MAGIC\scripts\test_pairwise.py	16141
D:\MAGIC\scripts\test_pandas.py	77668
D:\MAGIC\scripts\test_parameter.py	4640
D:\MAGIC\scripts\test_parking_lot.py	12037
D:\MAGIC\scripts\test_parquet.py	53131
D:\MAGIC\scripts\test_parse_dates.py	69728
D:\MAGIC\scripts\test_parse_iso8601.py	4535
D:\MAGIC\scripts\test_parsing.py	13932
D:\MAGIC\scripts\test_partial.py	25088
D:\MAGIC\scripts\test_partial_indexing.py	4765
D:\MAGIC\scripts\test_partial_slicing.py	16493
D:\MAGIC\scripts\test_path.py	122
D:\MAGIC\scripts\test_pct_change.py	6530
D:\MAGIC\scripts\test_period.py	59617
D:\MAGIC\scripts\test_periodindex.py	653
D:\MAGIC\scripts\test_period_asfreq.py	3119
D:\MAGIC\scripts\test_period_index.py	43093
D:\MAGIC\scripts\test_period_range.py	8979
D:\MAGIC\scripts\test_pickle.py	309
D:\MAGIC\scripts\test_pipe.py	1023
D:\MAGIC\scripts\test_pivot.py	93813
D:\MAGIC\scripts\test_pivot_multilevel.py	7549
D:\MAGIC\scripts\test_playlist.py	1238
D:\MAGIC\scripts\test_pocketfft.py	24546
D:\MAGIC\scripts\test_polynomial.py	12212
D:\MAGIC\scripts\test_polynomial_2.py	20432
D:\MAGIC\scripts\test_polyutils.py	3780
D:\MAGIC\scripts\test_pop.py	2223
D:\MAGIC\scripts\test_print.py	6798
D:\MAGIC\scripts\test_printing.py	23274
D:\MAGIC\scripts\test_promote.py	20755
D:\MAGIC\scripts\test_protocols.py	1173
D:\MAGIC\scripts\test_public_api.py	28831
D:\MAGIC\scripts\test_put.py	14053
D:\MAGIC\scripts\test_pyf_src.py	1134
D:\MAGIC\scripts\test_pyinstaller.py	1159
D:\MAGIC\scripts\test_pytables_missing.py	345
D:\MAGIC\scripts\test_python_parser_only.py	15980
D:\MAGIC\scripts\test_qcut.py	8477
D:\MAGIC\scripts\test_quantile.py	36591
D:\MAGIC\scripts\test_quarter.py	11840
D:\MAGIC\scripts\test_query_eval.py	55314
D:\MAGIC\scripts\test_quoted_character.py	466
D:\MAGIC\scripts\test_quoting.py	6244
D:\MAGIC\scripts\test_raises.py	23924
D:\MAGIC\scripts\test_random.py	69632
D:\MAGIC\scripts\test_randomstate.py	84706
D:\MAGIC\scripts\test_randomstate_regression.py	8103
D:\MAGIC\scripts\test_range.py	20937
D:\MAGIC\scripts\test_rank.py	17526
D:\MAGIC\scripts\test_read.py	13520
D:\MAGIC\scripts\test_readers.py	62778
D:\MAGIC\scripts\test_readlines.py	18819
D:\MAGIC\scripts\test_read_errors.py	9593
D:\MAGIC\scripts\test_read_fwf.py	29873
D:\MAGIC\scripts\test_recfunctions.py	44571
D:\MAGIC\scripts\test_records.py	20509
D:\MAGIC\scripts\test_reddit.py	307
D:\MAGIC\scripts\test_reddit_2.py	401
D:\MAGIC\scripts\test_reddit_ingest.py	639
D:\MAGIC\scripts\test_reddit_login_2.py	395
D:\MAGIC\scripts\test_reduction.py	2183
D:\MAGIC\scripts\test_reductions.py	5787
D:\MAGIC\scripts\test_register_accessor.py	2671
D:\MAGIC\scripts\test_regression.py	6190
D:\MAGIC\scripts\test_regression_2.py	1847
D:\MAGIC\scripts\test_regression_3.py	10173
D:\MAGIC\scripts\test_regression_4.py	5588
D:\MAGIC\scripts\test_regression_5.py	3069
D:\MAGIC\scripts\test_regression_6.py	929
D:\MAGIC\scripts\test_regression_7.py	5471
D:\MAGIC\scripts\test_reindex.py	48343
D:\MAGIC\scripts\test_reindex_like.py	1187
D:\MAGIC\scripts\test_reloading.py	2341
D:\MAGIC\scripts\test_rename.py	15354
D:\MAGIC\scripts\test_rename_axis.py	4091
D:\MAGIC\scripts\test_rendering.py	4194
D:\MAGIC\scripts\test_reorder_levels.py	2729
D:\MAGIC\scripts\test_repeat.py	2740
D:\MAGIC\scripts\test_repl.py	7688
D:\MAGIC\scripts\test_replace.py	4102
D:\MAGIC\scripts\test_repr.py	437
D:\MAGIC\scripts\test_repr_info.py	11017
D:\MAGIC\scripts\test_resampler_grouper.py	23938
D:\MAGIC\scripts\test_resample_api.py	34616
D:\MAGIC\scripts\test_reset_index.py	29134
D:\MAGIC\scripts\test_reshape.py	3305
D:\MAGIC\scripts\test_resolution.py	785
D:\MAGIC\scripts\test_retain_attributes.py	2970
D:\MAGIC\scripts\test_return_character.py	1534
D:\MAGIC\scripts\test_return_complex.py	2411
D:\MAGIC\scripts\test_return_integer.py	1754
D:\MAGIC\scripts\test_return_logical.py	2032
D:\MAGIC\scripts\test_return_real.py	3266
D:\MAGIC\scripts\test_rewrite_warning.py	1151
D:\MAGIC\scripts\test_rolling.py	61158
D:\MAGIC\scripts\test_rolling_functions.py	17877
D:\MAGIC\scripts\test_rolling_quantile.py	5516
D:\MAGIC\scripts\test_rolling_skew_kurt.py	7807
D:\MAGIC\scripts\test_round.py	7978
D:\MAGIC\scripts\test_round_trip.py	18936
D:\MAGIC\scripts\test_routines.py	795
D:\MAGIC\scripts\test_run.py	99111
D:\MAGIC\scripts\test_runtime.py	2905
D:\MAGIC\scripts\test_s3.py	1181
D:\MAGIC\scripts\test_safe_import.py	1020
D:\MAGIC\scripts\test_sample.py	41
D:\MAGIC\scripts\test_sas.py	1057
D:\MAGIC\scripts\test_sas7bdat.py	14942
D:\MAGIC\scripts\test_scalar.py	9642
D:\MAGIC\scripts\test_scalarbuffer.py	5918
D:\MAGIC\scripts\test_scalarinherit.py	2596
D:\MAGIC\scripts\test_scalarmath.py	46984
D:\MAGIC\scripts\test_scalarprint.py	19188
D:\MAGIC\scripts\test_scalar_compat.py	11156
D:\MAGIC\scripts\test_scalar_ctors.py	6712
D:\MAGIC\scripts\test_scalar_methods.py	9700
D:\MAGIC\scripts\test_scheduler_determinism.py	1320
D:\MAGIC\scripts\test_scraper_2.py	623
D:\MAGIC\scripts\test_scraper_safe_2.py	664
D:\MAGIC\scripts\test_scripts.py	1665
D:\MAGIC\scripts\test_search.py	1202
D:\MAGIC\scripts\test_searchsorted.py	2604
D:\MAGIC\scripts\test_secrets_2.py	620
D:\MAGIC\scripts\test_seed_sequence.py	3255
D:\MAGIC\scripts\test_select.py	36830
D:\MAGIC\scripts\test_select_dtypes.py	17273
D:\MAGIC\scripts\test_semicolon_split.py	1615
D:\MAGIC\scripts\test_series.py	5677
D:\MAGIC\scripts\test_series_apply.py	22467
D:\MAGIC\scripts\test_series_apply_relabeling.py	1510
D:\MAGIC\scripts\test_series_info.py	4801
D:\MAGIC\scripts\test_series_transform.py	2404
D:\MAGIC\scripts\test_setitem.py	4822
D:\MAGIC\scripts\test_setops.py	33497
D:\MAGIC\scripts\test_set_axis.py	4608
D:\MAGIC\scripts\test_set_index.py	26570
D:\MAGIC\scripts\test_set_name.py	595
D:\MAGIC\scripts\test_set_value.py	2619
D:\MAGIC\scripts\test_shape_base.py	27714
D:\MAGIC\scripts\test_shape_base_2.py	24708
D:\MAGIC\scripts\test_shares_memory.py	852
D:\MAGIC\scripts\test_shell_utils.py	1920
D:\MAGIC\scripts\test_shift.py	27731
D:\MAGIC\scripts\test_show_versions.py	2096
D:\MAGIC\scripts\test_signals.py	7502
D:\MAGIC\scripts\test_simd.py	49331
D:\MAGIC\scripts\test_simd_module.py	3990
D:\MAGIC\scripts\test_size.py	1157
D:\MAGIC\scripts\test_skew.py	841
D:\MAGIC\scripts\test_skiprows.py	9457
D:\MAGIC\scripts\test_slice.py	27104
D:\MAGIC\scripts\test_smoke.py	28033
D:\MAGIC\scripts\test_snap.py	1305
D:\MAGIC\scripts\test_sniffio.py	2052
D:\MAGIC\scripts\test_socket.py	44665
D:\MAGIC\scripts\test_sort.py	4350
D:\MAGIC\scripts\test_sorted.py	5192
D:\MAGIC\scripts\test_sorting.py	16595
D:\MAGIC\scripts\test_sort_index.py	34826
D:\MAGIC\scripts\test_sort_values.py	32982
D:\MAGIC\scripts\test_sound.py	1211
D:\MAGIC\scripts\test_soup.py	22668
D:\MAGIC\scripts\test_soup_2.py	22668
D:\MAGIC\scripts\test_sparse.py	18011
D:\MAGIC\scripts\test_sparse_accessor.py	296
D:\MAGIC\scripts\test_spec_conformance.py	5594
D:\MAGIC\scripts\test_split_partition.py	23250
D:\MAGIC\scripts\test_spss.py	6432
D:\MAGIC\scripts\test_sql.py	144483
D:\MAGIC\scripts\test_ssl.py	51024
D:\MAGIC\scripts\test_stack_saved.py	446
D:\MAGIC\scripts\test_stack_unstack.py	97558
D:\MAGIC\scripts\test_stata.py	92899
D:\MAGIC\scripts\test_stat_reductions.py	9723
D:\MAGIC\scripts\test_store.py	37523
D:\MAGIC\scripts\test_str.py	11043
D:\MAGIC\scripts\test_streamlit.py	200
D:\MAGIC\scripts\test_stride_tricks.py	22634
D:\MAGIC\scripts\test_string.py	2925
D:\MAGIC\scripts\test_stringdtype.py	56031
D:\MAGIC\scripts\test_strings.py	63235
D:\MAGIC\scripts\test_string_array.py	3514
D:\MAGIC\scripts\test_string_arrow.py	9712
D:\MAGIC\scripts\test_strptime.py	3896
D:\MAGIC\scripts\test_struct_accessor.py	5443
D:\MAGIC\scripts\test_str_accessor.py	853
D:\MAGIC\scripts\test_stub_trend.py	56
D:\MAGIC\scripts\test_style.py	11284
D:\MAGIC\scripts\test_subclass.py	903
D:\MAGIC\scripts\test_subclassing.py	16936
D:\MAGIC\scripts\test_subprocess.py	26614
D:\MAGIC\scripts\test_swapaxes.py	1466
D:\MAGIC\scripts\test_swaplevel.py	1277
D:\MAGIC\scripts\test_symbol.py	5505
D:\MAGIC\scripts\test_symbolic.py	17983
D:\MAGIC\scripts\test_sync.py	19421
D:\MAGIC\scripts\test_system_info.py	10834
D:\MAGIC\scripts\test_tag.py	9690
D:\MAGIC\scripts\test_tag_2.py	9690
D:\MAGIC\scripts\test_take.py	11539
D:\MAGIC\scripts\test_testing.py	20796
D:\MAGIC\scripts\test_testing_raisesgroup.py	46341
D:\MAGIC\scripts\test_textreader.py	10673
D:\MAGIC\scripts\test_threads.py	39330
D:\MAGIC\scripts\test_thread_cache.py	7428
D:\MAGIC\scripts\test_throw.py	3566
D:\MAGIC\scripts\test_ticks.py	11549
D:\MAGIC\scripts\test_timedelta.py	1934
D:\MAGIC\scripts\test_timedelta64.py	78911
D:\MAGIC\scripts\test_timedeltaindex.py	661
D:\MAGIC\scripts\test_timedeltas.py	10673
D:\MAGIC\scripts\test_timedelta_range.py	6220
D:\MAGIC\scripts\test_timegrouper.py	34985
D:\MAGIC\scripts\test_timeouts.py	8733
D:\MAGIC\scripts\test_timeseries_window.py	24250
D:\MAGIC\scripts\test_timestamp.py	31040
D:\MAGIC\scripts\test_timestamp_method.py	1017
D:\MAGIC\scripts\test_timezones.py	8047
D:\MAGIC\scripts\test_time_grouper.py	11832
D:\MAGIC\scripts\test_time_series.py	2481
D:\MAGIC\scripts\test_tolist.py	1115
D:\MAGIC\scripts\test_tools.py	1361
D:\MAGIC\scripts\test_tooltip.py	2899
D:\MAGIC\scripts\test_to_csv.py	51560
D:\MAGIC\scripts\test_to_datetime.py	147152
D:\MAGIC\scripts\test_to_dict.py	18640
D:\MAGIC\scripts\test_to_dict_of_blocks.py	2641
D:\MAGIC\scripts\test_to_excel.py	15321
D:\MAGIC\scripts\test_to_frame.py	998
D:\MAGIC\scripts\test_to_html.py	38699
D:\MAGIC\scripts\test_to_julian_date.py	1608
D:\MAGIC\scripts\test_to_latex.py	41660
D:\MAGIC\scripts\test_to_markdown.py	2757
D:\MAGIC\scripts\test_to_numeric.py	29480
D:\MAGIC\scripts\test_to_numpy.py	4954
D:\MAGIC\scripts\test_to_offset.py	5873
D:\MAGIC\scripts\test_to_period.py	2863
D:\MAGIC\scripts\test_to_pydatetime.py	1345
D:\MAGIC\scripts\test_to_records.py	18553
D:\MAGIC\scripts\test_to_series.py	493
D:\MAGIC\scripts\test_to_string.py	39355
D:\MAGIC\scripts\test_to_time.py	2417
D:\MAGIC\scripts\test_to_timedelta.py	12454
D:\MAGIC\scripts\test_to_timestamp.py	5866
D:\MAGIC\scripts\test_to_xarray.py	4782
D:\MAGIC\scripts\test_to_xml.py	35612
D:\MAGIC\scripts\test_tracing.py	8673
D:\MAGIC\scripts\test_transform.py	57511
D:\MAGIC\scripts\test_transpose.py	1694
D:\MAGIC\scripts\test_tree.py	55492
D:\MAGIC\scripts\test_tree_2.py	55492
D:\MAGIC\scripts\test_trending.py	636
D:\MAGIC\scripts\test_trio.py	197
D:\MAGIC\scripts\test_truncate.py	5216
D:\MAGIC\scripts\test_tutil.py	459
D:\MAGIC\scripts\test_twodim_base.py	17971
D:\MAGIC\scripts\test_types.py	1711
D:\MAGIC\scripts\test_type_check.py	15137
D:\MAGIC\scripts\test_typing.py	6307
D:\MAGIC\scripts\test_typing_extensions.py	1007
D:\MAGIC\scripts\test_tzconversion.py	953
D:\MAGIC\scripts\test_tz_convert.py	4707
D:\MAGIC\scripts\test_tz_localize.py	2084
D:\MAGIC\scripts\test_ufunc.py	134513
D:\MAGIC\scripts\test_ufunclike.py	3023
D:\MAGIC\scripts\test_ujson.py	36424
D:\MAGIC\scripts\test_umath.py	194954
D:\MAGIC\scripts\test_umath_accuracy.py	5549
D:\MAGIC\scripts\test_umath_complex.py	25315
D:\MAGIC\scripts\test_unary.py	2864
D:\MAGIC\scripts\test_unary_ops.py	19800
D:\MAGIC\scripts\test_unbounded_queue.py	4323
D:\MAGIC\scripts\test_unicode.py	13008
D:\MAGIC\scripts\test_union_categoricals.py	15301
D:\MAGIC\scripts\test_unique.py	4255
D:\MAGIC\scripts\test_unix_pipes.py	10282
D:\MAGIC\scripts\test_unstack.py	5102
D:\MAGIC\scripts\test_unsupported.py	7987
D:\MAGIC\scripts\test_upcast.py	3141
D:\MAGIC\scripts\test_update.py	6888
D:\MAGIC\scripts\test_url.py	17722
D:\MAGIC\scripts\test_usecols_basic.py	17647
D:\MAGIC\scripts\test_user.py	2412
D:\MAGIC\scripts\test_user_agent.py	11837
D:\MAGIC\scripts\test_util.py	385
D:\MAGIC\scripts\test_utils.py	2289
D:\MAGIC\scripts\test_utils_2.py	55368
D:\MAGIC\scripts\test_validate.py	1094
D:\MAGIC\scripts\test_validate_args.py	1907
D:\MAGIC\scripts\test_validate_args_and_kwargs.py	2456
D:\MAGIC\scripts\test_validate_inclusive.py	896
D:\MAGIC\scripts\test_validate_kwargs.py	1808
D:\MAGIC\scripts\test_values.py	9406
D:\MAGIC\scripts\test_value_attrspec.py	330
D:\MAGIC\scripts\test_value_counts.py	11804
D:\MAGIC\scripts\test_verbose.py	2340
D:\MAGIC\scripts\test_version.py	1369
D:\MAGIC\scripts\test_video.py	2540
D:\MAGIC\scripts\test_view.py	1851
D:\MAGIC\scripts\test_wait_for_object.py	8334
D:\MAGIC\scripts\test_warnings.py	2342
D:\MAGIC\scripts\test_weakref.py	887
D:\MAGIC\scripts\test_websocket.py	18390
D:\MAGIC\scripts\test_week.py	12331
D:\MAGIC\scripts\test_where.py	38119
D:\MAGIC\scripts\test_windows.py	10334
D:\MAGIC\scripts\test_windows_pipes.py	3348
D:\MAGIC\scripts\test_win_type.py	17522
D:\MAGIC\scripts\test_writers.py	54978
D:\MAGIC\scripts\test_xlrd.py	1977
D:\MAGIC\scripts\test_xlsxwriter.py	2773
D:\MAGIC\scripts\test_xlwt.py	4843
D:\MAGIC\scripts\test_xml.py	60641
D:\MAGIC\scripts\test_xml_dtypes.py	13266
D:\MAGIC\scripts\test_xport.py	5728
D:\MAGIC\scripts\test_xs.py	16012
D:\MAGIC\scripts\test_year.py	10456
D:\MAGIC\scripts\test__all__.py	221
D:\MAGIC\scripts\test__datasource.py	10501
D:\MAGIC\scripts\test__exceptions.py	2942
D:\MAGIC\scripts\test__iotools.py	13648
D:\MAGIC\scripts\test__version.py	1998
D:\MAGIC\scripts\tethering.py	1470
D:\MAGIC\scripts\text.py	45686
D:\MAGIC\scripts\textTools.py	3377
D:\MAGIC\scripts\text_file.py	12096
D:\MAGIC\scripts\text_region.py	27577
D:\MAGIC\scripts\tfmLib.py	14480
D:\MAGIC\scripts\theme.py	3627
D:\MAGIC\scripts\themes.py	102
D:\MAGIC\scripts\theme_2.py	3823
D:\MAGIC\scripts\threadpoolctl.py	50722
D:\MAGIC\scripts\threads_scraper.py	0
D:\MAGIC\scripts\tiktok.py	21139
D:\MAGIC\scripts\tiktok_api.py	0
D:\MAGIC\scripts\tiktok_login.py	653
D:\MAGIC\scripts\tiktok_open_browser.py	589
D:\MAGIC\scripts\tiktok_scraper.py	0
D:\MAGIC\scripts\tiktok_simple_api.py	1235
D:\MAGIC\scripts\tile.py	21412
D:\MAGIC\scripts\timedeltas.py	8015
D:\MAGIC\scripts\timeout.py	10346
D:\MAGIC\scripts\timeouts.py	4054
D:\MAGIC\scripts\timer_comparison.py	16187
D:\MAGIC\scripts\times.py	4801
D:\MAGIC\scripts\timeseries.py	10364
D:\MAGIC\scripts\timeTools.py	2233
D:\MAGIC\scripts\tls.py	13239
D:\MAGIC\scripts\token.py	4840
D:\MAGIC\scripts\tools.py	15273
D:\MAGIC\scripts\tornadoweb.py	2176
D:\MAGIC\scripts\totp.py	1586
D:\MAGIC\scripts\to_interpreter.py	6549
D:\MAGIC\scripts\to_process.py	9595
D:\MAGIC\scripts\to_thread.py	228
D:\MAGIC\scripts\traceback.py	26169
D:\MAGIC\scripts\tracing.py	13639
D:\MAGIC\scripts\transaction.py	2398
D:\MAGIC\scripts\transform.py	16008
D:\MAGIC\scripts\transformPen.py	4056
D:\MAGIC\scripts\transforms.py	961
D:\MAGIC\scripts\transforms_2.py	17371
D:\MAGIC\scripts\transitions.py	4446
D:\MAGIC\scripts\tree.py	9169
D:\MAGIC\scripts\treeTools.py	1269
D:\MAGIC\scripts\trending.py	1752
D:\MAGIC\scripts\trends_scraper.py	611
D:\MAGIC\scripts\trends_scraper_with_reddit.py	2978
D:\MAGIC\scripts\trend_explainer.py	0
D:\MAGIC\scripts\trend_lifecycle.py	0
D:\MAGIC\scripts\trend_predictor.py	798
D:\MAGIC\scripts\trend_scorer.py	1438
D:\MAGIC\scripts\trend_scorer_2.py	171
D:\MAGIC\scripts\trend_spike_detector.py	0
D:\MAGIC\scripts\trend_summary_gen.py	0
D:\MAGIC\scripts\trend_unifier.py	0
D:\MAGIC\scripts\trend_unifier_2.py	183
D:\MAGIC\scripts\ttCollection.py	3963
D:\MAGIC\scripts\ttFont.py	40965
D:\MAGIC\scripts\ttfonts.py	38990
D:\MAGIC\scripts\ttGlyphPen.py	11870
D:\MAGIC\scripts\ttGlyphSet.py	17476
D:\MAGIC\scripts\ttProgram.py	35888
D:\MAGIC\scripts\ttVisitor.py	1025
D:\MAGIC\scripts\ttx.py	17277
D:\MAGIC\scripts\TupleVariation.py	32235
D:\MAGIC\scripts\tutil.py	4026
D:\MAGIC\scripts\twitter.py	128353
D:\MAGIC\scripts\twitter_api.py	0
D:\MAGIC\scripts\twitter_scraper.py	0
D:\MAGIC\scripts\twitter_scraper_old_2.py	652
D:\MAGIC\scripts\twitter_scraper_ps_2.py	6146
D:\MAGIC\scripts\twitter_scraper_simple_2.py	658
D:\MAGIC\scripts\twodim_base.py	29023
D:\MAGIC\scripts\typecheck.py	11450
D:\MAGIC\scripts\types.py	1029
D:\MAGIC\scripts\types_2.py	247
D:\MAGIC\scripts\types_3.py	2996
D:\MAGIC\scripts\types_4.py	5320
D:\MAGIC\scripts\type_check.py	20371
D:\MAGIC\scripts\typing.py	68
D:\MAGIC\scripts\typing_extensions.py	88707
D:\MAGIC\scripts\typing_extensions_2.py	159097
D:\MAGIC\scripts\tz.py	62926
D:\MAGIC\scripts\tzfile.py	4777
D:\MAGIC\scripts\tzinfo.py	19356
D:\MAGIC\scripts\tzwin.py	59
D:\MAGIC\scripts\tzwin_2.py	59
D:\MAGIC\scripts\tz_2.py	62926
D:\MAGIC\scripts\T_S_I_B_.py	340
D:\MAGIC\scripts\T_S_I_C_.py	380
D:\MAGIC\scripts\T_S_I_D_.py	340
D:\MAGIC\scripts\T_S_I_J_.py	340
D:\MAGIC\scripts\T_S_I_P_.py	340
D:\MAGIC\scripts\T_S_I_S_.py	340
D:\MAGIC\scripts\T_S_I_V_.py	854
D:\MAGIC\scripts\T_S_I__0.py	2505
D:\MAGIC\scripts\T_S_I__1.py	7057
D:\MAGIC\scripts\T_S_I__2.py	495
D:\MAGIC\scripts\T_S_I__3.py	542
D:\MAGIC\scripts\T_S_I__5.py	1913
D:\MAGIC\scripts\T_T_F_A_.py	392
D:\MAGIC\scripts\ufo.py	11794
D:\MAGIC\scripts\ufunclike.py	8067
D:\MAGIC\scripts\ufunclike_2.py	685
D:\MAGIC\scripts\ufunclike_3.py	1039
D:\MAGIC\scripts\ufunclike_4.py	1637
D:\MAGIC\scripts\ufuncs.py	5360
D:\MAGIC\scripts\ufuncs_2.py	1347
D:\MAGIC\scripts\ufuncs_3.py	462
D:\MAGIC\scripts\ufuncs_4.py	3009
D:\MAGIC\scripts\ufunc_config.py	738
D:\MAGIC\scripts\ufunc_config_2.py	1124
D:\MAGIC\scripts\ufunc_config_3.py	1436
D:\MAGIC\scripts\ufunc_config_4.py	1229
D:\MAGIC\scripts\ui.py	886
D:\MAGIC\scripts\umath.py	2395
D:\MAGIC\scripts\umath_tests.py	391
D:\MAGIC\scripts\unbuilder.py	2142
D:\MAGIC\scripts\unicode.py	10787
D:\MAGIC\scripts\unicode_2.py	4273
D:\MAGIC\scripts\unicode_script.py	54285
D:\MAGIC\scripts\unicode_utils.py	941
D:\MAGIC\scripts\uninstall.py	3886
D:\MAGIC\scripts\unistring.py	63287
D:\MAGIC\scripts\universaldetector.py	14848
D:\MAGIC\scripts\unix.py	6939
D:\MAGIC\scripts\unixccompiler.py	15641
D:\MAGIC\scripts\unpacking.py	8820
D:\MAGIC\scripts\update_checker.py	9102
D:\MAGIC\scripts\update_checker_test.py	2452
D:\MAGIC\scripts\upload.py	7477
D:\MAGIC\scripts\upload_docs.py	7577
D:\MAGIC\scripts\url.py	15205
D:\MAGIC\scripts\urls.py	1759
D:\MAGIC\scripts\usedoctest.py	230
D:\MAGIC\scripts\usedoctest_2.py	249
D:\MAGIC\scripts\user_array.py	7857
D:\MAGIC\scripts\user_subreddit.py	10935
D:\MAGIC\scripts\use_rules.py	3748
D:\MAGIC\scripts\utf1632prober.py	8505
D:\MAGIC\scripts\utf8prober.py	2812
D:\MAGIC\scripts\util.py	1146
D:\MAGIC\scripts\utilities.py	2817
D:\MAGIC\scripts\utils.py	1613
D:\MAGIC\scripts\utils_10.py	20245
D:\MAGIC\scripts\utils_11.py	1084
D:\MAGIC\scripts\utils_12.py	4383
D:\MAGIC\scripts\utils_13.py	790
D:\MAGIC\scripts\utils_14.py	1965
D:\MAGIC\scripts\utils_15.py	1995
D:\MAGIC\scripts\utils_16.py	22980
D:\MAGIC\scripts\utils_2.py	1965
D:\MAGIC\scripts\utils_3.py	2737
D:\MAGIC\scripts\utils_4.py	33011
D:\MAGIC\scripts\utils_5.py	1281
D:\MAGIC\scripts\utils_6.py	86146
D:\MAGIC\scripts\utils_7.py	16493
D:\MAGIC\scripts\utils_8.py	12170
D:\MAGIC\scripts\utils_9.py	12853
D:\MAGIC\scripts\util_2.py	3378
D:\MAGIC\scripts\util_3.py	754
D:\MAGIC\scripts\util_4.py	8609
D:\MAGIC\scripts\uts46data.py	239334
D:\MAGIC\scripts\validate_schema_2.py	180
D:\MAGIC\scripts\validation_checks_2.py	917
D:\MAGIC\scripts\validators.py	19912
D:\MAGIC\scripts\validators_2.py	76
D:\MAGIC\scripts\validators_3.py	19912
D:\MAGIC\scripts\validators_4.py	76
D:\MAGIC\scripts\validators_5.py	30805
D:\MAGIC\scripts\variables.py	2348
D:\MAGIC\scripts\variableScalar.py	4069
D:\MAGIC\scripts\variance_filter.py	0
D:\MAGIC\scripts\varStore.py	24069
D:\MAGIC\scripts\var_.py	4323
D:\MAGIC\scripts\vast.py	1651
D:\MAGIC\scripts\vault_manager.py	1237
D:\MAGIC\scripts\vault_manager_2.py	1033
D:\MAGIC\scripts\vb.py	8456
D:\MAGIC\scripts\vector.py	4062
D:\MAGIC\scripts\vengine_cpy.py	43938
D:\MAGIC\scripts\vengine_cpy_2.py	43938
D:\MAGIC\scripts\vengine_gen.py	27015
D:\MAGIC\scripts\vengine_gen_2.py	27015
D:\MAGIC\scripts\verification.py	958
D:\MAGIC\scripts\verifier.py	11257
D:\MAGIC\scripts\verifier_2.py	11257
D:\MAGIC\scripts\verify_setup_2.py	77
D:\MAGIC\scripts\version.py	161
D:\MAGIC\scripts\versioncontrol.py	22810
D:\MAGIC\scripts\versionpredicate.py	5248
D:\MAGIC\scripts\version_2.py	513
D:\MAGIC\scripts\version_3.py	371
D:\MAGIC\scripts\version_4.py	115
D:\MAGIC\scripts\version_5.py	22
D:\MAGIC\scripts\version_6.py	513
D:\MAGIC\scripts\virtualenv.py	3456
D:\MAGIC\scripts\virtual_authenticator.py	7907
D:\MAGIC\scripts\visitor.py	5610
D:\MAGIC\scripts\vkontakte.py	22955
D:\MAGIC\scripts\voltToFea.py	36549
D:\MAGIC\scripts\V_A_R_C_.py	289
D:\MAGIC\scripts\V_D_M_X_.py	10437
D:\MAGIC\scripts\V_O_R_G_.py	5965
D:\MAGIC\scripts\V_V_A_R_.py	319
D:\MAGIC\scripts\wait.py	4423
D:\MAGIC\scripts\waitid.py	3888
D:\MAGIC\scripts\warnings_and_errors.py	280
D:\MAGIC\scripts\warnings_and_errors_2.py	172
D:\MAGIC\scripts\warnings_and_errors_3.py	428
D:\MAGIC\scripts\webdriver.py	2411
D:\MAGIC\scripts\webelement.py	22009
D:\MAGIC\scripts\webextension.py	3385
D:\MAGIC\scripts\webhdfs.py	16769
D:\MAGIC\scripts\websocket_connection.py	5070
D:\MAGIC\scripts\web_audio.py	17305
D:\MAGIC\scripts\web_authn.py	20573
D:\MAGIC\scripts\weekly_consolidator.py	806
D:\MAGIC\scripts\weibo.py	7517
D:\MAGIC\scripts\wheel.py	8396
D:\MAGIC\scripts\wheel_actions.py	1375
D:\MAGIC\scripts\wheel_builder.py	13078
D:\MAGIC\scripts\wheel_editable.py	1417
D:\MAGIC\scripts\wheel_input.py	2654
D:\MAGIC\scripts\wheel_legacy.py	3064
D:\MAGIC\scripts\whitespace.py	1224
D:\MAGIC\scripts\width.py	6074
D:\MAGIC\scripts\win.py	13012
D:\MAGIC\scripts\win32.py	6213
D:\MAGIC\scripts\window.py	926
D:\MAGIC\scripts\windows.py	365
D:\MAGIC\scripts\windows_support.py	719
D:\MAGIC\scripts\winterm.py	7163
D:\MAGIC\scripts\winterm_test.py	3683
D:\MAGIC\scripts\win_2.py	13012
D:\MAGIC\scripts\woff2.py	61058
D:\MAGIC\scripts\wrapper.py	774
D:\MAGIC\scripts\wxPen.py	680
D:\MAGIC\scripts\x25519.py	3613
D:\MAGIC\scripts\x448.py	3642
D:\MAGIC\scripts\x963kdf.py	1999
D:\MAGIC\scripts\xml.py	16356
D:\MAGIC\scripts\xmlfile.py	4911
D:\MAGIC\scripts\xmlReader.py	6580
D:\MAGIC\scripts\xmlrpc.py	1790
D:\MAGIC\scripts\xmlWriter.py	6046
D:\MAGIC\scripts\x_user_defined.py	4288
D:\MAGIC\scripts\yacc.py	140360
D:\MAGIC\scripts\yacctab.py	683997
D:\MAGIC\scripts\ygen.py	2265
D:\MAGIC\scripts\youtube_api.py	0
D:\MAGIC\scripts\youtube_api_2.py	2016
D:\MAGIC\scripts\youtube_scraper.py	0
D:\MAGIC\scripts\youtube_scraper_2.py	593
D:\MAGIC\scripts\zephyr_alerts.py	0
D:\MAGIC\scripts\zephyr_feedback.py	0
D:\MAGIC\scripts\zephyr_to_midas.py	0
D:\MAGIC\scripts\zip.py	6072
D:\MAGIC\scripts\zipp.py	8425
D:\MAGIC\scripts\_abc.py	25681
D:\MAGIC\scripts\_abnf.py	14385
D:\MAGIC\scripts\_adapters.py	4504
D:\MAGIC\scripts\_add_docstring.py	3848
D:\MAGIC\scripts\_add_newdocs.py	196558
D:\MAGIC\scripts\_add_newdocs_scalars.py	9666
D:\MAGIC\scripts\_api.py	14889
D:\MAGIC\scripts\_api_2.py	14889
D:\MAGIC\scripts\_app.py	24176
D:\MAGIC\scripts\_appengine_environ.py	957
D:\MAGIC\scripts\_apply_pyprojecttoml.py	13426
D:\MAGIC\scripts\_array_like.py	3230
D:\MAGIC\scripts\_arrow_utils.py	1921
D:\MAGIC\scripts\_asarray.py	4178
D:\MAGIC\scripts\_ast_gen.py	10473
D:\MAGIC\scripts\_asymmetric.py	532
D:\MAGIC\scripts\_asyncgens.py	10563
D:\MAGIC\scripts\_asyncio.py	3345
D:\MAGIC\scripts\_asyncio_selector_thread.py	5626
D:\MAGIC\scripts\_a_n_k_r.py	483
D:\MAGIC\scripts\_a_v_a_r.py	7116
D:\MAGIC\scripts\_base.py	62589
D:\MAGIC\scripts\_base_connection.py	5568
D:\MAGIC\scripts\_build_config.py	2015
D:\MAGIC\scripts\_build_tables.py	1035
D:\MAGIC\scripts\_b_s_l_n.py	465
D:\MAGIC\scripts\_cached.py	6350
D:\MAGIC\scripts\_cachedmethod.py	3413
D:\MAGIC\scripts\_callable.py	12879
D:\MAGIC\scripts\_catch.py	4680
D:\MAGIC\scripts\_cell_widths.py	10096
D:\MAGIC\scripts\_channel.py	22659
D:\MAGIC\scripts\_char_codes.py	8938
D:\MAGIC\scripts\_checkpoints.py	2135
D:\MAGIC\scripts\_check_streams.py	22801
D:\MAGIC\scripts\_cipheralgorithm.py	1494
D:\MAGIC\scripts\_cli.py	16231
D:\MAGIC\scripts\_cmd.py	1379
D:\MAGIC\scripts\_cmp.py	4087
D:\MAGIC\scripts\_cmp_2.py	4087
D:\MAGIC\scripts\_collections.py	17295
D:\MAGIC\scripts\_color_data.py	4332
D:\MAGIC\scripts\_common.py	2686
D:\MAGIC\scripts\_common_2.py	13047
D:\MAGIC\scripts\_common_3.py	971
D:\MAGIC\scripts\_common_4.py	13047
D:\MAGIC\scripts\_compat.py	2706
D:\MAGIC\scripts\_compat_2.py	2668
D:\MAGIC\scripts\_compat_3.py	18693
D:\MAGIC\scripts\_concat_tb.py	877
D:\MAGIC\scripts\_conditional.py	5312
D:\MAGIC\scripts\_config.py	843
D:\MAGIC\scripts\_configtool.py	1051
D:\MAGIC\scripts\_config_2.py	8571
D:\MAGIC\scripts\_config_3.py	304714
D:\MAGIC\scripts\_config_4.py	843
D:\MAGIC\scripts\_connection.py	26839
D:\MAGIC\scripts\_content.py	8185
D:\MAGIC\scripts\_cookiejar.py	2399
D:\MAGIC\scripts\_core.py	21080
D:\MAGIC\scripts\_c_i_d_g.py	913
D:\MAGIC\scripts\_c_m_a_p.py	62208
D:\MAGIC\scripts\_c_v_a_r.py	3527
D:\MAGIC\scripts\_c_v_t.py	1647
D:\MAGIC\scripts\_datasource.py	22586
D:\MAGIC\scripts\_decorators.py	18244
D:\MAGIC\scripts\_deprecate.py	5456
D:\MAGIC\scripts\_deprecation.py	2394
D:\MAGIC\scripts\_deprecation_2.py	2394
D:\MAGIC\scripts\_deprecation_warning.py	218
D:\MAGIC\scripts\_dfi_types.py	6512
D:\MAGIC\scripts\_diffcommand.py	2064
D:\MAGIC\scripts\_difflib.py	85678
D:\MAGIC\scripts\_distributor_init.py	1162
D:\MAGIC\scripts\_dists.py	8181
D:\MAGIC\scripts\_distutils.py	6100
D:\MAGIC\scripts\_doctools.py	6709
D:\MAGIC\scripts\_dtls.py	54136
D:\MAGIC\scripts\_dtype.py	9748
D:\MAGIC\scripts\_dtype_ctypes.py	3660
D:\MAGIC\scripts\_dtype_like.py	5879
D:\MAGIC\scripts\_elementpath.py	11086
D:\MAGIC\scripts\_emoji_codes.py	140235
D:\MAGIC\scripts\_emoji_replace.py	1064
D:\MAGIC\scripts\_entry_points.py	1925
D:\MAGIC\scripts\_entry_queue.py	9427
D:\MAGIC\scripts\_envs.py	7457
D:\MAGIC\scripts\_error.py	787
D:\MAGIC\scripts\_error_2.py	787
D:\MAGIC\scripts\_eventloop.py	9682
D:\MAGIC\scripts\_eventloop_2.py	4695
D:\MAGIC\scripts\_events.py	11792
D:\MAGIC\scripts\_exceptions.py	2178
D:\MAGIC\scripts\_exceptions_2.py	6074
D:\MAGIC\scripts\_exceptions_3.py	3503
D:\MAGIC\scripts\_export_format.py	2114
D:\MAGIC\scripts\_extended_precision.py	1116
D:\MAGIC\scripts\_extension.py	265
D:\MAGIC\scripts\_factories.py	2502
D:\MAGIC\scripts\_factories_2.py	2502
D:\MAGIC\scripts\_fake_net.py	18322
D:\MAGIC\scripts\_fileio.py	23341
D:\MAGIC\scripts\_file_io.py	15642
D:\MAGIC\scripts\_formatting.py	21032
D:\MAGIC\scripts\_framework_compat.py	1613
D:\MAGIC\scripts\_funcs.py	15848
D:\MAGIC\scripts\_funcs_2.py	15848
D:\MAGIC\scripts\_functools.py	2895
D:\MAGIC\scripts\_f_e_a_t.py	469
D:\MAGIC\scripts\_f_p_g_m.py	1633
D:\MAGIC\scripts\_f_v_a_r.py	8837
D:\MAGIC\scripts\_generated_instrumentation.py	1627
D:\MAGIC\scripts\_generated_io_epoll.py	3850
D:\MAGIC\scripts\_generated_io_kqueue.py	5545
D:\MAGIC\scripts\_generated_io_windows.py	7491
D:\MAGIC\scripts\_generated_run.py	10131
D:\MAGIC\scripts\_generic_alias.py	6344
D:\MAGIC\scripts\_globals.py	2942
D:\MAGIC\scripts\_g_a_s_p.py	2203
D:\MAGIC\scripts\_g_c_i_d.py	362
D:\MAGIC\scripts\_g_l_y_f.py	85589
D:\MAGIC\scripts\_g_v_a_r.py	12075
D:\MAGIC\scripts\_handshake.py	6579
D:\MAGIC\scripts\_headers.py	10392
D:\MAGIC\scripts\_highlevel_generic.py	4759
D:\MAGIC\scripts\_highlevel_open_tcp_listeners.py	9994
D:\MAGIC\scripts\_highlevel_open_tcp_stream.py	18754
D:\MAGIC\scripts\_highlevel_open_unix_stream.py	1625
D:\MAGIC\scripts\_highlevel_serve_listeners.py	5186
D:\MAGIC\scripts\_highlevel_socket.py	15749
D:\MAGIC\scripts\_highlevel_ssl_helpers.py	6535
D:\MAGIC\scripts\_html5builder.py	3219
D:\MAGIC\scripts\_html5lib.py	22846
D:\MAGIC\scripts\_html5lib_2.py	22846
D:\MAGIC\scripts\_htmlparser.py	17872
D:\MAGIC\scripts\_htmlparser_2.py	17872
D:\MAGIC\scripts\_http.py	12819
D:\MAGIC\scripts\_hypothesis.py	2311
D:\MAGIC\scripts\_h_d_m_x.py	4271
D:\MAGIC\scripts\_h_e_a_d.py	4926
D:\MAGIC\scripts\_h_h_e_a.py	4767
D:\MAGIC\scripts\_h_m_t_x.py	6042
D:\MAGIC\scripts\_ihatexml.py	16777
D:\MAGIC\scripts\_imp.py	2430
D:\MAGIC\scripts\_impl.py	73389
D:\MAGIC\scripts\_importers.py	4111
D:\MAGIC\scripts\_importlib.py	1312
D:\MAGIC\scripts\_imp_emulation.py	2884
D:\MAGIC\scripts\_imp_emulation_2.py	2884
D:\MAGIC\scripts\_inputstream.py	32460
D:\MAGIC\scripts\_inspect.py	9695
D:\MAGIC\scripts\_instrumentation.py	3959
D:\MAGIC\scripts\_internal.py	27287
D:\MAGIC\scripts\_internal_utils.py	1496
D:\MAGIC\scripts\_in_process.py	10775
D:\MAGIC\scripts\_io.py	12282
D:\MAGIC\scripts\_iotools.py	30844
D:\MAGIC\scripts\_io_common.py	857
D:\MAGIC\scripts\_io_epoll.py	17841
D:\MAGIC\scripts\_io_kqueue.py	11583
D:\MAGIC\scripts\_io_windows.py	43841
D:\MAGIC\scripts\_itertools.py	884
D:\MAGIC\scripts\_json.py	2595
D:\MAGIC\scripts\_ki.py	9083
D:\MAGIC\scripts\_k_e_r_n.py	10794
D:\MAGIC\scripts\_legacy.py	3489
D:\MAGIC\scripts\_local.py	3212
D:\MAGIC\scripts\_locales.py	2192
D:\MAGIC\scripts\_log.py	1015
D:\MAGIC\scripts\_logging.py	2228
D:\MAGIC\scripts\_log_render.py	3225
D:\MAGIC\scripts\_loop.py	1236
D:\MAGIC\scripts\_lxml.py	18545
D:\MAGIC\scripts\_lxml_2.py	18545
D:\MAGIC\scripts\_l_c_a_r.py	390
D:\MAGIC\scripts\_l_o_c_a.py	2194
D:\MAGIC\scripts\_l_t_a_g.py	2552
D:\MAGIC\scripts\_macos_compat.py	239
D:\MAGIC\scripts\_magics.py	3174
D:\MAGIC\scripts\_make.py	95988
D:\MAGIC\scripts\_make_2.py	95988
D:\MAGIC\scripts\_manylinux.py	11488
D:\MAGIC\scripts\_mapping.py	97081
D:\MAGIC\scripts\_memory_streams.py	23526
D:\MAGIC\scripts\_meta.py	1090
D:\MAGIC\scripts\_methods.py	10725
D:\MAGIC\scripts\_misc.py	18085
D:\MAGIC\scripts\_mixins.py	16634
D:\MAGIC\scripts\_mock_clock.py	6316
D:\MAGIC\scripts\_msvccompiler.py	19672
D:\MAGIC\scripts\_musllinux.py	4378
D:\MAGIC\scripts\_m_a_x_p.py	5264
D:\MAGIC\scripts\_m_e_t_a.py	3913
D:\MAGIC\scripts\_m_o_r_t.py	487
D:\MAGIC\scripts\_m_o_r_x.py	548
D:\MAGIC\scripts\_nbit.py	345
D:\MAGIC\scripts\_network.py	1171
D:\MAGIC\scripts\_next_gen.py	24395
D:\MAGIC\scripts\_next_gen_2.py	24395
D:\MAGIC\scripts\_normalize.py	17412
D:\MAGIC\scripts\_null_file.py	1643
D:\MAGIC\scripts\_n_a_m_e.py	41063
D:\MAGIC\scripts\_odfreader.py	8054
D:\MAGIC\scripts\_odswriter.py	10963
D:\MAGIC\scripts\_oid.py	16739
D:\MAGIC\scripts\_openpyxl.py	19787
D:\MAGIC\scripts\_optional.py	5324
D:\MAGIC\scripts\_o_p_b_d.py	448
D:\MAGIC\scripts\_palettes.py	7063
D:\MAGIC\scripts\_parking_lot.py	11970
D:\MAGIC\scripts\_parser.py	22633
D:\MAGIC\scripts\_parser_2.py	59209
D:\MAGIC\scripts\_path.py	9000
D:\MAGIC\scripts\_pick.py	423
D:\MAGIC\scripts\_pickle.py	2151
D:\MAGIC\scripts\_pocketfft.py	52936
D:\MAGIC\scripts\_polybase.py	36524
D:\MAGIC\scripts\_print_versions.py	4290
D:\MAGIC\scripts\_pytesttester.py	6303
D:\MAGIC\scripts\_pyxlsb.py	4011
D:\MAGIC\scripts\_p_o_s_t.py	11753
D:\MAGIC\scripts\_p_r_e_p.py	427
D:\MAGIC\scripts\_p_r_o_p.py	427
D:\MAGIC\scripts\_raises_group.py	40807
D:\MAGIC\scripts\_random.py	858
D:\MAGIC\scripts\_ranges.py	6936
D:\MAGIC\scripts\_ratio.py	5472
D:\MAGIC\scripts\_re.py	2943
D:\MAGIC\scripts\_readers.py	8590
D:\MAGIC\scripts\_receivebuffer.py	5252
D:\MAGIC\scripts\_repl.py	3256
D:\MAGIC\scripts\_reqs.py	501
D:\MAGIC\scripts\_request_methods.py	9931
D:\MAGIC\scripts\_resources.py	783
D:\MAGIC\scripts\_resources_2.py	435
D:\MAGIC\scripts\_run.py	124064
D:\MAGIC\scripts\_run_context.py	261
D:\MAGIC\scripts\_scalars.py	957
D:\MAGIC\scripts\_sequencer.py	2772
D:\MAGIC\scripts\_serialization.py	5065
D:\MAGIC\scripts\_setmixin.py	1187
D:\MAGIC\scripts\_shape.py	380
D:\MAGIC\scripts\_shell_utils.py	2615
D:\MAGIC\scripts\_shimmed_dist_utils.py	1914
D:\MAGIC\scripts\_shimmed_dist_utils_2.py	1914
D:\MAGIC\scripts\_show.py	2310
D:\MAGIC\scripts\_signals.py	7187
D:\MAGIC\scripts\_socket.py	5198
D:\MAGIC\scripts\_sockets.py	6262
D:\MAGIC\scripts\_sockets_2.py	27150
D:\MAGIC\scripts\_soft.py	1749
D:\MAGIC\scripts\_soft_2.py	1749
D:\MAGIC\scripts\_spinners.py	19919
D:\MAGIC\scripts\_ssl.py	45837
D:\MAGIC\scripts\_ssl_compat.py	1189
D:\MAGIC\scripts\_stack.py	351
D:\MAGIC\scripts\_state.py	13231
D:\MAGIC\scripts\_streams.py	6598
D:\MAGIC\scripts\_streams_2.py	1804
D:\MAGIC\scripts\_string_helpers.py	2867
D:\MAGIC\scripts\_structures.py	1431
D:\MAGIC\scripts\_subprocess.py	53578
D:\MAGIC\scripts\_subprocesses.py	2067
D:\MAGIC\scripts\_subprocesses_2.py	8047
D:\MAGIC\scripts\_suppress.py	1772
D:\MAGIC\scripts\_sync.py	31392
D:\MAGIC\scripts\_synchronization.py	20320
D:\MAGIC\scripts\_sysconfig.py	7680
D:\MAGIC\scripts\_s_b_i_x.py	4865
D:\MAGIC\scripts\_table_schema.py	10919
D:\MAGIC\scripts\_tasks.py	3080
D:\MAGIC\scripts\_tasks_2.py	4757
D:\MAGIC\scripts\_tempfile.py	19696
D:\MAGIC\scripts\_termui_impl.py	26712
D:\MAGIC\scripts\_tester.py	1463
D:\MAGIC\scripts\_testing.py	1821
D:\MAGIC\scripts\_testing_2.py	2118
D:\MAGIC\scripts\_test_decorators.py	5080
D:\MAGIC\scripts\_text.py	2166
D:\MAGIC\scripts\_textwrap.py	1400
D:\MAGIC\scripts\_threads.py	24083
D:\MAGIC\scripts\_thread_cache.py	11917
D:\MAGIC\scripts\_timeouts.py	6230
D:\MAGIC\scripts\_timer.py	417
D:\MAGIC\scripts\_tokenizer.py	79768
D:\MAGIC\scripts\_transformed_data.py	18272
D:\MAGIC\scripts\_traps.py	12437
D:\MAGIC\scripts\_trio.py	40429
D:\MAGIC\scripts\_trio_test.py	1386
D:\MAGIC\scripts\_typedattr.py	2508
D:\MAGIC\scripts\_types.py	254
D:\MAGIC\scripts\_type_aliases.py	7699
D:\MAGIC\scripts\_typing.py	7118
D:\MAGIC\scripts\_typing_2.py	9710
D:\MAGIC\scripts\_typing_3.py	23551
D:\MAGIC\scripts\_typing_4.py	7118
D:\MAGIC\scripts\_t_r_a_k.py	11379
D:\MAGIC\scripts\_ufunc_config.py	13402
D:\MAGIC\scripts\_ufunc_config_2.py	15392
D:\MAGIC\scripts\_unbounded_queue.py	5026
D:\MAGIC\scripts\_unix.py	2351
D:\MAGIC\scripts\_unix_2.py	2351
D:\MAGIC\scripts\_unix_pipes.py	8194
D:\MAGIC\scripts\_url.py	5251
D:\MAGIC\scripts\_util.py	14969
D:\MAGIC\scripts\_utilities.py	1675
D:\MAGIC\scripts\_utils.py	6961
D:\MAGIC\scripts\_util_2.py	4888
D:\MAGIC\scripts\_util_3.py	929
D:\MAGIC\scripts\_util_4.py	1731
D:\MAGIC\scripts\_validators.py	17348
D:\MAGIC\scripts\_vegafusion_data.py	9653
D:\MAGIC\scripts\_version.py	511
D:\MAGIC\scripts\_version_10.py	166
D:\MAGIC\scripts\_version_11.py	517
D:\MAGIC\scripts\_version_2.py	511
D:\MAGIC\scripts\_version_3.py	686
D:\MAGIC\scripts\_version_4.py	497
D:\MAGIC\scripts\_version_5.py	4845
D:\MAGIC\scripts\_version_6.py	201
D:\MAGIC\scripts\_version_7.py	496
D:\MAGIC\scripts\_version_8.py	42
D:\MAGIC\scripts\_version_9.py	22
D:\MAGIC\scripts\_version_info.py	2099
D:\MAGIC\scripts\_version_info_2.py	2099
D:\MAGIC\scripts\_v_h_e_a.py	4459
D:\MAGIC\scripts\_v_m_t_x.py	500
D:\MAGIC\scripts\_wait_for_object.py	2081
D:\MAGIC\scripts\_wakeup_socketpair.py	2882
D:\MAGIC\scripts\_warnings.py	7686
D:\MAGIC\scripts\_warnings_2.py	4711
D:\MAGIC\scripts\_win32_console.py	22821
D:\MAGIC\scripts\_winconsole.py	8465
D:\MAGIC\scripts\_windows.py	1926
D:\MAGIC\scripts\_windows_2.py	2209
D:\MAGIC\scripts\_windows_cffi.py	13912
D:\MAGIC\scripts\_windows_pipes.py	4855
D:\MAGIC\scripts\_windows_renderer.py	2783
D:\MAGIC\scripts\_wrap.py	1840
D:\MAGIC\scripts\_writers.py	5081
D:\MAGIC\scripts\_wsdump.py	7010
D:\MAGIC\scripts\_xlrd.py	4034
D:\MAGIC\scripts\_xlsxwriter.py	9284
D:\MAGIC\scripts\_xlwt.py	6577
D:\MAGIC\scripts\__about__.py	661
D:\MAGIC\scripts\__ci_nudge__.py	338
D:\MAGIC\scripts\__config__.py	3848
D:\MAGIC\scripts\__config___2.py	3848
D:\MAGIC\scripts\__config___3.py	5547
D:\MAGIC\scripts\__init__.py	0
D:\MAGIC\scripts\__main__.py	44
D:\MAGIC\scripts\__main___10.py	925
D:\MAGIC\scripts\__main___11.py	92
D:\MAGIC\scripts\__main___12.py	103
D:\MAGIC\scripts\__main___13.py	2240
D:\MAGIC\scripts\__main___14.py	94
D:\MAGIC\scripts\__main___15.py	94
D:\MAGIC\scripts\__main___16.py	104
D:\MAGIC\scripts\__main___17.py	93
D:\MAGIC\scripts\__main___18.py	95
D:\MAGIC\scripts\__main___19.py	4733
D:\MAGIC\scripts\__main___2.py	109
D:\MAGIC\scripts\__main___20.py	95
D:\MAGIC\scripts\__main___21.py	104
D:\MAGIC\scripts\__main___22.py	5928
D:\MAGIC\scripts\__main___3.py	12646
D:\MAGIC\scripts\__main___4.py	85
D:\MAGIC\scripts\__main___5.py	243
D:\MAGIC\scripts\__main___6.py	109
D:\MAGIC\scripts\__main___7.py	12646
D:\MAGIC\scripts\__main___8.py	64
D:\MAGIC\scripts\__main___9.py	129
D:\MAGIC\scripts\__meta__.py	6854
D:\MAGIC\scripts\__pip-runner__.py	1444
D:\MAGIC\scripts\__version__.py	435
D:\MAGIC\scripts\.github\workflows\.github_workflows_placeholder_READY.py	46
D:\MAGIC\scripts\data\user_prefs\data_user_prefs_placeholder_READY.py	44
D:\MAGIC\scripts\phase0\module_A\0A_placeholder_READY.py	5
D:\MAGIC\scripts\phase0\module_A\dummy_pass.py	27
D:\MAGIC\scripts\phase0\module_B\0B_placeholder_READY.py	92
D:\MAGIC\scripts\phase0\module_C\0C_placeholder_READY.py	92
D:\MAGIC\scripts\phase0\module_D\0D_placeholder_READY.py	92
D:\MAGIC\scripts\phase0\module_E\0E_placeholder_READY.py	92
D:\MAGIC\scripts\phase0\module_F\0F_placeholder_READY.py	92
D:\MAGIC\scripts\phase0\module_G\0G_placeholder_READY.py	92
D:\MAGIC\scripts\phase0\module_H\0H_placeholder_READY.py	92
D:\MAGIC\scripts\phase0\module_I\0I_placeholder_READY.py	92
D:\MAGIC\scripts\phase0\module_J\0J_placeholder_READY.py	92
D:\MAGIC\scripts\phase0\module_K\0K_placeholder_READY.py	92
D:\MAGIC\scripts\phase0\module_L\0L_placeholder_READY.py	92
D:\MAGIC\scripts\phase0\module_M\0M_placeholder_READY.py	92
D:\MAGIC\scripts\phase0\module_N\0N_placeholder_READY.py	92
D:\MAGIC\scripts\phase0\module_O\0O_placeholder_READY.py	92
D:\MAGIC\scripts\phase0\module_P\0P_placeholder_READY.py	92
D:\MAGIC\scripts\phase0\module_Q\0Q_placeholder_READY.py	92
D:\MAGIC\scripts\phase0\module_R\0R_placeholder_READY.py	92
D:\MAGIC\scripts\phase0\module_S\0S_placeholder_READY.py	92
D:\MAGIC\scripts\phase0\module_T\0T_placeholder_READY.py	92
D:\MAGIC\scripts\phase0\module_U\0U_placeholder_READY.py	92
D:\MAGIC\scripts\phase0\module_V\0V_placeholder_READY.py	92
D:\MAGIC\scripts\phase0\module_W\0W_placeholder_READY.py	92
D:\MAGIC\scripts\phase0\module_X\0X_placeholder_READY.py	92
D:\MAGIC\scripts\phase0\module_Y\0Y_placeholder_READY.py	92
D:\MAGIC\scripts\phase0\module_Z\0Z_placeholder_READY.py	92
D:\MAGIC\scripts\phase00\INBOX\.github_workflows_placeholder_READY_C4341540_C4341540.py	46
D:\MAGIC\scripts\phase00\INBOX\08AA_interactive_insight_explorer_ui__READY_C39A4E66_C39A4E66.py	100
D:\MAGIC\scripts\phase00\INBOX\08AA_prompt_to_insight_engine_READY_381A4B50_381A4B50.py	92
D:\MAGIC\scripts\phase00\INBOX\08AA_visualization_overlay_for_scribe_nexus_READY_4FF04F57_4FF04F57.py	106
D:\MAGIC\scripts\phase00\INBOX\08AB_ethics_scoring_for_feedback_driven_actions_READY_50CB93AB_50CB93AB.py	110
D:\MAGIC\scripts\phase00\INBOX\08AB_feedback_hallucination_validator_READY_A01162EC_A01162EC.py	100
D:\MAGIC\scripts\phase00\INBOX\08AB_sentiment_bias_scanner_READY_E035C1B1_E035C1B1.py	90
D:\MAGIC\scripts\phase00\INBOX\0A_placeholder_READY_9F56E761.py	5
D:\MAGIC\scripts\phase00\INBOX\0B_placeholder_READY_F843FFE3.py	92
D:\MAGIC\scripts\phase00\INBOX\0C_placeholder_READY_FF030501.py	92
D:\MAGIC\scripts\phase00\INBOX\0D_placeholder_READY_9E3D7F7A.py	92
D:\MAGIC\scripts\phase00\INBOX\0E_placeholder_READY_1B95726C.py	92
D:\MAGIC\scripts\phase00\INBOX\0F_placeholder_READY_A3C63887.py	92
D:\MAGIC\scripts\phase00\INBOX\0G_placeholder_READY_F9BE717A.py	92
D:\MAGIC\scripts\phase00\INBOX\0H_placeholder_READY_BBF88A76.py	92
D:\MAGIC\scripts\phase00\INBOX\0I_placeholder_READY_120F1DB9.py	92
D:\MAGIC\scripts\phase00\INBOX\0J_placeholder_READY_0CD234ED.py	92
D:\MAGIC\scripts\phase00\INBOX\0K_placeholder_READY_7038A2D2.py	92
D:\MAGIC\scripts\phase00\INBOX\0L_placeholder_READY_10BC4CC0.py	92
D:\MAGIC\scripts\phase00\INBOX\0M_placeholder_READY_CC860794.py	92
D:\MAGIC\scripts\phase00\INBOX\0N_placeholder_READY_EA68F8FE.py	92
D:\MAGIC\scripts\phase00\INBOX\0O_placeholder_READY_961AD13F.py	92
D:\MAGIC\scripts\phase00\INBOX\0P_placeholder_READY_681D00CB.py	92
D:\MAGIC\scripts\phase00\INBOX\0Q_placeholder_READY_9DBAD392.py	92
D:\MAGIC\scripts\phase00\INBOX\0R_placeholder_READY_C2019A74.py	92
D:\MAGIC\scripts\phase00\INBOX\0S_placeholder_READY_2124501C.py	92
D:\MAGIC\scripts\phase00\INBOX\0T_placeholder_READY_548664B9.py	92
D:\MAGIC\scripts\phase00\INBOX\0U_placeholder_READY_6E83B585.py	92
D:\MAGIC\scripts\phase00\INBOX\0V_placeholder_READY_694BB500.py	92
D:\MAGIC\scripts\phase00\INBOX\0W_placeholder_READY_7D012CE2.py	92
D:\MAGIC\scripts\phase00\INBOX\0X_placeholder_READY_B22F5216.py	92
D:\MAGIC\scripts\phase00\INBOX\0Y_placeholder_READY_3851C118.py	92
D:\MAGIC\scripts\phase00\INBOX\0Z_placeholder_READY_CE09E9AC.py	92
D:\MAGIC\scripts\phase00\INBOX\11AA_failure_memory_builder_READY_05D54290_05D54290.py	166
D:\MAGIC\scripts\phase00\INBOX\11AA_failure_memory_builder_READY_069E0791_069E0791.py	61
D:\MAGIC\scripts\phase00\INBOX\11AA_failure_memory_builder_READY_526316DC_526316DC.py	160
D:\MAGIC\scripts\phase00\INBOX\11AA_failure_memory_builder_READY_6B6829A3_6B6829A3.py	157
D:\MAGIC\scripts\phase00\INBOX\11AA_risk_adaptive_agent_tuner_READY_069E0791_069E0791.py	61
D:\MAGIC\scripts\phase00\INBOX\11AA_risk_adaptive_agent_tuner_READY_44D71585_44D71585.py	175
D:\MAGIC\scripts\phase00\INBOX\11AA_risk_adaptive_agent_tuner_READY_A1286F90_A1286F90.py	160
D:\MAGIC\scripts\phase00\INBOX\11AA_risk_adaptive_agent_tuner_READY_D4427E16_D4427E16.py	163
D:\MAGIC\scripts\phase00\INBOX\11AA_self_healing_loop_generator_READY_069E0791_069E0791.py	61
D:\MAGIC\scripts\phase00\INBOX\11AA_self_healing_loop_generator_READY_117575DA_117575DA.py	161
D:\MAGIC\scripts\phase00\INBOX\11AA_self_healing_loop_generator_READY_3F8E737D_3F8E737D.py	162
D:\MAGIC\scripts\phase00\INBOX\11AA_self_healing_loop_generator_READY_CA5D5596_CA5D5596.py	165
D:\MAGIC\scripts\phase00\INBOX\11AB_agent_identity_vault_READY_069E0791_069E0791.py	61
D:\MAGIC\scripts\phase00\INBOX\11AB_agent_identity_vault_READY_6275F652_6275F652.py	144
D:\MAGIC\scripts\phase00\INBOX\11AB_agent_identity_vault_READY_970A56FA_970A56FA.py	141
D:\MAGIC\scripts\phase00\INBOX\11AB_agent_identity_vault_READY_EBC66876_EBC66876.py	161
D:\MAGIC\scripts\phase00\INBOX\11AB_agent_signature_validator_READY_069E0791_069E0791.py	61
D:\MAGIC\scripts\phase00\INBOX\11AB_agent_signature_validator_READY_128B4E49_128B4E49.py	163
D:\MAGIC\scripts\phase00\INBOX\11AB_agent_signature_validator_READY_30B0403C_30B0403C.py	156
D:\MAGIC\scripts\phase00\INBOX\11AB_agent_signature_validator_READY_BF9496DC_BF9496DC.py	160
D:\MAGIC\scripts\phase00\INBOX\11AB_zero_trust_access_policy_engine_READY_069E0791_069E0791.py	61
D:\MAGIC\scripts\phase00\INBOX\11AB_zero_trust_access_policy_engine_READY_245906D0_245906D0.py	172
D:\MAGIC\scripts\phase00\INBOX\11AB_zero_trust_access_policy_engine_READY_86387CBE_86387CBE.py	169
D:\MAGIC\scripts\phase00\INBOX\11AB_zero_trust_access_policy_engine_READY_A8EF6716_A8EF6716.py	166
D:\MAGIC\scripts\phase00\INBOX\1A_placeholder_READY_C79E9EC3.py	92
D:\MAGIC\scripts\phase00\INBOX\1A_sample_READY_E3B0C442.py	0
D:\MAGIC\scripts\phase00\INBOX\1B_placeholder_READY_12671F3E.py	92
D:\MAGIC\scripts\phase00\INBOX\1C_placeholder_READY_3C5FA6A2.py	92
D:\MAGIC\scripts\phase00\INBOX\1D_placeholder_READY_69CCD83D.py	92
D:\MAGIC\scripts\phase00\INBOX\1E_placeholder_READY_6AF652E4.py	92
D:\MAGIC\scripts\phase00\INBOX\1F_placeholder_READY_1B1759DE.py	92
D:\MAGIC\scripts\phase00\INBOX\1G_placeholder_READY_7919E5FB.py	92
D:\MAGIC\scripts\phase00\INBOX\1H_placeholder_READY_406F91D1.py	92
D:\MAGIC\scripts\phase00\INBOX\1I_placeholder_READY_A0315278.py	92
D:\MAGIC\scripts\phase00\INBOX\1J_placeholder_READY_0D72575A.py	92
D:\MAGIC\scripts\phase00\INBOX\1K_placeholder_READY_B0BE4141.py	92
D:\MAGIC\scripts\phase00\INBOX\1L_placeholder_READY_B56E096F.py	92
D:\MAGIC\scripts\phase00\INBOX\1M_placeholder_READY_07E34D12.py	92
D:\MAGIC\scripts\phase00\INBOX\1N_placeholder_READY_66C3A5DC.py	92
D:\MAGIC\scripts\phase00\INBOX\1O_placeholder_READY_3DA93E28.py	92
D:\MAGIC\scripts\phase00\INBOX\1P_placeholder_READY_65364D16.py	92
D:\MAGIC\scripts\phase00\INBOX\1Q_placeholder_READY_A53A575F.py	92
D:\MAGIC\scripts\phase00\INBOX\1R_placeholder_READY_993DEA3A.py	92
D:\MAGIC\scripts\phase00\INBOX\1S_placeholder_READY_F978C30F.py	92
D:\MAGIC\scripts\phase00\INBOX\1T_placeholder_READY_07D1DAE2.py	92
D:\MAGIC\scripts\phase00\INBOX\1U_placeholder_READY_EB4D1CF1.py	92
D:\MAGIC\scripts\phase00\INBOX\1V_placeholder_READY_0637B66F.py	92
D:\MAGIC\scripts\phase00\INBOX\1W_placeholder_READY_6A95F9EE.py	92
D:\MAGIC\scripts\phase00\INBOX\1X_placeholder_READY_CEF6F579.py	92
D:\MAGIC\scripts\phase00\INBOX\1Y_placeholder_READY_C0EF3486.py	92
D:\MAGIC\scripts\phase00\INBOX\1Z_placeholder_READY_9885BE24.py	92
D:\MAGIC\scripts\phase00\INBOX\2A_placeholder_READY_269FCD11.py	92
D:\MAGIC\scripts\phase00\INBOX\2A_sample_READY_E3B0C442.py	0
D:\MAGIC\scripts\phase00\INBOX\2B_placeholder_READY_9FF31136.py	92
D:\MAGIC\scripts\phase00\INBOX\2C_placeholder_READY_727DEE2D.py	92
D:\MAGIC\scripts\phase00\INBOX\2D_placeholder_READY_00F15162.py	92
D:\MAGIC\scripts\phase00\INBOX\2E_placeholder_READY_934E3B95.py	92
D:\MAGIC\scripts\phase00\INBOX\2F_placeholder_READY_C5ECA609.py	92
D:\MAGIC\scripts\phase00\INBOX\2G_placeholder_READY_DEA69E5C.py	92
D:\MAGIC\scripts\phase00\INBOX\2H_placeholder_READY_BF3D4DCB.py	92
D:\MAGIC\scripts\phase00\INBOX\2I_placeholder_READY_515257EB.py	92
D:\MAGIC\scripts\phase00\INBOX\2J_placeholder_READY_FCC71D48.py	92
D:\MAGIC\scripts\phase00\INBOX\2K_placeholder_READY_205B4B98.py	92
D:\MAGIC\scripts\phase00\INBOX\2L_placeholder_READY_4F97938C.py	92
D:\MAGIC\scripts\phase00\INBOX\2M_placeholder_READY_16BC858B.py	92
D:\MAGIC\scripts\phase00\INBOX\2N_placeholder_READY_1ED5F3DC.py	92
D:\MAGIC\scripts\phase00\INBOX\2O_placeholder_READY_107628A0.py	92
D:\MAGIC\scripts\phase00\INBOX\2P_placeholder_READY_8F89AC3B.py	92
D:\MAGIC\scripts\phase00\INBOX\2Q_placeholder_READY_27C842AF.py	92
D:\MAGIC\scripts\phase00\INBOX\2R_placeholder_READY_04F75E58.py	92
D:\MAGIC\scripts\phase00\INBOX\2S_placeholder_READY_0DAB7EAA.py	92
D:\MAGIC\scripts\phase00\INBOX\2T_placeholder_READY_D17F030D.py	92
D:\MAGIC\scripts\phase00\INBOX\2U_placeholder_READY_258A2F5F.py	92
D:\MAGIC\scripts\phase00\INBOX\2V_placeholder_READY_87525B42.py	92
D:\MAGIC\scripts\phase00\INBOX\2W_placeholder_READY_7CAFA1A9.py	92
D:\MAGIC\scripts\phase00\INBOX\2X_placeholder_READY_F99D9B5A.py	92
D:\MAGIC\scripts\phase00\INBOX\2Y_placeholder_READY_65AFA8BC.py	92
D:\MAGIC\scripts\phase00\INBOX\2Z_placeholder_READY_1CAD2FDB.py	92
D:\MAGIC\scripts\phase00\INBOX\3A_placeholder_READY_F0A377F7.py	92
D:\MAGIC\scripts\phase00\INBOX\3A_sample_READY_E3B0C442.py	0
D:\MAGIC\scripts\phase00\INBOX\3B_placeholder_READY_DFF6C6DE.py	92
D:\MAGIC\scripts\phase00\INBOX\3C_placeholder_READY_4BD159CE.py	92
D:\MAGIC\scripts\phase00\INBOX\3D_placeholder_READY_95809D04.py	92
D:\MAGIC\scripts\phase00\INBOX\3E_placeholder_READY_593FC4C7.py	92
D:\MAGIC\scripts\phase00\INBOX\3F_placeholder_READY_563EDEF1.py	92
D:\MAGIC\scripts\phase00\INBOX\3G_placeholder_READY_9014AA19.py	92
D:\MAGIC\scripts\phase00\INBOX\3H_placeholder_READY_8BBAA33E.py	92
D:\MAGIC\scripts\phase00\INBOX\3I_placeholder_READY_B7922E06.py	92
D:\MAGIC\scripts\phase00\INBOX\3J_placeholder_READY_27AE8DD9.py	92
D:\MAGIC\scripts\phase00\INBOX\3K_placeholder_READY_03502BEA.py	92
D:\MAGIC\scripts\phase00\INBOX\3L_placeholder_READY_08B562F0.py	92
D:\MAGIC\scripts\phase00\INBOX\3M_placeholder_READY_5FE993E0.py	92
D:\MAGIC\scripts\phase00\INBOX\3N_placeholder_READY_A8545F28.py	92
D:\MAGIC\scripts\phase00\INBOX\3O_placeholder_READY_3BF2C350.py	92
D:\MAGIC\scripts\phase00\INBOX\3P_placeholder_READY_5CB653C8.py	92
D:\MAGIC\scripts\phase00\INBOX\3Q_placeholder_READY_940D73A4.py	92
D:\MAGIC\scripts\phase00\INBOX\3R_placeholder_READY_499EA749.py	92
D:\MAGIC\scripts\phase00\INBOX\3S_placeholder_READY_F390B19F.py	92
D:\MAGIC\scripts\phase00\INBOX\3T_placeholder_READY_C2BC4DF8.py	92
D:\MAGIC\scripts\phase00\INBOX\3U_placeholder_READY_5BA6F9AB.py	92
D:\MAGIC\scripts\phase00\INBOX\3V_placeholder_READY_A061DE4D.py	92
D:\MAGIC\scripts\phase00\INBOX\3W_placeholder_READY_D1FC408C.py	92
D:\MAGIC\scripts\phase00\INBOX\3X_placeholder_READY_A5047553.py	92
D:\MAGIC\scripts\phase00\INBOX\3Y_placeholder_READY_8617DDB7.py	92
D:\MAGIC\scripts\phase00\INBOX\3Z_placeholder_READY_3C8EF017.py	92
D:\MAGIC\scripts\phase00\INBOX\4A_placeholder_READY_71D23700.py	92
D:\MAGIC\scripts\phase00\INBOX\4A_sample_READY_E3B0C442.py	0
D:\MAGIC\scripts\phase00\INBOX\4B_placeholder_READY_CFF62F75.py	92
D:\MAGIC\scripts\phase00\INBOX\4C_placeholder_READY_FC3C5CC6.py	92
D:\MAGIC\scripts\phase00\INBOX\4D_placeholder_READY_A29BA178.py	92
D:\MAGIC\scripts\phase00\INBOX\4E_placeholder_READY_0D446195.py	92
D:\MAGIC\scripts\phase00\INBOX\4F_placeholder_READY_B9DC5115.py	92
D:\MAGIC\scripts\phase00\INBOX\4G_placeholder_READY_C7FF5510.py	92
D:\MAGIC\scripts\phase00\INBOX\4H_placeholder_READY_2463576A.py	92
D:\MAGIC\scripts\phase00\INBOX\4I_placeholder_READY_BFBCBE0D.py	92
D:\MAGIC\scripts\phase00\INBOX\4J_placeholder_READY_E9F71A96.py	92
D:\MAGIC\scripts\phase00\INBOX\4K_placeholder_READY_E155898C.py	92
D:\MAGIC\scripts\phase00\INBOX\4L_placeholder_READY_53354F56.py	92
D:\MAGIC\scripts\phase00\INBOX\4M_placeholder_READY_EBD4C368.py	92
D:\MAGIC\scripts\phase00\INBOX\4N_placeholder_READY_EE53A37F.py	92
D:\MAGIC\scripts\phase00\INBOX\4O_placeholder_READY_A69CF2D1.py	92
D:\MAGIC\scripts\phase00\INBOX\4P_placeholder_READY_75375A7B.py	92
D:\MAGIC\scripts\phase00\INBOX\4Q_placeholder_READY_53A560DE.py	92
D:\MAGIC\scripts\phase00\INBOX\4R_placeholder_READY_5EC866F9.py	92
D:\MAGIC\scripts\phase00\INBOX\4S_placeholder_READY_5216C8BB.py	92
D:\MAGIC\scripts\phase00\INBOX\4T_placeholder_READY_9D043480.py	92
D:\MAGIC\scripts\phase00\INBOX\4U_placeholder_READY_B4FDE2BF.py	92
D:\MAGIC\scripts\phase00\INBOX\4V_placeholder_READY_422CEE21.py	92
D:\MAGIC\scripts\phase00\INBOX\4W_placeholder_READY_C7A0B6D1.py	92
D:\MAGIC\scripts\phase00\INBOX\4X_placeholder_READY_C1272A47.py	92
D:\MAGIC\scripts\phase00\INBOX\4Y_placeholder_READY_C04B7419.py	92
D:\MAGIC\scripts\phase00\INBOX\4Z_placeholder_READY_18FF3975.py	92
D:\MAGIC\scripts\phase00\INBOX\5A_placeholder_READY_549E08EB.py	92
D:\MAGIC\scripts\phase00\INBOX\5A_sample_READY_E3B0C442.py	0
D:\MAGIC\scripts\phase00\INBOX\5B_placeholder_READY_1D17301D.py	92
D:\MAGIC\scripts\phase00\INBOX\5C_placeholder_READY_CEFDA4D8.py	92
D:\MAGIC\scripts\phase00\INBOX\5D_placeholder_READY_9D67B3B5.py	92
D:\MAGIC\scripts\phase00\INBOX\5E_placeholder_READY_1171579C.py	92
D:\MAGIC\scripts\phase00\INBOX\5F_placeholder_READY_85D5A9AA.py	92
D:\MAGIC\scripts\phase00\INBOX\5G_placeholder_READY_0945EFF9.py	92
D:\MAGIC\scripts\phase00\INBOX\5H_placeholder_READY_27C4B4BC.py	92
D:\MAGIC\scripts\phase00\INBOX\5I_placeholder_READY_898AFE23.py	92
D:\MAGIC\scripts\phase00\INBOX\5J_placeholder_READY_7A3E284F.py	92
D:\MAGIC\scripts\phase00\INBOX\5K_placeholder_READY_58C55059.py	92
D:\MAGIC\scripts\phase00\INBOX\5L_placeholder_READY_CE0B1FF8.py	92
D:\MAGIC\scripts\phase00\INBOX\5M_placeholder_READY_C0F83F3C.py	92
D:\MAGIC\scripts\phase00\INBOX\5N_placeholder_READY_F0B7BAA0.py	92
D:\MAGIC\scripts\phase00\INBOX\5O_placeholder_READY_ED30EABE.py	92
D:\MAGIC\scripts\phase00\INBOX\5P_placeholder_READY_BDBB0C45.py	92
D:\MAGIC\scripts\phase00\INBOX\5Q_placeholder_READY_071BF765.py	92
D:\MAGIC\scripts\phase00\INBOX\5R_placeholder_READY_D8B8078B.py	92
D:\MAGIC\scripts\phase00\INBOX\5S_placeholder_READY_F2523FB4.py	92
D:\MAGIC\scripts\phase00\INBOX\5T_placeholder_READY_7FF4B29A.py	92
D:\MAGIC\scripts\phase00\INBOX\5U_placeholder_READY_EF61278E.py	92
D:\MAGIC\scripts\phase00\INBOX\5V_placeholder_READY_3E7A3ECB.py	92
D:\MAGIC\scripts\phase00\INBOX\5W_placeholder_READY_F69C5E54.py	92
D:\MAGIC\scripts\phase00\INBOX\5X_placeholder_READY_F95082FC.py	92
D:\MAGIC\scripts\phase00\INBOX\5Y_placeholder_READY_11C86BFF.py	92
D:\MAGIC\scripts\phase00\INBOX\5Z_placeholder_READY_D24B5007.py	92
D:\MAGIC\scripts\phase00\INBOX\6A_placeholder_READY_6D8A16C0.py	92
D:\MAGIC\scripts\phase00\INBOX\6A_sample_READY_E3B0C442.py	0
D:\MAGIC\scripts\phase00\INBOX\6B_placeholder_READY_B6847FF9.py	92
D:\MAGIC\scripts\phase00\INBOX\6C_placeholder_READY_5DA83129.py	92
D:\MAGIC\scripts\phase00\INBOX\6D_placeholder_READY_0C000354.py	92
D:\MAGIC\scripts\phase00\INBOX\6E_placeholder_READY_69162446.py	92
D:\MAGIC\scripts\phase00\INBOX\6F_placeholder_READY_58C79F93.py	92
D:\MAGIC\scripts\phase00\INBOX\6G_placeholder_READY_A97D5A8B.py	92
D:\MAGIC\scripts\phase00\INBOX\6H_placeholder_READY_24EE4CF3.py	92
D:\MAGIC\scripts\phase00\INBOX\6I_placeholder_READY_CA5101B8.py	92
D:\MAGIC\scripts\phase00\INBOX\6J_placeholder_READY_BC607EA3.py	92
D:\MAGIC\scripts\phase00\INBOX\6K_placeholder_READY_706D4D19.py	92
D:\MAGIC\scripts\phase00\INBOX\6L_placeholder_READY_17EB4005.py	92
D:\MAGIC\scripts\phase00\INBOX\6M_placeholder_READY_DA45310C.py	92
D:\MAGIC\scripts\phase00\INBOX\6N_placeholder_READY_38DF0770.py	92
D:\MAGIC\scripts\phase00\INBOX\6O_placeholder_READY_54394E89.py	92
D:\MAGIC\scripts\phase00\INBOX\6P_placeholder_READY_5E5A7206.py	92
D:\MAGIC\scripts\phase00\INBOX\6Q_placeholder_READY_7B7F5093.py	92
D:\MAGIC\scripts\phase00\INBOX\6R_placeholder_READY_8465D68E.py	92
D:\MAGIC\scripts\phase00\INBOX\6S_placeholder_READY_3B47EB82.py	92
D:\MAGIC\scripts\phase00\INBOX\6T_placeholder_READY_DB7D651C.py	92
D:\MAGIC\scripts\phase00\INBOX\6U_placeholder_READY_36932220.py	92
D:\MAGIC\scripts\phase00\INBOX\6V_placeholder_READY_53D7E132.py	92
D:\MAGIC\scripts\phase00\INBOX\6W_placeholder_READY_747CC73C.py	92
D:\MAGIC\scripts\phase00\INBOX\6X_placeholder_READY_D391CFFB.py	92
D:\MAGIC\scripts\phase00\INBOX\6Y_placeholder_READY_6B56752E.py	92
D:\MAGIC\scripts\phase00\INBOX\6Z_placeholder_READY_D985E334.py	92
D:\MAGIC\scripts\phase00\INBOX\7A_placeholder_READY_ED55C378.py	92
D:\MAGIC\scripts\phase00\INBOX\7A_sample_READY_E3B0C442.py	0
D:\MAGIC\scripts\phase00\INBOX\7B_placeholder_READY_9564AA45.py	92
D:\MAGIC\scripts\phase00\INBOX\7C_placeholder_READY_62E031E7.py	92
D:\MAGIC\scripts\phase00\INBOX\7D_placeholder_READY_C911CE19.py	92
D:\MAGIC\scripts\phase00\INBOX\7E_placeholder_READY_7A4C64D0.py	92
D:\MAGIC\scripts\phase00\INBOX\7F_placeholder_READY_77DBF5BB.py	92
D:\MAGIC\scripts\phase00\INBOX\7G_placeholder_READY_CFFF1853.py	92
D:\MAGIC\scripts\phase00\INBOX\7H_placeholder_READY_8566A4E4.py	92
D:\MAGIC\scripts\phase00\INBOX\7I_placeholder_READY_1C1D33A3.py	92
D:\MAGIC\scripts\phase00\INBOX\7J_placeholder_READY_B94B9F90.py	92
D:\MAGIC\scripts\phase00\INBOX\7K_placeholder_READY_0C648DF3.py	92
D:\MAGIC\scripts\phase00\INBOX\7L_placeholder_READY_B326682C.py	92
D:\MAGIC\scripts\phase00\INBOX\7M_placeholder_READY_5C492185.py	92
D:\MAGIC\scripts\phase00\INBOX\7N_placeholder_READY_5F2F46D6.py	92
D:\MAGIC\scripts\phase00\INBOX\7O_placeholder_READY_043BBCDC.py	92
D:\MAGIC\scripts\phase00\INBOX\7P_placeholder_READY_53FEA47A.py	92
D:\MAGIC\scripts\phase00\INBOX\7Q_placeholder_READY_16C2FABD.py	92
D:\MAGIC\scripts\phase00\INBOX\7R_placeholder_READY_3D64AF6E.py	92
D:\MAGIC\scripts\phase00\INBOX\7S_placeholder_READY_540B58C1.py	92
D:\MAGIC\scripts\phase00\INBOX\7T_placeholder_READY_91A79637.py	92
D:\MAGIC\scripts\phase00\INBOX\7U_placeholder_READY_F177D84F.py	92
D:\MAGIC\scripts\phase00\INBOX\7V_placeholder_READY_EAC1FA88.py	92
D:\MAGIC\scripts\phase00\INBOX\7W_placeholder_READY_62A3F376.py	92
D:\MAGIC\scripts\phase00\INBOX\7X_placeholder_READY_F18A514A.py	92
D:\MAGIC\scripts\phase00\INBOX\7Y_placeholder_READY_B85536EF.py	92
D:\MAGIC\scripts\phase00\INBOX\7Z_placeholder_READY_D5014047.py	92
D:\MAGIC\scripts\phase00\INBOX\8A_placeholder_READY_9A22204E.py	92
D:\MAGIC\scripts\phase00\INBOX\8A_sample_READY_E3B0C442.py	0
D:\MAGIC\scripts\phase00\INBOX\8B_placeholder_READY_889207AA.py	92
D:\MAGIC\scripts\phase00\INBOX\8C_placeholder_READY_C626E7A7.py	92
D:\MAGIC\scripts\phase00\INBOX\8D_placeholder_READY_E4913AFA.py	92
D:\MAGIC\scripts\phase00\INBOX\8E_placeholder_READY_FF3A5D84.py	92
D:\MAGIC\scripts\phase00\INBOX\8F_placeholder_READY_C78A87D3.py	92
D:\MAGIC\scripts\phase00\INBOX\8G_placeholder_READY_DD313FE7.py	92
D:\MAGIC\scripts\phase00\INBOX\8H_placeholder_READY_95CA3821.py	92
D:\MAGIC\scripts\phase00\INBOX\8I_placeholder_READY_59D6F5CC.py	92
D:\MAGIC\scripts\phase00\INBOX\8J_placeholder_READY_63DCB102.py	92
D:\MAGIC\scripts\phase00\INBOX\8K_placeholder_READY_B86664CF.py	92
D:\MAGIC\scripts\phase00\INBOX\8L_placeholder_READY_26991BAC.py	92
D:\MAGIC\scripts\phase00\INBOX\8M_placeholder_READY_734E879A.py	92
D:\MAGIC\scripts\phase00\INBOX\8N_placeholder_READY_0D53AF1E.py	92
D:\MAGIC\scripts\phase00\INBOX\8O_placeholder_READY_BFE41B7F.py	92
D:\MAGIC\scripts\phase00\INBOX\8P_placeholder_READY_234C3419.py	92
D:\MAGIC\scripts\phase00\INBOX\8Q_placeholder_READY_0A80882B.py	92
D:\MAGIC\scripts\phase00\INBOX\8R_placeholder_READY_6E7ED0C4.py	92
D:\MAGIC\scripts\phase00\INBOX\8S_placeholder_READY_CD177A8A.py	92
D:\MAGIC\scripts\phase00\INBOX\8T_placeholder_READY_4C07BEE7.py	92
D:\MAGIC\scripts\phase00\INBOX\8U_placeholder_READY_65201DB9.py	92
D:\MAGIC\scripts\phase00\INBOX\8V_placeholder_READY_0C58C38D.py	92
D:\MAGIC\scripts\phase00\INBOX\8W_placeholder_READY_5790AE31.py	92
D:\MAGIC\scripts\phase00\INBOX\8X_placeholder_READY_BE0507C1.py	92
D:\MAGIC\scripts\phase00\INBOX\8Y_placeholder_READY_13E0867D.py	92
D:\MAGIC\scripts\phase00\INBOX\8Z_placeholder_READY_2CDF810D.py	92
D:\MAGIC\scripts\phase00\INBOX\99ZZ_dummy_script_v2_READY_C5910095_C5910095.py	40
D:\MAGIC\scripts\phase00\INBOX\9A_placeholder_READY_694AD94E.py	92
D:\MAGIC\scripts\phase00\INBOX\9A_sample_READY_E3B0C442.py	0
D:\MAGIC\scripts\phase00\INBOX\9B_placeholder_READY_37BC3131.py	92
D:\MAGIC\scripts\phase00\INBOX\9C_placeholder_READY_5CCA2686.py	92
D:\MAGIC\scripts\phase00\INBOX\9D_placeholder_READY_64C57F14.py	92
D:\MAGIC\scripts\phase00\INBOX\9E_placeholder_READY_31B848A6.py	92
D:\MAGIC\scripts\phase00\INBOX\9F_placeholder_READY_36863382.py	92
D:\MAGIC\scripts\phase00\INBOX\9G_placeholder_READY_F675785B.py	92
D:\MAGIC\scripts\phase00\INBOX\9H_placeholder_READY_07223D8D.py	92
D:\MAGIC\scripts\phase00\INBOX\9I_placeholder_READY_ECEAE454.py	92
D:\MAGIC\scripts\phase00\INBOX\9J_placeholder_READY_285FB16C.py	92
D:\MAGIC\scripts\phase00\INBOX\9K_placeholder_READY_AEDD5392.py	92
D:\MAGIC\scripts\phase00\INBOX\9L_placeholder_READY_83B904CC.py	92
D:\MAGIC\scripts\phase00\INBOX\9M_placeholder_READY_4F72D975.py	92
D:\MAGIC\scripts\phase00\INBOX\9N_placeholder_READY_E3D7EC84.py	92
D:\MAGIC\scripts\phase00\INBOX\9O_placeholder_READY_2AA8DA58.py	92
D:\MAGIC\scripts\phase00\INBOX\9P_placeholder_READY_97BA7D06.py	92
D:\MAGIC\scripts\phase00\INBOX\9Q_placeholder_READY_0E28CC65.py	92
D:\MAGIC\scripts\phase00\INBOX\9R_placeholder_READY_8DCCFCA3.py	92
D:\MAGIC\scripts\phase00\INBOX\9S_placeholder_READY_F10069DC.py	92
D:\MAGIC\scripts\phase00\INBOX\9T_placeholder_READY_DA1E0EB3.py	92
D:\MAGIC\scripts\phase00\INBOX\9U_placeholder_READY_6C403376.py	92
D:\MAGIC\scripts\phase00\INBOX\9V_placeholder_READY_5E10B131.py	92
D:\MAGIC\scripts\phase00\INBOX\9W_placeholder_READY_C8A377EA.py	92
D:\MAGIC\scripts\phase00\INBOX\9X_placeholder_READY_FD54B1E7.py	92
D:\MAGIC\scripts\phase00\INBOX\9Y_placeholder_READY_022C40F5.py	92
D:\MAGIC\scripts\phase00\INBOX\9Z_placeholder_READY_B3ADEECB.py	92
D:\MAGIC\scripts\phase00\INBOX\abc_371EF887_371EF887.py	907
D:\MAGIC\scripts\phase00\INBOX\absoft_247CA590_247CA590.py	5788
D:\MAGIC\scripts\phase00\INBOX\abstract_event_listener_D0027B73_D0027B73.py	2178
D:\MAGIC\scripts\phase00\INBOX\accessibility_01D8BF65_01D8BF65.py	22894
D:\MAGIC\scripts\phase00\INBOX\accessors_11415325_11415325.py	14807
D:\MAGIC\scripts\phase00\INBOX\accessor_2_36ADCCC3_36ADCCC3.py	12058
D:\MAGIC\scripts\phase00\INBOX\accessor_C4A16815_C4A16815.py	107414
D:\MAGIC\scripts\phase00\INBOX\account_1EB92585_1EB92585.py	1977
D:\MAGIC\scripts\phase00\INBOX\actions_C14F62DF_C14F62DF.py	6426
D:\MAGIC\scripts\phase00\INBOX\action_builder_8C45BBD1_8C45BBD1.py	6281
D:\MAGIC\scripts\phase00\INBOX\action_chains_C7E9C3C9_C7E9C3C9.py	13746
D:\MAGIC\scripts\phase00\INBOX\adapters_28871E72_28871E72.py	27451
D:\MAGIC\scripts\phase00\INBOX\adapter_7B0F4E60_7B0F4E60.py	5033
D:\MAGIC\scripts\phase00\INBOX\advanced_twitter_scraper_2_2364A735_2364A735.py	4258
D:\MAGIC\scripts\phase00\INBOX\aead_173972C7_173972C7.py	634
D:\MAGIC\scripts\phase00\INBOX\afmLib_AE6A7E71_AE6A7E71.py	13374
D:\MAGIC\scripts\phase00\INBOX\after_7659B2C7_7659B2C7.py	1496
D:\MAGIC\scripts\phase00\INBOX\agl_4B95BBD8_4B95BBD8.py	113031
D:\MAGIC\scripts\phase00\INBOX\ai_content_AA8EAC32_AA8EAC32.py	311
D:\MAGIC\scripts\phase00\INBOX\alert_6092243B_6092243B.py	2617
D:\MAGIC\scripts\phase00\INBOX\algorithms_2_62B2A01D_62B2A01D.py	2595
D:\MAGIC\scripts\phase00\INBOX\algorithms_3_4B4E23E0_4B4E23E0.py	4542
D:\MAGIC\scripts\phase00\INBOX\algorithms_7B5098F6_7B5098F6.py	62938
D:\MAGIC\scripts\phase00\INBOX\alias_80951EA6_80951EA6.py	2383
D:\MAGIC\scripts\phase00\INBOX\align_155EBF19_155EBF19.py	10368
D:\MAGIC\scripts\phase00\INBOX\alphabeticalattributes_241A35FD_241A35FD.py	878
D:\MAGIC\scripts\phase00\INBOX\android_201F1F66_201F1F66.py	4112
D:\MAGIC\scripts\phase00\INBOX\animation_B740CAA6_B740CAA6.py	14229
D:\MAGIC\scripts\phase00\INBOX\annotations_5C0F5306_5C0F5306.py	5746
D:\MAGIC\scripts\phase00\INBOX\ansitowin32_DF57D9AA_DF57D9AA.py	11161
D:\MAGIC\scripts\phase00\INBOX\ansitowin32_test_8121B75D_8121B75D.py	10496
D:\MAGIC\scripts\phase00\INBOX\ansi_4C77B1EF_4C77B1EF.py	6819
D:\MAGIC\scripts\phase00\INBOX\ansi_test_59C89FB9_59C89FB9.py	2836
D:\MAGIC\scripts\phase00\INBOX\api_10_A81473F2_A81473F2.py	22617
D:\MAGIC\scripts\phase00\INBOX\api_2_A81473F2_A81473F2.py	22617
D:\MAGIC\scripts\phase00\INBOX\api_3_E25955E4_E25955E4.py	3089
D:\MAGIC\scripts\phase00\INBOX\api_4_090D8017_090D8017.py	65
D:\MAGIC\scripts\phase00\INBOX\api_5_B0A64524_B0A64524.py	1845
D:\MAGIC\scripts\phase00\INBOX\api_6_287FF35B_287FF35B.py	10437
D:\MAGIC\scripts\phase00\INBOX\api_7_919128CA_919128CA.py	35
D:\MAGIC\scripts\phase00\INBOX\api_8_368D8910_368D8910.py	191298
D:\MAGIC\scripts\phase00\INBOX\api_9_10495947_10495947.py	42256
D:\MAGIC\scripts\phase00\INBOX\api_FD96FD39_FD96FD39.py	6449
D:\MAGIC\scripts\phase00\INBOX\api_normalizer_CE899BFA_CE899BFA.py	1713
D:\MAGIC\scripts\phase00\INBOX\api_validator_2_F0724091_F0724091.py	79
D:\MAGIC\scripts\phase00\INBOX\appdirs_F2492C03_F2492C03.py	24652
D:\MAGIC\scripts\phase00\INBOX\appengine_551EBC78_551EBC78.py	11036
D:\MAGIC\scripts\phase00\INBOX\apply_8645D0F9_8645D0F9.py	51126
D:\MAGIC\scripts\phase00\INBOX\apply_remediation_ai_B63B4052_B63B4052.py	157
D:\MAGIC\scripts\phase00\INBOX\archive_BCCEADFE_BCCEADFE.py	2411
D:\MAGIC\scripts\phase00\INBOX\archive_util_0ADAD4D0_0ADAD4D0.py	8603
D:\MAGIC\scripts\phase00\INBOX\arc_F9FE589B_F9FE589B.py	5812
D:\MAGIC\scripts\phase00\INBOX\areaPen_6355A49A_6355A49A.py	1472
D:\MAGIC\scripts\phase00\INBOX\argon2_5050CD5C_5050CD5C.py	460
D:\MAGIC\scripts\phase00\INBOX\arithmetic_2_C1AC5B26_C1AC5B26.py	7661
D:\MAGIC\scripts\phase00\INBOX\arithmetic_3_8C751A69_8C751A69.py	25336
D:\MAGIC\scripts\phase00\INBOX\arithmetic_ADB9F1D6_ADB9F1D6.py	3795
D:\MAGIC\scripts\phase00\INBOX\arraylike_B4CC255F_B4CC255F.py	18689
D:\MAGIC\scripts\phase00\INBOX\arraypad_F94469AA_F94469AA.py	31241
D:\MAGIC\scripts\phase00\INBOX\arrayprint_2_3DBC75FD_3DBC75FD.py	522
D:\MAGIC\scripts\phase00\INBOX\arrayprint_3_CBF2A4B8_CBF2A4B8.py	766
D:\MAGIC\scripts\phase00\INBOX\arrayprint_4_59C557CF_59C557CF.py	673
D:\MAGIC\scripts\phase00\INBOX\arrayprint_9B3082C8_9B3082C8.py	61458
D:\MAGIC\scripts\phase00\INBOX\arraysetops_D757B18D_D757B18D.py	26442
D:\MAGIC\scripts\phase00\INBOX\arrays_73E43FBE_73E43FBE.py	5758
D:\MAGIC\scripts\phase00\INBOX\arrayterator_2_1685386A_1685386A.py	480
D:\MAGIC\scripts\phase00\INBOX\arrayterator_3_C2B6E8D0_C2B6E8D0.py	392
D:\MAGIC\scripts\phase00\INBOX\arrayterator_4_138E763E_138E763E.py	1249
D:\MAGIC\scripts\phase00\INBOX\arrayterator_8699164E_8699164E.py	7102
D:\MAGIC\scripts\phase00\INBOX\arrayTools_8D993FFC_8D993FFC.py	11483
D:\MAGIC\scripts\phase00\INBOX\array_2E855A7D_2E855A7D.py	3827
D:\MAGIC\scripts\phase00\INBOX\array_2_4E679A3D_4E679A3D.py	65460
D:\MAGIC\scripts\phase00\INBOX\array_3_4513F129_4513F129.py	9056
D:\MAGIC\scripts\phase00\INBOX\array_constructors_2_85D88357_85D88357.py	2458
D:\MAGIC\scripts\phase00\INBOX\array_constructors_3_80584A0F_80584A0F.py	4491
D:\MAGIC\scripts\phase00\INBOX\array_constructors_BE2ECE44_BE2ECE44.py	1010
D:\MAGIC\scripts\phase00\INBOX\array_like_2_67B13F4A_67B13F4A.py	887
D:\MAGIC\scripts\phase00\INBOX\array_like_608C65F2_608C65F2.py	454
D:\MAGIC\scripts\phase00\INBOX\array_manager_1D54194C_1D54194C.py	46169
D:\MAGIC\scripts\phase00\INBOX\array_ops_3CBC6DE1_3CBC6DE1.py	16715
D:\MAGIC\scripts\phase00\INBOX\arrow_EF6D438A_EF6D438A.py	8623
D:\MAGIC\scripts\phase00\INBOX\arrow_parser_wrapper_DD5ED98B_DD5ED98B.py	5558
D:\MAGIC\scripts\phase00\INBOX\asciiTable_E1CEBD8E_E1CEBD8E.py	637
D:\MAGIC\scripts\phase00\INBOX\asserters_3D17AE6E_3D17AE6E.py	49752
D:\MAGIC\scripts\phase00\INBOX\astype_74D9D9BB_74D9D9BB.py	12983
D:\MAGIC\scripts\phase00\INBOX\ast_2_6AB03D5B_6AB03D5B.py	13300
D:\MAGIC\scripts\phase00\INBOX\ast_E3C63ABE_E3C63ABE.py	74158
D:\MAGIC\scripts\phase00\INBOX\ast_transforms_4D2017FF_4D2017FF.py	5495
D:\MAGIC\scripts\phase00\INBOX\asyncio_2_D773C0E3_D773C0E3.py	12676
D:\MAGIC\scripts\phase00\INBOX\asyncio_D773C0E3_D773C0E3.py	12676
D:\MAGIC\scripts\phase00\INBOX\asyn_549DA305_549DA305.py	36776
D:\MAGIC\scripts\phase00\INBOX\asyn_wrapper_B9944E71_B9944E71.py	3326
D:\MAGIC\scripts\phase00\INBOX\audio_D42A401E_D42A401E.py	8112
D:\MAGIC\scripts\phase00\INBOX\audits_70E920C5_70E920C5.py	74863
D:\MAGIC\scripts\phase00\INBOX\auth_905EF9B6_905EF9B6.py	10186
D:\MAGIC\scripts\phase00\INBOX\auth_test_80E7D38A_80E7D38A.py	66
D:\MAGIC\scripts\phase00\INBOX\autocomplete_scraper_3A77C896_3A77C896.py	1554
D:\MAGIC\scripts\phase00\INBOX\autocompletion_DF0B7685_DF0B7685.py	6675
D:\MAGIC\scripts\phase00\INBOX\autodist_036359DB_036359DB.py	3853
D:\MAGIC\scripts\phase00\INBOX\autofill_5BDF92F7_5BDF92F7.py	7703
D:\MAGIC\scripts\phase00\INBOX\auto_patcher_263FABAC_263FABAC.py	597
D:\MAGIC\scripts\phase00\INBOX\auxfuncs_24FC9AFE_24FC9AFE.py	22304
D:\MAGIC\scripts\phase00\INBOX\avarPlanner_B8B306B0_B8B306B0.py	27358
D:\MAGIC\scripts\phase00\INBOX\avar_61EFEED0_61EFEED0.py	9647
D:\MAGIC\scripts\phase00\INBOX\backend_6F5ABD55_6F5ABD55.py	10153
D:\MAGIC\scripts\phase00\INBOX\backend_ctypes_0D01618D_0D01618D.py	42538
D:\MAGIC\scripts\phase00\INBOX\backend_ctypes_2_0D01618D_0D01618D.py	42538
D:\MAGIC\scripts\phase00\INBOX\background_service_6EEFABA8_6EEFABA8.py	5979
D:\MAGIC\scripts\phase00\INBOX\backup_agent_883A122E_883A122E.py	756
D:\MAGIC\scripts\phase00\INBOX\backup_agent_standalone_790F07BB_790F07BB.py	1450
D:\MAGIC\scripts\phase00\INBOX\backup_failed_scripts_6469D5F0_6469D5F0.py	1830
D:\MAGIC\scripts\phase00\INBOX\backup_manifest_3408A91D_3408A91D.py	325
D:\MAGIC\scripts\phase00\INBOX\bar_6BB503DF_6BB503DF.py	3264
D:\MAGIC\scripts\phase00\INBOX\basePen_236860D4_236860D4.py	17080
D:\MAGIC\scripts\phase00\INBOX\base_10_8A4AB930_8A4AB930.py	615
D:\MAGIC\scripts\phase00\INBOX\base_11_B600E1B0_B600E1B0.py	27539
D:\MAGIC\scripts\phase00\INBOX\base_12_9741B53F_9741B53F.py	2389
D:\MAGIC\scripts\phase00\INBOX\base_211CF9A3_211CF9A3.py	12800
D:\MAGIC\scripts\phase00\INBOX\base_2_BF1AA796_BF1AA796.py	14445
D:\MAGIC\scripts\phase00\INBOX\base_3_664810B8_664810B8.py	7499
D:\MAGIC\scripts\phase00\INBOX\base_4_31C948C4_31C948C4.py	40708
D:\MAGIC\scripts\phase00\INBOX\base_5_F6B4F981_F6B4F981.py	62656
D:\MAGIC\scripts\phase00\INBOX\base_6_C5BA1D05_C5BA1D05.py	15368
D:\MAGIC\scripts\phase00\INBOX\base_7_5CC8C174_5CC8C174.py	3798
D:\MAGIC\scripts\phase00\INBOX\base_8_AFB016E5_AFB016E5.py	19238
D:\MAGIC\scripts\phase00\INBOX\base_9_52718AC0_52718AC0.py	4165
D:\MAGIC\scripts\phase00\INBOX\base_command_D13934E2_D13934E2.py	7843
D:\MAGIC\scripts\phase00\INBOX\base_parser_EA926C73_EA926C73.py	44549
D:\MAGIC\scripts\phase00\INBOX\bazaar_8F4A229F_8F4A229F.py	3519
D:\MAGIC\scripts\phase00\INBOX\bbcode_D03D3D51_D03D3D51.py	3294
D:\MAGIC\scripts\phase00\INBOX\bcppcompiler_804D9A76_804D9A76.py	14789
D:\MAGIC\scripts\phase00\INBOX\bdist_857805E1_857805E1.py	5441
D:\MAGIC\scripts\phase00\INBOX\bdist_dumb_4A2BAF4A_4A2BAF4A.py	4699
D:\MAGIC\scripts\phase00\INBOX\bdist_egg_8A3FF654_8A3FF654.py	16633
D:\MAGIC\scripts\phase00\INBOX\bdist_rpm_87006847_87006847.py	22037
D:\MAGIC\scripts\phase00\INBOX\before_539F1A54_539F1A54.py	1382
D:\MAGIC\scripts\phase00\INBOX\before_sleep_4E1C83BE_4E1C83BE.py	1908
D:\MAGIC\scripts\phase00\INBOX\benchmark_2_18C72BFF_18C72BFF.py	1400
D:\MAGIC\scripts\phase00\INBOX\benchmark_C1AB0F26_C1AB0F26.py	1296
D:\MAGIC\scripts\phase00\INBOX\bench_195BCE1A_195BCE1A.py	4739
D:\MAGIC\scripts\phase00\INBOX\bezierTools_DC621570_DC621570.py	45037
D:\MAGIC\scripts\phase00\INBOX\bidi_67352144_67352144.py	31864
D:\MAGIC\scripts\phase00\INBOX\bidi_connection_BD50C1AA_BD50C1AA.py	968
D:\MAGIC\scripts\phase00\INBOX\big5freq_96D71F3F_96D71F3F.py	31274
D:\MAGIC\scripts\phase00\INBOX\big5prober_94F31FC0_94F31FC0.py	1763
D:\MAGIC\scripts\phase00\INBOX\bindings_8853EA23_8853EA23.py	17631
D:\MAGIC\scripts\phase00\INBOX\binding_8CA3B64A_8CA3B64A.py	4008
D:\MAGIC\scripts\phase00\INBOX\BitmapGlyphMetrics_F607063D_F607063D.py	1769
D:\MAGIC\scripts\phase00\INBOX\bitwise_ops_2_5279B156_5279B156.py	970
D:\MAGIC\scripts\phase00\INBOX\bitwise_ops_3_06FE42E6_06FE42E6.py	3709
D:\MAGIC\scripts\phase00\INBOX\bitwise_ops_5EA7E7D2_5EA7E7D2.py	514
D:\MAGIC\scripts\phase00\INBOX\blacklist_filter_E3B0C442_E3B0C442.py	0
D:\MAGIC\scripts\phase00\INBOX\Blocks_19DB4473_19DB4473.py	79501
D:\MAGIC\scripts\phase00\INBOX\bluetooth_emulation_44DE582B_44DE582B.py	18843
D:\MAGIC\scripts\phase00\INBOX\bokeh_renderer_2F7C34BA_2F7C34BA.py	14202
D:\MAGIC\scripts\phase00\INBOX\bokeh_util_FD41B6AA_FD41B6AA.py	2937
D:\MAGIC\scripts\phase00\INBOX\boolean_9B340269_9B340269.py	11057
D:\MAGIC\scripts\phase00\INBOX\boundsPen_C04DE8C0_C04DE8C0.py	3129
D:\MAGIC\scripts\phase00\INBOX\boxplot_923E3B39_923E3B39.py	17113
D:\MAGIC\scripts\phase00\INBOX\box_149EA723_149EA723.py	9718
D:\MAGIC\scripts\phase00\INBOX\browser_B99998AA_B99998AA.py	23916
D:\MAGIC\scripts\phase00\INBOX\browser_test_5DC83D68_5DC83D68.py	258
D:\MAGIC\scripts\phase00\INBOX\browsing_context_4B5087D6_4B5087D6.py	29506
D:\MAGIC\scripts\phase00\INBOX\buffered_50295D28_50295D28.py	4500
D:\MAGIC\scripts\phase00\INBOX\buffer_F7477782_F7477782.py	2216
D:\MAGIC\scripts\phase00\INBOX\builder_2_5E8A6969_5E8A6969.py	6197
D:\MAGIC\scripts\phase00\INBOX\builder_3_9263BB3A_9263BB3A.py	23008
D:\MAGIC\scripts\phase00\INBOX\builder_43D54807_43D54807.py	8538
D:\MAGIC\scripts\phase00\INBOX\builder_4_7FC6DEB7_7FC6DEB7.py	73165
D:\MAGIC\scripts\phase00\INBOX\builder_5_307B902A_307B902A.py	128727
D:\MAGIC\scripts\phase00\INBOX\builder_6_99228E09_99228E09.py	6609
D:\MAGIC\scripts\phase00\INBOX\build_91B250A3_91B250A3.py	5617
D:\MAGIC\scripts\phase00\INBOX\build_clib_91D3EEAF_91D3EEAF.py	7719
D:\MAGIC\scripts\phase00\INBOX\build_dashboard_481FE2CB_481FE2CB.py	117553
D:\MAGIC\scripts\phase00\INBOX\build_dashboard_A6337C9E_A6337C9E.py	129701
D:\MAGIC\scripts\phase00\INBOX\build_env_F33DA326_F33DA326.py	10242
D:\MAGIC\scripts\phase00\INBOX\build_ext_31571A1D_31571A1D.py	31556
D:\MAGIC\scripts\phase00\INBOX\build_meta_9E4ABECD_9E4ABECD.py	19310
D:\MAGIC\scripts\phase00\INBOX\build_py_AB8CB156_AB8CB156.py	16554
D:\MAGIC\scripts\phase00\INBOX\build_scripts_A87D6131_A87D6131.py	5620
D:\MAGIC\scripts\phase00\INBOX\build_src_BA347025_BA347025.py	31605
D:\MAGIC\scripts\phase00\INBOX\build_tracker_BDFF3513_BDFF3513.py	4133
D:\MAGIC\scripts\phase00\INBOX\burnout_signals_E3B0C442_E3B0C442.py	0
D:\MAGIC\scripts\phase00\INBOX\by_ACEEF499_ACEEF499.py	2855
D:\MAGIC\scripts\phase00\INBOX\B_A_S_E__1FBD40F6_1FBD40F6.py	369
D:\MAGIC\scripts\phase00\INBOX\cached_14A12CB4_14A12CB4.py	33592
D:\MAGIC\scripts\phase00\INBOX\cache_AF16CE37_AF16CE37.py	1536
D:\MAGIC\scripts\phase00\INBOX\cache_mapper_5B8C25C7_5B8C25C7.py	2421
D:\MAGIC\scripts\phase00\INBOX\cache_metadata_A5C38961_A5C38961.py	8511
D:\MAGIC\scripts\phase00\INBOX\cache_storage_E25FEC9D_E25FEC9D.py	8909
D:\MAGIC\scripts\phase00\INBOX\caching_9FF49B75_9FF49B75.py	34292
D:\MAGIC\scripts\phase00\INBOX\cairoPen_C2EB8E27_C2EB8E27.py	592
D:\MAGIC\scripts\phase00\INBOX\callbacks_0432302F_0432302F.py	9210
D:\MAGIC\scripts\phase00\INBOX\candidates_EA441978_EA441978.py	18963
D:\MAGIC\scripts\phase00\INBOX\candidate_EA970006_EA970006.py	990
D:\MAGIC\scripts\phase00\INBOX\capi_maps_1CC64DE1_1CC64DE1.py	30714
D:\MAGIC\scripts\phase00\INBOX\casting_B56E6BCF_B56E6BCF.py	3136
D:\MAGIC\scripts\phase00\INBOX\cast_DBAC4A08_DBAC4A08.py	4292
D:\MAGIC\scripts\phase00\INBOX\categorical_2_A19EAC66_A19EAC66.py	3877
D:\MAGIC\scripts\phase00\INBOX\categorical_63A73A2B_63A73A2B.py	97787
D:\MAGIC\scripts\phase00\INBOX\category_01F757D3_01F757D3.py	19245
D:\MAGIC\scripts\phase00\INBOX\cb_rules_8B967A63_8B967A63.py	24883
D:\MAGIC\scripts\phase00\INBOX\ccompiler_A709E40F_A709E40F.py	47369
D:\MAGIC\scripts\phase00\INBOX\ccompiler_opt_C0A8CB09_C0A8CB09.py	96000
D:\MAGIC\scripts\phase00\INBOX\cdp_D26092CF_D26092CF.py	19078
D:\MAGIC\scripts\phase00\INBOX\cd_2_58A4E8D4_58A4E8D4.py	12522
D:\MAGIC\scripts\phase00\INBOX\cd_58A4E8D4_58A4E8D4.py	12522
D:\MAGIC\scripts\phase00\INBOX\cElementTree_CF5BD940_CF5BD940.py	1448
D:\MAGIC\scripts\phase00\INBOX\cells_C208ECBC_C208ECBC.py	4581
D:\MAGIC\scripts\phase00\INBOX\certificate_transparency_26AA0E20_26AA0E20.py	797
D:\MAGIC\scripts\phase00\INBOX\certs_67D49BE3_67D49BE3.py	429
D:\MAGIC\scripts\phase00\INBOX\CFF2ToCFF_A6FC21EA_A6FC21EA.py	6088
D:\MAGIC\scripts\phase00\INBOX\cffi_opcode_2_F9A1C3F0_F9A1C3F0.py	4805
D:\MAGIC\scripts\phase00\INBOX\cffi_opcode_F9A1C3F0_F9A1C3F0.py	4805
D:\MAGIC\scripts\phase00\INBOX\CFFToCFF2_42793B95_42793B95.py	10119
D:\MAGIC\scripts\phase00\INBOX\cff_2_11581A41_11581A41.py	22901
D:\MAGIC\scripts\phase00\INBOX\cff_AEA31124_AEA31124.py	6145
D:\MAGIC\scripts\phase00\INBOX\cfuncs_A16200C3_A16200C3.py	47285
D:\MAGIC\scripts\phase00\INBOX\chainmap_555D5280_555D5280.py	827
D:\MAGIC\scripts\phase00\INBOX\channels_07E24782_07E24782.py	1178576
D:\MAGIC\scripts\phase00\INBOX\chardetect_14CF2278_14CF2278.py	3241
D:\MAGIC\scripts\phase00\INBOX\chardistribution_D7707C5D_D7707C5D.py	10032
D:\MAGIC\scripts\phase00\INBOX\charsetgroupprober_50A2B749_50A2B749.py	3915
D:\MAGIC\scripts\phase00\INBOX\charsetprober_8B58F863_8B58F863.py	5420
D:\MAGIC\scripts\phase00\INBOX\charts_2_E3237FA2_E3237FA2.py	1727
D:\MAGIC\scripts\phase00\INBOX\chebyshev_94ECB2D2_94ECB2D2.py	62661
D:\MAGIC\scripts\phase00\INBOX\check_9AE7D05F_9AE7D05F.py	4889
D:\MAGIC\scripts\phase00\INBOX\check_notion_csv_D574CD47_D574CD47.py	391
D:\MAGIC\scripts\phase00\INBOX\check_tables_2_9C10CBA5_9C10CBA5.py	241
D:\MAGIC\scripts\phase00\INBOX\check_type_completeness_C070E581_C070E581.py	9845
D:\MAGIC\scripts\phase00\INBOX\check_wraps_48DE5418_48DE5418.py	284
D:\MAGIC\scripts\phase00\INBOX\chunk_79C9568F_79C9568F.py	3459
D:\MAGIC\scripts\phase00\INBOX\clarity_ranker_E3B0C442_E3B0C442.py	0
D:\MAGIC\scripts\phase00\INBOX\classifyTools_67E94DC0_67E94DC0.py	5621
D:\MAGIC\scripts\phase00\INBOX\cleanup_agent_D9197A6B_D9197A6B.py	96
D:\MAGIC\scripts\phase00\INBOX\clean_4F1C4A41_4F1C4A41.py	2603
D:\MAGIC\scripts\phase00\INBOX\client_config_719BAF4A_719BAF4A.py	6855
D:\MAGIC\scripts\phase00\INBOX\clipboards_46401DFC_46401DFC.py	4916
D:\MAGIC\scripts\phase00\INBOX\cliTools_A82CE724_A82CE724.py	1862
D:\MAGIC\scripts\phase00\INBOX\cli_2_31B0109C_31B0109C.py	6076
D:\MAGIC\scripts\phase00\INBOX\cli_3_536AE8A1_536AE8A1.py	3714
D:\MAGIC\scripts\phase00\INBOX\cli_B03EC134_B03EC134.py	6075
D:\MAGIC\scripts\phase00\INBOX\cmac_B33FECE8_B33FECE8.py	338
D:\MAGIC\scripts\phase00\INBOX\cmap_1E9B61C5_1E9B61C5.py	6728
D:\MAGIC\scripts\phase00\INBOX\cmdline_4112A636_4112A636.py	24075
D:\MAGIC\scripts\phase00\INBOX\cmdoptions_D0E1D792_D0E1D792.py	29497
D:\MAGIC\scripts\phase00\INBOX\cmdstan_96492189_96492189.py	19105
D:\MAGIC\scripts\phase00\INBOX\cmdstan_args_5DCDC0A6_5DCDC0A6.py	39009
D:\MAGIC\scripts\phase00\INBOX\cmd_E81DBA18_E81DBA18.py	17967
D:\MAGIC\scripts\phase00\INBOX\cocoaPen_20945070_20945070.py	612
D:\MAGIC\scripts\phase00\INBOX\codecs_CAC06A51_CAC06A51.py	4722
D:\MAGIC\scripts\phase00\INBOX\codec_AB530FDA_AB530FDA.py	3359
D:\MAGIC\scripts\phase00\INBOX\codingstatemachinedict_D066371E_D066371E.py	542
D:\MAGIC\scripts\phase00\INBOX\codingstatemachine_2BB93AF6_2BB93AF6.py	3732
D:\MAGIC\scripts\phase00\INBOX\collections_abc_BB2F3151_BB2F3151.py	156
D:\MAGIC\scripts\phase00\INBOX\collector_6FD84200_6FD84200.py	16495
D:\MAGIC\scripts\phase00\INBOX\color_9A41E46A_9A41E46A.py	12172
D:\MAGIC\scripts\phase00\INBOX\color_triplet_DE585091_DE585091.py	1054
D:\MAGIC\scripts\phase00\INBOX\columns_2F3BDDE2_2F3BDDE2.py	7179
D:\MAGIC\scripts\phase00\INBOX\column_59B0A043_59B0A043.py	13608
D:\MAGIC\scripts\phase00\INBOX\command_BE52427F_BE52427F.py	5555
D:\MAGIC\scripts\phase00\INBOX\command_context_4478083F_4478083F.py	774
D:\MAGIC\scripts\phase00\INBOX\commontypes_2_3B1B3509_3B1B3509.py	2867
D:\MAGIC\scripts\phase00\INBOX\commontypes_3B1B3509_3B1B3509.py	2867
D:\MAGIC\scripts\phase00\INBOX\common_2_ED755184_ED755184.py	675
D:\MAGIC\scripts\phase00\INBOX\common_3_0FA8A896_0FA8A896.py	49379
D:\MAGIC\scripts\phase00\INBOX\common_4_100AC5E5_100AC5E5.py	4082
D:\MAGIC\scripts\phase00\INBOX\common_5_D4643036_D4643036.py	4973
D:\MAGIC\scripts\phase00\INBOX\common_9452FDEE_9452FDEE.py	12936
D:\MAGIC\scripts\phase00\INBOX\common_rules_EE0310E7_EE0310E7.py	4981
D:\MAGIC\scripts\phase00\INBOX\compaq_F1CB809B_F1CB809B.py	3991
D:\MAGIC\scripts\phase00\INBOX\compare_local_notion_69C3E256_69C3E256.py	958
D:\MAGIC\scripts\phase00\INBOX\comparisons_2_9D313E7E_9D313E7E.py	2992
D:\MAGIC\scripts\phase00\INBOX\comparisons_3_135032B1_135032B1.py	9402
D:\MAGIC\scripts\phase00\INBOX\comparisons_7C5EC2EE_7C5EC2EE.py	963
D:\MAGIC\scripts\phase00\INBOX\compatibility_tags_4BB1A161_4BB1A161.py	5376
D:\MAGIC\scripts\phase00\INBOX\compat_27BB088D_27BB088D.py	2142
D:\MAGIC\scripts\phase00\INBOX\competition_filter_E3B0C442_E3B0C442.py	0
D:\MAGIC\scripts\phase00\INBOX\compilation_697CA394_697CA394.py	20628
D:\MAGIC\scripts\phase00\INBOX\compiler_2_3E6A4F80_3E6A4F80.py	816
D:\MAGIC\scripts\phase00\INBOX\compiler_843A2774_843A2774.py	438
D:\MAGIC\scripts\phase00\INBOX\completion_1F44C9BC_1F44C9BC.py	4129
D:\MAGIC\scripts\phase00\INBOX\compression_8C249430_8C249430.py	4865
D:\MAGIC\scripts\phase00\INBOX\concatkdf_51AF0AA0_51AF0AA0.py	3737
D:\MAGIC\scripts\phase00\INBOX\concat_5C6816BD_5C6816BD.py	25226
D:\MAGIC\scripts\phase00\INBOX\configs_66B786D8_66B786D8.py	56287
D:\MAGIC\scripts\phase00\INBOX\configTools_617044FE_617044FE.py	11188
D:\MAGIC\scripts\phase00\INBOX\configuration_341E6E7F_341E6E7F.py	9815
D:\MAGIC\scripts\phase00\INBOX\config_2_A22D2B46_A22D2B46.py	67
D:\MAGIC\scripts\phase00\INBOX\config_3_2C5E199A_2C5E199A.py	4279
D:\MAGIC\scripts\phase00\INBOX\config_8C7304CD_8C7304CD.py	13137
D:\MAGIC\scripts\phase00\INBOX\config_compiler_224B7BC8_224B7BC8.py	4730
D:\MAGIC\scripts\phase00\INBOX\config_init_2_23380689_23380689.py	27060
D:\MAGIC\scripts\phase00\INBOX\config_init_E40C3F9B_E40C3F9B.py	28430
D:\MAGIC\scripts\phase00\INBOX\conftest_2_C87097A0_C87097A0.py	47908
D:\MAGIC\scripts\phase00\INBOX\conftest_3_7D57F1F8_7D57F1F8.py	1245
D:\MAGIC\scripts\phase00\INBOX\conftest_67A0CE97_67A0CE97.py	951
D:\MAGIC\scripts\phase00\INBOX\conftest_C52932C9_C52932C9.py	1595
D:\MAGIC\scripts\phase00\INBOX\connectionpool_64486E76_64486E76.py	43371
D:\MAGIC\scripts\phase00\INBOX\connection_2E1B1BA2_2E1B1BA2.py	6813
D:\MAGIC\scripts\phase00\INBOX\console_E5D8F7D3_E5D8F7D3.py	2740
D:\MAGIC\scripts\phase00\INBOX\constants_2_5BCCD362_5BCCD362.py	82764
D:\MAGIC\scripts\phase00\INBOX\constants_3_960B2806_960B2806.py	9347
D:\MAGIC\scripts\phase00\INBOX\constants_4_4849A753_4849A753.py	268
D:\MAGIC\scripts\phase00\INBOX\constants_5_82E4A280_82E4A280.py	1742
D:\MAGIC\scripts\phase00\INBOX\constants_6_413687B5_413687B5.py	219
D:\MAGIC\scripts\phase00\INBOX\constant_2_ED4558E2_ED4558E2.py	42713
D:\MAGIC\scripts\phase00\INBOX\constant_ED4558E2_ED4558E2.py	42713
D:\MAGIC\scripts\phase00\INBOX\constant_time_C5DBA759_C5DBA759.py	422
D:\MAGIC\scripts\phase00\INBOX\constrain_D5520FB8_D5520FB8.py	1288
D:\MAGIC\scripts\phase00\INBOX\construction_3B126A18_3B126A18.py	33468
D:\MAGIC\scripts\phase00\INBOX\constructors_CA98EDAB_CA98EDAB.py	16611
D:\MAGIC\scripts\phase00\INBOX\consts_37BC1557_37BC1557.py	602
D:\MAGIC\scripts\phase00\INBOX\containers_CE49203F_CE49203F.py	5481
D:\MAGIC\scripts\phase00\INBOX\contexts_0699CA20_0699CA20.py	5610
D:\MAGIC\scripts\phase00\INBOX\context_4566EA70_4566EA70.py	5420
D:\MAGIC\scripts\phase00\INBOX\controller_6C062BB7_6C062BB7.py	16416
D:\MAGIC\scripts\phase00\INBOX\control_0D29074D_0D29074D.py	6630
D:\MAGIC\scripts\phase00\INBOX\converters_1A50DE3B_1A50DE3B.py	3861
D:\MAGIC\scripts\phase00\INBOX\converters_2_F244258E_F244258E.py	76
D:\MAGIC\scripts\phase00\INBOX\converters_3_1A50DE3B_1A50DE3B.py	3861
D:\MAGIC\scripts\phase00\INBOX\converters_4_F244258E_F244258E.py	76
D:\MAGIC\scripts\phase00\INBOX\converters_5_F63E0143_F63E0143.py	13044
D:\MAGIC\scripts\phase00\INBOX\converter_99D31EA5_99D31EA5.py	36417
D:\MAGIC\scripts\phase00\INBOX\convert_F49EF607_F49EF607.py	26546
D:\MAGIC\scripts\phase00\INBOX\conv_template_77504483_77504483.py	9513
D:\MAGIC\scripts\phase00\INBOX\cookies_6CD8BE8A_6CD8BE8A.py	18590
D:\MAGIC\scripts\phase00\INBOX\copy_814E7E77_814E7E77.py	19967
D:\MAGIC\scripts\phase00\INBOX\core_07B2CBB8_07B2CBB8.py	213289
D:\MAGIC\scripts\phase00\INBOX\core_10_D6D2DCB7_D6D2DCB7.py	23828
D:\MAGIC\scripts\phase00\INBOX\core_2_4D24C39C_4D24C39C.py	13999
D:\MAGIC\scripts\phase00\INBOX\core_3_FB327E86_FB327E86.py	7959
D:\MAGIC\scripts\phase00\INBOX\core_4_3CDCC658_3CDCC658.py	264359
D:\MAGIC\scripts\phase00\INBOX\core_5_41F69796_41F69796.py	8292
D:\MAGIC\scripts\phase00\INBOX\core_6_A3A23E3C_A3A23E3C.py	31759
D:\MAGIC\scripts\phase00\INBOX\core_7_9B4452E8_9B4452E8.py	1554066
D:\MAGIC\scripts\phase00\INBOX\core_8_E810684A_E810684A.py	3396
D:\MAGIC\scripts\phase00\INBOX\core_9_AAD9009B_AAD9009B.py	117357
D:\MAGIC\scripts\phase00\INBOX\correlation_engine_7BD0476D_7BD0476D.py	1180
D:\MAGIC\scripts\phase00\INBOX\cost_guard_2_6A1ED0F0_6A1ED0F0.py	102
D:\MAGIC\scripts\phase00\INBOX\cost_guard_2_BBD04B0F_BBD04B0F.py	101
D:\MAGIC\scripts\phase00\INBOX\cost_manager_2_8FEE0435_8FEE0435.py	173
D:\MAGIC\scripts\phase00\INBOX\cp949prober_D2329157_D2329157.py	1860
D:\MAGIC\scripts\phase00\INBOX\cparser_2_D2E83884_D2E83884.py	44620
D:\MAGIC\scripts\phase00\INBOX\cparser_D2E83884_D2E83884.py	44620
D:\MAGIC\scripts\phase00\INBOX\cpp_1943466A_1943466A.py	34949
D:\MAGIC\scripts\phase00\INBOX\cpuinfo_E33344DA_E33344DA.py	23105
D:\MAGIC\scripts\phase00\INBOX\crackfortran_5341E850_5341E850.py	136435
D:\MAGIC\scripts\phase00\INBOX\crash_recover_2_97466C8D_97466C8D.py	78
D:\MAGIC\scripts\phase00\INBOX\create_manifest_F36D0D34_F36D0D34.py	5423
D:\MAGIC\scripts\phase00\INBOX\create_tables_2_81B4A180_81B4A180.py	474
D:\MAGIC\scripts\phase00\INBOX\create_trends_table_6B09AC95_6B09AC95.py	574
D:\MAGIC\scripts\phase00\INBOX\cssselect_8F383311_8F383311.py	3288
D:\MAGIC\scripts\phase00\INBOX\css_2_5C642AEC_5C642AEC.py	12685
D:\MAGIC\scripts\phase00\INBOX\css_5DF0A44F_5DF0A44F.py	89949
D:\MAGIC\scripts\phase00\INBOX\css_match_C23646F6_C23646F6.py	62735
D:\MAGIC\scripts\phase00\INBOX\css_parser_CA6F721E_CA6F721E.py	48419
D:\MAGIC\scripts\phase00\INBOX\css_types_3850F9B7_3850F9B7.py	10386
D:\MAGIC\scripts\phase00\INBOX\csvs_5A7235DB_5A7235DB.py	10320
D:\MAGIC\scripts\phase00\INBOX\ctokens_26AAFE35_26AAFE35.py	2829
D:\MAGIC\scripts\phase00\INBOX\ctypeslib_CCEE80E6_CCEE80E6.py	17422
D:\MAGIC\scripts\phase00\INBOX\cu2quPen_80C53015_80C53015.py	13007
D:\MAGIC\scripts\phase00\INBOX\cu2qu_18635D35_18635D35.py	16439
D:\MAGIC\scripts\phase00\INBOX\cversions_BA78ADC7_BA78ADC7.py	348
D:\MAGIC\scripts\phase00\INBOX\cygwinccompiler_E26CEEA3_E26CEEA3.py	12537
D:\MAGIC\scripts\phase00\INBOX\cython_9915DD6D_9915DD6D.py	646
D:\MAGIC\scripts\phase00\INBOX\c_ast_2884F4E0_2884F4E0.py	32462
D:\MAGIC\scripts\phase00\INBOX\C_B_D_T__E4B35D73_E4B35D73.py	3646
D:\MAGIC\scripts\phase00\INBOX\C_B_L_C__617970A2_617970A2.py	520
D:\MAGIC\scripts\phase00\INBOX\C_F_F__2_6281DF25_6281DF25.py	807
D:\MAGIC\scripts\phase00\INBOX\C_F_F__CA0DE652_CA0DE652.py	1978
D:\MAGIC\scripts\phase00\INBOX\c_generator_3C5CA6A5_3C5CA6A5.py	18083
D:\MAGIC\scripts\phase00\INBOX\c_lexer_8AAA1020_8AAA1020.py	17806
D:\MAGIC\scripts\phase00\INBOX\C_O_L_R__487C0554_487C0554.py	5993
D:\MAGIC\scripts\phase00\INBOX\c_parser_94C34A81_94C34A81.py	69257
D:\MAGIC\scripts\phase00\INBOX\c_parser_wrapper_B9AD05FB_B9AD05FB.py	15437
D:\MAGIC\scripts\phase00\INBOX\C_P_A_L__A1D163A8_A1D163A8.py	11942
D:\MAGIC\scripts\phase00\INBOX\dammit_2_A077757A_A077757A.py	51472
D:\MAGIC\scripts\phase00\INBOX\dammit_A077757A_A077757A.py	51472
D:\MAGIC\scripts\phase00\INBOX\dashboard_notifier_6A2053FF_6A2053FF.py	512
D:\MAGIC\scripts\phase00\INBOX\dashboard_pusher_E3B0C442_E3B0C442.py	0
D:\MAGIC\scripts\phase00\INBOX\dask_09765B27_09765B27.py	4466
D:\MAGIC\scripts\phase00\INBOX\database_1433D0EF_1433D0EF.py	51580
D:\MAGIC\scripts\phase00\INBOX\dataframe_77C4E4EC_77C4E4EC.py	3752
D:\MAGIC\scripts\phase00\INBOX\dataframe_protocol_498ECCD5_498ECCD5.py	16416
D:\MAGIC\scripts\phase00\INBOX\datasource_2_99E961C3_99E961C3.py	557
D:\MAGIC\scripts\phase00\INBOX\datasource_3D14F686_3D14F686.py	395
D:\MAGIC\scripts\phase00\INBOX\data_2_83267A54_83267A54.py	1751
D:\MAGIC\scripts\phase00\INBOX\data_3_4519D8E6_4519D8E6.py	1175
D:\MAGIC\scripts\phase00\INBOX\data_4_A2A19FCA_A2A19FCA.py	2672
D:\MAGIC\scripts\phase00\INBOX\data_5_2C32DCCF_2C32DCCF.py	1658
D:\MAGIC\scripts\phase00\INBOX\data_B7020F59_B7020F59.py	14684
D:\MAGIC\scripts\phase00\INBOX\data_munging_53E47A4C_53E47A4C.py	1246
D:\MAGIC\scripts\phase00\INBOX\data_user_prefs_placeholder_READY_582031F6_582031F6.py	44
D:\MAGIC\scripts\phase00\INBOX\dates_3E4C1346_3E4C1346.py	669
D:\MAGIC\scripts\phase00\INBOX\datetimelike_2DE72A58_2DE72A58.py	4342
D:\MAGIC\scripts\phase00\INBOX\datetimes_CB48EF6D_CB48EF6D.py	43288
D:\MAGIC\scripts\phase00\INBOX\datetime_1ADDBD32_1ADDBD32.py	241
D:\MAGIC\scripts\phase00\INBOX\date_converters_B7FEA67D_B7FEA67D.py	3883
D:\MAGIC\scripts\phase00\INBOX\dbfs_2F6A9765_2F6A9765.py	15145
D:\MAGIC\scripts\phase00\INBOX\db_connector_2_27E8A7D2_27E8A7D2.py	77
D:\MAGIC\scripts\phase00\INBOX\debugger_7200D689_7200D689.py	53196
D:\MAGIC\scripts\phase00\INBOX\debug_A8B598FB_A8B598FB.py	139
D:\MAGIC\scripts\phase00\INBOX\debug_columns_2_BA85F588_BA85F588.py	399
D:\MAGIC\scripts\phase00\INBOX\debug_manifest_F55DD992_F55DD992.py	195
D:\MAGIC\scripts\phase00\INBOX\decay_predictor_E3B0C442_E3B0C442.py	0
D:\MAGIC\scripts\phase00\INBOX\dechunk_12014BEA_12014BEA.py	7756
D:\MAGIC\scripts\phase00\INBOX\decorators_17811621_17811621.py	11629
D:\MAGIC\scripts\phase00\INBOX\decorators_2_E4FEDA6E_E4FEDA6E.py	18461
D:\MAGIC\scripts\phase00\INBOX\deduplicate_records_2_B139F347_B139F347.py	749
D:\MAGIC\scripts\phase00\INBOX\DefaultTable_70EB6090_70EB6090.py	1487
D:\MAGIC\scripts\phase00\INBOX\default_styles_5AA561F9_5AA561F9.py	7954
D:\MAGIC\scripts\phase00\INBOX\defchararray_9D97DCA1_9D97DCA1.py	69743
D:\MAGIC\scripts\phase00\INBOX\defmatrix_60C6CF6A_60C6CF6A.py	30661
D:\MAGIC\scripts\phase00\INBOX\defs_1DB0CB51_1DB0CB51.py	6350
D:\MAGIC\scripts\phase00\INBOX\depends_62B589EC_62B589EC.py	5529
D:\MAGIC\scripts\phase00\INBOX\deprecation_2_E7B29C6E_E7B29C6E.py	2875
D:\MAGIC\scripts\phase00\INBOX\deprecation_D25E6E6C_D25E6E6C.py	5844
D:\MAGIC\scripts\phase00\INBOX\dep_util_6F1165FE_6F1165FE.py	3423
D:\MAGIC\scripts\phase00\INBOX\describe_9CCFA5E3_9CCFA5E3.py	12843
D:\MAGIC\scripts\phase00\INBOX\desired_capabilities_05FAB99F_05FAB99F.py	2790
D:\MAGIC\scripts\phase00\INBOX\develop_FBC753AA_FBC753AA.py	7012
D:\MAGIC\scripts\phase00\INBOX\device_access_C6E0DC86_C6E0DC86.py	3294
D:\MAGIC\scripts\phase00\INBOX\device_orientation_0D219BA8_0D219BA8.py	1139
D:\MAGIC\scripts\phase00\INBOX\dh_D2FFEF10_D2FFEF10.py	3645
D:\MAGIC\scripts\phase00\INBOX\diagnose_2_F7239559_F7239559.py	5360
D:\MAGIC\scripts\phase00\INBOX\diagnose_3_CF2EFF18_CF2EFF18.py	7832
D:\MAGIC\scripts\phase00\INBOX\diagnose_6A7EAEA2_6A7EAEA2.py	972
D:\MAGIC\scripts\phase00\INBOX\diagnostic_test_34DBDB2B_34DBDB2B.py	547
D:\MAGIC\scripts\phase00\INBOX\dialog_09DC9510_09DC9510.py	2198
D:\MAGIC\scripts\phase00\INBOX\dictTools_5718DAAE_5718DAAE.py	2417
D:\MAGIC\scripts\phase00\INBOX\diff_A5A520A8_A5A520A8.py	33614
D:\MAGIC\scripts\phase00\INBOX\dim2_ADE9ECBF_ADE9ECBF.py	10486
D:\MAGIC\scripts\phase00\INBOX\dircache_633A2058_633A2058.py	2717
D:\MAGIC\scripts\phase00\INBOX\direct_url_2E6201FC_2E6201FC.py	6625
D:\MAGIC\scripts\phase00\INBOX\direct_url_helpers_E85D6D73_E85D6D73.py	3206
D:\MAGIC\scripts\phase00\INBOX\dirfs_7F5B069D_7F5B069D.py	12108
D:\MAGIC\scripts\phase00\INBOX\dir_util_CEB3FE30_CEB3FE30.py	8082
D:\MAGIC\scripts\phase00\INBOX\discovery_99744D3C_99744D3C.py	20816
D:\MAGIC\scripts\phase00\INBOX\dispatch_46FFD7CB_46FFD7CB.py	586
D:\MAGIC\scripts\phase00\INBOX\display_2_50B4F567_50B4F567.py	342
D:\MAGIC\scripts\phase00\INBOX\display_3_0503F1D6_0503F1D6.py	6087
D:\MAGIC\scripts\phase00\INBOX\display_C6FFD37A_C6FFD37A.py	1804
D:\MAGIC\scripts\phase00\INBOX\distro_5193B52E_5193B52E.py	49330
D:\MAGIC\scripts\phase00\INBOX\distutils_args_6D852DE3_6D852DE3.py	1115
D:\MAGIC\scripts\phase00\INBOX\dist_97483B88_97483B88.py	50170
D:\MAGIC\scripts\phase00\INBOX\dist_info_409C217C_409C217C.py	4847
D:\MAGIC\scripts\phase00\INBOX\docstrings_EC3DC341_EC3DC341.py	18148
D:\MAGIC\scripts\phase00\INBOX\doctestcompare_3C0959D8_3C0959D8.py	17835
D:\MAGIC\scripts\phase00\INBOX\doc_41F4DAA0_41F4DAA0.py	4640
D:\MAGIC\scripts\phase00\INBOX\dom_2_EED3876D_EED3876D.py	1488
D:\MAGIC\scripts\phase00\INBOX\dom_9D487F75_9D487F75.py	66821
D:\MAGIC\scripts\phase00\INBOX\dom_debugger_AB8FF38C_AB8FF38C.py	9533
D:\MAGIC\scripts\phase00\INBOX\dom_snapshot_37764A2F_37764A2F.py	39155
D:\MAGIC\scripts\phase00\INBOX\dom_storage_A4C2C43A_A4C2C43A.py	5770
D:\MAGIC\scripts\phase00\INBOX\download_E8DD677E_E8DD677E.py	6096
D:\MAGIC\scripts\phase00\INBOX\drawing_CBF30B62_CBF30B62.py	149045
D:\MAGIC\scripts\phase00\INBOX\driver_finder_F2DDB9A8_F2DDB9A8.py	4064
D:\MAGIC\scripts\phase00\INBOX\dsa_9446EDF9_9446EDF9.py	4201
D:\MAGIC\scripts\phase00\INBOX\dtypes_825DCBFB_825DCBFB.py	47164
D:\MAGIC\scripts\phase00\INBOX\dtype_2_948FF942_948FF942.py	1073
D:\MAGIC\scripts\phase00\INBOX\dtype_3_8FF7C291_8FF7C291.py	2760
D:\MAGIC\scripts\phase00\INBOX\dtype_4_2AB38B82_2AB38B82.py	6293
D:\MAGIC\scripts\phase00\INBOX\dtype_5_CC03427B_CC03427B.py	13003
D:\MAGIC\scripts\phase00\INBOX\dtype_63B379E5_63B379E5.py	4755
D:\MAGIC\scripts\phase00\INBOX\dual_128E92E5_128E92E5.py	2252
D:\MAGIC\scripts\phase00\INBOX\dummy_module_07B12DE3_07B12DE3.py	52
D:\MAGIC\scripts\phase00\INBOX\dummy_pass_953CE29B_953CE29B.py	27
D:\MAGIC\scripts\phase00\INBOX\D_S_I_G__02040F33_02040F33.py	5517
D:\MAGIC\scripts\phase00\INBOX\D__e_b_g_2839DF90_2839DF90.py	1134
D:\MAGIC\scripts\phase00\INBOX\e2e_smoketest_0D0931C9_0D0931C9.py	4000
D:\MAGIC\scripts\phase00\INBOX\easter_2_3B3D3AAD_3B3D3AAD.py	2720
D:\MAGIC\scripts\phase00\INBOX\easter_3B3D3AAD_3B3D3AAD.py	2720
D:\MAGIC\scripts\phase00\INBOX\easy_install_FA16E4C7_FA16E4C7.py	85935
D:\MAGIC\scripts\phase00\INBOX\echo-server_C98C0A5E_C98C0A5E.py	482
D:\MAGIC\scripts\phase00\INBOX\ec_62BB1BE2_62BB1BE2.py	12903
D:\MAGIC\scripts\phase00\INBOX\ed25519_8D95B972_8D95B972.py	3700
D:\MAGIC\scripts\phase00\INBOX\ed448_C807AD82_C807AD82.py	3729
D:\MAGIC\scripts\phase00\INBOX\editable_legacy_D126889C_D126889C.py	1354
D:\MAGIC\scripts\phase00\INBOX\editable_wheel_990B7FBD_990B7FBD.py	31148
D:\MAGIC\scripts\phase00\INBOX\eexec_18D9F638_18D9F638.py	3331
D:\MAGIC\scripts\phase00\INBOX\egg_info_787B1AB9_787B1AB9.py	26666
D:\MAGIC\scripts\phase00\INBOX\egg_link_66BC8272_66BC8272.py	2118
D:\MAGIC\scripts\phase00\INBOX\einsumfunc_2_CC835914_CC835914.py	749
D:\MAGIC\scripts\phase00\INBOX\einsumfunc_3_65979513_65979513.py	1376
D:\MAGIC\scripts\phase00\INBOX\einsumfunc_4_E8031571_E8031571.py	1983
D:\MAGIC\scripts\phase00\INBOX\einsumfunc_9A051385_9A051385.py	51741
D:\MAGIC\scripts\phase00\INBOX\ElementInclude_DFD1D718_DFD1D718.py	8480
D:\MAGIC\scripts\phase00\INBOX\ElementSoup_82776436_82776436.py	321
D:\MAGIC\scripts\phase00\INBOX\ElementTree_1C2D81DA_1C2D81DA.py	4661
D:\MAGIC\scripts\phase00\INBOX\element_2_ED296779_ED296779.py	109897
D:\MAGIC\scripts\phase00\INBOX\element_ED296779_ED296779.py	109897
D:\MAGIC\scripts\phase00\INBOX\emit_metrics_from_summaries_0E11B196_0E11B196.py	1954
D:\MAGIC\scripts\phase00\INBOX\emoji_03574603_03574603.py	2501
D:\MAGIC\scripts\phase00\INBOX\emulation_FF47B08E_FF47B08E.py	42052
D:\MAGIC\scripts\phase00\INBOX\encodingTools_8DEF1375_8DEF1375.py	2037
D:\MAGIC\scripts\phase00\INBOX\encoding_AAAB170E_AAAB170E.py	1169
D:\MAGIC\scripts\phase00\INBOX\encoding_test_9C1F1376_9C1F1376.py	62
D:\MAGIC\scripts\phase00\INBOX\encryption_94AD78C8_94AD78C8.py	21772
D:\MAGIC\scripts\phase00\INBOX\enforce_schema_2_7A70434C_7A70434C.py	394
D:\MAGIC\scripts\phase00\INBOX\engagement_velocity_2_14E51365_14E51365.py	221
D:\MAGIC\scripts\phase00\INBOX\engagement_velocity_E3B0C442_E3B0C442.py	0
D:\MAGIC\scripts\phase00\INBOX\engines_2353D700_2353D700.py	3335
D:\MAGIC\scripts\phase00\INBOX\enhanced_twitter_scraper_2_D82B08CB_D82B08CB.py	618
D:\MAGIC\scripts\phase00\INBOX\ensure_placeholders_39AAF280_39AAF280.py	1186
D:\MAGIC\scripts\phase00\INBOX\entrypoints_62584B4D_62584B4D.py	3064
D:\MAGIC\scripts\phase00\INBOX\enums_4F310289_4F310289.py	1683
D:\MAGIC\scripts\phase00\INBOX\enum_util_A3C308B4_A3C308B4.py	1519
D:\MAGIC\scripts\phase00\INBOX\environment_BB52CE25_BB52CE25.py	3073
D:\MAGIC\scripts\phase00\INBOX\env_loader_31872BC0_31872BC0.py	110
D:\MAGIC\scripts\phase00\INBOX\errorhandler_53EC1813_53EC1813.py	9752
D:\MAGIC\scripts\phase00\INBOX\errors_2_0AC6AF8A_0AC6AF8A.py	41
D:\MAGIC\scripts\phase00\INBOX\errors_3_3F224D33_3F224D33.py	2441
D:\MAGIC\scripts\phase00\INBOX\errors_4_F5FF25E4_F5FF25E4.py	845
D:\MAGIC\scripts\phase00\INBOX\errors_5_74CA3C78_74CA3C78.py	6934
D:\MAGIC\scripts\phase00\INBOX\errors_66D0709E_66D0709E.py	3589
D:\MAGIC\scripts\phase00\INBOX\errors_6_185F5EFC_185F5EFC.py	1760
D:\MAGIC\scripts\phase00\INBOX\error_067BF8C8_067BF8C8.py	871
D:\MAGIC\scripts\phase00\INBOX\error_2_067BF8C8_067BF8C8.py	871
D:\MAGIC\scripts\phase00\INBOX\error_3_073FF9B4_073FF9B4.py	648
D:\MAGIC\scripts\phase00\INBOX\error_4_72D86E84_72D86E84.py	335
D:\MAGIC\scripts\phase00\INBOX\error_5_A6171039_A6171039.py	395
D:\MAGIC\scripts\phase00\INBOX\error_reporting_BD6883B3_BD6883B3.py	11266
D:\MAGIC\scripts\phase00\INBOX\escprober_2A1A38F1_2A1A38F1.py	4006
D:\MAGIC\scripts\phase00\INBOX\escsm_02AC97A4_02AC97A4.py	12176
D:\MAGIC\scripts\phase00\INBOX\etree_2_44FB8878_44FB8878.py	4592
D:\MAGIC\scripts\phase00\INBOX\etree_3_07E6F45E_07E6F45E.py	16304
D:\MAGIC\scripts\phase00\INBOX\etree_4_4F7B232D_4F7B232D.py	231
D:\MAGIC\scripts\phase00\INBOX\etree_9C537DA4_9C537DA4.py	12950
D:\MAGIC\scripts\phase00\INBOX\etree_lxml_2_531D22CA_531D22CA.py	6538
D:\MAGIC\scripts\phase00\INBOX\etree_lxml_B9AB7A39_B9AB7A39.py	15029
D:\MAGIC\scripts\phase00\INBOX\eucjpprober_E4A61A33_E4A61A33.py	3934
D:\MAGIC\scripts\phase00\INBOX\euckrfreq_DE61EE46_DE61EE46.py	13566
D:\MAGIC\scripts\phase00\INBOX\euckrprober_862153EB_862153EB.py	1753
D:\MAGIC\scripts\phase00\INBOX\euctwfreq_D9A9482C_D9A9482C.py	36913
D:\MAGIC\scripts\phase00\INBOX\euctwprober_3716E935_3716E935.py	1753
D:\MAGIC\scripts\phase00\INBOX\eval_3BE70D6D_3BE70D6D.py	13729
D:\MAGIC\scripts\phase00\INBOX\events_30EC3A9D_30EC3A9D.py	7979
D:\MAGIC\scripts\phase00\INBOX\event_breakpoints_9EFE3704_9EFE3704.py	1442
D:\MAGIC\scripts\phase00\INBOX\event_firing_webdriver_A04B2E11_A04B2E11.py	9432
D:\MAGIC\scripts\phase00\INBOX\ewm_554733E3_554733E3.py	35533
D:\MAGIC\scripts\phase00\INBOX\excel_299E43B9_299E43B9.py	33042
D:\MAGIC\scripts\phase00\INBOX\exceptions_2_0020829A_0020829A.py	76
D:\MAGIC\scripts\phase00\INBOX\exceptions_3_43D14E69_43D14E69.py	951
D:\MAGIC\scripts\phase00\INBOX\exceptions_4_1D116AE2_1D116AE2.py	1977
D:\MAGIC\scripts\phase00\INBOX\exceptions_5_0020829A_0020829A.py	76
D:\MAGIC\scripts\phase00\INBOX\exceptions_6_43D14E69_43D14E69.py	951
D:\MAGIC\scripts\phase00\INBOX\exceptions_7_D6B76D5E_D6B76D5E.py	9891
D:\MAGIC\scripts\phase00\INBOX\exceptions_8_35943690_35943690.py	1073
D:\MAGIC\scripts\phase00\INBOX\exceptions_9_A5AB922C_A5AB922C.py	331
D:\MAGIC\scripts\phase00\INBOX\exceptions_A738AE98_A738AE98.py	9938
D:\MAGIC\scripts\phase00\INBOX\execeval_5BD4E7A0_5BD4E7A0.py	2691
D:\MAGIC\scripts\phase00\INBOX\executor_CA8F4B89_CA8F4B89.py	1439
D:\MAGIC\scripts\phase00\INBOX\exec_command_833BBB8F_833BBB8F.py	10307
D:\MAGIC\scripts\phase00\INBOX\expanding_48335174_48335174.py	26685
D:\MAGIC\scripts\phase00\INBOX\expand_941E4F01_941E4F01.py	16369
D:\MAGIC\scripts\phase00\INBOX\expatbuilder_BD86973F_BD86973F.py	3810
D:\MAGIC\scripts\phase00\INBOX\expatreader_D3A55459_D3A55459.py	2215
D:\MAGIC\scripts\phase00\INBOX\expected_conditions_A59AD718_A59AD718.py	31666
D:\MAGIC\scripts\phase00\INBOX\explicitClosingLinePen_90A2AD75_90A2AD75.py	3219
D:\MAGIC\scripts\phase00\INBOX\export_json_91656569_91656569.py	737
D:\MAGIC\scripts\phase00\INBOX\expressions_F4884986_F4884986.py	7446
D:\MAGIC\scripts\phase00\INBOX\expr_7739C4FC_7739C4FC.py	24938
D:\MAGIC\scripts\phase00\INBOX\extended_precision_5C913F42_5C913F42.py	347
D:\MAGIC\scripts\phase00\INBOX\extending_2_5328E436_5328E436.py	1962
D:\MAGIC\scripts\phase00\INBOX\extending_56F440DC_56F440DC.py	888
D:\MAGIC\scripts\phase00\INBOX\extending_distributions_108A41AB_108A41AB.py	2041
D:\MAGIC\scripts\phase00\INBOX\extensions_5659E88E_5659E88E.py	11211
D:\MAGIC\scripts\phase00\INBOX\extension_15E7DBBC_15E7DBBC.py	10270
D:\MAGIC\scripts\phase00\INBOX\extension_types_275CD74F_275CD74F.py	3310
D:\MAGIC\scripts\phase00\INBOX\extract_tiktok_texts_5E1CA688_5E1CA688.py	703
D:\MAGIC\scripts\phase00\INBOX\extras_50A015B4_50A015B4.py	58526
D:\MAGIC\scripts\phase00\INBOX\extra_validations_C07CEB81_C07CEB81.py	1153
D:\MAGIC\scripts\phase00\INBOX\ext_4EE95D24_4EE95D24.py	6080
D:\MAGIC\scripts\phase00\INBOX\E_B_D_T__B8EA66B7_B8EA66B7.py	32534
D:\MAGIC\scripts\phase00\INBOX\E_B_L_C__2DF115CC_2DF115CC.py	30054
D:\MAGIC\scripts\phase00\INBOX\f2py2e_C27C0E65_C27C0E65.py	24592
D:\MAGIC\scripts\phase00\INBOX\f2py_testing_1E27D9F1_1E27D9F1.py	1529
D:\MAGIC\scripts\phase00\INBOX\f90mod_rules_DD422525_DD422525.py	10186
D:\MAGIC\scripts\phase00\INBOX\facebook_476A21C6_476A21C6.py	20706
D:\MAGIC\scripts\phase00\INBOX\factory_3A78E42C_3A78E42C.py	27878
D:\MAGIC\scripts\phase00\INBOX\fake_AF8A54E4_AF8A54E4.py	14745
D:\MAGIC\scripts\phase00\INBOX\fallback_FCB49AAE_FCB49AAE.py	34556
D:\MAGIC\scripts\phase00\INBOX\fancy_getopt_D1D3B778_D1D3B778.py	17908
D:\MAGIC\scripts\phase00\INBOX\fastjsonschema_exceptions_8D30B291_8D30B291.py	1612
D:\MAGIC\scripts\phase00\INBOX\fastjsonschema_validations_709FF341_709FF341.py	269900
D:\MAGIC\scripts\phase00\INBOX\feather_format_453ADFC7_453ADFC7.py	3788
D:\MAGIC\scripts\phase00\INBOX\featureVars_2_A0FA9296_A0FA9296.py	7110
D:\MAGIC\scripts\phase00\INBOX\featureVars_6661CFCB_6661CFCB.py	25695
D:\MAGIC\scripts\phase00\INBOX\fedcm_A4B53221_A4B53221.py	2773
D:\MAGIC\scripts\phase00\INBOX\fed_cm_C0A2CD31_C0A2CD31.py	7581
D:\MAGIC\scripts\phase00\INBOX\fernet_A5794398_A5794398.py	6795
D:\MAGIC\scripts\phase00\INBOX\fetch_91CA34EA_91CA34EA.py	23484
D:\MAGIC\scripts\phase00\INBOX\ffiplatform_2_82CC43BB_82CC43BB.py	3648
D:\MAGIC\scripts\phase00\INBOX\ffiplatform_82CC43BB_82CC43BB.py	3648
D:\MAGIC\scripts\phase00\INBOX\fields_1427FB51_1427FB51.py	10829
D:\MAGIC\scripts\phase00\INBOX\filelist_42798050_42798050.py	13713
D:\MAGIC\scripts\phase00\INBOX\filenames_2_A3C2AE8F_A3C2AE8F.py	10418
D:\MAGIC\scripts\phase00\INBOX\filenames_30C08EDF_30C08EDF.py	8223
D:\MAGIC\scripts\phase00\INBOX\filepost_53C78D67_53C78D67.py	2388
D:\MAGIC\scripts\phase00\INBOX\filesize_F5F4CB00_F5F4CB00.py	2508
D:\MAGIC\scripts\phase00\INBOX\filesystem_4613085D_4613085D.py	5122
D:\MAGIC\scripts\phase00\INBOX\filetypes_3823F353_3823F353.py	715
D:\MAGIC\scripts\phase00\INBOX\filewrapper_5F804040_5F804040.py	3946
D:\MAGIC\scripts\phase00\INBOX\file_cache_1A97B170_1A97B170.py	5271
D:\MAGIC\scripts\phase00\INBOX\file_detector_80E17CDC_80E17CDC.py	1760
D:\MAGIC\scripts\phase00\INBOX\file_EAEA1335_EAEA1335.py	4383
D:\MAGIC\scripts\phase00\INBOX\file_guard_2_2BACCC81_2BACCC81.py	75
D:\MAGIC\scripts\phase00\INBOX\file_not_found_test_2737003A_2737003A.py	83
D:\MAGIC\scripts\phase00\INBOX\file_proxy_E2009B19_E2009B19.py	1616
D:\MAGIC\scripts\phase00\INBOX\file_system_60071B72_60071B72.py	3271
D:\MAGIC\scripts\phase00\INBOX\file_util_9BE47D7C_9BE47D7C.py	8225
D:\MAGIC\scripts\phase00\INBOX\file_watchdog_agent_7A5B585B_7A5B585B.py	1871
D:\MAGIC\scripts\phase00\INBOX\filterPen_90A4AF2E_90A4AF2E.py	7790
D:\MAGIC\scripts\phase00\INBOX\filters_081549A4_081549A4.py	1723
D:\MAGIC\scripts\phase00\INBOX\filters_2_54E50C66_54E50C66.py	73
D:\MAGIC\scripts\phase00\INBOX\filters_3_081549A4_081549A4.py	1723
D:\MAGIC\scripts\phase00\INBOX\filters_4_54E50C66_54E50C66.py	73
D:\MAGIC\scripts\phase00\INBOX\filter_2_1F75A341_1F75A341.py	29196
D:\MAGIC\scripts\phase00\INBOX\filter_5094EA8F_5094EA8F.py	1940
D:\MAGIC\scripts\phase00\INBOX\firefox_binary_0167953F_0167953F.py	9256
D:\MAGIC\scripts\phase00\INBOX\firefox_profile_4769D669_4769D669.py	14016
D:\MAGIC\scripts\phase00\INBOX\fixedTools_F5EB3FD5_F5EB3FD5.py	7682
D:\MAGIC\scripts\phase00\INBOX\fixed_twitter_scraper_clean_2_C6543788_C6543788.py	1070
D:\MAGIC\scripts\phase00\INBOX\fixed_twitter_scraper_simple_2_33BDF204_33BDF204.py	1200
D:\MAGIC\scripts\phase00\INBOX\fix_log_writer_agent_048F6291_048F6291.py	1749
D:\MAGIC\scripts\phase00\INBOX\fix_log_writer_agent_95BE0A34_95BE0A34.py	1745
D:\MAGIC\scripts\phase00\INBOX\fix_log_writer_agent_A623933B_A623933B.py	1731
D:\MAGIC\scripts\phase00\INBOX\fix_prefixes_9E899E61_9E899E61.py	566
D:\MAGIC\scripts\phase00\INBOX\fix_reddit_C318112B_C318112B.py	481
D:\MAGIC\scripts\phase00\INBOX\fix_reddit_script_D8140B13_D8140B13.py	986
D:\MAGIC\scripts\phase00\INBOX\flags_4E2C102F_4E2C102F.py	3646
D:\MAGIC\scripts\phase00\INBOX\flatiter_2_D019DBB8_D019DBB8.py	174
D:\MAGIC\scripts\phase00\INBOX\flatiter_3_F325B538_F325B538.py	830
D:\MAGIC\scripts\phase00\INBOX\flatiter_E0CC376A_E0CC376A.py	834
D:\MAGIC\scripts\phase00\INBOX\floating_EB178A56_EB178A56.py	3730
D:\MAGIC\scripts\phase00\INBOX\folder_audit_1CF6D674_1CF6D674.py	735
D:\MAGIC\scripts\phase00\INBOX\folder_audit_2_397C57F1_397C57F1.py	863
D:\MAGIC\scripts\phase00\INBOX\folder_cleanup_2_0F9A0C27_0F9A0C27.py	79
D:\MAGIC\scripts\phase00\INBOX\folder_cleanup_AE150002_AE150002.py	553
D:\MAGIC\scripts\phase00\INBOX\fontBuilder_C85DBE21_C85DBE21.py	34130
D:\MAGIC\scripts\phase00\INBOX\fonts_1C216091_1C216091.py	64748
D:\MAGIC\scripts\phase00\INBOX\formats_B8C527A7_B8C527A7.py	8736
D:\MAGIC\scripts\phase00\INBOX\formatter_2_33148235_33148235.py	10468
D:\MAGIC\scripts\phase00\INBOX\formatter_60A0F755_60A0F755.py	2897
D:\MAGIC\scripts\phase00\INBOX\formatting_061AB1E1_061AB1E1.py	9726
D:\MAGIC\scripts\phase00\INBOX\format_classifier_E3B0C442_E3B0C442.py	0
D:\MAGIC\scripts\phase00\INBOX\format_control_0C9A4C62_0C9A4C62.py	2520
D:\MAGIC\scripts\phase00\INBOX\format_D2CE22D0_D2CE22D0.py	69687
D:\MAGIC\scripts\phase00\INBOX\formfill_4D293DFB_4D293DFB.py	9834
D:\MAGIC\scripts\phase00\INBOX\found_candidates_86F2F71E_86F2F71E.py	5705
D:\MAGIC\scripts\phase00\INBOX\fpdf_9FD4C0E6_9FD4C0E6.py	228714
D:\MAGIC\scripts\phase00\INBOX\frame_AE8632D2_AE8632D2.py	412417
D:\MAGIC\scripts\phase00\INBOX\frame_protocol_079A7FC1_079A7FC1.py	23401
D:\MAGIC\scripts\phase00\INBOX\freetypePen_1C3FA05C_1C3FA05C.py	19908
D:\MAGIC\scripts\phase00\INBOX\freeze_9B04D9DA_9B04D9DA.py	9784
D:\MAGIC\scripts\phase00\INBOX\frequencies_670F7CCF_670F7CCF.py	18812
D:\MAGIC\scripts\phase00\INBOX\fromnumeric_2C74DC0D_2C74DC0D.py	122962
D:\MAGIC\scripts\phase00\INBOX\fromnumeric_2_C3FD2EDA_C3FD2EDA.py	5974
D:\MAGIC\scripts\phase00\INBOX\fromnumeric_3_5DDFE725_5DDFE725.py	3742
D:\MAGIC\scripts\phase00\INBOX\fromnumeric_4_C5C59570_C5C59570.py	10131
D:\MAGIC\scripts\phase00\INBOX\from_dataframe_B2A8B6A2_B2A8B6A2.py	16938
D:\MAGIC\scripts\phase00\INBOX\from_template_84F8AB41_84F8AB41.py	7952
D:\MAGIC\scripts\phase00\INBOX\from_thread_82D4A518_82D4A518.py	442
D:\MAGIC\scripts\phase00\INBOX\frozen_C8C77914_C8C77914.py	3190
D:\MAGIC\scripts\phase00\INBOX\ftp_B28AEC73_B28AEC73.py	11936
D:\MAGIC\scripts\phase00\INBOX\fujitsu_489F5D16_489F5D16.py	1316
D:\MAGIC\scripts\phase00\INBOX\func2subr_8787ABBD_8787ABBD.py	9416
D:\MAGIC\scripts\phase00\INBOX\funcs_05378C0E_05378C0E.py	33826
D:\MAGIC\scripts\phase00\INBOX\function_8AF50E3F_8AF50E3F.py	13948
D:\MAGIC\scripts\phase00\INBOX\function_base_2_FDEED974_FDEED974.py	162281
D:\MAGIC\scripts\phase00\INBOX\function_base_62DFB908_62DFB908.py	18919
D:\MAGIC\scripts\phase00\INBOX\functools_9DB70625_9DB70625.py	13472
D:\MAGIC\scripts\phase00\INBOX\func_7C3DED97_7C3DED97.py	3116
D:\MAGIC\scripts\phase00\INBOX\fuse_43EDCD38_43EDCD38.py	10177
D:\MAGIC\scripts\phase00\INBOX\F_F_T_M__FF8E74BD_FF8E74BD.py	1683
D:\MAGIC\scripts\phase00\INBOX\F__e_a_t_72DEFD19_72DEFD19.py	5483
D:\MAGIC\scripts\phase00\INBOX\g95_E4A81388_E4A81388.py	1315
D:\MAGIC\scripts\phase00\INBOX\gb2312freq_E3D3AB75_E3D3AB75.py	20735
D:\MAGIC\scripts\phase00\INBOX\gb2312prober_28F101B9_28F101B9.py	1759
D:\MAGIC\scripts\phase00\INBOX\gbq_B1A2CA39_B1A2CA39.py	8388
D:\MAGIC\scripts\phase00\INBOX\general_name_C9C1BB85_C9C1BB85.py	7782
D:\MAGIC\scripts\phase00\INBOX\generate_legacy_storage_files_7DAC55A2_7DAC55A2.py	9840
D:\MAGIC\scripts\phase00\INBOX\generate_manifest_2EC1327C_2EC1327C.py	789
D:\MAGIC\scripts\phase00\INBOX\generate_numpy_api_F073ECC3_F073ECC3.py	7001
D:\MAGIC\scripts\phase00\INBOX\generate_pad_flow_2FA858DA_2FA858DA.py	3286
D:\MAGIC\scripts\phase00\INBOX\generate_patch_csv_47978EF5_47978EF5.py	2271
D:\MAGIC\scripts\phase00\INBOX\generate_patch_csv_62973F09_62973F09.py	2198
D:\MAGIC\scripts\phase00\INBOX\generate_patch_from_phase11_A34D127E_A34D127E.py	1063
D:\MAGIC\scripts\phase00\INBOX\generic_2_63397325_63397325.py	4619
D:\MAGIC\scripts\phase00\INBOX\generic_3_BAEA1720_BAEA1720.py	67018
D:\MAGIC\scripts\phase00\INBOX\generic_4_E8D2195F_E8D2195F.py	13449
D:\MAGIC\scripts\phase00\INBOX\generic_5C4CA5F1_5C4CA5F1.py	429218
D:\MAGIC\scripts\phase00\INBOX\genshi_2_49B1494E_49B1494E.py	2395
D:\MAGIC\scripts\phase00\INBOX\genshi_F54759D4_F54759D4.py	1811
D:\MAGIC\scripts\phase00\INBOX\gen_exports_FCEE41AB_FCEE41AB.py	11699
D:\MAGIC\scripts\phase00\INBOX\geometry_DD27324A_DD27324A.py	5518
D:\MAGIC\scripts\phase00\INBOX\getitem_2F4FAD43_2F4FAD43.py	16546
D:\MAGIC\scripts\phase00\INBOX\getlimits_7AC15848_7AC15848.py	18148
D:\MAGIC\scripts\phase00\INBOX\get_BCD4781F_BCD4781F.py	20755
D:\MAGIC\scripts\phase00\INBOX\get_version_97B26E60_97B26E60.py	193
D:\MAGIC\scripts\phase00\INBOX\gist_3ACB7DF3_3ACB7DF3.py	8341
D:\MAGIC\scripts\phase00\INBOX\github_682B192F_682B192F.py	11653
D:\MAGIC\scripts\phase00\INBOX\git_9A3870B9_9A3870B9.py	18116
D:\MAGIC\scripts\phase00\INBOX\glibc_B437F055_B437F055.py	3110
D:\MAGIC\scripts\phase00\INBOX\glifLib_8E55B64C_8E55B64C.py	72759
D:\MAGIC\scripts\phase00\INBOX\globals_80CF8D87_80CF8D87.py	1923
D:\MAGIC\scripts\phase00\INBOX\glob_46B0937A_46B0937A.py	4868
D:\MAGIC\scripts\phase00\INBOX\gnu_3802B5E9_3802B5E9.py	20272
D:\MAGIC\scripts\phase00\INBOX\google_api_2_7C142B89_7C142B89.py	403
D:\MAGIC\scripts\phase00\INBOX\google_api_E3B0C442_E3B0C442.py	0
D:\MAGIC\scripts\phase00\INBOX\google_scraper_E3B0C442_E3B0C442.py	0
D:\MAGIC\scripts\phase00\INBOX\google_trends_scraper_9CC7A583_9CC7A583.py	527
D:\MAGIC\scripts\phase00\INBOX\gpos_86D3A048_86D3A048.py	17668
D:\MAGIC\scripts\phase00\INBOX\gq_DB328D9B_DB328D9B.py	25663
D:\MAGIC\scripts\phase00\INBOX\graphics_state_3A38DF8D_3A38DF8D.py	11881
D:\MAGIC\scripts\phase00\INBOX\groff_44D8F49A_44D8F49A.py	5088
D:\MAGIC\scripts\phase00\INBOX\groupby_C50AFD76_C50AFD76.py	4566
D:\MAGIC\scripts\phase00\INBOX\grouper_4DBEC27D_4DBEC27D.py	34186
D:\MAGIC\scripts\phase00\INBOX\grUtils_85C389E6_85C389E6.py	2270
D:\MAGIC\scripts\phase00\INBOX\gui_C419C72F_C419C72F.py	13975
D:\MAGIC\scripts\phase00\INBOX\G_D_E_F__4178882C_4178882C.py	299
D:\MAGIC\scripts\phase00\INBOX\G_M_A_P__7EF210BA_7EF210BA.py	4720
D:\MAGIC\scripts\phase00\INBOX\G_P_K_G__5E2E078F_5E2E078F.py	4646
D:\MAGIC\scripts\phase00\INBOX\G_P_O_S__5243F79A_5243F79A.py	397
D:\MAGIC\scripts\phase00\INBOX\G_S_U_B__73014C28_73014C28.py	294
D:\MAGIC\scripts\phase00\INBOX\G_V_A_R__D77A0ED9_D77A0ED9.py	94
D:\MAGIC\scripts\phase00\INBOX\G__l_a_t_5E1DC8CC_5E1DC8CC.py	8644
D:\MAGIC\scripts\phase00\INBOX\G__l_o_c_E43B311B_E43B311B.py	2685
D:\MAGIC\scripts\phase00\INBOX\handshake_38283779_38283779.py	18037
D:\MAGIC\scripts\phase00\INBOX\hashes_D5686454_D5686454.py	4831
D:\MAGIC\scripts\phase00\INBOX\hashing_2D2D229E_2D2D229E.py	10319
D:\MAGIC\scripts\phase00\INBOX\hashPointPen_80496B17_80496B17.py	3573
D:\MAGIC\scripts\phase00\INBOX\hash_11554EBA_11554EBA.py	1703
D:\MAGIC\scripts\phase00\INBOX\headless_experimental_26ACF026_26ACF026.py	4588
D:\MAGIC\scripts\phase00\INBOX\heap_profiler_AC2EEFFA_AC2EEFFA.py	13737
D:\MAGIC\scripts\phase00\INBOX\hebrewprober_F7A4FF2E_F7A4FF2E.py	14537
D:\MAGIC\scripts\phase00\INBOX\hello_2_A8C47F19_A8C47F19.py	92
D:\MAGIC\scripts\phase00\INBOX\helpconfig_7A1C4450_7A1C4450.py	9410
D:\MAGIC\scripts\phase00\INBOX\helpers_E05CDAA8_E05CDAA8.py	39132
D:\MAGIC\scripts\phase00\INBOX\helper_944B7524_944B7524.py	6167
D:\MAGIC\scripts\phase00\INBOX\help_80F5F977_80F5F977.py	3875
D:\MAGIC\scripts\phase00\INBOX\hermite_DAFEC814_DAFEC814.py	52383
D:\MAGIC\scripts\phase00\INBOX\hermite_e_5BBC935D_5BBC935D.py	52458
D:\MAGIC\scripts\phase00\INBOX\heuristics_81F7CB42_81F7CB42.py	4236
D:\MAGIC\scripts\phase00\INBOX\highlighter_DD65BA3C_DD65BA3C.py	9585
D:\MAGIC\scripts\phase00\INBOX\histograms_ECE91BA9_ECE91BA9.py	40214
D:\MAGIC\scripts\phase00\INBOX\hist_E9E550C9_E9E550C9.py	14084
D:\MAGIC\scripts\phase00\INBOX\hkdf_46F92BA2_46F92BA2.py	3013
D:\MAGIC\scripts\phase00\INBOX\hmac_469077CF_469077CF.py	423
D:\MAGIC\scripts\phase00\INBOX\holiday_A1792864_A1792864.py	17529
D:\MAGIC\scripts\phase00\INBOX\hooks_F5FAD884_F5FAD884.py	734
D:\MAGIC\scripts\phase00\INBOX\hotp_AC95A84E_AC95A84E.py	3224
D:\MAGIC\scripts\phase00\INBOX\hpux_3FC49E55_3FC49E55.py	1341
D:\MAGIC\scripts\phase00\INBOX\html5parser_2_6D81ED00_6D81ED00.py	8551
D:\MAGIC\scripts\phase00\INBOX\html5parser_37D3FEB0_37D3FEB0.py	125312
D:\MAGIC\scripts\phase00\INBOX\html_2_F510C754_F510C754.py	49213
D:\MAGIC\scripts\phase00\INBOX\html_96E01590_96E01590.py	36035
D:\MAGIC\scripts\phase00\INBOX\http_FE02EDD3_FE02EDD3.py	30138
D:\MAGIC\scripts\phase00\INBOX\http_sync_532743A9_532743A9.py	30133
D:\MAGIC\scripts\phase00\INBOX\hvar_BBBA6960_BBBA6960.py	3695
D:\MAGIC\scripts\phase00\INBOX\H_V_A_R__EA43CB0D_EA43CB0D.py	313
D:\MAGIC\scripts\phase00\INBOX\ibm_2600DE6F_2600DE6F.py	3553
D:\MAGIC\scripts\phase00\INBOX\idnadata_C26CEA27_C26CEA27.py	44361
D:\MAGIC\scripts\phase00\INBOX\iframe_contentWindow_26AF9E4E_26AF9E4E.py	3537
D:\MAGIC\scripts\phase00\INBOX\ig_scraper_E3B0C442_E3B0C442.py	0
D:\MAGIC\scripts\phase00\INBOX\image_D3B32E10_D3B32E10.py	9539
D:\MAGIC\scripts\phase00\INBOX\image_datastructures_508C2BC5_508C2BC5.py	2452
D:\MAGIC\scripts\phase00\INBOX\image_parsing_4C729D5A_4C729D5A.py	25486
D:\MAGIC\scripts\phase00\INBOX\img_A13AF8E4_A13AF8E4.py	21935
D:\MAGIC\scripts\phase00\INBOX\import_error_test_669F2A56_669F2A56.py	49
D:\MAGIC\scripts\phase00\INBOX\incremental_tree_2BC573AE_2BC573AE.py	34831
D:\MAGIC\scripts\phase00\INBOX\indexed_db_EDEADDA1_EDEADDA1.py	17029
D:\MAGIC\scripts\phase00\INBOX\indexing_2_5B983268_5B983268.py	9477
D:\MAGIC\scripts\phase00\INBOX\indexing_61592467_61592467.py	92089
D:\MAGIC\scripts\phase00\INBOX\index_A3ACFA54_A3ACFA54.py	20919
D:\MAGIC\scripts\phase00\INBOX\index_tricks_2_FB35A393_FB35A393.py	485
D:\MAGIC\scripts\phase00\INBOX\index_tricks_3_2908D8F8_2908D8F8.py	1492
D:\MAGIC\scripts\phase00\INBOX\index_tricks_45DBD155_45DBD155.py	30694
D:\MAGIC\scripts\phase00\INBOX\index_tricks_4_C18191C9_C18191C9.py	3801
D:\MAGIC\scripts\phase00\INBOX\inference_04FADB11_04FADB11.py	9694
D:\MAGIC\scripts\phase00\INBOX\info_66219B5B_66219B5B.py	32915
D:\MAGIC\scripts\phase00\INBOX\ingest_csvs_to_db_2_9B639A6D_9B639A6D.py	496
D:\MAGIC\scripts\phase00\INBOX\ingest_csvs_to_db_E2C37C92_E2C37C92.py	823
D:\MAGIC\scripts\phase00\INBOX\ingest_test_8CFD79FA_8CFD79FA.py	1191
D:\MAGIC\scripts\phase00\INBOX\initialise_09967B65_09967B65.py	3328
D:\MAGIC\scripts\phase00\INBOX\initialise_test_CF8B5B81_CF8B5B81.py	6663
D:\MAGIC\scripts\phase00\INBOX\init_db_2_BEA113D7_BEA113D7.py	72
D:\MAGIC\scripts\phase00\INBOX\inject_meta_charset_45DA2976_45DA2976.py	3213
D:\MAGIC\scripts\phase00\INBOX\inject_securetransport_A3E41154_A3E41154.py	795
D:\MAGIC\scripts\phase00\INBOX\input_device_8DE9D7D3_8DE9D7D3.py	1283
D:\MAGIC\scripts\phase00\INBOX\input__1BC1C609_1BC1C609.py	27799
D:\MAGIC\scripts\phase00\INBOX\insert_to_db_2_A83E069E_A83E069E.py	1029
D:\MAGIC\scripts\phase00\INBOX\insert_to_db_E3B0C442_E3B0C442.py	0
D:\MAGIC\scripts\phase00\INBOX\inspector_CEDD988A_CEDD988A.py	1668
D:\MAGIC\scripts\phase00\INBOX\inspect_columns_2_7FA22165_7FA22165.py	282
D:\MAGIC\scripts\phase00\INBOX\inspect_DB048FB7_DB048FB7.py	3188
D:\MAGIC\scripts\phase00\INBOX\inspect_tiktok_F75C97C0_F75C97C0.py	391
D:\MAGIC\scripts\phase00\INBOX\instagram_72849A12_72849A12.py	12209
D:\MAGIC\scripts\phase00\INBOX\instagram_api_E3B0C442_E3B0C442.py	0
D:\MAGIC\scripts\phase00\INBOX\installation_report_1F29A6CE_1F29A6CE.py	2617
D:\MAGIC\scripts\phase00\INBOX\installed_348D8E82_348D8E82.py	729
D:\MAGIC\scripts\phase00\INBOX\installer_223B1106_223B1106.py	3887
D:\MAGIC\scripts\phase00\INBOX\install_4154CA94_4154CA94.py	30217
D:\MAGIC\scripts\phase00\INBOX\install_clib_84ADED35_84ADED35.py	1399
D:\MAGIC\scripts\phase00\INBOX\install_cmdstan_E4B9FBD4_E4B9FBD4.py	23327
D:\MAGIC\scripts\phase00\INBOX\install_cxx_toolchain_1D37FE2C_1D37FE2C.py	11636
D:\MAGIC\scripts\phase00\INBOX\install_data_DABC90BC_DABC90BC.py	2779
D:\MAGIC\scripts\phase00\INBOX\install_egg_info_5C37C15E_5C37C15E.py	2785
D:\MAGIC\scripts\phase00\INBOX\install_headers_17186831_17186831.py	1189
D:\MAGIC\scripts\phase00\INBOX\install_lib_EAED2124_EAED2124.py	8430
D:\MAGIC\scripts\phase00\INBOX\install_scripts_035B4392_035B4392.py	1936
D:\MAGIC\scripts\phase00\INBOX\integer_1511DF86_1511DF86.py	5279
D:\MAGIC\scripts\phase00\INBOX\intelccompiler_0D285730_0D285730.py	4105
D:\MAGIC\scripts\phase00\INBOX\intel_A2D6D94E_A2D6D94E.py	6495
D:\MAGIC\scripts\phase00\INBOX\intent_classifier_E3B0C442_E3B0C442.py	0
D:\MAGIC\scripts\phase00\INBOX\interaction_E2CC2298_E2CC2298.py	1440
D:\MAGIC\scripts\phase00\INBOX\interface_8EE24366_8EE24366.py	4284
D:\MAGIC\scripts\phase00\INBOX\interpolatableHelpers_95777B93_95777B93.py	11496
D:\MAGIC\scripts\phase00\INBOX\interpolatablePlot_C37F773F_C37F773F.py	44375
D:\MAGIC\scripts\phase00\INBOX\interpolatableTestContourOrder_98727D47_98727D47.py	3021
D:\MAGIC\scripts\phase00\INBOX\interpolatableTestStartingPoint_2BA39828_2BA39828.py	4296
D:\MAGIC\scripts\phase00\INBOX\interpolatable_06196AFC_06196AFC.py	45221
D:\MAGIC\scripts\phase00\INBOX\interpolate_layout_DB656319_DB656319.py	3689
D:\MAGIC\scripts\phase00\INBOX\interval_48EF3002_48EF3002.py	38375
D:\MAGIC\scripts\phase00\INBOX\intranges_6A652D91_6A652D91.py	1898
D:\MAGIC\scripts\phase00\INBOX\intTools_97AA6393_97AA6393.py	586
D:\MAGIC\scripts\phase00\INBOX\invalid_BC7F1336_BC7F1336.py	1336
D:\MAGIC\scripts\phase00\INBOX\io_5F088BFC_5F088BFC.py	2943
D:\MAGIC\scripts\phase00\INBOX\ipython_2177B179_2177B179.py	1343
D:\MAGIC\scripts\phase00\INBOX\irc_FE901301_FE901301.py	5627
D:\MAGIC\scripts\phase00\INBOX\isatty_test_822A50E3_822A50E3.py	1867
D:\MAGIC\scripts\phase00\INBOX\isoparser_2_3130F32B_3130F32B.py	13285
D:\MAGIC\scripts\phase00\INBOX\isoparser_3130F32B_3130F32B.py	13285
D:\MAGIC\scripts\phase00\INBOX\isympy_7593859A_7593859A.py	11469
D:\MAGIC\scripts\phase00\INBOX\iterTools_D7B1FA2C_D7B1FA2C.py	390
D:\MAGIC\scripts\phase00\INBOX\iup_98AABF19_98AABF19.py	14984
D:\MAGIC\scripts\phase00\INBOX\jisfreq_9A6F2D7E_9A6F2D7E.py	25796
D:\MAGIC\scripts\phase00\INBOX\johabfreq_741A4E60_741A4E60.py	42498
D:\MAGIC\scripts\phase00\INBOX\johabprober_3B5430F6_3B5430F6.py	1752
D:\MAGIC\scripts\phase00\INBOX\jpcntx_BA11EB61_BA11EB61.py	27055
D:\MAGIC\scripts\phase00\INBOX\json_2_EB9B10D1_EB9B10D1.py	3826
D:\MAGIC\scripts\phase00\INBOX\json_4E67859B_4E67859B.py	5053
D:\MAGIC\scripts\phase00\INBOX\jupyter_432A0AA0_432A0AA0.py	3252
D:\MAGIC\scripts\phase00\INBOX\jupyter_chart_B62225FA_B62225FA.py	15231
D:\MAGIC\scripts\phase00\INBOX\J_S_T_F__43D4C47F_43D4C47F.py	315
D:\MAGIC\scripts\phase00\INBOX\kbkdf_06D8197A_06D8197A.py	9161
D:\MAGIC\scripts\phase00\INBOX\kerning_405E67ED_405E67ED.py	4233
D:\MAGIC\scripts\phase00\INBOX\keys_9927B2D5_9927B2D5.py	2554
D:\MAGIC\scripts\phase00\INBOX\keyword_deduper_E3B0C442_E3B0C442.py	0
D:\MAGIC\scripts\phase00\INBOX\keywrap_C668D67F_C668D67F.py	5636
D:\MAGIC\scripts\phase00\INBOX\key_actions_01F51972_01F51972.py	2387
D:\MAGIC\scripts\phase00\INBOX\key_input_A7C7D1AE_A7C7D1AE.py	1832
D:\MAGIC\scripts\phase00\INBOX\kqueue_B5DE80D2_B5DE80D2.py	1825
D:\MAGIC\scripts\phase00\INBOX\labels_EA74F2B6_EA74F2B6.py	6833
D:\MAGIC\scripts\phase00\INBOX\laguerre_2413BDFE_2413BDFE.py	50664
D:\MAGIC\scripts\phase00\INBOX\lahey_B02273AB_B02273AB.py	1312
D:\MAGIC\scripts\phase00\INBOX\langbulgarianmodel_BE66EF60_BE66EF60.py	104562
D:\MAGIC\scripts\phase00\INBOX\langgreekmodel_25F07B6E_25F07B6E.py	98484
D:\MAGIC\scripts\phase00\INBOX\langhebrewmodel_DC75C768_DC75C768.py	98196
D:\MAGIC\scripts\phase00\INBOX\langhungarianmodel_5B16DE40_5B16DE40.py	101363
D:\MAGIC\scripts\phase00\INBOX\langrussianmodel_B37F796D_B37F796D.py	128035
D:\MAGIC\scripts\phase00\INBOX\langthaimodel_EDB26542_EDB26542.py	102774
D:\MAGIC\scripts\phase00\INBOX\langturkishmodel_5D8D1E19_5D8D1E19.py	95372
D:\MAGIC\scripts\phase00\INBOX\languages_161BC121_161BC121.py	13560
D:\MAGIC\scripts\phase00\INBOX\language_detector_E3B0C442_E3B0C442.py	0
D:\MAGIC\scripts\phase00\INBOX\laplace_958BF01E_958BF01E.py	9500
D:\MAGIC\scripts\phase00\INBOX\latex_3DA33234_3DA33234.py	19193
D:\MAGIC\scripts\phase00\INBOX\latin1prober_A75E4412_A75E4412.py	5380
D:\MAGIC\scripts\phase00\INBOX\launch_3A092982_3A092982.py	812
D:\MAGIC\scripts\phase00\INBOX\layer_tree_F9FA90D8_F9FA90D8.py	15540
D:\MAGIC\scripts\phase00\INBOX\layout_84FD3CE4_84FD3CE4.py	14005
D:\MAGIC\scripts\phase00\INBOX\lazyTools_042E8C98_042E8C98.py	1020
D:\MAGIC\scripts\phase00\INBOX\lazy_27053C2F_27053C2F.py	5942
D:\MAGIC\scripts\phase00\INBOX\lazy_wheel_3DB3F2BA_3DB3F2BA.py	7638
D:\MAGIC\scripts\phase00\INBOX\legacy_2_49913F00_49913F00.py	2287
D:\MAGIC\scripts\phase00\INBOX\legacy_A06BD866_A06BD866.py	4104
D:\MAGIC\scripts\phase00\INBOX\legendre_DF1F1CB1_DF1F1CB1.py	51414
D:\MAGIC\scripts\phase00\INBOX\lexer_2_3AFB844C_3AFB844C.py	3368
D:\MAGIC\scripts\phase00\INBOX\lexer_836F9781_836F9781.py	31959
D:\MAGIC\scripts\phase00\INBOX\lextab_7F641E5D_7F641E5D.py	13287
D:\MAGIC\scripts\phase00\INBOX\lex_2E905F1A_2E905F1A.py	45156
D:\MAGIC\scripts\phase00\INBOX\lib2def_E555E6F3_E555E6F3.py	3664
D:\MAGIC\scripts\phase00\INBOX\libarchive_E7F2360E_E7F2360E.py	7102
D:\MAGIC\scripts\phase00\INBOX\lib_utils_2_E50FC6C1_E50FC6C1.py	485
D:\MAGIC\scripts\phase00\INBOX\lib_utils_3_D1AD10DA_D1AD10DA.py	925
D:\MAGIC\scripts\phase00\INBOX\lib_utils_545A44EB_545A44EB.py	276
D:\MAGIC\scripts\phase00\INBOX\lib_version_2_1E7B863B_1E7B863B.py	299
D:\MAGIC\scripts\phase00\INBOX\lib_version_3_484A36A5_484A36A5.py	605
D:\MAGIC\scripts\phase00\INBOX\lib_version_EFE6490D_EFE6490D.py	158
D:\MAGIC\scripts\phase00\INBOX\linalg_D0827E65_D0827E65.py	89826
D:\MAGIC\scripts\phase00\INBOX\linearization_CF1C17DB_CF1C17DB.py	12549
D:\MAGIC\scripts\phase00\INBOX\linear_forecast_E3B0C442_E3B0C442.py	0
D:\MAGIC\scripts\phase00\INBOX\line_break_AD8EFE71_AD8EFE71.py	30321
D:\MAGIC\scripts\phase00\INBOX\line_endings_5B3DA5B7_5B3DA5B7.py	2039
D:\MAGIC\scripts\phase00\INBOX\link_9DFC9B55_9DFC9B55.py	18602
D:\MAGIC\scripts\phase00\INBOX\lint_E6669CD8_E6669CD8.py	3755
D:\MAGIC\scripts\phase00\INBOX\list_164D534B_164D534B.py	12343
D:\MAGIC\scripts\phase00\INBOX\list_tables_2_108CF7B9_108CF7B9.py	282
D:\MAGIC\scripts\phase00\INBOX\literal_D749CBCE_D749CBCE.py	1299
D:\MAGIC\scripts\phase00\INBOX\live_BB50F4A9_BB50F4A9.py	14170
D:\MAGIC\scripts\phase00\INBOX\live_render_CC4966DC_CC4966DC.py	3667
D:\MAGIC\scripts\phase00\INBOX\load_api_key_2_C2E18151_C2E18151.py	341
D:\MAGIC\scripts\phase00\INBOX\load_secret_test_F8E0893B_F8E0893B.py	330
D:\MAGIC\scripts\phase00\INBOX\locale_filter_E3B0C442_E3B0C442.py	0
D:\MAGIC\scripts\phase00\INBOX\localization_71D663D3_71D663D3.py	5394
D:\MAGIC\scripts\phase00\INBOX\local_DFCCA584_DFCCA584.py	16768
D:\MAGIC\scripts\phase00\INBOX\location_257CC7A8_257CC7A8.py	234
D:\MAGIC\scripts\phase00\INBOX\locators_BC06A144_BC06A144.py	51945
D:\MAGIC\scripts\phase00\INBOX\locator_converter_CF6D6F81_CF6D6F81.py	1195
D:\MAGIC\scripts\phase00\INBOX\lock_2_97D4D377_97D4D377.py	747
D:\MAGIC\scripts\phase00\INBOX\lock_97D4D377_97D4D377.py	747
D:\MAGIC\scripts\phase00\INBOX\logger_F8A671E3_F8A671E3.py	258
D:\MAGIC\scripts\phase00\INBOX\loggingTools_34E6113A_34E6113A.py	19933
D:\MAGIC\scripts\phase00\INBOX\logging_C38FC656_C38FC656.py	1217
D:\MAGIC\scripts\phase00\INBOX\log_2_908B706A_908B706A.py	2648
D:\MAGIC\scripts\phase00\INBOX\log_A1C28415_A1C28415.py	1972
D:\MAGIC\scripts\phase00\INBOX\log_archiver_2_2412DD02_2412DD02.py	77
D:\MAGIC\scripts\phase00\INBOX\log_viewer_2_32B49D12_32B49D12.py	75
D:\MAGIC\scripts\phase00\INBOX\log_watchdog_47591D9D_47591D9D.py	1262
D:\MAGIC\scripts\phase00\INBOX\log_watchdog_56E0670E_56E0670E.py	1547
D:\MAGIC\scripts\phase00\INBOX\log_writer_agent_791FE60D_791FE60D.py	1752
D:\MAGIC\scripts\phase00\INBOX\log_writer_agent_BACKUP_20250729_171928_1A2D0502_1A2D0502.py	2447
D:\MAGIC\scripts\phase00\INBOX\longevity_predictor_2_275CA56F_275CA56F.py	204
D:\MAGIC\scripts\phase00\INBOX\longevity_predictor_E3B0C442_E3B0C442.py	0
D:\MAGIC\scripts\phase00\INBOX\lookupDebugInfo_81546BE7_81546BE7.py	304
D:\MAGIC\scripts\phase00\INBOX\lowlevel_DCB36961_DCB36961.py	3215
D:\MAGIC\scripts\phase00\INBOX\low_level_42DCE2B7_42DCE2B7.py	13921
D:\MAGIC\scripts\phase00\INBOX\lstm_forecast_2_8CD3C3DC_8CD3C3DC.py	1828
D:\MAGIC\scripts\phase00\INBOX\lstm_forecast_torch_2_CD5C27F4_CD5C27F4.py	2612
D:\MAGIC\scripts\phase00\INBOX\lxml_5D52649E_5D52649E.py	5058
D:\MAGIC\scripts\phase00\INBOX\L_T_S_H__22EEACC8_22EEACC8.py	2189
D:\MAGIC\scripts\phase00\INBOX\macCreatorType_25EF63B6_25EF63B6.py	1593
D:\MAGIC\scripts\phase00\INBOX\machar_5A8357E1_5A8357E1.py	10885
D:\MAGIC\scripts\phase00\INBOX\macos_535ACC3B_535ACC3B.py	2721
D:\MAGIC\scripts\phase00\INBOX\macRes_193FE99D_193FE99D.py	8579
D:\MAGIC\scripts\phase00\INBOX\macromanprober_F5A9DFCE_F5A9DFCE.py	6077
D:\MAGIC\scripts\phase00\INBOX\MacRoman_E2F128A1_E2F128A1.py	3576
D:\MAGIC\scripts\phase00\INBOX\macUtils_963DE878_963DE878.py	1737
D:\MAGIC\scripts\phase00\INBOX\magic_dashboard_B3E76354_B3E76354.py	2292
D:\MAGIC\scripts\phase00\INBOX\magic_patch_D21C9232_D21C9232.py	879
D:\MAGIC\scripts\phase00\INBOX\magic_phase11_full_cycle_7FF8245A_7FF8245A.py	2433
D:\MAGIC\scripts\phase00\INBOX\main_CE4662ED_CE4662ED.py	2472
D:\MAGIC\scripts\phase00\INBOX\main_parser_72166A36_72166A36.py	4337
D:\MAGIC\scripts\phase00\INBOX\makefile_9DBCEDDE_9DBCEDDE.py	1417
D:\MAGIC\scripts\phase00\INBOX\managers_68BA603B_68BA603B.py	84007
D:\MAGIC\scripts\phase00\INBOX\manifest_76AFB3DE_76AFB3DE.py	14690
D:\MAGIC\scripts\phase00\INBOX\manifest_filter_patch2_BCC9DB63_BCC9DB63.py	2081
D:\MAGIC\scripts\phase00\INBOX\mapping_9B69DD07_9B69DD07.py	8343
D:\MAGIC\scripts\phase00\INBOX\markers_96285182_96285182.py	8493
D:\MAGIC\scripts\phase00\INBOX\markup_02AD3176_02AD3176.py	8278
D:\MAGIC\scripts\phase00\INBOX\masked_A5692CDE_A5692CDE.py	44087
D:\MAGIC\scripts\phase00\INBOX\masked_reductions_13A7B286_13A7B286.py	3836
D:\MAGIC\scripts\phase00\INBOX\masked_shared_371E5AD1_371E5AD1.py	5145
D:\MAGIC\scripts\phase00\INBOX\mask_ops_D8B25CD0_D8B25CD0.py	5410
D:\MAGIC\scripts\phase00\INBOX\mastodon_CA3F8436_CA3F8436.py	17167
D:\MAGIC\scripts\phase00\INBOX\matlib_3FAAF263_3FAAF263.py	10342
D:\MAGIC\scripts\phase00\INBOX\maxContextCalc_DDEB382A_DDEB382A.py	3175
D:\MAGIC\scripts\phase00\INBOX\mbcharsetprober_5ABD3858_5ABD3858.py	3715
D:\MAGIC\scripts\phase00\INBOX\mbcsgroupprober_891A5A34_891A5A34.py	2131
D:\MAGIC\scripts\phase00\INBOX\mbcssm_854B4FBC_854B4FBC.py	30391
D:\MAGIC\scripts\phase00\INBOX\mcmc_09233C32_09233C32.py	31323
D:\MAGIC\scripts\phase00\INBOX\md_2_FBFA0DDE_FBFA0DDE.py	20145
D:\MAGIC\scripts\phase00\INBOX\md_FBFA0DDE_FBFA0DDE.py	20145
D:\MAGIC\scripts\phase00\INBOX\mean__7C29FA15_7C29FA15.py	4008
D:\MAGIC\scripts\phase00\INBOX\measure_1E6AC825_1E6AC825.py	5305
D:\MAGIC\scripts\phase00\INBOX\media_BBDEAEF8_BBDEAEF8.py	7613
D:\MAGIC\scripts\phase00\INBOX\melt_F8B4E7C1_F8B4E7C1.py	18765
D:\MAGIC\scripts\phase00\INBOX\memmap_43D9E45A_43D9E45A.py	11787
D:\MAGIC\scripts\phase00\INBOX\memory_2_70B36B2B_70B36B2B.py	10527
D:\MAGIC\scripts\phase00\INBOX\memory_3DD6DBFE_3DD6DBFE.py	8016
D:\MAGIC\scripts\phase00\INBOX\mercurial_0736DDE7_0736DDE7.py	5238
D:\MAGIC\scripts\phase00\INBOX\merger_139F6896_139F6896.py	60802
D:\MAGIC\scripts\phase00\INBOX\merge_AD6B19BB_AD6B19BB.py	89546
D:\MAGIC\scripts\phase00\INBOX\merge_summaries_B301918B_B301918B.py	2107
D:\MAGIC\scripts\phase00\INBOX\merge_summaries_C54CC516_C54CC516.py	632
D:\MAGIC\scripts\phase00\INBOX\metadata_AB94F08E_AB94F08E.py	39761
D:\MAGIC\scripts\phase00\INBOX\metadata_editable_EAE94176_EAE94176.py	1473
D:\MAGIC\scripts\phase00\INBOX\metadata_legacy_6AFE3DF6_6AFE3DF6.py	2197
D:\MAGIC\scripts\phase00\INBOX\methods_64BA968F_64BA968F.py	22643
D:\MAGIC\scripts\phase00\INBOX\migrate_csvs_to_db_2_8560D201_8560D201.py	1950
D:\MAGIC\scripts\phase00\INBOX\mimebundle_AF575A0B_AF575A0B.py	13035
D:\MAGIC\scripts\phase00\INBOX\mingw32ccompiler_15F5473F_15F5473F.py	24880
D:\MAGIC\scripts\phase00\INBOX\minidom_EBD5F06E_EBD5F06E.py	1904
D:\MAGIC\scripts\phase00\INBOX\min_max__8180B2A5_8180B2A5.py	1858
D:\MAGIC\scripts\phase00\INBOX\mips_F6BAAEA1_F6BAAEA1.py	1762
D:\MAGIC\scripts\phase00\INBOX\Mirrored_91D87009_91D87009.py	9242
D:\MAGIC\scripts\phase00\INBOX\misc_5CBB4C0C_5CBB4C0C.py	22253
D:\MAGIC\scripts\phase00\INBOX\misc_util_BDA96EAC_BDA96EAC.py	87735
D:\MAGIC\scripts\phase00\INBOX\missing_2_8B89278E_8B89278E.py	22433
D:\MAGIC\scripts\phase00\INBOX\missing_39A8517C_39A8517C.py	5345
D:\MAGIC\scripts\phase00\INBOX\mixins_2_FA744653_FA744653.py	87170
D:\MAGIC\scripts\phase00\INBOX\mixins_FDD6E55C_FDD6E55C.py	7052
D:\MAGIC\scripts\phase00\INBOX\mklabels_C647DB5E_C647DB5E.py	1301
D:\MAGIC\scripts\phase00\INBOX\mle_400013C3_400013C3.py	10180
D:\MAGIC\scripts\phase00\INBOX\mobile_9174D9A2_9174D9A2.py	2655
D:\MAGIC\scripts\phase00\INBOX\modeline_75CA6D43_75CA6D43.py	983
D:\MAGIC\scripts\phase00\INBOX\models_2_94A5E13A_94A5E13A.py	12394
D:\MAGIC\scripts\phase00\INBOX\models_3_B23FC436_B23FC436.py	22398
D:\MAGIC\scripts\phase00\INBOX\models_6A66FE1A_6A66FE1A.py	35582
D:\MAGIC\scripts\phase00\INBOX\model_03CEBEE1_03CEBEE1.py	21378
D:\MAGIC\scripts\phase00\INBOX\model_2_03CEBEE1_03CEBEE1.py	21378
D:\MAGIC\scripts\phase00\INBOX\model_3_64AE691A_64AE691A.py	89177
D:\MAGIC\scripts\phase00\INBOX\modes_7AF94CD0_7AF94CD0.py	8282
D:\MAGIC\scripts\phase00\INBOX\modules_2_7FEE91D9_7FEE91D9.py	595
D:\MAGIC\scripts\phase00\INBOX\modules_3_6E977F8C_6E977F8C.py	1938
D:\MAGIC\scripts\phase00\INBOX\modules_C430BE6E_C430BE6E.py	697
D:\MAGIC\scripts\phase00\INBOX\module_with_deprecations_F20EDD1C_F20EDD1C.py	447
D:\MAGIC\scripts\phase00\INBOX\mod_1C1F5A2B_1C1F5A2B.py	1578
D:\MAGIC\scripts\phase00\INBOX\mod_2_F1FF0528_F1FF0528.py	6421
D:\MAGIC\scripts\phase00\INBOX\momentsPen_9232D55E_9232D55E.py	25658
D:\MAGIC\scripts\phase00\INBOX\momentum_scaler_E3B0C442_E3B0C442.py	0
D:\MAGIC\scripts\phase00\INBOX\momentum_tracker_E3B0C442_E3B0C442.py	0
D:\MAGIC\scripts\phase00\INBOX\monkey_5EB6E451_5EB6E451.py	4880
D:\MAGIC\scripts\phase00\INBOX\more_411824A8_411824A8.py	117723
D:\MAGIC\scripts\phase00\INBOX\mouse_button_FD62B60A_FD62B60A.py	879
D:\MAGIC\scripts\phase00\INBOX\mpl_renderer_BAF2AEC6_BAF2AEC6.py	21663
D:\MAGIC\scripts\phase00\INBOX\mpl_util_3DBD243E_3DBD243E.py	3637
D:\MAGIC\scripts\phase00\INBOX\mrecords_2A9C8DBA_2A9C8DBA.py	27017
D:\MAGIC\scripts\phase00\INBOX\msvc9compiler_ADCFB5BF_ADCFB5BF.py	30235
D:\MAGIC\scripts\phase00\INBOX\msvccompiler_20BD22AA_20BD22AA.py	23602
D:\MAGIC\scripts\phase00\INBOX\msvc_4DAA2241_4DAA2241.py	47903
D:\MAGIC\scripts\phase00\INBOX\multiarray_2_BEC4BFB7_BEC4BFB7.py	534
D:\MAGIC\scripts\phase00\INBOX\multiarray_3_2C457236_2C457236.py	973
D:\MAGIC\scripts\phase00\INBOX\multiarray_C8BF6C50_C8BF6C50.py	55523
D:\MAGIC\scripts\phase00\INBOX\multiVarStore_79012E58_79012E58.py	8305
D:\MAGIC\scripts\phase00\INBOX\multi_77909471_77909471.py	136936
D:\MAGIC\scripts\phase00\INBOX\mutator_60990A14_60990A14.py	19278
D:\MAGIC\scripts\phase00\INBOX\mvar_2D357BEE_2D357BEE.py	2449
D:\MAGIC\scripts\phase00\INBOX\mv_93C79410_93C79410.py	1982
D:\MAGIC\scripts\phase00\INBOX\mypy_annotate_4A0E0B28_4A0E0B28.py	4018
D:\MAGIC\scripts\phase00\INBOX\mypy_plugin_9BC9DB11_9BC9DB11.py	4446
D:\MAGIC\scripts\phase00\INBOX\M_A_T_H__F9356EF4_F9356EF4.py	342
D:\MAGIC\scripts\phase00\INBOX\M_E_T_A__B00EA8A2_B00EA8A2.py	11989
D:\MAGIC\scripts\phase00\INBOX\M_V_A_R__EBB704BA_EBB704BA.py	308
D:\MAGIC\scripts\phase00\INBOX\nag_E775A0E5_E775A0E5.py	2624
D:\MAGIC\scripts\phase00\INBOX\namespaces_96AF40DA_96AF40DA.py	3045
D:\MAGIC\scripts\phase00\INBOX\names_20F46A7A_20F46A7A.py	14950
D:\MAGIC\scripts\phase00\INBOX\name_4A2A5F3E_4A2A5F3E.py	14969
D:\MAGIC\scripts\phase00\INBOX\nanfunctions_7EDC4CEA_7EDC4CEA.py	58981
D:\MAGIC\scripts\phase00\INBOX\nanops_58ECC2B7_58ECC2B7.py	50627
D:\MAGIC\scripts\phase00\INBOX\nap_7D15AF9F_7D15AF9F.py	1383
D:\MAGIC\scripts\phase00\INBOX\nbit_base_example_64ED5214_64ED5214.py	479
D:\MAGIC\scripts\phase00\INBOX\ndarray_6278D7CB_6278D7CB.py	405
D:\MAGIC\scripts\phase00\INBOX\ndarray_conversion_2_65A1AA78_65A1AA78.py	2153
D:\MAGIC\scripts\phase00\INBOX\ndarray_conversion_C8F8335C_C8F8335C.py	1626
D:\MAGIC\scripts\phase00\INBOX\ndarray_misc_2_1755F45F_1755F45F.py	2718
D:\MAGIC\scripts\phase00\INBOX\ndarray_misc_3D0444B9_3D0444B9.py	1176
D:\MAGIC\scripts\phase00\INBOX\ndarray_misc_3_A7C8F0B2_A7C8F0B2.py	6911
D:\MAGIC\scripts\phase00\INBOX\ndarray_shape_manipulation_2_AD7C1501_AD7C1501.py	1006
D:\MAGIC\scripts\phase00\INBOX\ndarray_shape_manipulation_DFB798C0_DFB798C0.py	640
D:\MAGIC\scripts\phase00\INBOX\nditer_97BD279C_97BD279C.py	480
D:\MAGIC\scripts\phase00\INBOX\network_663F9357_663F9357.py	159096
D:\MAGIC\scripts\phase00\INBOX\niche_classifier_E3B0C442_E3B0C442.py	0
D:\MAGIC\scripts\phase00\INBOX\niche_weight_2_A366BC71_A366BC71.py	206
D:\MAGIC\scripts\phase00\INBOX\niche_weight_E3B0C442_E3B0C442.py	0
D:\MAGIC\scripts\phase00\INBOX\none_1AF1CBA9_1AF1CBA9.py	677
D:\MAGIC\scripts\phase00\INBOX\noseclasses_E5D12575_E5D12575.py	14198
D:\MAGIC\scripts\phase00\INBOX\nosetester_58D9D918_58D9D918.py	19519
D:\MAGIC\scripts\phase00\INBOX\notion_patch_cleaner_57B33F9D_57B33F9D.py	1949
D:\MAGIC\scripts\phase00\INBOX\notion_patch_final_importer_FEC4655E_FEC4655E.py	2196
D:\MAGIC\scripts\phase00\INBOX\notion_patch_generator_11CE0E0D_11CE0E0D.py	2743
D:\MAGIC\scripts\phase00\INBOX\notion_patch_importer_FEC4655E_FEC4655E.py	2196
D:\MAGIC\scripts\phase00\INBOX\notion_status_patcher_FIXED_55FC3C08_55FC3C08.py	628
D:\MAGIC\scripts\phase00\INBOX\notion_status_updater_CDDA43E7_CDDA43E7.py	1715
D:\MAGIC\scripts\phase00\INBOX\notion_sync_agent_881B2028_881B2028.py	7398
D:\MAGIC\scripts\phase00\INBOX\notion_sync_agent_FE18BBDC_FE18BBDC.py	1543
D:\MAGIC\scripts\phase00\INBOX\notion_test_connect_0DC3B7CB_0DC3B7CB.py	699
D:\MAGIC\scripts\phase00\INBOX\npyio_79B96A44_79B96A44.py	90099
D:\MAGIC\scripts\phase00\INBOX\npy_pkg_config_0173CEF7_0173CEF7.py	13122
D:\MAGIC\scripts\phase00\INBOX\ntlmpool_3C913F06_3C913F06.py	4529
D:\MAGIC\scripts\phase00\INBOX\null_detector_2_1D8471F8_1D8471F8.py	78
D:\MAGIC\scripts\phase00\INBOX\numba__901D95AC_901D95AC.py	10728
D:\MAGIC\scripts\phase00\INBOX\numerictypes_2_8EBC2BAE_8EBC2BAE.py	390
D:\MAGIC\scripts\phase00\INBOX\numerictypes_3553436F_3553436F.py	17074
D:\MAGIC\scripts\phase00\INBOX\numerictypes_3_7DDA46B5_7DDA46B5.py	973
D:\MAGIC\scripts\phase00\INBOX\numerictypes_4_A77C5C99_A77C5C99.py	1356
D:\MAGIC\scripts\phase00\INBOX\numeric_2_9BF75F4D_9BF75F4D.py	1476
D:\MAGIC\scripts\phase00\INBOX\numeric_3_8A49BF64_8A49BF64.py	3059
D:\MAGIC\scripts\phase00\INBOX\numeric_4_A68CB45F_A68CB45F.py	8354
D:\MAGIC\scripts\phase00\INBOX\numeric_6B5F602B_6B5F602B.py	8086
D:\MAGIC\scripts\phase00\INBOX\numpy_distribution_CDD92039_CDD92039.py	633
D:\MAGIC\scripts\phase00\INBOX\numpy__4CB2A238_4CB2A238.py	14196
D:\MAGIC\scripts\phase00\INBOX\nursery_start_FCA3E17B_FCA3E17B.py	2094
D:\MAGIC\scripts\phase00\INBOX\nv_1D4C29BA_1D4C29BA.py	1574
D:\MAGIC\scripts\phase00\INBOX\oauth_checker_2_7C7B7E75_7C7B7E75.py	78
D:\MAGIC\scripts\phase00\INBOX\objects_7063B264_7063B264.py	12837
D:\MAGIC\scripts\phase00\INBOX\object_array_FBDE694A_FBDE694A.py	15208
D:\MAGIC\scripts\phase00\INBOX\ocsp_4C1386AB_4C1386AB.py	12515
D:\MAGIC\scripts\phase00\INBOX\offsets_C0B587D7_C0B587D7.py	1531
D:\MAGIC\scripts\phase00\INBOX\oid_054CE05D_054CE05D.py	931
D:\MAGIC\scripts\phase00\INBOX\one_time_organizer_055564E4_055564E4.py	2549
D:\MAGIC\scripts\phase00\INBOX\online_8035139B_8035139B.py	3729
D:\MAGIC\scripts\phase00\INBOX\open_162D8F04_162D8F04.py	329
D:\MAGIC\scripts\phase00\INBOX\open_memory_channel_D99500CA_D99500CA.py	103
D:\MAGIC\scripts\phase00\INBOX\ops_2_F6EAAB13_F6EAAB13.py	43791
D:\MAGIC\scripts\phase00\INBOX\ops_DEE34EF3_DEE34EF3.py	7767
D:\MAGIC\scripts\phase00\INBOX\optionaltags_A745CE9E_A745CE9E.py	11034
D:\MAGIC\scripts\phase00\INBOX\options_C0E1811B_C0E1811B.py	2184
D:\MAGIC\scripts\phase00\INBOX\orchestrator_2_F17A0EAD_F17A0EAD.py	150
D:\MAGIC\scripts\phase00\INBOX\orchestrator_FEF67BCC_FEF67BCC.py	1807
D:\MAGIC\scripts\phase00\INBOX\orc_EB6DDA07_EB6DDA07.py	5788
D:\MAGIC\scripts\phase00\INBOX\ordered_set_72ABB9BE_72ABB9BE.py	15131
D:\MAGIC\scripts\phase00\INBOX\otBase_05304589_05304589.py	53384
D:\MAGIC\scripts\phase00\INBOX\otConverters_8A113F58_8A113F58.py	74202
D:\MAGIC\scripts\phase00\INBOX\otData_F975D1C1_F975D1C1.py	197262
D:\MAGIC\scripts\phase00\INBOX\other_1C1BCFC4_1C1BCFC4.py	4981
D:\MAGIC\scripts\phase00\INBOX\otTables_219418F1_219418F1.py	97128
D:\MAGIC\scripts\phase00\INBOX\OTTags_C0E3E96C_C0E3E96C.py	1196
D:\MAGIC\scripts\phase00\INBOX\otTraverse_1F39C454_1F39C454.py	5518
D:\MAGIC\scripts\phase00\INBOX\outline_049C7B03_049C7B03.py	7978
D:\MAGIC\scripts\phase00\INBOX\output_F47BFA37_F47BFA37.py	52620
D:\MAGIC\scripts\phase00\INBOX\overlay_F8E69355_F8E69355.py	55386
D:\MAGIC\scripts\phase00\INBOX\overrides_9E2DEA70_9E2DEA70.py	8133
D:\MAGIC\scripts\phase00\INBOX\override_B6CA8D89_B6CA8D89.py	44
D:\MAGIC\scripts\phase00\INBOX\O_S_2f_2_D4FAB65E_D4FAB65E.py	28030
D:\MAGIC\scripts\phase00\INBOX\packages_FE0D2067_FE0D2067.py	904
D:\MAGIC\scripts\phase00\INBOX\package_data_C0126E7F_C0126E7F.py	20
D:\MAGIC\scripts\phase00\INBOX\package_finder_9D8C3971_9D8C3971.py	37870
D:\MAGIC\scripts\phase00\INBOX\package_index_80B298B2_80B298B2.py	40326
D:\MAGIC\scripts\phase00\INBOX\packaging_E569BAFF_E569BAFF.py	2108
D:\MAGIC\scripts\phase00\INBOX\padding_2_90DFC769_90DFC769.py	2847
D:\MAGIC\scripts\phase00\INBOX\padding_913146B1_913146B1.py	4970
D:\MAGIC\scripts\phase00\INBOX\pager_48EFC44C_48EFC44C.py	828
D:\MAGIC\scripts\phase00\INBOX\page_EB4AA39E_EB4AA39E.py	129809
D:\MAGIC\scripts\phase00\INBOX\palette_9489EF47_9489EF47.py	3396
D:\MAGIC\scripts\phase00\INBOX\panel_C0631EE3_C0631EE3.py	10574
D:\MAGIC\scripts\phase00\INBOX\pangomarkup_ECEDD5CD_ECEDD5CD.py	2192
D:\MAGIC\scripts\phase00\INBOX\parameterized_3171B9D2_3171B9D2.py	15891
D:\MAGIC\scripts\phase00\INBOX\parquet_6539CA9D_6539CA9D.py	17825
D:\MAGIC\scripts\phase00\INBOX\parser_2_54F728AE_54F728AE.py	5192
D:\MAGIC\scripts\phase00\INBOX\parser_3_603CB9C9_603CB9C9.py	99331
D:\MAGIC\scripts\phase00\INBOX\parser_4_F13EA890_F13EA890.py	10788
D:\MAGIC\scripts\phase00\INBOX\parser_5_AE4C3620_AE4C3620.py	25396
D:\MAGIC\scripts\phase00\INBOX\parser_B563FE2B_B563FE2B.py	10817
D:\MAGIC\scripts\phase00\INBOX\parse_CC015BDF_CC015BDF.py	1808
D:\MAGIC\scripts\phase00\INBOX\parsing_B04B7B1F_B04B7B1F.py	6323
D:\MAGIC\scripts\phase00\INBOX\patch_manifest_c_8B4E6857_8B4E6857.py	1578
D:\MAGIC\scripts\phase00\INBOX\pathccompiler_82762106_82762106.py	666
D:\MAGIC\scripts\phase00\INBOX\pathf95_910F93BF_910F93BF.py	1046
D:\MAGIC\scripts\phase00\INBOX\pathfinder_A64611CB_A64611CB.py	8252
D:\MAGIC\scripts\phase00\INBOX\path_5612F255_5612F255.py	5872
D:\MAGIC\scripts\phase00\INBOX\pattern_430E14FD_430E14FD.py	12226
D:\MAGIC\scripts\phase00\INBOX\pbkdf2_D5623084_D5623084.py	1957
D:\MAGIC\scripts\phase00\INBOX\performance_F76EBB8D_F76EBB8D.py	2913
D:\MAGIC\scripts\phase00\INBOX\performance_timeline_3B1AE2B9_3B1AE2B9.py	6843
D:\MAGIC\scripts\phase00\INBOX\perimeterPen_96BE8DCE_96BE8DCE.py	2153
D:\MAGIC\scripts\phase00\INBOX\period_173C88AD_173C88AD.py	19297
D:\MAGIC\scripts\phase00\INBOX\permissions_1DC62818_1DC62818.py	921
D:\MAGIC\scripts\phase00\INBOX\pg_BC0779E4_BC0779E4.py	3576
D:\MAGIC\scripts\phase00\INBOX\phase10_seo_keywords_READY_61626079_61626079.py	906
D:\MAGIC\scripts\phase00\INBOX\phase11_module_C_placeholder_READY_069E0791_069E0791.py	61
D:\MAGIC\scripts\phase00\INBOX\phase11_module_C_placeholder_READY_FEF28B8F_FEF28B8F.py	42
D:\MAGIC\scripts\phase00\INBOX\phase11_outputs_placeholder_READY_069E0791_069E0791.py	61
D:\MAGIC\scripts\phase00\INBOX\phase11_outputs_placeholder_READY_1CACB477_1CACB477.py	41
D:\MAGIC\scripts\phase00\INBOX\phase11_outputs_placeholder_READY_E73A2040_E73A2040.py	64
D:\MAGIC\scripts\phase00\INBOX\phase11_sanity_runner_617EB760_617EB760.py	1647
D:\MAGIC\scripts\phase00\INBOX\phase6_retry_scheduler_READY_FE44F4AF_FE44F4AF.py	911
D:\MAGIC\scripts\phase00\INBOX\phase6_uploader_example_READY_CA1ABC35_CA1ABC35.py	914
D:\MAGIC\scripts\phase00\INBOX\phase7_affiliate_handler_READY_46BD0467_46BD0467.py	917
D:\MAGIC\scripts\phase00\INBOX\phase8_traffic_sentiment_analysis_READY_746C064F_746C064F.py	944
D:\MAGIC\scripts\phase00\INBOX\phase9_orchestration_runner_READY_05C171E7_05C171E7.py	926
D:\MAGIC\scripts\phase00\INBOX\php_9BC3AFA1_9BC3AFA1.py	1441
D:\MAGIC\scripts\phase00\INBOX\pickle_C265EE97_C265EE97.py	6989
D:\MAGIC\scripts\phase00\INBOX\pickle_compat_274E756B_274E756B.py	8701
D:\MAGIC\scripts\phase00\INBOX\pinterest_api_E3B0C442_E3B0C442.py	0
D:\MAGIC\scripts\phase00\INBOX\pinterest_scraper_E3B0C442_E3B0C442.py	0
D:\MAGIC\scripts\phase00\INBOX\pipe_2C5CC8AC_2C5CC8AC.py	402
D:\MAGIC\scripts\phase00\INBOX\pivot_456B9D02_456B9D02.py	27632
D:\MAGIC\scripts\phase00\INBOX\pkcs12_7018BB11_7018BB11.py	5000
D:\MAGIC\scripts\phase00\INBOX\pkcs7_FA3D0D24_FA3D0D24.py	13725
D:\MAGIC\scripts\phase00\INBOX\pkgconfig_2F98B71E_2F98B71E.py	4320
D:\MAGIC\scripts\phase00\INBOX\pkgconfig_2_2F98B71E_2F98B71E.py	4320
D:\MAGIC\scripts\phase00\INBOX\pkg_resources_5A3C2235_5A3C2235.py	9773
D:\MAGIC\scripts\phase00\INBOX\plistlib_8F330638_8F330638.py	1510
D:\MAGIC\scripts\phase00\INBOX\plot_36849990_36849990.py	7494
D:\MAGIC\scripts\phase00\INBOX\plugin_E2BEA0DA_E2BEA0DA.py	2491
D:\MAGIC\scripts\phase00\INBOX\plugin_registry_3C9242C3_3C9242C3.py	10013
D:\MAGIC\scripts\phase00\INBOX\plyparser_BF33AF29_BF33AF29.py	4823
D:\MAGIC\scripts\phase00\INBOX\pointer_actions_3483B408_3483B408.py	6025
D:\MAGIC\scripts\phase00\INBOX\pointer_input_4D097C24_4D097C24.py	3039
D:\MAGIC\scripts\phase00\INBOX\pointInsidePen_9E8114BC_9E8114BC.py	6355
D:\MAGIC\scripts\phase00\INBOX\pointPen_2_0AE44472_0AE44472.py	244
D:\MAGIC\scripts\phase00\INBOX\pointPen_91CFA384_91CFA384.py	22730
D:\MAGIC\scripts\phase00\INBOX\poly1305_3F910F41_3F910F41.py	355
D:\MAGIC\scripts\phase00\INBOX\polynomial_2_2E823C51_2E823C51.py	48727
D:\MAGIC\scripts\phase00\INBOX\polynomial_AB1DE7CF_AB1DE7CF.py	43948
D:\MAGIC\scripts\phase00\INBOX\polyutils_ED7DD3B1_ED7DD3B1.py	22173
D:\MAGIC\scripts\phase00\INBOX\poolmanager_A0AB203F_A0AB203F.py	23866
D:\MAGIC\scripts\phase00\INBOX\prefs_178B30E0_178B30E0.py	9024
D:\MAGIC\scripts\phase00\INBOX\preload_58F5E82E_58F5E82E.py	22738
D:\MAGIC\scripts\phase00\INBOX\prepare_6DCDC0CA_6DCDC0CA.py	25090
D:\MAGIC\scripts\phase00\INBOX\pretty_DF881CC4_DF881CC4.py	4035
D:\MAGIC\scripts\phase00\INBOX\printing_0C36C738_0C36C738.py	1193
D:\MAGIC\scripts\phase00\INBOX\print_coercion_tables_9F2E5211_9F2E5211.py	6198
D:\MAGIC\scripts\phase00\INBOX\print_page_options_C4737A1E_C4737A1E.py	10448
D:\MAGIC\scripts\phase00\INBOX\probe_9E7024A9_9E7024A9.py	3014
D:\MAGIC\scripts\phase00\INBOX\process_tiktok_data_52E7999F_52E7999F.py	292
D:\MAGIC\scripts\phase00\INBOX\profiler_88190312_88190312.py	13052
D:\MAGIC\scripts\phase00\INBOX\progress_7A0F8E51_7A0F8E51.py	59836
D:\MAGIC\scripts\phase00\INBOX\progress_bars_4A8E263E_4A8E263E.py	1968
D:\MAGIC\scripts\phase00\INBOX\progress_bar_704A017E_704A017E.py	8165
D:\MAGIC\scripts\phase00\INBOX\prompt_B6757BBC_B6757BBC.py	11271
D:\MAGIC\scripts\phase00\INBOX\protocol_E611C70C_E611C70C.py	1391
D:\MAGIC\scripts\phase00\INBOX\providers_AE856614_AE856614.py	5872
D:\MAGIC\scripts\phase00\INBOX\provider_55DE235B_55DE235B.py	9914
D:\MAGIC\scripts\phase00\INBOX\proxy_B1E3FCF9_B1E3FCF9.py	1148
D:\MAGIC\scripts\phase00\INBOX\psCharStrings_4DBE7E93_4DBE7E93.py	43036
D:\MAGIC\scripts\phase00\INBOX\psLib_8A820F9B_8A820F9B.py	12099
D:\MAGIC\scripts\phase00\INBOX\psOperators_F522E5E4_F522E5E4.py	15700
D:\MAGIC\scripts\phase00\INBOX\pulldom_40761019_40761019.py	1169
D:\MAGIC\scripts\phase00\INBOX\putmask_2EBC62C3_2EBC62C3.py	4674
D:\MAGIC\scripts\phase00\INBOX\put_EDA8A1D7_EDA8A1D7.py	21201
D:\MAGIC\scripts\phase00\INBOX\pwa_A04FEF36_A04FEF36.py	8821
D:\MAGIC\scripts\phase00\INBOX\py23_68F54211_68F54211.py	2238
D:\MAGIC\scripts\phase00\INBOX\py31compat_AAF49DA2_AAF49DA2.py	550
D:\MAGIC\scripts\phase00\INBOX\py34compat_14410803_14410803.py	246
D:\MAGIC\scripts\phase00\INBOX\py36compat_5CA817AE_5CA817AE.py	4962
D:\MAGIC\scripts\phase00\INBOX\py37compat_A496FFBE_A496FFBE.py	672
D:\MAGIC\scripts\phase00\INBOX\py38compat_819F8D43_819F8D43.py	217
D:\MAGIC\scripts\phase00\INBOX\py39compat_525E023E_525E023E.py	639
D:\MAGIC\scripts\phase00\INBOX\py3k_2_D8408B34_D8408B34.py	1542
D:\MAGIC\scripts\phase00\INBOX\py3k_6EE0D57F_6EE0D57F.py	3670
D:\MAGIC\scripts\phase00\INBOX\pyarrow_88A6C2EE_88A6C2EE.py	987
D:\MAGIC\scripts\phase00\INBOX\pyclasslookup_80B0F51C_80B0F51C.py	92
D:\MAGIC\scripts\phase00\INBOX\pylab_7C254377_7C254377.py	111
D:\MAGIC\scripts\phase00\INBOX\pyopenssl_5E9E589B_5E9E589B.py	19720
D:\MAGIC\scripts\phase00\INBOX\pyprojecttoml_9568BE0A_9568BE0A.py	19360
D:\MAGIC\scripts\phase00\INBOX\pyproject_42A49947_42A49947.py	6987
D:\MAGIC\scripts\phase00\INBOX\pytables_9855B64D_9855B64D.py	171953
D:\MAGIC\scripts\phase00\INBOX\pytest_plugin_0F5FB96B_0F5FB96B.py	1581
D:\MAGIC\scripts\phase00\INBOX\python_0C89D744_0C89D744.py	76381
D:\MAGIC\scripts\phase00\INBOX\python_parser_AB07D34F_AB07D34F.py	47360
D:\MAGIC\scripts\phase00\INBOX\py_2_B71675B5_B71675B5.py	329
D:\MAGIC\scripts\phase00\INBOX\py_CE0ED165_CE0ED165.py	1763
D:\MAGIC\scripts\phase00\INBOX\qtPen_41134B22_41134B22.py	634
D:\MAGIC\scripts\phase00\INBOX\qu2cuPen_A51493E3_A51493E3.py	3985
D:\MAGIC\scripts\phase00\INBOX\qu2cu_218B6993_218B6993.py	12288
D:\MAGIC\scripts\phase00\INBOX\quantile_62F96A5A_62F96A5A.py	6606
D:\MAGIC\scripts\phase00\INBOX\quarantine_agent_69EB010C_69EB010C.py	2730
D:\MAGIC\scripts\phase00\INBOX\quarantine_agent_B571556D_B571556D.py	1783
D:\MAGIC\scripts\phase00\INBOX\quarantine_agent_backup_8770D9B1_8770D9B1.py	621
D:\MAGIC\scripts\phase00\INBOX\quartzPen_107E3CD8_107E3CD8.py	1287
D:\MAGIC\scripts\phase00\INBOX\queue_9D1817F3_9D1817F3.py	498
D:\MAGIC\scripts\phase00\INBOX\quora_scraper_E3B0C442_E3B0C442.py	0
D:\MAGIC\scripts\phase00\INBOX\quota_notifier_2_DB4E8789_DB4E8789.py	79
D:\MAGIC\scripts\phase00\INBOX\raisesgroup_AAB79EE4_AAB79EE4.py	7874
D:\MAGIC\scripts\phase00\INBOX\random_2_06ED3240_06ED3240.py	61945
D:\MAGIC\scripts\phase00\INBOX\random_3_EEF965FC_EEF965FC.py	155182
D:\MAGIC\scripts\phase00\INBOX\random_49F34D1B_49F34D1B.py	2836
D:\MAGIC\scripts\phase00\INBOX\range_6593E8D0_6593E8D0.py	37009
D:\MAGIC\scripts\phase00\INBOX\readers_B636D8C4_B636D8C4.py	3566
D:\MAGIC\scripts\phase00\INBOX\rebuild_2_7598A1D1_7598A1D1.py	2401
D:\MAGIC\scripts\phase00\INBOX\rebuild_7598A1D1_7598A1D1.py	2401
D:\MAGIC\scripts\phase00\INBOX\recfunctions_CEAD978D_CEAD978D.py	56388
D:\MAGIC\scripts\phase00\INBOX\recipes_2579FB9C_2579FB9C.py	16235
D:\MAGIC\scripts\phase00\INBOX\recompiler_2_77C543D8_77C543D8.py	66079
D:\MAGIC\scripts\phase00\INBOX\recompiler_77C543D8_77C543D8.py	66079
D:\MAGIC\scripts\phase00\INBOX\recorder_25723E50_25723E50.py	2765
D:\MAGIC\scripts\phase00\INBOX\recordingPen_560159E0_560159E0.py	12489
D:\MAGIC\scripts\phase00\INBOX\records_AB53B62F_AB53B62F.py	37552
D:\MAGIC\scripts\phase00\INBOX\redditors_8F4394AE_8F4394AE.py	3782
D:\MAGIC\scripts\phase00\INBOX\redditor_99FADD9E_99FADD9E.py	236
D:\MAGIC\scripts\phase00\INBOX\reddit_api_2_175C2348_175C2348.py	1210
D:\MAGIC\scripts\phase00\INBOX\reddit_api_3_B308E258_B308E258.py	1483
D:\MAGIC\scripts\phase00\INBOX\reddit_api_E3B0C442_E3B0C442.py	0
D:\MAGIC\scripts\phase00\INBOX\reddit_api_final_175C2348_175C2348.py	1210
D:\MAGIC\scripts\phase00\INBOX\reddit_api_final_E313AA25_E313AA25.py	1213
D:\MAGIC\scripts\phase00\INBOX\reddit_api_fixed_175C2348_175C2348.py	1210
D:\MAGIC\scripts\phase00\INBOX\reddit_api_fixed_E313AA25_E313AA25.py	1213
D:\MAGIC\scripts\phase00\INBOX\reddit_api_proper_fix_971E0D4C_971E0D4C.py	485
D:\MAGIC\scripts\phase00\INBOX\reddit_C4B64B92_C4B64B92.py	12365
D:\MAGIC\scripts\phase00\INBOX\reddit_check_EFBE0BD1_EFBE0BD1.py	525
D:\MAGIC\scripts\phase00\INBOX\reddit_scraper_2_7E0EF62B_7E0EF62B.py	950
D:\MAGIC\scripts\phase00\INBOX\reddit_scraper_9029D834_9029D834.py	539
D:\MAGIC\scripts\phase00\INBOX\reddit_test_CFF0CD5D_CFF0CD5D.py	494
D:\MAGIC\scripts\phase00\INBOX\rediscover_magic_19B34654_19B34654.py	11215
D:\MAGIC\scripts\phase00\INBOX\rediscover_magic_4FC6B185_4FC6B185.py	11292
D:\MAGIC\scripts\phase00\INBOX\rediscover_magic_C6203B7C_C6203B7C.py	11221
D:\MAGIC\scripts\phase00\INBOX\redis_cache_9A9F905A_9A9F905A.py	1033
D:\MAGIC\scripts\phase00\INBOX\reduce_D917A114_D917A114.py	2238
D:\MAGIC\scripts\phase00\INBOX\reference_9EC57662_9EC57662.py	3872
D:\MAGIC\scripts\phase00\INBOX\regexopt_77D7E008_77D7E008.py	3225
D:\MAGIC\scripts\phase00\INBOX\region_ACD4FDC5_ACD4FDC5.py	166
D:\MAGIC\scripts\phase00\INBOX\register_A33D739D_A33D739D.py	11765
D:\MAGIC\scripts\phase00\INBOX\registry_20FBE0B5_20FBE0B5.py	11891
D:\MAGIC\scripts\phase00\INBOX\relativedelta_2_B62C2D97_B62C2D97.py	23034
D:\MAGIC\scripts\phase00\INBOX\relativedelta_B62C2D97_B62C2D97.py	23034
D:\MAGIC\scripts\phase00\INBOX\relative_locator_3E0CB06D_3E0CB06D.py	13145
D:\MAGIC\scripts\phase00\INBOX\remediator_0950F4F0_0950F4F0.py	3027
D:\MAGIC\scripts\phase00\INBOX\remote_connection_0AC95264_0AC95264.py	2017
D:\MAGIC\scripts\phase00\INBOX\removeOverlaps_3EB34328_3EB34328.py	12611
D:\MAGIC\scripts\phase00\INBOX\renderer_6ED72F00_6ED72F00.py	5181
D:\MAGIC\scripts\phase00\INBOX\reorderGlyphs_4DBC4BC6_4DBC4BC6.py	10371
D:\MAGIC\scripts\phase00\INBOX\replace_17C2A00B_17C2A00B.py	4272
D:\MAGIC\scripts\phase00\INBOX\reporters_7D6F7534_7D6F7534.py	1583
D:\MAGIC\scripts\phase00\INBOX\reporter_DD955562_DD955562.py	2526
D:\MAGIC\scripts\phase00\INBOX\reportLabPen_9297CC7C_9297CC7C.py	2066
D:\MAGIC\scripts\phase00\INBOX\report_generator_2_D6E3E57E_D6E3E57E.py	694
D:\MAGIC\scripts\phase00\INBOX\repr_A6D35FA9_A6D35FA9.py	4420
D:\MAGIC\scripts\phase00\INBOX\request_5EE02C10_5EE02C10.py	8411
D:\MAGIC\scripts\phase00\INBOX\requirements_3A977416_3A977416.py	4700
D:\MAGIC\scripts\phase00\INBOX\req_command_834347CA_834347CA.py	18170
D:\MAGIC\scripts\phase00\INBOX\req_file_37A94F3B_37A94F3B.py	17646
D:\MAGIC\scripts\phase00\INBOX\req_install_5F858D42_5F858D42.py	35763
D:\MAGIC\scripts\phase00\INBOX\req_set_8F77AC1B_8F77AC1B.py	2858
D:\MAGIC\scripts\phase00\INBOX\req_uninstall_650DE95D_650DE95D.py	24046
D:\MAGIC\scripts\phase00\INBOX\resample_10B450C8_10B450C8.py	72768
D:\MAGIC\scripts\phase00\INBOX\reshape_2BF030B6_2BF030B6.py	29269
D:\MAGIC\scripts\phase00\INBOX\reshaping_BDEB6F2C_BDEB6F2C.py	14117
D:\MAGIC\scripts\phase00\INBOX\resolvers_39E22543_39E22543.py	17564
D:\MAGIC\scripts\phase00\INBOX\resolver_9D867D6D_9D867D6D.py	11533
D:\MAGIC\scripts\phase00\INBOX\resources_A264092A_A264092A.py	10788
D:\MAGIC\scripts\phase00\INBOX\response_BD013ADF_BD013ADF.py	3374
D:\MAGIC\scripts\phase00\INBOX\resultdict_7B3E0546_7B3E0546.py	402
D:\MAGIC\scripts\phase00\INBOX\results_1E036F59_1E036F59.py	25341
D:\MAGIC\scripts\phase00\INBOX\retry_6E3FB661_6E3FB661.py	18459
D:\MAGIC\scripts\phase00\INBOX\reverseContourPen_A33EB865_A33EB865.py	4022
D:\MAGIC\scripts\phase00\INBOX\rolling_981C9052_981C9052.py	94628
D:\MAGIC\scripts\phase00\INBOX\roperator_3F68C991_3F68C991.py	1115
D:\MAGIC\scripts\phase00\INBOX\rotate_F26D6E8F_F26D6E8F.py	2097
D:\MAGIC\scripts\phase00\INBOX\roundingPen_438BEF1B_438BEF1B.py	4649
D:\MAGIC\scripts\phase00\INBOX\roundTools_D5149767_D5149767.py	3173
D:\MAGIC\scripts\phase00\INBOX\rrule_2_DF791649_DF791649.py	66403
D:\MAGIC\scripts\phase00\INBOX\rrule_DF791649_DF791649.py	66403
D:\MAGIC\scripts\phase00\INBOX\rsa_91E82264_91E82264.py	7967
D:\MAGIC\scripts\phase00\INBOX\rtf_CFFC8A01_CFFC8A01.py	4933
D:\MAGIC\scripts\phase00\INBOX\rules_36176955_36176955.py	61208
D:\MAGIC\scripts\phase00\INBOX\rule_57A01623_57A01623.py	4773
D:\MAGIC\scripts\phase00\INBOX\runset_4C0E3418_4C0E3418.py	10669
D:\MAGIC\scripts\phase00\INBOX\runtime_72BA99B5_72BA99B5.py	62454
D:\MAGIC\scripts\phase00\INBOX\run_2EC32C5E_2EC32C5E.py	1121
D:\MAGIC\scripts\phase00\INBOX\run_self_healing_agent_06A9DC76_06A9DC76.py	2559
D:\MAGIC\scripts\phase00\INBOX\run_tests_2_07FD3A8D_07FD3A8D.py	74
D:\MAGIC\scripts\phase00\INBOX\sample_A63ED487_A63ED487.py	4583
D:\MAGIC\scripts\phase00\INBOX\sandbox_6F778C86_6F778C86.py	14348
D:\MAGIC\scripts\phase00\INBOX\sanitizer_2FA28985_2FA28985.py	29659
D:\MAGIC\scripts\phase00\INBOX\sas7bdat_42A0F665_42A0F665.py	29704
D:\MAGIC\scripts\phase00\INBOX\sasreader_37DD0BBF_37DD0BBF.py	4929
D:\MAGIC\scripts\phase00\INBOX\sas_constants_CEDB272A_CEDB272A.py	7703
D:\MAGIC\scripts\phase00\INBOX\sas_xport_EA44C994_EA44C994.py	15008
D:\MAGIC\scripts\phase00\INBOX\saturation_calc_2_C0C94636_C0C94636.py	214
D:\MAGIC\scripts\phase00\INBOX\saturation_calc_E3B0C442_E3B0C442.py	0
D:\MAGIC\scripts\phase00\INBOX\saveopts_402F66ED_402F66ED.py	658
D:\MAGIC\scripts\phase00\INBOX\save_api_key_2_DDADA686_DDADA686.py	422
D:\MAGIC\scripts\phase00\INBOX\save_C769616B_C769616B.py	8348
D:\MAGIC\scripts\phase00\INBOX\save_trends_2_E5350EAF_E5350EAF.py	1760
D:\MAGIC\scripts\phase00\INBOX\save_trends_E3B0C442_E3B0C442.py	0
D:\MAGIC\scripts\phase00\INBOX\sax_09D3B1BA_09D3B1BA.py	1629
D:\MAGIC\scripts\phase00\INBOX\sax_2_4581C99A_4581C99A.py	9668
D:\MAGIC\scripts\phase00\INBOX\sax_3_30A468A7_30A468A7.py	1476
D:\MAGIC\scripts\phase00\INBOX\sbcharsetprober_FA777717_FA777717.py	6400
D:\MAGIC\scripts\phase00\INBOX\sbcsgroupprober_81C808D1_81C808D1.py	4137
D:\MAGIC\scripts\phase00\INBOX\sbixGlyph_B631143D_B631143D.py	5796
D:\MAGIC\scripts\phase00\INBOX\sbixStrike_805C8E96_805C8E96.py	6663
D:\MAGIC\scripts\phase00\INBOX\scalars_2_8BB15080_8BB15080.py	3506
D:\MAGIC\scripts\phase00\INBOX\scalars_3_1B0B214C_1B0B214C.py	5884
D:\MAGIC\scripts\phase00\INBOX\scalars_8123B552_8123B552.py	2993
D:\MAGIC\scripts\phase00\INBOX\scaleUpem_53FF8D1A_53FF8D1A.py	14618
D:\MAGIC\scripts\phase00\INBOX\scanner_96DABBD7_96DABBD7.py	3004
D:\MAGIC\scripts\phase00\INBOX\schemapi_C6046F1C_C6046F1C.py	61128
D:\MAGIC\scripts\phase00\INBOX\schema_47AA7F28_47AA7F28.py	1090
D:\MAGIC\scripts\phase00\INBOX\scheme_7AF727CB_7AF727CB.py	737
D:\MAGIC\scripts\phase00\INBOX\scimath_4C66CEC7_4C66CEC7.py	14904
D:\MAGIC\scripts\phase00\INBOX\scipy_sparse_9C5C2514_9C5C2514.py	6509
D:\MAGIC\scripts\phase00\INBOX\scope_4CC514F2_4CC514F2.py	2843
D:\MAGIC\scripts\phase00\INBOX\score_filter_E3B0C442_E3B0C442.py	0
D:\MAGIC\scripts\phase00\INBOX\screen_62879178_62879178.py	1591
D:\MAGIC\scripts\phase00\INBOX\scribe_feedback_E3B0C442_E3B0C442.py	0
D:\MAGIC\scripts\phase00\INBOX\script1_E3B0C442_E3B0C442.py	0
D:\MAGIC\scripts\phase00\INBOX\script2_E3B0C442_E3B0C442.py	0
D:\MAGIC\scripts\phase00\INBOX\ScriptExtensions_61366BD9_61366BD9.py	28207
D:\MAGIC\scripts\phase00\INBOX\Scripts_26A45DD0_26A45DD0.py	18253
D:\MAGIC\scripts\phase00\INBOX\script_B05C92C1_B05C92C1.py	19729
D:\MAGIC\scripts\phase00\INBOX\script_key_0D85B18D_0D85B18D.py	1084
D:\MAGIC\scripts\phase00\INBOX\script_tracker_6750A97B_6750A97B.py	1805
D:\MAGIC\scripts\phase00\INBOX\scrypt_5F259475_5F259475.py	590
D:\MAGIC\scripts\phase00\INBOX\sdist_641086AE_641086AE.py	19241
D:\MAGIC\scripts\phase00\INBOX\search_B1B05988_B1B05988.py	5697
D:\MAGIC\scripts\phase00\INBOX\search_scope_2F986FC5_2F986FC5.py	4643
D:\MAGIC\scripts\phase00\INBOX\secrets_2_3C743D17_3C743D17.py	229
D:\MAGIC\scripts\phase00\INBOX\securetransport_E639885E_E639885E.py	34445
D:\MAGIC\scripts\phase00\INBOX\security_5FB3DC42_5FB3DC42.py	17324
D:\MAGIC\scripts\phase00\INBOX\segment_E97757D0_E97757D0.py	24224
D:\MAGIC\scripts\phase00\INBOX\selection_DDF72A4D_DDF72A4D.py	3928
D:\MAGIC\scripts\phase00\INBOX\selection_prefs_299762EB_299762EB.py	1907
D:\MAGIC\scripts\phase00\INBOX\select_EE0D79D2_EE0D79D2.py	10521
D:\MAGIC\scripts\phase00\INBOX\selenium_manager_03A49302_03A49302.py	5570
D:\MAGIC\scripts\phase00\INBOX\self_healing_runner_82EC932A_82EC932A.py	440
D:\MAGIC\scripts\phase00\INBOX\self_healing_runner_v4.2_FE160128_FE160128.py	2126
D:\MAGIC\scripts\phase00\INBOX\self_healing_runner_v4.3_3221067D_3221067D.py	1833
D:\MAGIC\scripts\phase00\INBOX\self_healing_runner_v4.4_CB76C92D_CB76C92D.py	420
D:\MAGIC\scripts\phase00\INBOX\self_healing_runner_v4.5_8274DADA_8274DADA.py	3267
D:\MAGIC\scripts\phase00\INBOX\self_healing_runner_v4.6_6F38BB76_6F38BB76.py	3876
D:\MAGIC\scripts\phase00\INBOX\self_healing_runner_v4.7_60D7AB05_60D7AB05.py	6460
D:\MAGIC\scripts\phase00\INBOX\self_healing_runner_v4.8_97AA5D74_97AA5D74.py	3363
D:\MAGIC\scripts\phase00\INBOX\self_healing_runner_v4.8_fixed_C5BC233B_C5BC233B.py	4116
D:\MAGIC\scripts\phase00\INBOX\self_healing_runner_v4.9_DEEF7BB0_DEEF7BB0.py	4993
D:\MAGIC\scripts\phase00\INBOX\self_healing_runner_v5.backup_2C28AAA7_2C28AAA7.py	5815
D:\MAGIC\scripts\phase00\INBOX\self_healing_runner_v5_81FC2FF8_81FC2FF8.py	7271
D:\MAGIC\scripts\phase00\INBOX\self_healing_runner_v5_parallel_2730F398_2730F398.py	3557
D:\MAGIC\scripts\phase00\INBOX\self_healing_runner_v5_parallel_496B0FCD_496B0FCD.py	934
D:\MAGIC\scripts\phase00\INBOX\self_healing_runner_v5_parallel_5D750427_5D750427.py	3552
D:\MAGIC\scripts\phase00\INBOX\self_healing_runner_v5_parallel_817C56B4_817C56B4.py	3549
D:\MAGIC\scripts\phase00\INBOX\self_healing_runner_v5_parallel_EBF97484_EBF97484.py	3553
D:\MAGIC\scripts\phase00\INBOX\self_heal_agents_40E3226D_40E3226D.py	1108
D:\MAGIC\scripts\phase00\INBOX\self_heal_placeholder_C9CB279D_C9CB279D.py	908
D:\MAGIC\scripts\phase00\INBOX\self_heal_placeholder_FBE37D40_FBE37D40.py	634
D:\MAGIC\scripts\phase00\INBOX\self_outdated_check_A67A81B8_A67A81B8.py	8167
D:\MAGIC\scripts\phase00\INBOX\seo_mapper_E3B0C442_E3B0C442.py	0
D:\MAGIC\scripts\phase00\INBOX\serializer_C934082D_C934082D.py	15786
D:\MAGIC\scripts\phase00\INBOX\serialize_997188F7_997188F7.py	7093
D:\MAGIC\scripts\phase00\INBOX\series_6E719E48_6E719E48.py	192770
D:\MAGIC\scripts\phase00\INBOX\server_B2560E27_B2560E27.py	7066
D:\MAGIC\scripts\phase00\INBOX\service_BDE5540C_BDE5540C.py	2672
D:\MAGIC\scripts\phase00\INBOX\service_worker_A96E2058_A96E2058.py	11474
D:\MAGIC\scripts\phase00\INBOX\sessions_2D61CEFE_2D61CEFE.py	30496
D:\MAGIC\scripts\phase00\INBOX\session_1DB6086D_1DB6086D.py	2047
D:\MAGIC\scripts\phase00\INBOX\setitem_7A124CDE_7A124CDE.py	14801
D:\MAGIC\scripts\phase00\INBOX\setopt_565DE7A4_565DE7A4.py	4927
D:\MAGIC\scripts\phase00\INBOX\setters_2_78BD5889_78BD5889.py	73
D:\MAGIC\scripts\phase00\INBOX\setters_3_E7E75C4F_E7E75C4F.py	1617
D:\MAGIC\scripts\phase00\INBOX\setters_4_78BD5889_78BD5889.py	73
D:\MAGIC\scripts\phase00\INBOX\setters_E7E75C4F_E7E75C4F.py	1617
D:\MAGIC\scripts\phase00\INBOX\setupcfg_DE47B6FE_DE47B6FE.py	25223
D:\MAGIC\scripts\phase00\INBOX\setuponly_06B465C3_06B465C3.py	3191
D:\MAGIC\scripts\phase00\INBOX\setupplan_FAB39AC2_FAB39AC2.py	1208
D:\MAGIC\scripts\phase00\INBOX\setuptools_build_E22DC2B9_E22DC2B9.py	5662
D:\MAGIC\scripts\phase00\INBOX\setuptools_ext_2_3F03ED58_3F03ED58.py	8735
D:\MAGIC\scripts\phase00\INBOX\setuptools_ext_3F03ED58_3F03ED58.py	8735
D:\MAGIC\scripts\phase00\INBOX\setup_10_3BB76C90_3BB76C90.py	422
D:\MAGIC\scripts\phase00\INBOX\setup_11_A67B8A27_A67B8A27.py	429
D:\MAGIC\scripts\phase00\INBOX\setup_12_2B90FF61_2B90FF61.py	377
D:\MAGIC\scripts\phase00\INBOX\setup_13_771116A6_771116A6.py	5412
D:\MAGIC\scripts\phase00\INBOX\setup_14_CF966A5F_CF966A5F.py	1103
D:\MAGIC\scripts\phase00\INBOX\setup_15_2D4A9768_2D4A9768.py	663
D:\MAGIC\scripts\phase00\INBOX\setup_16_C257CB73_C257CB73.py	411
D:\MAGIC\scripts\phase00\INBOX\setup_17_6B331F90_6B331F90.py	860
D:\MAGIC\scripts\phase00\INBOX\setup_2_036962E4_036962E4.py	338
D:\MAGIC\scripts\phase00\INBOX\setup_3_75D6CCC2_75D6CCC2.py	43801
D:\MAGIC\scripts\phase00\INBOX\setup_4_3E1BCD1B_3E1BCD1B.py	490
D:\MAGIC\scripts\phase00\INBOX\setup_5_B089C18F_B089C18F.py	633
D:\MAGIC\scripts\phase00\INBOX\setup_6_5CCA4061_5CCA4061.py	2421
D:\MAGIC\scripts\phase00\INBOX\setup_7_FADEC933_FADEC933.py	687
D:\MAGIC\scripts\phase00\INBOX\setup_8_B06A73D6_B06A73D6.py	408
D:\MAGIC\scripts\phase00\INBOX\setup_9_61297C4A_61297C4A.py	2851
D:\MAGIC\scripts\phase00\INBOX\setup_common_9D52A749_9D52A749.py	19161
D:\MAGIC\scripts\phase00\INBOX\setup_EF906F23_EF906F23.py	988
D:\MAGIC\scripts\phase00\INBOX\setup_folders_2_B1D77D00_B1D77D00.py	436
D:\MAGIC\scripts\phase00\INBOX\setup_folders_A7123041_A7123041.py	185
D:\MAGIC\scripts\phase00\INBOX\sfnt_AE4CE729_AE4CE729.py	22832
D:\MAGIC\scripts\phase00\INBOX\sftp_7CC63D5D_7CC63D5D.py	5631
D:\MAGIC\scripts\phase00\INBOX\shadowroot_9FAA7657_9FAA7657.py	5184
D:\MAGIC\scripts\phase00\INBOX\shapes_C6F05421_C6F05421.py	5322
D:\MAGIC\scripts\phase00\INBOX\shape_base_2_6EB7AE58_6EB7AE58.py	38359
D:\MAGIC\scripts\phase00\INBOX\shape_base_47FAE094_47FAE094.py	28940
D:\MAGIC\scripts\phase00\INBOX\shared_3C300724_3C300724.py	554
D:\MAGIC\scripts\phase00\INBOX\shared_docs_4E8B382F_4E8B382F.py	27486
D:\MAGIC\scripts\phase00\INBOX\shell_completion_09048676_09048676.py	19857
D:\MAGIC\scripts\phase00\INBOX\show_B798E26B_B798E26B.py	6419
D:\MAGIC\scripts\phase00\INBOX\sign_CB6735FE_CB6735FE.py	3696
D:\MAGIC\scripts\phase00\INBOX\simple_FD4B3C03_FD4B3C03.py	2802
D:\MAGIC\scripts\phase00\INBOX\simple_py3_1EE2EB73_1EE2EB73.py	96
D:\MAGIC\scripts\phase00\INBOX\six_2_182D7E2F_182D7E2F.py	34832
D:\MAGIC\scripts\phase00\INBOX\six_F558A2FD_F558A2FD.py	34657
D:\MAGIC\scripts\phase00\INBOX\sjisprober_6AA42E7C_6AA42E7C.py	4007
D:\MAGIC\scripts\phase00\INBOX\smb_E5F86EF2_E5F86EF2.py	15236
D:\MAGIC\scripts\phase00\INBOX\socket_353923C8_353923C8.py	22916
D:\MAGIC\scripts\phase00\INBOX\sockshandler_2_7F6624F3_7F6624F3.py	4366
D:\MAGIC\scripts\phase00\INBOX\sockshandler_7F6624F3_7F6624F3.py	4366
D:\MAGIC\scripts\phase00\INBOX\socks_2_7A9DDA7E_7A9DDA7E.py	30938
D:\MAGIC\scripts\phase00\INBOX\socks_FA26AB75_FA26AB75.py	7549
D:\MAGIC\scripts\phase00\INBOX\solver_B8C78FC1_B8C78FC1.py	11002
D:\MAGIC\scripts\phase00\INBOX\sorteddict_9C35D05E_9C35D05E.py	22686
D:\MAGIC\scripts\phase00\INBOX\sortedlist_9B0AA6D0_9B0AA6D0.py	76266
D:\MAGIC\scripts\phase00\INBOX\sortedset_16EADED2_16EADED2.py	19799
D:\MAGIC\scripts\phase00\INBOX\sorting_A42826DB_A42826DB.py	22499
D:\MAGIC\scripts\phase00\INBOX\soupparser_C0A981E4_C0A981E4.py	10298
D:\MAGIC\scripts\phase00\INBOX\sources_495C8F8A_495C8F8A.py	6557
D:\MAGIC\scripts\phase00\INBOX\spawn_858EE5B0_858EE5B0.py	3517
D:\MAGIC\scripts\phase00\INBOX\specializer_BEC38F91_BEC38F91.py	32609
D:\MAGIC\scripts\phase00\INBOX\specifiers_56C5A584_56C5A584.py	30111
D:\MAGIC\scripts\phase00\INBOX\spec_EDC3947B_EDC3947B.py	77298
D:\MAGIC\scripts\phase00\INBOX\spend_report_2_2F7DDC9C_2F7DDC9C.py	77
D:\MAGIC\scripts\phase00\INBOX\sphinxext_575DF833_575DF833.py	4753
D:\MAGIC\scripts\phase00\INBOX\spinners_84827CDC_84827CDC.py	5118
D:\MAGIC\scripts\phase00\INBOX\spinner_EDBF0C0A_EDBF0C0A.py	4374
D:\MAGIC\scripts\phase00\INBOX\split_141D4DBA_141D4DBA.py	19239
D:\MAGIC\scripts\phase00\INBOX\spss_3E0349BE_3E0349BE.py	1306
D:\MAGIC\scripts\phase00\INBOX\sql_FBE1AC50_FBE1AC50.py	76029
D:\MAGIC\scripts\phase00\INBOX\ssh_7626B82C_7626B82C.py	53121
D:\MAGIC\scripts\phase00\INBOX\ssltransport_133E0EF2_133E0EF2.py	8847
D:\MAGIC\scripts\phase00\INBOX\ssl_match_hostname_0E2EC353_0E2EC353.py	5845
D:\MAGIC\scripts\phase00\INBOX\ssl__8F19D0DE_8F19D0DE.py	19786
D:\MAGIC\scripts\phase00\INBOX\sstruct_86C57B61_86C57B61.py	7263
D:\MAGIC\scripts\phase00\INBOX\stancsv_5FD642CF_5FD642CF.py	16286
D:\MAGIC\scripts\phase00\INBOX\StandardEncoding_128DC018_128DC018.py	3581
D:\MAGIC\scripts\phase00\INBOX\standardGlyphOrder_EC063F7D_EC063F7D.py	5785
D:\MAGIC\scripts\phase00\INBOX\standardize_columns_2_A919E605_A919E605.py	372
D:\MAGIC\scripts\phase00\INBOX\stapled_534F690A_534F690A.py	4302
D:\MAGIC\scripts\phase00\INBOX\start_check_F63FF1B1_F63FF1B1.py	519
D:\MAGIC\scripts\phase00\INBOX\stata_05078DFA_05078DFA.py	131794
D:\MAGIC\scripts\phase00\INBOX\statisticsPen_A6258AE8_A6258AE8.py	9808
D:\MAGIC\scripts\phase00\INBOX\statNames_81718A59_81718A59.py	9237
D:\MAGIC\scripts\phase00\INBOX\status_809B085C_809B085C.py	4425
D:\MAGIC\scripts\phase00\INBOX\status_aggregator_389E2961_389E2961.py	2103
D:\MAGIC\scripts\phase00\INBOX\status_codes_88950078_88950078.py	4322
D:\MAGIC\scripts\phase00\INBOX\stat_5EE34A29_5EE34A29.py	4811
D:\MAGIC\scripts\phase00\INBOX\stop_B0A1E61D_B0A1E61D.py	2790
D:\MAGIC\scripts\phase00\INBOX\storage_9ADC08A2_9ADC08A2.py	78754
D:\MAGIC\scripts\phase00\INBOX\storage_manager_2_F29238CC_F29238CC.py	581
D:\MAGIC\scripts\phase00\INBOX\storage_manager_80B053AF_80B053AF.py	1227
D:\MAGIC\scripts\phase00\INBOX\storage_sync_2_14B578C6_14B578C6.py	77
D:\MAGIC\scripts\phase00\INBOX\stride_tricks_6908DB8E_6908DB8E.py	17710
D:\MAGIC\scripts\phase00\INBOX\string_arrow_8F6DBDB7_8F6DBDB7.py	15909
D:\MAGIC\scripts\phase00\INBOX\string_C89178DC_C89178DC.py	6860
D:\MAGIC\scripts\phase00\INBOX\string__4AE80E54_4AE80E54.py	18310
D:\MAGIC\scripts\phase00\INBOX\structs_215218A1_215218A1.py	4794
D:\MAGIC\scripts\phase00\INBOX\structures_F886E685_F886E685.py	2912
D:\MAGIC\scripts\phase00\INBOX\structure_tree_FF22F40D_FF22F40D.py	5659
D:\MAGIC\scripts\phase00\INBOX\styled_799367CC_799367CC.py	1258
D:\MAGIC\scripts\phase00\INBOX\style_A1D05B02_A1D05B02.py	26332
D:\MAGIC\scripts\phase00\INBOX\style_render_604C42DF_604C42DF.py	85698
D:\MAGIC\scripts\phase00\INBOX\subprocesses_2DB8BFBC_2DB8BFBC.py	892
D:\MAGIC\scripts\phase00\INBOX\subprocess_D0432181_D0432181.py	9200
D:\MAGIC\scripts\phase00\INBOX\subreddits_14C00938_14C00938.py	6460
D:\MAGIC\scripts\phase00\INBOX\subreddit_6F207590_6F207590.py	2394
D:\MAGIC\scripts\phase00\INBOX\subscribe_convertkit_2_15D4C541_15D4C541.py	529
D:\MAGIC\scripts\phase00\INBOX\subversion_BE166CF0_BE166CF0.py	11729
D:\MAGIC\scripts\phase00\INBOX\sum__90A6F637_90A6F637.py	3617
D:\MAGIC\scripts\phase00\INBOX\sun_476BB36A_476BB36A.py	1551
D:\MAGIC\scripts\phase00\INBOX\svgPathPen_4F76FA49_4F76FA49.py	8572
D:\MAGIC\scripts\phase00\INBOX\svg_2_91663028_91663028.py	37944
D:\MAGIC\scripts\phase00\INBOX\svg_EF5F2AB0_EF5F2AB0.py	7391
D:\MAGIC\scripts\phase00\INBOX\switch_to_4094EC28_4094EC28.py	5126
D:\MAGIC\scripts\phase00\INBOX\symfont_C79670A8_C79670A8.py	6977
D:\MAGIC\scripts\phase00\INBOX\syntax_5B5C6D74_5B5C6D74.py	34995
D:\MAGIC\scripts\phase00\INBOX\sysconfig_DF470DBC_DF470DBC.py	18858
D:\MAGIC\scripts\phase00\INBOX\system_info_D27526D5_D27526D5.py	11731
D:\MAGIC\scripts\phase00\INBOX\S_I_N_G__0850F2F1_0850F2F1.py	3317
D:\MAGIC\scripts\phase00\INBOX\S_T_A_T__CBD36258_CBD36258.py	498
D:\MAGIC\scripts\phase00\INBOX\S_V_G__C93175BC_C93175BC.py	7795
D:\MAGIC\scripts\phase00\INBOX\S__i_l_f_45A1B95F_45A1B95F.py	34987
D:\MAGIC\scripts\phase00\INBOX\S__i_l_l_563B67ED_563B67ED.py	3224
D:\MAGIC\scripts\phase00\INBOX\t2CharStringPen_1A01A495_1A01A495.py	2931
D:\MAGIC\scripts\phase00\INBOX\tables_ED2CD760_ED2CD760.py	10958
D:\MAGIC\scripts\phase00\INBOX\table_2AE45594_2AE45594.py	39682
D:\MAGIC\scripts\phase00\INBOX\table_builder_65E96D59_65E96D59.py	7469
D:\MAGIC\scripts\phase00\INBOX\tags_62B62180_62B62180.py	15697
D:\MAGIC\scripts\phase00\INBOX\tag_enricher_E3B0C442_E3B0C442.py	0
D:\MAGIC\scripts\phase00\INBOX\tag_icon_mapper_E3B0C442_E3B0C442.py	0
D:\MAGIC\scripts\phase00\INBOX\take_9A95FF8B_9A95FF8B.py	20504
D:\MAGIC\scripts\phase00\INBOX\target_33C245DA_33C245DA.py	26297
D:\MAGIC\scripts\phase00\INBOX\target_python_ABCAF34F_ABCAF34F.py	3857
D:\MAGIC\scripts\phase00\INBOX\tar_75A9BBF1_75A9BBF1.py	4111
D:\MAGIC\scripts\phase00\INBOX\task_status_3E812F02_3E812F02.py	947
D:\MAGIC\scripts\phase00\INBOX\teePen_3F501124_3F501124.py	1290
D:\MAGIC\scripts\phase00\INBOX\telegram_A2891172_A2891172.py	11115
D:\MAGIC\scripts\phase00\INBOX\template_63B67853_63B67853.py	24441
D:\MAGIC\scripts\phase00\INBOX\temp_dir_6825F8F3_6825F8F3.py	7702
D:\MAGIC\scripts\phase00\INBOX\terminal256_4FAD350E_4FAD350E.py	11736
D:\MAGIC\scripts\phase00\INBOX\terminal_0A377BB8_0A377BB8.py	4382
D:\MAGIC\scripts\phase00\INBOX\terminal_theme_D63E7EB9_D63E7EB9.py	3370
D:\MAGIC\scripts\phase00\INBOX\termui_BC062B28_BC062B28.py	30847
D:\MAGIC\scripts\phase00\INBOX\testing_2_F80F9E00_F80F9E00.py	18718
D:\MAGIC\scripts\phase00\INBOX\testing_9294BF42_9294BF42.py	13408
D:\MAGIC\scripts\phase00\INBOX\tests_5D8F39EC_5D8F39EC.py	6709
D:\MAGIC\scripts\phase00\INBOX\tests_905D69CF_905D69CF.py	6708
D:\MAGIC\scripts\phase00\INBOX\tests_content_FB14340B_FB14340B.py	148
D:\MAGIC\scripts\phase00\INBOX\tests_scrapers_2_D599FC90_D599FC90.py	807
D:\MAGIC\scripts\phase00\INBOX\tests_scrapers_A0552571_A0552571.py	192
D:\MAGIC\scripts\phase00\INBOX\testTools_DEF8FF2A_DEF8FF2A.py	7052
D:\MAGIC\scripts\phase00\INBOX\testutils_D713173A_D713173A.py	9972
D:\MAGIC\scripts\phase00\INBOX\test_28320057_28320057.py	8102
D:\MAGIC\scripts\phase00\INBOX\test_abc_4FB7046F_4FB7046F.py	2477
D:\MAGIC\scripts\phase00\INBOX\test_abnf_7C6677DF_7C6677DF.py	4629
D:\MAGIC\scripts\phase00\INBOX\test_abstract_interface_52D018BD_52D018BD.py	782
D:\MAGIC\scripts\phase00\INBOX\test_accessor_1117884E_1117884E.py	9025
D:\MAGIC\scripts\phase00\INBOX\test_add_prefix_suffix_88F7F348_88F7F348.py	1910
D:\MAGIC\scripts\phase00\INBOX\test_aggregate_DD7A5237_DD7A5237.py	55491
D:\MAGIC\scripts\phase00\INBOX\test_aggregation_FBD1A521_FBD1A521.py	2779
D:\MAGIC\scripts\phase00\INBOX\test_ai_content_BBA10654_BBA10654.py	397
D:\MAGIC\scripts\phase00\INBOX\test_algos_950B737C_950B737C.py	78583
D:\MAGIC\scripts\phase00\INBOX\test_align_17042BA9_17042BA9.py	17941
D:\MAGIC\scripts\phase00\INBOX\test_allowlist_DBC24B0D_DBC24B0D.py	10667
D:\MAGIC\scripts\phase00\INBOX\test_all_methods_790B0B2A_790B0B2A.py	3077
D:\MAGIC\scripts\phase00\INBOX\test_alter_axes_C87C8286_C87C8286.py	873
D:\MAGIC\scripts\phase00\INBOX\test_analytics_923C937B_923C937B.py	13486
D:\MAGIC\scripts\phase00\INBOX\test_any_all_EDB67696_EDB67696.py	5803
D:\MAGIC\scripts\phase00\INBOX\test_any_index_4EA4E0D3_4EA4E0D3.py	5144
D:\MAGIC\scripts\phase00\INBOX\test_api_BBAFE48E_BBAFE48E.py	22947
D:\MAGIC\scripts\phase00\INBOX\test_append_2E32CCAB_2E32CCAB.py	2191
D:\MAGIC\scripts\phase00\INBOX\test_append_common_67684197_67684197.py	27866
D:\MAGIC\scripts\phase00\INBOX\test_apply_05DA41DD_05DA41DD.py	54516
D:\MAGIC\scripts\phase00\INBOX\test_apply_mutate_97C290DA_97C290DA.py	5012
D:\MAGIC\scripts\phase00\INBOX\test_app_D18A138D_D18A138D.py	12364
D:\MAGIC\scripts\phase00\INBOX\test_argparse_9BACF3C1_9BACF3C1.py	2843
D:\MAGIC\scripts\phase00\INBOX\test_argsort_192BED32_192BED32.py	2871
D:\MAGIC\scripts\phase00\INBOX\test_arithmetics_4C2D807F_4C2D807F.py	20152
D:\MAGIC\scripts\phase00\INBOX\test_arithmetic_4D2D63DE_4D2D63DE.py	4177
D:\MAGIC\scripts\phase00\INBOX\test_arraymethod_11329D7B_11329D7B.py	3572
D:\MAGIC\scripts\phase00\INBOX\test_arrayobject_32C7EFCD_32C7EFCD.py	1047
D:\MAGIC\scripts\phase00\INBOX\test_arraypad_D53A6D0B_D53A6D0B.py	112677
D:\MAGIC\scripts\phase00\INBOX\test_arrayprint_3C706D82_3C706D82.py	51815
D:\MAGIC\scripts\phase00\INBOX\test_arraysetops_0CD1FB47_0CD1FB47.py	40586
D:\MAGIC\scripts\phase00\INBOX\test_arrayterator_D4B66681_D4B66681.py	1301
D:\MAGIC\scripts\phase00\INBOX\test_array_api_info_422F06F6_422F06F6.py	3028
D:\MAGIC\scripts\phase00\INBOX\test_array_coercion_EE16628A_EE16628A.py	35027
D:\MAGIC\scripts\phase00\INBOX\test_array_E210C57F_E210C57F.py	17159
D:\MAGIC\scripts\phase00\INBOX\test_array_from_pyobj_F3DD82BF_F3DD82BF.py	23529
D:\MAGIC\scripts\phase00\INBOX\test_array_interface_94E74CDD_94E74CDD.py	7706
D:\MAGIC\scripts\phase00\INBOX\test_array_ops_E2599945_E2599945.py	1064
D:\MAGIC\scripts\phase00\INBOX\test_array_to_datetime_B90393E2_B90393E2.py	11871
D:\MAGIC\scripts\phase00\INBOX\test_array_utils_84F5ED0A_84F5ED0A.py	1118
D:\MAGIC\scripts\phase00\INBOX\test_array_with_attr_4EEB8103_4EEB8103.py	1373
D:\MAGIC\scripts\phase00\INBOX\test_arrow_142D9594_142D9594.py	117491
D:\MAGIC\scripts\phase00\INBOX\test_arrow_compat_0B7BE9CF_0B7BE9CF.py	7194
D:\MAGIC\scripts\phase00\INBOX\test_arrow_interface_65ED407C_65ED407C.py	1505
D:\MAGIC\scripts\phase00\INBOX\test_asfreq_3022648E_3022648E.py	9341
D:\MAGIC\scripts\phase00\INBOX\test_asof_6E42B68B_6E42B68B.py	6732
D:\MAGIC\scripts\phase00\INBOX\test_assert_almost_equal_2B5FB673_2B5FB673.py	16803
D:\MAGIC\scripts\phase00\INBOX\test_assert_attr_equal_6574E88C_6574E88C.py	1045
D:\MAGIC\scripts\phase00\INBOX\test_assert_categorical_equal_C83995CD_C83995CD.py	2728
D:\MAGIC\scripts\phase00\INBOX\test_assert_extension_array_equal_AAEC3CE1_AAEC3CE1.py	3887
D:\MAGIC\scripts\phase00\INBOX\test_assert_frame_equal_4C2E4FF1_4C2E4FF1.py	13376
D:\MAGIC\scripts\phase00\INBOX\test_assert_index_equal_2DC4403A_2DC4403A.py	10154
D:\MAGIC\scripts\phase00\INBOX\test_assert_interval_array_equal_213A8BD1_213A8BD1.py	2158
D:\MAGIC\scripts\phase00\INBOX\test_assert_numpy_array_equal_7E06FC19_7E06FC19.py	6624
D:\MAGIC\scripts\phase00\INBOX\test_assert_produces_warning_24F501D3_24F501D3.py	8414
D:\MAGIC\scripts\phase00\INBOX\test_assert_series_equal_B0178006_B0178006.py	15072
D:\MAGIC\scripts\phase00\INBOX\test_assign_C4519113_C4519113.py	2982
D:\MAGIC\scripts\phase00\INBOX\test_assumed_shape_F243E841_F243E841.py	1467
D:\MAGIC\scripts\phase00\INBOX\test_astype_096BA81C_096BA81C.py	1849
D:\MAGIC\scripts\phase00\INBOX\test_asyncgen_BA43E0EE_BA43E0EE.py	11659
D:\MAGIC\scripts\phase00\INBOX\test_as_unit_52DFBF77_52DFBF77.py	2518
D:\MAGIC\scripts\phase00\INBOX\test_at_79086DB3_79086DB3.py	8092
D:\MAGIC\scripts\phase00\INBOX\test_at_time_26B41816_26B41816.py	4708
D:\MAGIC\scripts\phase00\INBOX\test_autocorr_4A7C442C_4A7C442C.py	1015
D:\MAGIC\scripts\phase00\INBOX\test_backend_AC4ED237_AC4ED237.py	3382
D:\MAGIC\scripts\phase00\INBOX\test_bar_134EC7E8_134EC7E8.py	12049
D:\MAGIC\scripts\phase00\INBOX\test_base_15395938_15395938.py	60527
D:\MAGIC\scripts\phase00\INBOX\test_base_indexer_173F3591_173F3591.py	15954
D:\MAGIC\scripts\phase00\INBOX\test_between_F70FFCB9_F70FFCB9.py	2584
D:\MAGIC\scripts\phase00\INBOX\test_between_time_AC3FA4D5_AC3FA4D5.py	8083
D:\MAGIC\scripts\phase00\INBOX\test_bin_groupby_9D919ED3_9D919ED3.py	1769
D:\MAGIC\scripts\phase00\INBOX\test_block_docstring_AB0C2BC1_AB0C2BC1.py	551
D:\MAGIC\scripts\phase00\INBOX\test_block_internals_2F7F676D_2F7F676D.py	16152
D:\MAGIC\scripts\phase00\INBOX\test_boolean_F59FBC30_F59FBC30.py	13486
D:\MAGIC\scripts\phase00\INBOX\test_bool_17A7D74A_17A7D74A.py	2821
D:\MAGIC\scripts\phase00\INBOX\test_boxplot_method_0F4E4838_0F4E4838.py	30157
D:\MAGIC\scripts\phase00\INBOX\test_budget_A68F4DD9_A68F4DD9.py	458
D:\MAGIC\scripts\phase00\INBOX\test_budget_backup_15F38624_15F38624.py	477
D:\MAGIC\scripts\phase00\INBOX\test_builder_0413018A_0413018A.py	1095
D:\MAGIC\scripts\phase00\INBOX\test_builder_2_0413018A_0413018A.py	1095
D:\MAGIC\scripts\phase00\INBOX\test_builder_registry_2_B6927936_B6927936.py	5064
D:\MAGIC\scripts\phase00\INBOX\test_builder_registry_B6927936_B6927936.py	5064
D:\MAGIC\scripts\phase00\INBOX\test_build_D2D707CF_D2D707CF.py	1605
D:\MAGIC\scripts\phase00\INBOX\test_build_dashboard_64F4C8E8_64F4C8E8.py	1022
D:\MAGIC\scripts\phase00\INBOX\test_build_ext_D54AC963_D54AC963.py	2935
D:\MAGIC\scripts\phase00\INBOX\test_business_day_829EE451_829EE451.py	6809
D:\MAGIC\scripts\phase00\INBOX\test_business_hour_2B617534_2B617534.py	58453
D:\MAGIC\scripts\phase00\INBOX\test_business_month_46C678B9_46C678B9.py	6718
D:\MAGIC\scripts\phase00\INBOX\test_business_quarter_CAE2ECD5_CAE2ECD5.py	12592
D:\MAGIC\scripts\phase00\INBOX\test_business_year_CE9429C6_CE9429C6.py	6437
D:\MAGIC\scripts\phase00\INBOX\test_byteswap_7C8AB317_7C8AB317.py	1987
D:\MAGIC\scripts\phase00\INBOX\test_calendar_49D333CE_49D333CE.py	3622
D:\MAGIC\scripts\phase00\INBOX\test_callback_208D28D1_208D28D1.py	7068
D:\MAGIC\scripts\phase00\INBOX\test_can_hold_element_DB301252_DB301252.py	2408
D:\MAGIC\scripts\phase00\INBOX\test_cases_1117A036_1117A036.py	6868
D:\MAGIC\scripts\phase00\INBOX\test_case_justify_5FF59AA7_5FF59AA7.py	13361
D:\MAGIC\scripts\phase00\INBOX\test_case_when_D180BE49_D180BE49.py	4223
D:\MAGIC\scripts\phase00\INBOX\test_casting_floatingpoint_errors_2790691D_2790691D.py	5083
D:\MAGIC\scripts\phase00\INBOX\test_casting_unittests_ECEE9855_ECEE9855.py	34666
D:\MAGIC\scripts\phase00\INBOX\test_categorical_94AE5F5E_94AE5F5E.py	742
D:\MAGIC\scripts\phase00\INBOX\test_category_57A3A5E3_57A3A5E3.py	14667
D:\MAGIC\scripts\phase00\INBOX\test_cat_AB1BBE7B_AB1BBE7B.py	13607
D:\MAGIC\scripts\phase00\INBOX\test_cat_accessor_D7E65123_D7E65123.py	9611
D:\MAGIC\scripts\phase00\INBOX\test_ccalendar_465D8E8E_465D8E8E.py	1903
D:\MAGIC\scripts\phase00\INBOX\test_ccompiler_opt_0D16AC4E_0D16AC4E.py	28060
D:\MAGIC\scripts\phase00\INBOX\test_ccompiler_opt_conf_CCE432E6_CCE432E6.py	6543
D:\MAGIC\scripts\phase00\INBOX\test_chained_assignment_deprecation_049A89DF_049A89DF.py	5750
D:\MAGIC\scripts\phase00\INBOX\test_chaining_and_caching_F93D1EF5_F93D1EF5.py	23479
D:\MAGIC\scripts\phase00\INBOX\test_channel_191CF6A0_191CF6A0.py	19518
D:\MAGIC\scripts\phase00\INBOX\test_character_6A971D29_6A971D29.py	21914
D:\MAGIC\scripts\phase00\INBOX\test_chebyshev_241C0F09_241C0F09.py	20773
D:\MAGIC\scripts\phase00\INBOX\test_check_indexer_B5FAF66B_B5FAF66B.py	3159
D:\MAGIC\scripts\phase00\INBOX\test_chrome_C793A941_C793A941.py	446
D:\MAGIC\scripts\phase00\INBOX\test_chunksize_237AD42A_237AD42A.py	11288
D:\MAGIC\scripts\phase00\INBOX\test_classes_B0A85060_B0A85060.py	18571
D:\MAGIC\scripts\phase00\INBOX\test_clean_lite_2_60BBE6C1_60BBE6C1.py	356
D:\MAGIC\scripts\phase00\INBOX\test_clipboard_D159825F_D159825F.py	13092
D:\MAGIC\scripts\phase00\INBOX\test_clip_6A129FEC_6A129FEC.py	3077
D:\MAGIC\scripts\phase00\INBOX\test_coercion_98C1114D_98C1114D.py	6100
D:\MAGIC\scripts\phase00\INBOX\test_combine_C0D690AA_C0D690AA.py	1359
D:\MAGIC\scripts\phase00\INBOX\test_combine_concat_DCD3105D_DCD3105D.py	2651
D:\MAGIC\scripts\phase00\INBOX\test_combine_first_2B461000_2B461000.py	19726
D:\MAGIC\scripts\phase00\INBOX\test_comments_55C8C85F_55C8C85F.py	683
D:\MAGIC\scripts\phase00\INBOX\test_comment_A470FC89_A470FC89.py	7561
D:\MAGIC\scripts\phase00\INBOX\test_common_82BE0C17_82BE0C17.py	644
D:\MAGIC\scripts\phase00\INBOX\test_common_basic_79691561_79691561.py	31044
D:\MAGIC\scripts\phase00\INBOX\test_compare_8FB67FFB_8FB67FFB.py	9615
D:\MAGIC\scripts\phase00\INBOX\test_comparisons_CF1CD2A8_CF1CD2A8.py	10059
D:\MAGIC\scripts\phase00\INBOX\test_comparison_4085FCE5_4085FCE5.py	1976
D:\MAGIC\scripts\phase00\INBOX\test_compat_747B2DCA_747B2DCA.py	872
D:\MAGIC\scripts\phase00\INBOX\test_compile_function_64902A14_64902A14.py	4234
D:\MAGIC\scripts\phase00\INBOX\test_complex_09410411_09410411.py	5948
D:\MAGIC\scripts\phase00\INBOX\test_compression_3F8C4C99_3F8C4C99.py	12259
D:\MAGIC\scripts\phase00\INBOX\test_concatenate_chunks_443D4C52_443D4C52.py	1128
D:\MAGIC\scripts\phase00\INBOX\test_concat_F913BEA7_F913BEA7.py	573
D:\MAGIC\scripts\phase00\INBOX\test_configtool_5E195DAB_5E195DAB.py	1781
D:\MAGIC\scripts\phase00\INBOX\test_config_76B1BFA0_76B1BFA0.py	18243
D:\MAGIC\scripts\phase00\INBOX\test_console_8C0935C2_8C0935C2.py	2435
D:\MAGIC\scripts\phase00\INBOX\test_construction_D4A19A32_D4A19A32.py	12332
D:\MAGIC\scripts\phase00\INBOX\test_constructors_709A5725_709A5725.py	30758
D:\MAGIC\scripts\phase00\INBOX\test_construct_from_scalar_20D74E89_20D74E89.py	1780
D:\MAGIC\scripts\phase00\INBOX\test_construct_ndarray_0F9DA8B1_0F9DA8B1.py	1316
D:\MAGIC\scripts\phase00\INBOX\test_construct_object_arr_78E994BB_78E994BB.py	717
D:\MAGIC\scripts\phase00\INBOX\test_contains_A13B0DFE_A13B0DFE.py	204
D:\MAGIC\scripts\phase00\INBOX\test_content_A62605DF_A62605DF.py	1010
D:\MAGIC\scripts\phase00\INBOX\test_contextvars_C99B6B9F_C99B6B9F.py	10659
D:\MAGIC\scripts\phase00\INBOX\test_conversion_23D6AAA5_23D6AAA5.py	19046
D:\MAGIC\scripts\phase00\INBOX\test_conversion_utils_DD907398_DD907398.py	6355
D:\MAGIC\scripts\phase00\INBOX\test_converters_C40D758F_C40D758F.py	7440
D:\MAGIC\scripts\phase00\INBOX\test_converter_A42DC867_A42DC867.py	13251
D:\MAGIC\scripts\phase00\INBOX\test_convert_dtypes_EDC701F6_EDC701F6.py	7848
D:\MAGIC\scripts\phase00\INBOX\test_convert_EFF65148_EFF65148.py	5059
D:\MAGIC\scripts\phase00\INBOX\test_cookiejar_14D9BD1E_14D9BD1E.py	4395
D:\MAGIC\scripts\phase00\INBOX\test_copy_41E0E887_41E0E887.py	1873
D:\MAGIC\scripts\phase00\INBOX\test_core_1CB5480A_1CB5480A.py	228057
D:\MAGIC\scripts\phase00\INBOX\test_core_functionalities_33E131A2_33E131A2.py	3506
D:\MAGIC\scripts\phase00\INBOX\test_corrwith_9EC78FE9_9EC78FE9.py	615
D:\MAGIC\scripts\phase00\INBOX\test_counting_8901AED9_8901AED9.py	13618
D:\MAGIC\scripts\phase00\INBOX\test_count_6AFCC8BB_6AFCC8BB.py	1083
D:\MAGIC\scripts\phase00\INBOX\test_count_with_level_deprecated_A7384B70_A7384B70.py	4340
D:\MAGIC\scripts\phase00\INBOX\test_cov_corr_E4B90D5E_E4B90D5E.py	17875
D:\MAGIC\scripts\phase00\INBOX\test_cpp_218BF72C_218BF72C.py	2745
D:\MAGIC\scripts\phase00\INBOX\test_cpu_dispatcher_A76A1CF3_A76A1CF3.py	1635
D:\MAGIC\scripts\phase00\INBOX\test_cpu_features_272AE87E_272AE87E.py	16213
D:\MAGIC\scripts\phase00\INBOX\test_crackfortran_A9723EBE_A9723EBE.py	16569
D:\MAGIC\scripts\phase00\INBOX\test_create_manifest_covfill_8C311A6E_8C311A6E.py	1209
D:\MAGIC\scripts\phase00\INBOX\test_crosstab_7C94EAAE_7C94EAAE.py	32578
D:\MAGIC\scripts\phase00\INBOX\test_css_2_4FF1C233_4FF1C233.py	18625
D:\MAGIC\scripts\phase00\INBOX\test_css_6051CADD_6051CADD.py	8669
D:\MAGIC\scripts\phase00\INBOX\test_ctypeslib_7206E2C4_7206E2C4.py	12579
D:\MAGIC\scripts\phase00\INBOX\test_cumulative_5FF487B6_5FF487B6.py	1307
D:\MAGIC\scripts\phase00\INBOX\test_custom_business_day_1F54E280_1F54E280.py	3181
D:\MAGIC\scripts\phase00\INBOX\test_custom_business_hour_07F2F04D_07F2F04D.py	12313
D:\MAGIC\scripts\phase00\INBOX\test_custom_business_month_233820CA_233820CA.py	13363
D:\MAGIC\scripts\phase00\INBOX\test_custom_dtypes_71696F97_71696F97.py	11893
D:\MAGIC\scripts\phase00\INBOX\test_cut_1B2D15D6_1B2D15D6.py	24641
D:\MAGIC\scripts\phase00\INBOX\test_cython_77CA6F48_77CA6F48.py	10046
D:\MAGIC\scripts\phase00\INBOX\test_cython_aggregations_C0F024EF_C0F024EF.py	3967
D:\MAGIC\scripts\phase00\INBOX\test_c_parser_only_11D6D36E_11D6D36E.py	20722
D:\MAGIC\scripts\phase00\INBOX\test_dammit_2_4D00957B_4D00957B.py	17840
D:\MAGIC\scripts\phase00\INBOX\test_dammit_2_8A2B36C3_8A2B36C3.py	17824
D:\MAGIC\scripts\phase00\INBOX\test_dammit_4D00957B_4D00957B.py	17840
D:\MAGIC\scripts\phase00\INBOX\test_dammit_8A2B36C3_8A2B36C3.py	17824
D:\MAGIC\scripts\phase00\INBOX\test_dashboard_queries_ACCD8D2A_ACCD8D2A.py	459
D:\MAGIC\scripts\phase00\INBOX\test_dataframe_FAF39B04_FAF39B04.py	8864
D:\MAGIC\scripts\phase00\INBOX\test_data_552C2481_552C2481.py	2997
D:\MAGIC\scripts\phase00\INBOX\test_data_list_395E7E34_395E7E34.py	2229
D:\MAGIC\scripts\phase00\INBOX\test_datetime64_7FDED5F7_7FDED5F7.py	90255
D:\MAGIC\scripts\phase00\INBOX\test_datetimeindex_4A5DB6E1_4A5DB6E1.py	1980
D:\MAGIC\scripts\phase00\INBOX\test_datetimelike_885879DA_885879DA.py	46254
D:\MAGIC\scripts\phase00\INBOX\test_datetimes_58F7A733_58F7A733.py	29113
D:\MAGIC\scripts\phase00\INBOX\test_datetime_27309C4D_27309C4D.py	123258
D:\MAGIC\scripts\phase00\INBOX\test_datetime_index_B94793E2_B94793E2.py	74471
D:\MAGIC\scripts\phase00\INBOX\test_date_converters_9B88A0F2_9B88A0F2.py	1368
D:\MAGIC\scripts\phase00\INBOX\test_date_range_D821021F_D821021F.py	61363
D:\MAGIC\scripts\phase00\INBOX\test_db_ingestion_83B0504E_83B0504E.py	452
D:\MAGIC\scripts\phase00\INBOX\test_decimal_95469D17_95469D17.py	20248
D:\MAGIC\scripts\phase00\INBOX\test_defchararray_C991A9A5_C991A9A5.py	29497
D:\MAGIC\scripts\phase00\INBOX\test_defmatrix_A903F742_A903F742.py	15050
D:\MAGIC\scripts\phase00\INBOX\test_delete_25A6870F_25A6870F.py	4441
D:\MAGIC\scripts\phase00\INBOX\test_delitem_F9811105_F9811105.py	1832
D:\MAGIC\scripts\phase00\INBOX\test_deprecated_519A0B3B_519A0B3B.py	11516
D:\MAGIC\scripts\phase00\INBOX\test_deprecated_kwargs_33869EFB_33869EFB.py	691
D:\MAGIC\scripts\phase00\INBOX\test_deprecate_D611A879_D611A879.py	1617
D:\MAGIC\scripts\phase00\INBOX\test_deprecate_kwarg_ED3D9090_ED3D9090.py	2043
D:\MAGIC\scripts\phase00\INBOX\test_deprecate_nonkeyword_arguments_D1492A22_D1492A22.py	3623
D:\MAGIC\scripts\phase00\INBOX\test_deprecate_strict_exception_groups_false_F15EB760_F15EB760.py	1874
D:\MAGIC\scripts\phase00\INBOX\test_deprecations_1E509D08_1E509D08.py	639
D:\MAGIC\scripts\phase00\INBOX\test_deprecations_2_1E509D08_1E509D08.py	639
D:\MAGIC\scripts\phase00\INBOX\test_deprecations_3_D0D6168C_D0D6168C.py	2244
D:\MAGIC\scripts\phase00\INBOX\test_describe_0C0634E1_0C0634E1.py	14500
D:\MAGIC\scripts\phase00\INBOX\test_dialect_B60B1D9E_B60B1D9E.py	5844
D:\MAGIC\scripts\phase00\INBOX\test_dict_compat_AB29FB90_AB29FB90.py	476
D:\MAGIC\scripts\phase00\INBOX\test_diff_0F2CF895_0F2CF895.py	10099
D:\MAGIC\scripts\phase00\INBOX\test_direct_AFC7CA36_AFC7CA36.py	19709
D:\MAGIC\scripts\phase00\INBOX\test_dlpack_B20938DE_B20938DE.py	6034
D:\MAGIC\scripts\phase00\INBOX\test_docs_AE2AE6D5_AE2AE6D5.py	1788
D:\MAGIC\scripts\phase00\INBOX\test_doctesting_9AE2D5A1_9AE2D5A1.py	1350
D:\MAGIC\scripts\phase00\INBOX\test_doc_BB47F10A_BB47F10A.py	1492
D:\MAGIC\scripts\phase00\INBOX\test_dot_B5F643D4_B5F643D4.py	4623
D:\MAGIC\scripts\phase00\INBOX\test_downcast_0B3BB2C0_0B3BB2C0.py	2778
D:\MAGIC\scripts\phase00\INBOX\test_downstream_5E04F78E_5E04F78E.py	10857
D:\MAGIC\scripts\phase00\INBOX\test_droplevel_2F580032_2F580032.py	1253
D:\MAGIC\scripts\phase00\INBOX\test_dropna_F65F0604_F65F0604.py	10315
D:\MAGIC\scripts\phase00\INBOX\test_drop_duplicates_19227B56_19227B56.py	14503
D:\MAGIC\scripts\phase00\INBOX\test_drop_E3545398_E3545398.py	20362
D:\MAGIC\scripts\phase00\INBOX\test_dst_71DB218A_71DB218A.py	9140
D:\MAGIC\scripts\phase00\INBOX\test_dtls_AE213C68_AE213C68.py	34313
D:\MAGIC\scripts\phase00\INBOX\test_dtypes_875661B8_875661B8.py	5523
D:\MAGIC\scripts\phase00\INBOX\test_dtypes_basic_3BEE5B02_3BEE5B02.py	18822
D:\MAGIC\scripts\phase00\INBOX\test_dtype_39300323_39300323.py	79758
D:\MAGIC\scripts\phase00\INBOX\test_dt_accessor_14E372D7_14E372D7.py	29877
D:\MAGIC\scripts\phase00\INBOX\test_duplicated_D43405B8_D43405B8.py	3305
D:\MAGIC\scripts\phase00\INBOX\test_duplicates_EFF14FE9_EFF14FE9.py	11559
D:\MAGIC\scripts\phase00\INBOX\test_duplicate_labels_EBD5040E_EBD5040E.py	14507
D:\MAGIC\scripts\phase00\INBOX\test_e2e_smoketest_EB82E289_EB82E289.py	1419
D:\MAGIC\scripts\phase00\INBOX\test_easter_2F1BDAF6_2F1BDAF6.py	1151
D:\MAGIC\scripts\phase00\INBOX\test_einsum_CCBAA353_CCBAA353.py	57438
D:\MAGIC\scripts\phase00\INBOX\test_element_2_3D4A97DD_3D4A97DD.py	4374
D:\MAGIC\scripts\phase00\INBOX\test_element_3D4A97DD_3D4A97DD.py	4374
D:\MAGIC\scripts\phase00\INBOX\test_empty_F6FAB3DF_F6FAB3DF.py	5259
D:\MAGIC\scripts\phase00\INBOX\test_encoding_E0DE47D9_E0DE47D9.py	10783
D:\MAGIC\scripts\phase00\INBOX\test_engines_AEADC9CC_AEADC9CC.py	6699
D:\MAGIC\scripts\phase00\INBOX\test_eng_formatting_42A15924_42A15924.py	8454
D:\MAGIC\scripts\phase00\INBOX\test_equals_00599B73_00599B73.py	2996
D:\MAGIC\scripts\phase00\INBOX\test_equivalence_2CA04C02_2CA04C02.py	8530
D:\MAGIC\scripts\phase00\INBOX\test_errors_E1657141_E1657141.py	2789
D:\MAGIC\scripts\phase00\INBOX\test_errstate_4E2354E9_4E2354E9.py	4720
D:\MAGIC\scripts\phase00\INBOX\test_eval_4C93AB47_4C93AB47.py	71699
D:\MAGIC\scripts\phase00\INBOX\test_ewm_175041E4_175041E4.py	23020
D:\MAGIC\scripts\phase00\INBOX\test_exceptiongroup_gc_D2A517ED_D2A517ED.py	2814
D:\MAGIC\scripts\phase00\INBOX\test_exceptions_AA6EB636_AA6EB636.py	1002
D:\MAGIC\scripts\phase00\INBOX\test_exec_command_7D5778C0_7D5778C0.py	7349
D:\MAGIC\scripts\phase00\INBOX\test_expanding_2B3FB6C1_2B3FB6C1.py	24239
D:\MAGIC\scripts\phase00\INBOX\test_explode_A11F7E5F_A11F7E5F.py	9058
D:\MAGIC\scripts\phase00\INBOX\test_exports_CD94B18E_CD94B18E.py	22545
D:\MAGIC\scripts\phase00\INBOX\test_expressions_7F24DA7F_7F24DA7F.py	14256
D:\MAGIC\scripts\phase00\INBOX\test_extending_EE079795_EE079795.py	4441
D:\MAGIC\scripts\phase00\INBOX\test_extension_C05F2ADC_C05F2ADC.py	560
D:\MAGIC\scripts\phase00\INBOX\test_extension_interface_4DBF22CE_4DBF22CE.py	3727
D:\MAGIC\scripts\phase00\INBOX\test_external_block_E1938F4C_E1938F4C.py	1083
D:\MAGIC\scripts\phase00\INBOX\test_extint128_34444BD2_34444BD2.py	5606
D:\MAGIC\scripts\phase00\INBOX\test_extract_2EE1A46E_2EE1A46E.py	26463
D:\MAGIC\scripts\phase00\INBOX\test_extract_array_2F77C48C_2F77C48C.py	637
D:\MAGIC\scripts\phase00\INBOX\test_extras_998668B6_998668B6.py	77880
D:\MAGIC\scripts\phase00\INBOX\test_f2cmap_0367635B_0367635B.py	388
D:\MAGIC\scripts\phase00\INBOX\test_f2py2e_44587A18_44587A18.py	27622
D:\MAGIC\scripts\phase00\INBOX\test_factorize_3227F4F6_3227F4F6.py	4468
D:\MAGIC\scripts\phase00\INBOX\test_fakenet_BDF7C058_BDF7C058.py	9804
D:\MAGIC\scripts\phase00\INBOX\test_fcompiler_8470F934_8470F934.py	1276
D:\MAGIC\scripts\phase00\INBOX\test_fcompiler_gnu_3802B496_3802B496.py	2174
D:\MAGIC\scripts\phase00\INBOX\test_fcompiler_intel_A2AECBEE_A2AECBEE.py	1138
D:\MAGIC\scripts\phase00\INBOX\test_fcompiler_nagfor_8E2E2913_8E2E2913.py	921
D:\MAGIC\scripts\phase00\INBOX\test_feather_EF8B3746_EF8B3746.py	10217
D:\MAGIC\scripts\phase00\INBOX\test_federal_BA438E49_BA438E49.py	1948
D:\MAGIC\scripts\phase00\INBOX\test_fields_0502A505_0502A505.py	1352
D:\MAGIC\scripts\phase00\INBOX\test_file_buffer_url_856102C9_856102C9.py	13952
D:\MAGIC\scripts\phase00\INBOX\test_file_handling_A142A6AD_A142A6AD.py	15573
D:\MAGIC\scripts\phase00\INBOX\test_file_io_93233352_93233352.py	7716
D:\MAGIC\scripts\phase00\INBOX\test_file_not_found_910D2279_910D2279.py	200
D:\MAGIC\scripts\phase00\INBOX\test_fillna_ABD2D985_ABD2D985.py	1522
D:\MAGIC\scripts\phase00\INBOX\test_filters_B85BD78D_B85BD78D.py	21870
D:\MAGIC\scripts\phase00\INBOX\test_filter_2_C5654434_C5654434.py	27458
D:\MAGIC\scripts\phase00\INBOX\test_filter_A13EB7F9_A13EB7F9.py	5422
D:\MAGIC\scripts\phase00\INBOX\test_finalize_2913204D_2913204D.py	28853
D:\MAGIC\scripts\phase00\INBOX\test_financial_expired_E704B1AD_E704B1AD.py	344
D:\MAGIC\scripts\phase00\INBOX\test_find_common_type_73FFC66E_73FFC66E.py	5226
D:\MAGIC\scripts\phase00\INBOX\test_find_replace_FC1155EC_FC1155EC.py	37896
D:\MAGIC\scripts\phase00\INBOX\test_first_and_last_CCE6A00F_CCE6A00F.py	5350
D:\MAGIC\scripts\phase00\INBOX\test_first_valid_index_B6FC7273_B6FC7273.py	2575
D:\MAGIC\scripts\phase00\INBOX\test_fiscal_F6DE0C2F_F6DE0C2F.py	26733
D:\MAGIC\scripts\phase00\INBOX\test_flags_0ECBBAA6_0ECBBAA6.py	1550
D:\MAGIC\scripts\phase00\INBOX\test_floating_99D157B0_99D157B0.py	5333
D:\MAGIC\scripts\phase00\INBOX\test_floats_286FD3FC_286FD3FC.py	20603
D:\MAGIC\scripts\phase00\INBOX\test_float_3EEE9E21_3EEE9E21.py	2583
D:\MAGIC\scripts\phase00\INBOX\test_formats_00045245_00045245.py	317
D:\MAGIC\scripts\phase00\INBOX\test_formatter_2_4E4A292C_4E4A292C.py	6929
D:\MAGIC\scripts\phase00\INBOX\test_formatter_4E4A292C_4E4A292C.py	6929
D:\MAGIC\scripts\phase00\INBOX\test_format_0900014A_0900014A.py	44754
D:\MAGIC\scripts\phase00\INBOX\test_frame_87AAF97F_87AAF97F.py	7332
D:\MAGIC\scripts\phase00\INBOX\test_frame_apply_78973536_78973536.py	54550
D:\MAGIC\scripts\phase00\INBOX\test_frame_apply_relabeling_8C77DEC1_8C77DEC1.py	3772
D:\MAGIC\scripts\phase00\INBOX\test_frame_color_0F973177_0F973177.py	28487
D:\MAGIC\scripts\phase00\INBOX\test_frame_groupby_EDEE080D_EDEE080D.py	2545
D:\MAGIC\scripts\phase00\INBOX\test_frame_legend_D7436F3A_D7436F3A.py	10443
D:\MAGIC\scripts\phase00\INBOX\test_frame_subplots_6354EF68_6354EF68.py	28984
D:\MAGIC\scripts\phase00\INBOX\test_frame_transform_6DB01C62_6DB01C62.py	8020
D:\MAGIC\scripts\phase00\INBOX\test_frame_value_counts_0B87B886_0B87B886.py	25189
D:\MAGIC\scripts\phase00\INBOX\test_frequencies_B7223D7B_B7223D7B.py	821
D:\MAGIC\scripts\phase00\INBOX\test_freq_attr_A17FDCC1_A17FDCC1.py	1732
D:\MAGIC\scripts\phase00\INBOX\test_freq_code_86F425DF_86F425DF.py	1727
D:\MAGIC\scripts\phase00\INBOX\test_from_dict_57065934_57065934.py	7988
D:\MAGIC\scripts\phase00\INBOX\test_from_dummies_143C6B87_143C6B87.py	13343
D:\MAGIC\scripts\phase00\INBOX\test_from_records_CE7C5546_CE7C5546.py	18570
D:\MAGIC\scripts\phase00\INBOX\test_from_template_33AFD1B4_33AFD1B4.py	1102
D:\MAGIC\scripts\phase00\INBOX\test_frozen_A1CC2669_A1CC2669.py	3125
D:\MAGIC\scripts\phase00\INBOX\test_fsspec_E965B4B0_E965B4B0.py	10547
D:\MAGIC\scripts\phase00\INBOX\test_functions_D0A570D4_D0A570D4.py	15734
D:\MAGIC\scripts\phase00\INBOX\test_function_78056CBB_78056CBB.py	4061
D:\MAGIC\scripts\phase00\INBOX\test_function_base_2_F8BE7BD4_F8BE7BD4.py	133369
D:\MAGIC\scripts\phase00\INBOX\test_function_base_893FDC8B_893FDC8B.py	167780
D:\MAGIC\scripts\phase00\INBOX\test_fuzz_2_CB68F6D9_CB68F6D9.py	7124
D:\MAGIC\scripts\phase00\INBOX\test_fuzz_CB68F6D9_CB68F6D9.py	7124
D:\MAGIC\scripts\phase00\INBOX\test_gbq_F6D03ADA_F6D03ADA.py	401
D:\MAGIC\scripts\phase00\INBOX\test_gcs_C6F46124_C6F46124.py	7334
D:\MAGIC\scripts\phase00\INBOX\test_gc_19E3F06C_19E3F06C.py	2931
D:\MAGIC\scripts\phase00\INBOX\test_generator_F4AB8F6F_F4AB8F6F.py	1246
D:\MAGIC\scripts\phase00\INBOX\test_generator_mt19937_79B72012_79B72012.py	118732
D:\MAGIC\scripts\phase00\INBOX\test_generator_mt19937_regressions_D0F19D66_D0F19D66.py	8113
D:\MAGIC\scripts\phase00\INBOX\test_generator_nested_E031CBA6_E031CBA6.py	3828
D:\MAGIC\scripts\phase00\INBOX\test_generic_4F35088A_4F35088A.py	4842
D:\MAGIC\scripts\phase00\INBOX\test_generic_alias_DCB0FCAE_DCB0FCAE.py	5169
D:\MAGIC\scripts\phase00\INBOX\test_gen_exports_AAFD1220_AAFD1220.py	4982
D:\MAGIC\scripts\phase00\INBOX\test_getitem_F71A20AF_F71A20AF.py	15002
D:\MAGIC\scripts\phase00\INBOX\test_getlimits_9D1A168D_9D1A168D.py	7335
D:\MAGIC\scripts\phase00\INBOX\test_get_374D3F8A_374D3F8A.py	662
D:\MAGIC\scripts\phase00\INBOX\test_get_dummies_A79D9376_A79D9376.py	27605
D:\MAGIC\scripts\phase00\INBOX\test_get_level_values_58548398_58548398.py	3971
D:\MAGIC\scripts\phase00\INBOX\test_get_numeric_data_9E2155F0_9E2155F0.py	3416
D:\MAGIC\scripts\phase00\INBOX\test_get_set_440A9391_440A9391.py	12870
D:\MAGIC\scripts\phase00\INBOX\test_get_value_03E19B08_03E19B08.py	679
D:\MAGIC\scripts\phase00\INBOX\test_greenlet_9D72DBD3_9D72DBD3.py	46398
D:\MAGIC\scripts\phase00\INBOX\test_greenlet_trash_B5DCC837_B5DCC837.py	8010
D:\MAGIC\scripts\phase00\INBOX\test_groupby_7EA0265D_7EA0265D.py	108961
D:\MAGIC\scripts\phase00\INBOX\test_groupby_dropna_4946FB59_4946FB59.py	23509
D:\MAGIC\scripts\phase00\INBOX\test_groupby_shift_diff_E1730086_E1730086.py	7925
D:\MAGIC\scripts\phase00\INBOX\test_groupby_subclass_7FDFFEC2_7FDFFEC2.py	4580
D:\MAGIC\scripts\phase00\INBOX\test_grouping_7FBB50F2_7FBB50F2.py	45897
D:\MAGIC\scripts\phase00\INBOX\test_guest_mode_732B106E_732B106E.py	25755
D:\MAGIC\scripts\phase00\INBOX\test_half_92C496C2_92C496C2.py	24225
D:\MAGIC\scripts\phase00\INBOX\test_hashing_663A050A_663A050A.py	13857
D:\MAGIC\scripts\phase00\INBOX\test_hashtable_9BDF8844_9BDF8844.py	1147
D:\MAGIC\scripts\phase00\INBOX\test_hashtag_7163A6E0_7163A6E0.py	2228
D:\MAGIC\scripts\phase00\INBOX\test_header_CEF4AEF9_CEF4AEF9.py	21029
D:\MAGIC\scripts\phase00\INBOX\test_head_tail_AAEB8592_AAEB8592.py	1935
D:\MAGIC\scripts\phase00\INBOX\test_helper_38E6CCED_38E6CCED.py	5990
D:\MAGIC\scripts\phase00\INBOX\test_hermite_A681E0E7_A681E0E7.py	18806
D:\MAGIC\scripts\phase00\INBOX\test_hermite_e_559D83B5_559D83B5.py	19117
D:\MAGIC\scripts\phase00\INBOX\test_highlevel_generic_41F3F5AE_41F3F5AE.py	3036
D:\MAGIC\scripts\phase00\INBOX\test_highlevel_open_tcp_listeners_3751AA27_3751AA27.py	13545
D:\MAGIC\scripts\phase00\INBOX\test_highlevel_open_tcp_stream_8C821B88_8C821B88.py	22568
D:\MAGIC\scripts\phase00\INBOX\test_highlevel_open_unix_stream_530D4ED8_530D4ED8.py	2445
D:\MAGIC\scripts\phase00\INBOX\test_highlevel_serve_listeners_37556B53_37556B53.py	6107
D:\MAGIC\scripts\phase00\INBOX\test_highlevel_socket_FAD51707_FAD51707.py	11050
D:\MAGIC\scripts\phase00\INBOX\test_highlevel_ssl_helpers_97761B42_97761B42.py	5813
D:\MAGIC\scripts\phase00\INBOX\test_highlight_A76BD185_A76BD185.py	7003
D:\MAGIC\scripts\phase00\INBOX\test_histograms_6C1854D9_6C1854D9.py	35560
D:\MAGIC\scripts\phase00\INBOX\test_hist_box_by_F23A9541_F23A9541.py	10969
D:\MAGIC\scripts\phase00\INBOX\test_hist_method_EFBC31E5_EFBC31E5.py	34971
D:\MAGIC\scripts\phase00\INBOX\test_holiday_D0DB0492_D0DB0492.py	11173
D:\MAGIC\scripts\phase00\INBOX\test_html5lib_2_96330E01_96330E01.py	9206
D:\MAGIC\scripts\phase00\INBOX\test_html5lib_96330E01_96330E01.py	9206
D:\MAGIC\scripts\phase00\INBOX\test_htmlparser_2_8831C423_8831C423.py	6662
D:\MAGIC\scripts\phase00\INBOX\test_htmlparser_8831C423_8831C423.py	6662
D:\MAGIC\scripts\phase00\INBOX\test_html_D5600526_D5600526.py	56509
D:\MAGIC\scripts\phase00\INBOX\test_http_54BA8695_54BA8695.py	12461
D:\MAGIC\scripts\phase00\INBOX\test_http_headers_44462ED8_44462ED8.py	4886
D:\MAGIC\scripts\phase00\INBOX\test_iat_710ACCAF_710ACCAF.py	1492
D:\MAGIC\scripts\phase00\INBOX\test_iloc_D32163DA_D32163DA.py	51661
D:\MAGIC\scripts\phase00\INBOX\test_impl_6D977A50_6D977A50.py	20214
D:\MAGIC\scripts\phase00\INBOX\test_imports_6A0FDAAA_6A0FDAAA.py	105
D:\MAGIC\scripts\phase00\INBOX\test_import_error_F02F54DA_F02F54DA.py	160
D:\MAGIC\scripts\phase00\INBOX\test_indexerrors_E26F45E7_E26F45E7.py	4708
D:\MAGIC\scripts\phase00\INBOX\test_indexers_6A037F30_6A037F30.py	1661
D:\MAGIC\scripts\phase00\INBOX\test_indexing_19B4BC3F_19B4BC3F.py	55039
D:\MAGIC\scripts\phase00\INBOX\test_indexing_slow_9CC7D6D4_9CC7D6D4.py	3335
D:\MAGIC\scripts\phase00\INBOX\test_index_07CE3D13_07CE3D13.py	5363
D:\MAGIC\scripts\phase00\INBOX\test_index_as_string_6F000C5D_6F000C5D.py	2274
D:\MAGIC\scripts\phase00\INBOX\test_index_col_A88B5D1F_A88B5D1F.py	11515
D:\MAGIC\scripts\phase00\INBOX\test_index_new_ED6A62C9_ED6A62C9.py	14924
D:\MAGIC\scripts\phase00\INBOX\test_index_tricks_C9C7593D_C9C7593D.py	19998
D:\MAGIC\scripts\phase00\INBOX\test_inference_3590BE51_3590BE51.py	71447
D:\MAGIC\scripts\phase00\INBOX\test_infer_datetimelike_EAFA2BFD_EAFA2BFD.py	603
D:\MAGIC\scripts\phase00\INBOX\test_infer_dtype_5822EDB3_5822EDB3.py	6001
D:\MAGIC\scripts\phase00\INBOX\test_infer_objects_2CD39FD9_2CD39FD9.py	1241
D:\MAGIC\scripts\phase00\INBOX\test_info_5C0E160C_5C0E160C.py	17923
D:\MAGIC\scripts\phase00\INBOX\test_inf_24CBC155_24CBC155.py	2115
D:\MAGIC\scripts\phase00\INBOX\test_insert_D5FC1B19_D5FC1B19.py	4075
D:\MAGIC\scripts\phase00\INBOX\test_instrumentation_6F6407EA_6F6407EA.py	9681
D:\MAGIC\scripts\phase00\INBOX\test_integer_04D123CD_04D123CD.py	5944
D:\MAGIC\scripts\phase00\INBOX\test_integration_D4E9B340_D4E9B340.py	1134
D:\MAGIC\scripts\phase00\INBOX\test_integrity_573C95DD_573C95DD.py	9031
D:\MAGIC\scripts\phase00\INBOX\test_integrity_checker_98FA0B8A_98FA0B8A.py	1154
D:\MAGIC\scripts\phase00\INBOX\test_interaction_7A039DB8_7A039DB8.py	11979
D:\MAGIC\scripts\phase00\INBOX\test_internals_DCD6D676_DCD6D676.py	5063
D:\MAGIC\scripts\phase00\INBOX\test_interpolate_714BE39F_714BE39F.py	20273
D:\MAGIC\scripts\phase00\INBOX\test_interp_fillna_EA72DFC0_EA72DFC0.py	15299
D:\MAGIC\scripts\phase00\INBOX\test_interval_D931B52E_D931B52E.py	10951
D:\MAGIC\scripts\phase00\INBOX\test_interval_new_2243F208_2243F208.py	7976
D:\MAGIC\scripts\phase00\INBOX\test_interval_pyarrow_3E43D3AE_3E43D3AE.py	5202
D:\MAGIC\scripts\phase00\INBOX\test_interval_range_CFF66236_CFF66236.py	13758
D:\MAGIC\scripts\phase00\INBOX\test_interval_tree_C87CA896_C87CA896.py	7560
D:\MAGIC\scripts\phase00\INBOX\test_ints_B0090F58_B0090F58.py	7244
D:\MAGIC\scripts\phase00\INBOX\test_invalid_13B2277E_13B2277E.py	1608
D:\MAGIC\scripts\phase00\INBOX\test_invalid_arg_83769893_83769893.py	11176
D:\MAGIC\scripts\phase00\INBOX\test_io_FC050EDD_FC050EDD.py	110516
D:\MAGIC\scripts\phase00\INBOX\test_ipython_compat_A5100E50_A5100E50.py	3055
D:\MAGIC\scripts\phase00\INBOX\test_isetitem_568C40FB_568C40FB.py	1428
D:\MAGIC\scripts\phase00\INBOX\test_isfile_C9A4485F_C9A4485F.py	878
D:\MAGIC\scripts\phase00\INBOX\test_isin_3F64D552_3F64D552.py	7599
D:\MAGIC\scripts\phase00\INBOX\test_isna_648F914B_648F914B.py	941
D:\MAGIC\scripts\phase00\INBOX\test_isocalendar_24400122_24400122.py	908
D:\MAGIC\scripts\phase00\INBOX\test_isoc_8393CBC8_8393CBC8.py	1434
D:\MAGIC\scripts\phase00\INBOX\test_is_full_46A204AC_46A204AC.py	570
D:\MAGIC\scripts\phase00\INBOX\test_is_homogeneous_dtype_F0D75FFF_F0D75FFF.py	1455
D:\MAGIC\scripts\phase00\INBOX\test_is_monotonic_3A99E539_3A99E539.py	2566
D:\MAGIC\scripts\phase00\INBOX\test_is_unique_77768B4B_77768B4B.py	953
D:\MAGIC\scripts\phase00\INBOX\test_item_435EC860_435EC860.py	1628
D:\MAGIC\scripts\phase00\INBOX\test_item_selection_31B35618_31B35618.py	6764
D:\MAGIC\scripts\phase00\INBOX\test_iteration_06EC96E9_06EC96E9.py	5077
D:\MAGIC\scripts\phase00\INBOX\test_iterator_6AB57CBF_6AB57CBF.py	3703
D:\MAGIC\scripts\phase00\INBOX\test_iterrows_85F15103_85F15103.py	338
D:\MAGIC\scripts\phase00\INBOX\test_iter_EEBDF0B8_EEBDF0B8.py	2590
D:\MAGIC\scripts\phase00\INBOX\test_join_A061EB26_A061EB26.py	17523
D:\MAGIC\scripts\phase00\INBOX\test_json_BAC639D9_BAC639D9.py	17951
D:\MAGIC\scripts\phase00\INBOX\test_json_table_schema_7748A287_7748A287.py	30665
D:\MAGIC\scripts\phase00\INBOX\test_json_table_schema_ext_dtype_993C09FC_993C09FC.py	9500
D:\MAGIC\scripts\phase00\INBOX\test_keys_9BB4B267_9BB4B267.py	2673
D:\MAGIC\scripts\phase00\INBOX\test_kind_64494971_64494971.py	1799
D:\MAGIC\scripts\phase00\INBOX\test_ki_71CFBF91_71CFBF91.py	21345
D:\MAGIC\scripts\phase00\INBOX\test_label_or_level_utils_3E1B155A_3E1B155A.py	10244
D:\MAGIC\scripts\phase00\INBOX\test_laguerre_43C26ECD_43C26ECD.py	17747
D:\MAGIC\scripts\phase00\INBOX\test_lazyloading_98C6E27B_98C6E27B.py	1160
D:\MAGIC\scripts\phase00\INBOX\test_leaks_70EF0962_70EF0962.py	17696
D:\MAGIC\scripts\phase00\INBOX\test_legendre_1C977577_1C977577.py	18919
D:\MAGIC\scripts\phase00\INBOX\test_lexsort_29BC0C9D_29BC0C9D.py	1358
D:\MAGIC\scripts\phase00\INBOX\test_libalgos_B1A0F209_B1A0F209.py	5322
D:\MAGIC\scripts\phase00\INBOX\test_libfrequencies_022E9D78_022E9D78.py	717
D:\MAGIC\scripts\phase00\INBOX\test_libgroupby_C6214971_C6214971.py	10457
D:\MAGIC\scripts\phase00\INBOX\test_liboffsets_5FA5DE97_5FA5DE97.py	5109
D:\MAGIC\scripts\phase00\INBOX\test_libsparse_FE17EBDF_FE17EBDF.py	19293
D:\MAGIC\scripts\phase00\INBOX\test_lib_4E869B0B_4E869B0B.py	11066
D:\MAGIC\scripts\phase00\INBOX\test_limited_api_5FE09D14_5FE09D14.py	3386
D:\MAGIC\scripts\phase00\INBOX\test_linalg_8BAA7CB2_8BAA7CB2.py	84077
D:\MAGIC\scripts\phase00\INBOX\test_list_5453E8E7_5453E8E7.py	671
D:\MAGIC\scripts\phase00\INBOX\test_list_accessor_ECEB20C1_ECEB20C1.py	3425
D:\MAGIC\scripts\phase00\INBOX\test_loadtxt_EBD97457_EBD97457.py	40376
D:\MAGIC\scripts\phase00\INBOX\test_localization_C42ED225_C42ED225.py	4479
D:\MAGIC\scripts\phase00\INBOX\test_local_A445FB24_A445FB24.py	2891
D:\MAGIC\scripts\phase00\INBOX\test_loc_3A8B7EDA_3A8B7EDA.py	120437
D:\MAGIC\scripts\phase00\INBOX\test_logical_EE425397_EE425397.py	9335
D:\MAGIC\scripts\phase00\INBOX\test_logical_ops_CEA25C30_CEA25C30.py	7305
D:\MAGIC\scripts\phase00\INBOX\test_longdouble_24AAD805_24AAD805.py	12287
D:\MAGIC\scripts\phase00\INBOX\test_lookup_AC77ED33_AC77ED33.py	3385
D:\MAGIC\scripts\phase00\INBOX\test_lxml_2_E1F648B0_E1F648B0.py	7453
D:\MAGIC\scripts\phase00\INBOX\test_lxml_E1F648B0_E1F648B0.py	7453
D:\MAGIC\scripts\phase00\INBOX\test_machar_2A4D81BD_2A4D81BD.py	1068
D:\MAGIC\scripts\phase00\INBOX\test_make_objects_FEFD5116_FEFD5116.py	252
D:\MAGIC\scripts\phase00\INBOX\test_managers_59EDD3D6_59EDD3D6.py	3557
D:\MAGIC\scripts\phase00\INBOX\test_mangle_dupes_BDF0D8A2_BDF0D8A2.py	5441
D:\MAGIC\scripts\phase00\INBOX\test_manifest_473A72E6_473A72E6.py	181
D:\MAGIC\scripts\phase00\INBOX\test_map_4CEE8663_4CEE8663.py	5152
D:\MAGIC\scripts\phase00\INBOX\test_masked_BAB0C789_BAB0C789.py	14339
D:\MAGIC\scripts\phase00\INBOX\test_masked_matrix_4A0CC83C_4A0CC83C.py	8720
D:\MAGIC\scripts\phase00\INBOX\test_mask_D41AA5F9_D41AA5F9.py	4862
D:\MAGIC\scripts\phase00\INBOX\test_matlib_BE4EBFD2_BE4EBFD2.py	1585
D:\MAGIC\scripts\phase00\INBOX\test_matmul_8B5046E3_8B5046E3.py	3137
D:\MAGIC\scripts\phase00\INBOX\test_matplotlib_28F4EFB3_28F4EFB3.py	11649
D:\MAGIC\scripts\phase00\INBOX\test_matrix_linalg_91DC9DD3_91DC9DD3.py	2204
D:\MAGIC\scripts\phase00\INBOX\test_maybe_box_native_B849282E_B849282E.py	996
D:\MAGIC\scripts\phase00\INBOX\test_melt_A05F749A_A05F749A.py	42675
D:\MAGIC\scripts\phase00\INBOX\test_memmap_0CD47D5A_0CD47D5A.py	7930
D:\MAGIC\scripts\phase00\INBOX\test_mem_overlap_E554DC5C_E554DC5C.py	29418
D:\MAGIC\scripts\phase00\INBOX\test_mem_policy_89AF7881_89AF7881.py	16816
D:\MAGIC\scripts\phase00\INBOX\test_merge_352184B7_352184B7.py	106187
D:\MAGIC\scripts\phase00\INBOX\test_merge_asof_FF84B881_FF84B881.py	121465
D:\MAGIC\scripts\phase00\INBOX\test_merge_cross_F41547E8_F41547E8.py	3146
D:\MAGIC\scripts\phase00\INBOX\test_merge_index_as_string_C3FF4171_C3FF4171.py	5357
D:\MAGIC\scripts\phase00\INBOX\test_merge_ordered_63818B03_63818B03.py	7731
D:\MAGIC\scripts\phase00\INBOX\test_methods_3B7A2412_3B7A2412.py	71834
D:\MAGIC\scripts\phase00\INBOX\test_metrics_emitter_43313FE5_43313FE5.py	1093
D:\MAGIC\scripts\phase00\INBOX\test_mingw32ccompiler_494BDB19_494BDB19.py	1608
D:\MAGIC\scripts\phase00\INBOX\test_min_max_D5A5311D_D5A5311D.py	7694
D:\MAGIC\scripts\phase00\INBOX\test_misc_FC73216F_FC73216F.py	6053
D:\MAGIC\scripts\phase00\INBOX\test_misc_util_516BA289_516BA289.py	3249
D:\MAGIC\scripts\phase00\INBOX\test_missing_E4A7528F_E4A7528F.py	7814
D:\MAGIC\scripts\phase00\INBOX\test_mixed_BA7605C9_BA7605C9.py	861
D:\MAGIC\scripts\phase00\INBOX\test_mixins_1645A7D8_1645A7D8.py	6896
D:\MAGIC\scripts\phase00\INBOX\test_mock_clock_90DEFDB4_90DEFDB4.py	5827
D:\MAGIC\scripts\phase00\INBOX\test_modules_7CD20AD2_7CD20AD2.py	2303
D:\MAGIC\scripts\phase00\INBOX\test_module_doc_96260F0D_96260F0D.py	941
D:\MAGIC\scripts\phase00\INBOX\test_moments_consistency_ewm_E053E620_E053E620.py	8107
D:\MAGIC\scripts\phase00\INBOX\test_moments_consistency_expanding_7B8567DE_7B8567DE.py	5537
D:\MAGIC\scripts\phase00\INBOX\test_moments_consistency_rolling_50140BD6_50140BD6.py	7821
D:\MAGIC\scripts\phase00\INBOX\test_monotonic_E719444A_E719444A.py	7007
D:\MAGIC\scripts\phase00\INBOX\test_month_69B86F8E_69B86F8E.py	23244
D:\MAGIC\scripts\phase00\INBOX\test_mrecords_D4EB0248_D4EB0248.py	19353
D:\MAGIC\scripts\phase00\INBOX\test_multiarray_2_C27311AB_C27311AB.py	555
D:\MAGIC\scripts\phase00\INBOX\test_multiarray_F8D48476_F8D48476.py	555
D:\MAGIC\scripts\phase00\INBOX\test_multiindex_6C88A1AC_6C88A1AC.py	8065
D:\MAGIC\scripts\phase00\INBOX\test_multilevel_DFE1A6CF_DFE1A6CF.py	12206
D:\MAGIC\scripts\phase00\INBOX\test_multithreading_316997E9_316997E9.py	8649
D:\MAGIC\scripts\phase00\INBOX\test_multi_915E6D50_915E6D50.py	31130
D:\MAGIC\scripts\phase00\INBOX\test_multi_thread_ACDBC955_ACDBC955.py	4316
D:\MAGIC\scripts\phase00\INBOX\test_mypy_annotate_2BF2EC04_2BF2EC04.py	4114
D:\MAGIC\scripts\phase00\INBOX\test_names_CF1FFC91_CF1FFC91.py	6601
D:\MAGIC\scripts\phase00\INBOX\test_nanfunctions_BCF50381_BCF50381.py	54084
D:\MAGIC\scripts\phase00\INBOX\test_nanops_356CDC17_356CDC17.py	42042
D:\MAGIC\scripts\phase00\INBOX\test_nat_EBE62BFA_EBE62BFA.py	1335
D:\MAGIC\scripts\phase00\INBOX\test_navigablestring_2_9BD53CCA_9BD53CCA.py	5636
D:\MAGIC\scripts\phase00\INBOX\test_navigablestring_9BD53CCA_9BD53CCA.py	5636
D:\MAGIC\scripts\phase00\INBOX\test_na_indexing_124FFB03_124FFB03.py	2322
D:\MAGIC\scripts\phase00\INBOX\test_na_scalar_D2DE2BF6_D2DE2BF6.py	7227
D:\MAGIC\scripts\phase00\INBOX\test_na_values_1B4B6D41_1B4B6D41.py	22461
D:\MAGIC\scripts\phase00\INBOX\test_ndarray_backed_95E40D05_95E40D05.py	2332
D:\MAGIC\scripts\phase00\INBOX\test_nditer_C89D4742_C89D4742.py	136084
D:\MAGIC\scripts\phase00\INBOX\test_nep50_promotions_5C4AD3FD_5C4AD3FD.py	10130
D:\MAGIC\scripts\phase00\INBOX\test_network_8458F78E_8458F78E.py	12320
D:\MAGIC\scripts\phase00\INBOX\test_nlargest_28514F9E_28514F9E.py	8193
D:\MAGIC\scripts\phase00\INBOX\test_nlargest_nsmallest_3054BA71_3054BA71.py	3401
D:\MAGIC\scripts\phase00\INBOX\test_nonunique_indexes_C2D059A4_C2D059A4.py	11937
D:\MAGIC\scripts\phase00\INBOX\test_non_unique_246FEB13_246FEB13.py	4366
D:\MAGIC\scripts\phase00\INBOX\test_normalize_AF3B5A99_AF3B5A99.py	3041
D:\MAGIC\scripts\phase00\INBOX\test_npfuncs_164FEB9C_164FEB9C.py	2752
D:\MAGIC\scripts\phase00\INBOX\test_npy_pkg_config_6B064D8F_6B064D8F.py	2579
D:\MAGIC\scripts\phase00\INBOX\test_npy_units_77D345B3_77D345B3.py	922
D:\MAGIC\scripts\phase00\INBOX\test_np_datetime_9FB30D60_9FB30D60.py	7889
D:\MAGIC\scripts\phase00\INBOX\test_nth_BA4F47DE_BA4F47DE.py	28225
D:\MAGIC\scripts\phase00\INBOX\test_numba_743D6CD7_743D6CD7.py	4190
D:\MAGIC\scripts\phase00\INBOX\test_numerictypes_75779ED6_75779ED6.py	23340
D:\MAGIC\scripts\phase00\INBOX\test_numeric_2_859FABF7_859FABF7.py	447
D:\MAGIC\scripts\phase00\INBOX\test_numeric_859FABF7_859FABF7.py	447
D:\MAGIC\scripts\phase00\INBOX\test_numeric_only_74BF7972_74BF7972.py	19188
D:\MAGIC\scripts\phase00\INBOX\test_numpy_075F65D3_075F65D3.py	9727
D:\MAGIC\scripts\phase00\INBOX\test_numpy_clean_2_7AFFAF23_7AFFAF23.py	199
D:\MAGIC\scripts\phase00\INBOX\test_numpy_compat_7E7ADCF1_7E7ADCF1.py	5776
D:\MAGIC\scripts\phase00\INBOX\test_numpy_config_FFE1928B_FFE1928B.py	1235
D:\MAGIC\scripts\phase00\INBOX\test_numpy_version_DEB5D470_DEB5D470.py	1783
D:\MAGIC\scripts\phase00\INBOX\test_nunique_E81EDFB3_E81EDFB3.py	481
D:\MAGIC\scripts\phase00\INBOX\test_object_8317FC59_8317FC59.py	13416
D:\MAGIC\scripts\phase00\INBOX\test_observance_18906A20_18906A20.py	2723
D:\MAGIC\scripts\phase00\INBOX\test_odf_0E813A0D_0E813A0D.py	1999
D:\MAGIC\scripts\phase00\INBOX\test_odswriter_D9298F01_D9298F01.py	3268
D:\MAGIC\scripts\phase00\INBOX\test_offsets_D807F1DA_D807F1DA.py	40624
D:\MAGIC\scripts\phase00\INBOX\test_offsets_properties_C4FE1DCE_C4FE1DCE.py	1972
D:\MAGIC\scripts\phase00\INBOX\test_old_base_0266BBDC_0266BBDC.py	40117
D:\MAGIC\scripts\phase00\INBOX\test_old_ma_38C41315_38C41315.py	34878
D:\MAGIC\scripts\phase00\INBOX\test_online_8E1B44A9_8E1B44A9.py	3644
D:\MAGIC\scripts\phase00\INBOX\test_openpyxl_C2700340_C2700340.py	15227
D:\MAGIC\scripts\phase00\INBOX\test_open_2C3C73AF_2C3C73AF.py	213
D:\MAGIC\scripts\phase00\INBOX\test_operators_34373A14_34373A14.py	15968
D:\MAGIC\scripts\phase00\INBOX\test_ops_88CFC545_88CFC545.py	975
D:\MAGIC\scripts\phase00\INBOX\test_optional_dependency_C270DD36_C270DD36.py	3159
D:\MAGIC\scripts\phase00\INBOX\test_orc_2B7CD22E_2B7CD22E.py	14260
D:\MAGIC\scripts\phase00\INBOX\test_other_A223FB1D_A223FB1D.py	20708
D:\MAGIC\scripts\phase00\INBOX\test_overlaps_9EE66188_9EE66188.py	3280
D:\MAGIC\scripts\phase00\INBOX\test_overrides_4F9BB6E3_4F9BB6E3.py	27525
D:\MAGIC\scripts\phase00\INBOX\test_packbits_7E586A03_7E586A03.py	26235
D:\MAGIC\scripts\phase00\INBOX\test_pageelement_2_DCA5468B_DCA5468B.py	16193
D:\MAGIC\scripts\phase00\INBOX\test_pageelement_DCA5468B_DCA5468B.py	16193
D:\MAGIC\scripts\phase00\INBOX\test_pairwise_05724BC5_05724BC5.py	16141
D:\MAGIC\scripts\phase00\INBOX\test_pandas_3E3EEC15_3E3EEC15.py	77668
D:\MAGIC\scripts\phase00\INBOX\test_parameter_09A7AEEE_09A7AEEE.py	4640
D:\MAGIC\scripts\phase00\INBOX\test_parking_lot_1AC62909_1AC62909.py	12037
D:\MAGIC\scripts\phase00\INBOX\test_parquet_33E196BB_33E196BB.py	53131
D:\MAGIC\scripts\phase00\INBOX\test_parse_dates_A34FB854_A34FB854.py	69728
D:\MAGIC\scripts\phase00\INBOX\test_parse_iso8601_5C643F18_5C643F18.py	4535
D:\MAGIC\scripts\phase00\INBOX\test_parsing_74D1F625_74D1F625.py	13932
D:\MAGIC\scripts\phase00\INBOX\test_partial_6AC13F8C_6AC13F8C.py	25088
D:\MAGIC\scripts\phase00\INBOX\test_partial_indexing_B1534893_B1534893.py	4765
D:\MAGIC\scripts\phase00\INBOX\test_partial_slicing_C0306D4D_C0306D4D.py	16493
D:\MAGIC\scripts\phase00\INBOX\test_path_3A81AD0A_3A81AD0A.py	122
D:\MAGIC\scripts\phase00\INBOX\test_pct_change_B341E8EB_B341E8EB.py	6530
D:\MAGIC\scripts\phase00\INBOX\test_periodindex_A924783D_A924783D.py	653
D:\MAGIC\scripts\phase00\INBOX\test_period_asfreq_2D03FB12_2D03FB12.py	3119
D:\MAGIC\scripts\phase00\INBOX\test_period_BB1764AC_BB1764AC.py	59617
D:\MAGIC\scripts\phase00\INBOX\test_period_index_CE5682B4_CE5682B4.py	43093
D:\MAGIC\scripts\phase00\INBOX\test_period_range_3C1FD522_3C1FD522.py	8979
D:\MAGIC\scripts\phase00\INBOX\test_pickle_00D2A7D9_00D2A7D9.py	309
D:\MAGIC\scripts\phase00\INBOX\test_pipe_B6CE6086_B6CE6086.py	1023
D:\MAGIC\scripts\phase00\INBOX\test_pivot_DC192B44_DC192B44.py	93813
D:\MAGIC\scripts\phase00\INBOX\test_pivot_multilevel_0D8A7705_0D8A7705.py	7549
D:\MAGIC\scripts\phase00\INBOX\test_playlist_2312AEA1_2312AEA1.py	1238
D:\MAGIC\scripts\phase00\INBOX\test_pocketfft_12819B36_12819B36.py	24546
D:\MAGIC\scripts\phase00\INBOX\test_polynomial_0CEF836A_0CEF836A.py	12212
D:\MAGIC\scripts\phase00\INBOX\test_polynomial_2_C1C59DF3_C1C59DF3.py	20432
D:\MAGIC\scripts\phase00\INBOX\test_polyutils_346F6D20_346F6D20.py	3780
D:\MAGIC\scripts\phase00\INBOX\test_pop_7B408145_7B408145.py	2223
D:\MAGIC\scripts\phase00\INBOX\test_printing_9EC67335_9EC67335.py	23274
D:\MAGIC\scripts\phase00\INBOX\test_print_06BEFB12_06BEFB12.py	6798
D:\MAGIC\scripts\phase00\INBOX\test_promote_078760B3_078760B3.py	20755
D:\MAGIC\scripts\phase00\INBOX\test_protocols_3DC1B254_3DC1B254.py	1173
D:\MAGIC\scripts\phase00\INBOX\test_public_api_0A3F7015_0A3F7015.py	28831
D:\MAGIC\scripts\phase00\INBOX\test_put_4880C0C4_4880C0C4.py	14053
D:\MAGIC\scripts\phase00\INBOX\test_pyf_src_BB755CC9_BB755CC9.py	1134
D:\MAGIC\scripts\phase00\INBOX\test_pyinstaller_4D10C34F_4D10C34F.py	1159
D:\MAGIC\scripts\phase00\INBOX\test_pytables_missing_98AFE5FA_98AFE5FA.py	345
D:\MAGIC\scripts\phase00\INBOX\test_python_parser_only_576D0609_576D0609.py	15980
D:\MAGIC\scripts\phase00\INBOX\test_qcut_D173BE07_D173BE07.py	8477
D:\MAGIC\scripts\phase00\INBOX\test_quantile_5E8777CE_5E8777CE.py	36591
D:\MAGIC\scripts\phase00\INBOX\test_quarter_B2B548FB_B2B548FB.py	11840
D:\MAGIC\scripts\phase00\INBOX\test_query_eval_4E4AF0C7_4E4AF0C7.py	55314
D:\MAGIC\scripts\phase00\INBOX\test_quoted_character_446DFCA5_446DFCA5.py	466
D:\MAGIC\scripts\phase00\INBOX\test_quoting_EE0E172E_EE0E172E.py	6244
D:\MAGIC\scripts\phase00\INBOX\test_raises_E40430E7_E40430E7.py	23924
D:\MAGIC\scripts\phase00\INBOX\test_randomstate_0C15B852_0C15B852.py	84706
D:\MAGIC\scripts\phase00\INBOX\test_randomstate_regression_25003670_25003670.py	8103
D:\MAGIC\scripts\phase00\INBOX\test_random_6EC0E168_6EC0E168.py	69632
D:\MAGIC\scripts\phase00\INBOX\test_range_01AA0E43_01AA0E43.py	20937
D:\MAGIC\scripts\phase00\INBOX\test_rank_F83FF464_F83FF464.py	17526
D:\MAGIC\scripts\phase00\INBOX\test_readers_5045ACB3_5045ACB3.py	62778
D:\MAGIC\scripts\phase00\INBOX\test_readlines_35A21E08_35A21E08.py	18819
D:\MAGIC\scripts\phase00\INBOX\test_read_452F63F4_452F63F4.py	13520
D:\MAGIC\scripts\phase00\INBOX\test_read_errors_596BB3D2_596BB3D2.py	9593
D:\MAGIC\scripts\phase00\INBOX\test_read_fwf_B985EB3F_B985EB3F.py	29873
D:\MAGIC\scripts\phase00\INBOX\test_recfunctions_6F302396_6F302396.py	44571
D:\MAGIC\scripts\phase00\INBOX\test_records_F45F6C20_F45F6C20.py	20509
D:\MAGIC\scripts\phase00\INBOX\test_reddit_2BAD0C65_2BAD0C65.py	307
D:\MAGIC\scripts\phase00\INBOX\test_reddit_2_839B0813_839B0813.py	401
D:\MAGIC\scripts\phase00\INBOX\test_reddit_ingest_DE45615F_DE45615F.py	639
D:\MAGIC\scripts\phase00\INBOX\test_reddit_login_2_27D2D69B_27D2D69B.py	395
D:\MAGIC\scripts\phase00\INBOX\test_reductions_0A0D6AC2_0A0D6AC2.py	5787
D:\MAGIC\scripts\phase00\INBOX\test_reduction_7817689D_7817689D.py	2183
D:\MAGIC\scripts\phase00\INBOX\test_register_accessor_2F6714F8_2F6714F8.py	2671
D:\MAGIC\scripts\phase00\INBOX\test_regression_14D716AA_14D716AA.py	6190
D:\MAGIC\scripts\phase00\INBOX\test_regression_2_D7E7CB2F_D7E7CB2F.py	1847
D:\MAGIC\scripts\phase00\INBOX\test_regression_3_F2A42A3D_F2A42A3D.py	10173
D:\MAGIC\scripts\phase00\INBOX\test_regression_4_CE26FC80_CE26FC80.py	5588
D:\MAGIC\scripts\phase00\INBOX\test_regression_5_BA89B892_BA89B892.py	3069
D:\MAGIC\scripts\phase00\INBOX\test_regression_6_8EA824BA_8EA824BA.py	929
D:\MAGIC\scripts\phase00\INBOX\test_regression_7_7404C9AB_7404C9AB.py	5471
D:\MAGIC\scripts\phase00\INBOX\test_reindex_B6636F1E_B6636F1E.py	48343
D:\MAGIC\scripts\phase00\INBOX\test_reindex_like_DAA82A68_DAA82A68.py	1187
D:\MAGIC\scripts\phase00\INBOX\test_reloading_F344ACCE_F344ACCE.py	2341
D:\MAGIC\scripts\phase00\INBOX\test_remediator_unit_16FFA75B_16FFA75B.py	1761
D:\MAGIC\scripts\phase00\INBOX\test_rename_3FE488C1_3FE488C1.py	15354
D:\MAGIC\scripts\phase00\INBOX\test_rename_axis_F74405B4_F74405B4.py	4091
D:\MAGIC\scripts\phase00\INBOX\test_rendering_2E3C4ABC_2E3C4ABC.py	4194
D:\MAGIC\scripts\phase00\INBOX\test_reorder_levels_54954476_54954476.py	2729
D:\MAGIC\scripts\phase00\INBOX\test_repeat_18DFB04D_18DFB04D.py	2740
D:\MAGIC\scripts\phase00\INBOX\test_replace_2378E240_2378E240.py	4102
D:\MAGIC\scripts\phase00\INBOX\test_repl_275BBCBF_275BBCBF.py	7688
D:\MAGIC\scripts\phase00\INBOX\test_repr_4519633C_4519633C.py	437
D:\MAGIC\scripts\phase00\INBOX\test_repr_info_29EAC3FA_29EAC3FA.py	11017
D:\MAGIC\scripts\phase00\INBOX\test_resampler_grouper_899BA7CF_899BA7CF.py	23938
D:\MAGIC\scripts\phase00\INBOX\test_resample_api_750C6B9A_750C6B9A.py	34616
D:\MAGIC\scripts\phase00\INBOX\test_reset_index_57A863F1_57A863F1.py	29134
D:\MAGIC\scripts\phase00\INBOX\test_reshape_BA6CE394_BA6CE394.py	3305
D:\MAGIC\scripts\phase00\INBOX\test_resolution_4739082F_4739082F.py	785
D:\MAGIC\scripts\phase00\INBOX\test_retain_attributes_598E6B6E_598E6B6E.py	2970
D:\MAGIC\scripts\phase00\INBOX\test_return_character_B7C7313B_B7C7313B.py	1534
D:\MAGIC\scripts\phase00\INBOX\test_return_complex_3B0C0DE4_3B0C0DE4.py	2411
D:\MAGIC\scripts\phase00\INBOX\test_return_integer_31EDDFEF_31EDDFEF.py	1754
D:\MAGIC\scripts\phase00\INBOX\test_return_logical_344E34E0_344E34E0.py	2032
D:\MAGIC\scripts\phase00\INBOX\test_return_real_B610FCD1_B610FCD1.py	3266
D:\MAGIC\scripts\phase00\INBOX\test_rewrite_warning_0141F3FC_0141F3FC.py	1151
D:\MAGIC\scripts\phase00\INBOX\test_rolling_3F33E456_3F33E456.py	61158
D:\MAGIC\scripts\phase00\INBOX\test_rolling_functions_C6669A5C_C6669A5C.py	17877
D:\MAGIC\scripts\phase00\INBOX\test_rolling_quantile_02FB2A31_02FB2A31.py	5516
D:\MAGIC\scripts\phase00\INBOX\test_rolling_skew_kurt_126C3D00_126C3D00.py	7807
D:\MAGIC\scripts\phase00\INBOX\test_round_75C3E507_75C3E507.py	7978
D:\MAGIC\scripts\phase00\INBOX\test_round_trip_225A8B59_225A8B59.py	18936
D:\MAGIC\scripts\phase00\INBOX\test_routines_7FDA51F0_7FDA51F0.py	795
D:\MAGIC\scripts\phase00\INBOX\test_runtime_FB4E8451_FB4E8451.py	2905
D:\MAGIC\scripts\phase00\INBOX\test_run_DF4481CF_DF4481CF.py	99111
D:\MAGIC\scripts\phase00\INBOX\test_s3_BCB8BA12_BCB8BA12.py	1181
D:\MAGIC\scripts\phase00\INBOX\test_safe_import_5311FDD0_5311FDD0.py	1020
D:\MAGIC\scripts\phase00\INBOX\test_sample_85A0BC84_85A0BC84.py	41
D:\MAGIC\scripts\phase00\INBOX\test_sas7bdat_46B9FC96_46B9FC96.py	14942
D:\MAGIC\scripts\phase00\INBOX\test_sas_33D39E47_33D39E47.py	1057
D:\MAGIC\scripts\phase00\INBOX\test_scalarbuffer_8DFABB3F_8DFABB3F.py	5918
D:\MAGIC\scripts\phase00\INBOX\test_scalarinherit_522C9FBA_522C9FBA.py	2596
D:\MAGIC\scripts\phase00\INBOX\test_scalarmath_90147392_90147392.py	46984
D:\MAGIC\scripts\phase00\INBOX\test_scalarprint_5E7632E2_5E7632E2.py	19188
D:\MAGIC\scripts\phase00\INBOX\test_scalar_4BF7BA9A_4BF7BA9A.py	9642
D:\MAGIC\scripts\phase00\INBOX\test_scalar_compat_A49CFAAF_A49CFAAF.py	11156
D:\MAGIC\scripts\phase00\INBOX\test_scalar_ctors_388AFC75_388AFC75.py	6712
D:\MAGIC\scripts\phase00\INBOX\test_scalar_methods_6ECA077F_6ECA077F.py	9700
D:\MAGIC\scripts\phase00\INBOX\test_scheduler_determinism_C927EC9F_C927EC9F.py	1320
D:\MAGIC\scripts\phase00\INBOX\test_scrapers_B40EC3C4_B40EC3C4.py	752
D:\MAGIC\scripts\phase00\INBOX\test_scraper_2_79369C30_79369C30.py	623
D:\MAGIC\scripts\phase00\INBOX\test_scraper_safe_2_1213122B_1213122B.py	664
D:\MAGIC\scripts\phase00\INBOX\test_scripts_D476E55D_D476E55D.py	1665
D:\MAGIC\scripts\phase00\INBOX\test_searchsorted_FEEEC396_FEEEC396.py	2604
D:\MAGIC\scripts\phase00\INBOX\test_search_E255C0A6_E255C0A6.py	1202
D:\MAGIC\scripts\phase00\INBOX\test_secrets_2_B0DA33BE_B0DA33BE.py	620
D:\MAGIC\scripts\phase00\INBOX\test_seed_sequence_6BA9CC1E_6BA9CC1E.py	3255
D:\MAGIC\scripts\phase00\INBOX\test_select_9FCDE583_9FCDE583.py	36830
D:\MAGIC\scripts\phase00\INBOX\test_select_dtypes_C74850D0_C74850D0.py	17273
D:\MAGIC\scripts\phase00\INBOX\test_semicolon_split_E8FD73FB_E8FD73FB.py	1615
D:\MAGIC\scripts\phase00\INBOX\test_series_A3217155_A3217155.py	5677
D:\MAGIC\scripts\phase00\INBOX\test_series_apply_2650E4B5_2650E4B5.py	22467
D:\MAGIC\scripts\phase00\INBOX\test_series_apply_relabeling_FC792823_FC792823.py	1510
D:\MAGIC\scripts\phase00\INBOX\test_series_info_21FD14B4_21FD14B4.py	4801
D:\MAGIC\scripts\phase00\INBOX\test_series_transform_AEB24EF8_AEB24EF8.py	2404
D:\MAGIC\scripts\phase00\INBOX\test_setitem_7B0B8989_7B0B8989.py	4822
D:\MAGIC\scripts\phase00\INBOX\test_setops_5A3F2341_5A3F2341.py	33497
D:\MAGIC\scripts\phase00\INBOX\test_set_axis_C62C99CA_C62C99CA.py	4608
D:\MAGIC\scripts\phase00\INBOX\test_set_index_0CD64C29_0CD64C29.py	26570
D:\MAGIC\scripts\phase00\INBOX\test_set_name_A10264C8_A10264C8.py	595
D:\MAGIC\scripts\phase00\INBOX\test_set_value_D8A5D8AD_D8A5D8AD.py	2619
D:\MAGIC\scripts\phase00\INBOX\test_shape_base_2_13E28439_13E28439.py	24708
D:\MAGIC\scripts\phase00\INBOX\test_shape_base_940710BA_940710BA.py	27714
D:\MAGIC\scripts\phase00\INBOX\test_shares_memory_28DE57F3_28DE57F3.py	852
D:\MAGIC\scripts\phase00\INBOX\test_shell_utils_3B809085_3B809085.py	1920
D:\MAGIC\scripts\phase00\INBOX\test_shift_BA70654B_BA70654B.py	27731
D:\MAGIC\scripts\phase00\INBOX\test_show_versions_163614AD_163614AD.py	2096
D:\MAGIC\scripts\phase00\INBOX\test_signals_215E1E56_215E1E56.py	7502
D:\MAGIC\scripts\phase00\INBOX\test_simd_1400A6E5_1400A6E5.py	49331
D:\MAGIC\scripts\phase00\INBOX\test_simd_module_DB65542C_DB65542C.py	3990
D:\MAGIC\scripts\phase00\INBOX\test_size_6F5067DA_6F5067DA.py	1157
D:\MAGIC\scripts\phase00\INBOX\test_skew_FC54E59D_FC54E59D.py	841
D:\MAGIC\scripts\phase00\INBOX\test_skiprows_0F4766D3_0F4766D3.py	9457
D:\MAGIC\scripts\phase00\INBOX\test_slice_EC973208_EC973208.py	27104
D:\MAGIC\scripts\phase00\INBOX\test_smoke_6273A0AD_6273A0AD.py	37
D:\MAGIC\scripts\phase00\INBOX\test_smoke_8D853510_8D853510.py	28033
D:\MAGIC\scripts\phase00\INBOX\test_snap_B26C1F5A_B26C1F5A.py	1305
D:\MAGIC\scripts\phase00\INBOX\test_sniffio_08DC95E3_08DC95E3.py	2052
D:\MAGIC\scripts\phase00\INBOX\test_socket_D6B22775_D6B22775.py	44665
D:\MAGIC\scripts\phase00\INBOX\test_sorted_C427664B_C427664B.py	5192
D:\MAGIC\scripts\phase00\INBOX\test_sorting_D2BA8959_D2BA8959.py	16595
D:\MAGIC\scripts\phase00\INBOX\test_sort_46E5C825_46E5C825.py	4350
D:\MAGIC\scripts\phase00\INBOX\test_sort_index_05B0A37E_05B0A37E.py	34826
D:\MAGIC\scripts\phase00\INBOX\test_sort_values_35398686_35398686.py	32982
D:\MAGIC\scripts\phase00\INBOX\test_sound_E46A820C_E46A820C.py	1211
D:\MAGIC\scripts\phase00\INBOX\test_soup_2_34AB5E64_34AB5E64.py	22668
D:\MAGIC\scripts\phase00\INBOX\test_soup_34AB5E64_34AB5E64.py	22668
D:\MAGIC\scripts\phase00\INBOX\test_sparse_1C85047E_1C85047E.py	18011
D:\MAGIC\scripts\phase00\INBOX\test_sparse_accessor_C8FC4AD5_C8FC4AD5.py	296
D:\MAGIC\scripts\phase00\INBOX\test_spec_conformance_B30B297B_B30B297B.py	5594
D:\MAGIC\scripts\phase00\INBOX\test_split_partition_AF78B81C_AF78B81C.py	23250
D:\MAGIC\scripts\phase00\INBOX\test_spss_F484D096_F484D096.py	6432
D:\MAGIC\scripts\phase00\INBOX\test_sql_E712E9DF_E712E9DF.py	144483
D:\MAGIC\scripts\phase00\INBOX\test_ssl_D92835F3_D92835F3.py	51024
D:\MAGIC\scripts\phase00\INBOX\test_stack_saved_7B2CEA35_7B2CEA35.py	446
D:\MAGIC\scripts\phase00\INBOX\test_stack_unstack_3209FF37_3209FF37.py	97558
D:\MAGIC\scripts\phase00\INBOX\test_stata_3722D91E_3722D91E.py	92899
D:\MAGIC\scripts\phase00\INBOX\test_stat_reductions_AC902C61_AC902C61.py	9723
D:\MAGIC\scripts\phase00\INBOX\test_storage_65000AA9_65000AA9.py	445
D:\MAGIC\scripts\phase00\INBOX\test_storage_manager_785BA359_785BA359.py	375
D:\MAGIC\scripts\phase00\INBOX\test_store_19B9E569_19B9E569.py	37523
D:\MAGIC\scripts\phase00\INBOX\test_streamlit_B5F3D01D_B5F3D01D.py	200
D:\MAGIC\scripts\phase00\INBOX\test_stride_tricks_E8E63C7C_E8E63C7C.py	22634
D:\MAGIC\scripts\phase00\INBOX\test_stringdtype_4ED8CD7D_4ED8CD7D.py	56031
D:\MAGIC\scripts\phase00\INBOX\test_strings_58B779A5_58B779A5.py	63235
D:\MAGIC\scripts\phase00\INBOX\test_string_array_C864ED02_C864ED02.py	3514
D:\MAGIC\scripts\phase00\INBOX\test_string_arrow_C29A2B2B_C29A2B2B.py	9712
D:\MAGIC\scripts\phase00\INBOX\test_string_BD43F7A1_BD43F7A1.py	2925
D:\MAGIC\scripts\phase00\INBOX\test_strptime_0EA8D8C8_0EA8D8C8.py	3896
D:\MAGIC\scripts\phase00\INBOX\test_struct_accessor_620FD9D4_620FD9D4.py	5443
D:\MAGIC\scripts\phase00\INBOX\test_str_937E25DA_937E25DA.py	11043
D:\MAGIC\scripts\phase00\INBOX\test_str_accessor_336F57EB_336F57EB.py	853
D:\MAGIC\scripts\phase00\INBOX\test_stub_trend_3013E441_3013E441.py	56
D:\MAGIC\scripts\phase00\INBOX\test_style_990EEBA0_990EEBA0.py	11284
D:\MAGIC\scripts\phase00\INBOX\test_subclassing_ECF9C9C9_ECF9C9C9.py	16936
D:\MAGIC\scripts\phase00\INBOX\test_subclass_6389D445_6389D445.py	903
D:\MAGIC\scripts\phase00\INBOX\test_subprocess_1E785544_1E785544.py	26614
D:\MAGIC\scripts\phase00\INBOX\test_swapaxes_F88B8F22_F88B8F22.py	1466
D:\MAGIC\scripts\phase00\INBOX\test_swaplevel_63C9E952_63C9E952.py	1277
D:\MAGIC\scripts\phase00\INBOX\test_symbolic_284CD9AB_284CD9AB.py	17983
D:\MAGIC\scripts\phase00\INBOX\test_symbol_6F60E1CB_6F60E1CB.py	5505
D:\MAGIC\scripts\phase00\INBOX\test_sync_D19466BE_D19466BE.py	19421
D:\MAGIC\scripts\phase00\INBOX\test_system_info_913C7300_913C7300.py	10834
D:\MAGIC\scripts\phase00\INBOX\test_tag_2_B9EDF687_B9EDF687.py	9690
D:\MAGIC\scripts\phase00\INBOX\test_tag_B9EDF687_B9EDF687.py	9690
D:\MAGIC\scripts\phase00\INBOX\test_take_61230BBE_61230BBE.py	11539
D:\MAGIC\scripts\phase00\INBOX\test_testing_3FA84352_3FA84352.py	20796
D:\MAGIC\scripts\phase00\INBOX\test_testing_raisesgroup_B21BB0FD_B21BB0FD.py	46341
D:\MAGIC\scripts\phase00\INBOX\test_textreader_A016F968_A016F968.py	10673
D:\MAGIC\scripts\phase00\INBOX\test_threads_F8B5598D_F8B5598D.py	39330
D:\MAGIC\scripts\phase00\INBOX\test_thread_cache_C2560D90_C2560D90.py	7428
D:\MAGIC\scripts\phase00\INBOX\test_throw_6DBDE327_6DBDE327.py	3566
D:\MAGIC\scripts\phase00\INBOX\test_ticks_8B91C547_8B91C547.py	11549
D:\MAGIC\scripts\phase00\INBOX\test_timedelta64_387D1D0F_387D1D0F.py	78911
D:\MAGIC\scripts\phase00\INBOX\test_timedeltaindex_2F57C60E_2F57C60E.py	661
D:\MAGIC\scripts\phase00\INBOX\test_timedeltas_55D31D9C_55D31D9C.py	10673
D:\MAGIC\scripts\phase00\INBOX\test_timedelta_531A1B4B_531A1B4B.py	1934
D:\MAGIC\scripts\phase00\INBOX\test_timedelta_range_B59AAFFE_B59AAFFE.py	6220
D:\MAGIC\scripts\phase00\INBOX\test_timegrouper_0052D3BD_0052D3BD.py	34985
D:\MAGIC\scripts\phase00\INBOX\test_timeouts_07E5993C_07E5993C.py	8733
D:\MAGIC\scripts\phase00\INBOX\test_timeseries_window_234864EF_234864EF.py	24250
D:\MAGIC\scripts\phase00\INBOX\test_timestamp_15DE5B34_15DE5B34.py	31040
D:\MAGIC\scripts\phase00\INBOX\test_timestamp_method_2651417C_2651417C.py	1017
D:\MAGIC\scripts\phase00\INBOX\test_timezones_21D9833D_21D9833D.py	8047
D:\MAGIC\scripts\phase00\INBOX\test_time_grouper_4FC3BE2B_4FC3BE2B.py	11832
D:\MAGIC\scripts\phase00\INBOX\test_time_series_85DBB0F8_85DBB0F8.py	2481
D:\MAGIC\scripts\phase00\INBOX\test_tolist_E45D1501_E45D1501.py	1115
D:\MAGIC\scripts\phase00\INBOX\test_tools_0C5A3106_0C5A3106.py	1361
D:\MAGIC\scripts\phase00\INBOX\test_tooltip_18CAB05E_18CAB05E.py	2899
D:\MAGIC\scripts\phase00\INBOX\test_to_csv_A61F33D3_A61F33D3.py	51560
D:\MAGIC\scripts\phase00\INBOX\test_to_datetime_812BFB85_812BFB85.py	147152
D:\MAGIC\scripts\phase00\INBOX\test_to_dict_04428DB3_04428DB3.py	18640
D:\MAGIC\scripts\phase00\INBOX\test_to_dict_of_blocks_81B897A6_81B897A6.py	2641
D:\MAGIC\scripts\phase00\INBOX\test_to_excel_62C5DC1E_62C5DC1E.py	15321
D:\MAGIC\scripts\phase00\INBOX\test_to_frame_0BA825C8_0BA825C8.py	998
D:\MAGIC\scripts\phase00\INBOX\test_to_html_7A56CA41_7A56CA41.py	38699
D:\MAGIC\scripts\phase00\INBOX\test_to_julian_date_BBA24B61_BBA24B61.py	1608
D:\MAGIC\scripts\phase00\INBOX\test_to_latex_91AF243B_91AF243B.py	41660
D:\MAGIC\scripts\phase00\INBOX\test_to_markdown_D83518EC_D83518EC.py	2757
D:\MAGIC\scripts\phase00\INBOX\test_to_numeric_47D7D3C5_47D7D3C5.py	29480
D:\MAGIC\scripts\phase00\INBOX\test_to_numpy_77493FD9_77493FD9.py	4954
D:\MAGIC\scripts\phase00\INBOX\test_to_offset_19A506D5_19A506D5.py	5873
D:\MAGIC\scripts\phase00\INBOX\test_to_period_5E279B8B_5E279B8B.py	2863
D:\MAGIC\scripts\phase00\INBOX\test_to_pydatetime_B0CDB66F_B0CDB66F.py	1345
D:\MAGIC\scripts\phase00\INBOX\test_to_records_DF92B76E_DF92B76E.py	18553
D:\MAGIC\scripts\phase00\INBOX\test_to_series_F195B703_F195B703.py	493
D:\MAGIC\scripts\phase00\INBOX\test_to_string_20947EBB_20947EBB.py	39355
D:\MAGIC\scripts\phase00\INBOX\test_to_timedelta_B00FAAD3_B00FAAD3.py	12454
D:\MAGIC\scripts\phase00\INBOX\test_to_timestamp_D63EB28E_D63EB28E.py	5866
D:\MAGIC\scripts\phase00\INBOX\test_to_time_7BE4261A_7BE4261A.py	2417
D:\MAGIC\scripts\phase00\INBOX\test_to_xarray_8D290B72_8D290B72.py	4782
D:\MAGIC\scripts\phase00\INBOX\test_to_xml_2311BBAD_2311BBAD.py	35612
D:\MAGIC\scripts\phase00\INBOX\test_tracing_A5A289C9_A5A289C9.py	8673
D:\MAGIC\scripts\phase00\INBOX\test_transform_6C921448_6C921448.py	57511
D:\MAGIC\scripts\phase00\INBOX\test_transpose_D77F3F3B_D77F3F3B.py	1694
D:\MAGIC\scripts\phase00\INBOX\test_tree_2_3BFE3478_3BFE3478.py	55492
D:\MAGIC\scripts\phase00\INBOX\test_tree_3BFE3478_3BFE3478.py	55492
D:\MAGIC\scripts\phase00\INBOX\test_trending_B6B11622_B6B11622.py	636
D:\MAGIC\scripts\phase00\INBOX\test_trio_CEB68962_CEB68962.py	197
D:\MAGIC\scripts\phase00\INBOX\test_truncate_6539CAF3_6539CAF3.py	5216
D:\MAGIC\scripts\phase00\INBOX\test_tutil_7CD8C875_7CD8C875.py	459
D:\MAGIC\scripts\phase00\INBOX\test_twodim_base_5190E75D_5190E75D.py	17971
D:\MAGIC\scripts\phase00\INBOX\test_types_651F27FD_651F27FD.py	1711
D:\MAGIC\scripts\phase00\INBOX\test_type_check_FA0E25C6_FA0E25C6.py	15137
D:\MAGIC\scripts\phase00\INBOX\test_typing_4DB6AE28_4DB6AE28.py	6307
D:\MAGIC\scripts\phase00\INBOX\test_typing_extensions_A54D8EA8_A54D8EA8.py	1007
D:\MAGIC\scripts\phase00\INBOX\test_tzconversion_E8EBA996_E8EBA996.py	953
D:\MAGIC\scripts\phase00\INBOX\test_tz_convert_BEC266F4_BEC266F4.py	4707
D:\MAGIC\scripts\phase00\INBOX\test_tz_localize_ACCBDDD0_ACCBDDD0.py	2084
D:\MAGIC\scripts\phase00\INBOX\test_ufunclike_D1C0E6E2_D1C0E6E2.py	3023
D:\MAGIC\scripts\phase00\INBOX\test_ufunc_5E48BE47_5E48BE47.py	134513
D:\MAGIC\scripts\phase00\INBOX\test_ujson_51887CEE_51887CEE.py	36424
D:\MAGIC\scripts\phase00\INBOX\test_umath_accuracy_75D84AF2_75D84AF2.py	5549
D:\MAGIC\scripts\phase00\INBOX\test_umath_complex_7654BC1D_7654BC1D.py	25315
D:\MAGIC\scripts\phase00\INBOX\test_umath_F750BC96_F750BC96.py	194954
D:\MAGIC\scripts\phase00\INBOX\test_unary_1ADA9E31_1ADA9E31.py	2864
D:\MAGIC\scripts\phase00\INBOX\test_unary_ops_8867AB7B_8867AB7B.py	19800
D:\MAGIC\scripts\phase00\INBOX\test_unbounded_queue_7911D1A2_7911D1A2.py	4323
D:\MAGIC\scripts\phase00\INBOX\test_unicode_DA7BFA78_DA7BFA78.py	13008
D:\MAGIC\scripts\phase00\INBOX\test_unicode_error_D1BA71D3_D1BA71D3.py	235
D:\MAGIC\scripts\phase00\INBOX\test_union_categoricals_52F69D3A_52F69D3A.py	15301
D:\MAGIC\scripts\phase00\INBOX\test_unique_EA932E6B_EA932E6B.py	4255
D:\MAGIC\scripts\phase00\INBOX\test_unix_pipes_F34A3A10_F34A3A10.py	10282
D:\MAGIC\scripts\phase00\INBOX\test_unstack_0139F491_0139F491.py	5102
D:\MAGIC\scripts\phase00\INBOX\test_unsupported_0AB915C8_0AB915C8.py	7987
D:\MAGIC\scripts\phase00\INBOX\test_upcast_5C48C752_5C48C752.py	3141
D:\MAGIC\scripts\phase00\INBOX\test_update_A6261D07_A6261D07.py	6888
D:\MAGIC\scripts\phase00\INBOX\test_url_23D24A1B_23D24A1B.py	17722
D:\MAGIC\scripts\phase00\INBOX\test_usecols_basic_973D4150_973D4150.py	17647
D:\MAGIC\scripts\phase00\INBOX\test_user_8194E8E8_8194E8E8.py	2412
D:\MAGIC\scripts\phase00\INBOX\test_user_agent_F7CADE0C_F7CADE0C.py	11837
D:\MAGIC\scripts\phase00\INBOX\test_utils_2_ED01A8D6_ED01A8D6.py	55368
D:\MAGIC\scripts\phase00\INBOX\test_utils_8F9F54C3_8F9F54C3.py	2289
D:\MAGIC\scripts\phase00\INBOX\test_util_0A558BA6_0A558BA6.py	385
D:\MAGIC\scripts\phase00\INBOX\test_validate_8524007D_8524007D.py	1094
D:\MAGIC\scripts\phase00\INBOX\test_validate_args_and_kwargs_77F5DC31_77F5DC31.py	2456
D:\MAGIC\scripts\phase00\INBOX\test_validate_args_F59E334E_F59E334E.py	1907
D:\MAGIC\scripts\phase00\INBOX\test_validate_inclusive_C36B707A_C36B707A.py	896
D:\MAGIC\scripts\phase00\INBOX\test_validate_kwargs_340662FB_340662FB.py	1808
D:\MAGIC\scripts\phase00\INBOX\test_values_01296303_01296303.py	9406
D:\MAGIC\scripts\phase00\INBOX\test_value_attrspec_E3063DA8_E3063DA8.py	330
D:\MAGIC\scripts\phase00\INBOX\test_value_counts_5EED9638_5EED9638.py	11804
D:\MAGIC\scripts\phase00\INBOX\test_vault_27D10D65_27D10D65.py	414
D:\MAGIC\scripts\phase00\INBOX\test_vault_manager_6497AEAF_6497AEAF.py	495
D:\MAGIC\scripts\phase00\INBOX\test_verbose_04644A1F_04644A1F.py	2340
D:\MAGIC\scripts\phase00\INBOX\test_version_2FD6E27E_2FD6E27E.py	1369
D:\MAGIC\scripts\phase00\INBOX\test_video_B62D76EE_B62D76EE.py	2540
D:\MAGIC\scripts\phase00\INBOX\test_view_262A544D_262A544D.py	1851
D:\MAGIC\scripts\phase00\INBOX\test_wait_for_object_E91CD7D7_E91CD7D7.py	8334
D:\MAGIC\scripts\phase00\INBOX\test_warnings_1B5B04CA_1B5B04CA.py	2342
D:\MAGIC\scripts\phase00\INBOX\test_weakref_F07C8687_F07C8687.py	887
D:\MAGIC\scripts\phase00\INBOX\test_websocket_1795ED3B_1795ED3B.py	18390
D:\MAGIC\scripts\phase00\INBOX\test_week_BBC28105_BBC28105.py	12331
D:\MAGIC\scripts\phase00\INBOX\test_where_64E6A09C_64E6A09C.py	38119
D:\MAGIC\scripts\phase00\INBOX\test_windows_6DF7FDFC_6DF7FDFC.py	10334
D:\MAGIC\scripts\phase00\INBOX\test_windows_pipes_5BACEE9C_5BACEE9C.py	3348
D:\MAGIC\scripts\phase00\INBOX\test_win_type_191BBFEE_191BBFEE.py	17522
D:\MAGIC\scripts\phase00\INBOX\test_writers_E39B4D4B_E39B4D4B.py	54978
D:\MAGIC\scripts\phase00\INBOX\test_xlrd_7B942B07_7B942B07.py	1977
D:\MAGIC\scripts\phase00\INBOX\test_xlsxwriter_0D49A26E_0D49A26E.py	2773
D:\MAGIC\scripts\phase00\INBOX\test_xlwt_8C43E253_8C43E253.py	4843
D:\MAGIC\scripts\phase00\INBOX\test_xml_3E352441_3E352441.py	60641
D:\MAGIC\scripts\phase00\INBOX\test_xml_dtypes_CFCBA732_CFCBA732.py	13266
D:\MAGIC\scripts\phase00\INBOX\test_xport_FA035147_FA035147.py	5728
D:\MAGIC\scripts\phase00\INBOX\test_xs_246B1B27_246B1B27.py	16012
D:\MAGIC\scripts\phase00\INBOX\test_year_7C4B8442_7C4B8442.py	10456
D:\MAGIC\scripts\phase00\INBOX\test__all___B70025E2_B70025E2.py	221
D:\MAGIC\scripts\phase00\INBOX\test__datasource_AAFB0139_AAFB0139.py	10501
D:\MAGIC\scripts\phase00\INBOX\test__exceptions_2113572D_2113572D.py	2942
D:\MAGIC\scripts\phase00\INBOX\test__iotools_E32285A2_E32285A2.py	13648
D:\MAGIC\scripts\phase00\INBOX\test__version_FA44B5A5_FA44B5A5.py	1998
D:\MAGIC\scripts\phase00\INBOX\tethering_104931BB_104931BB.py	1470
D:\MAGIC\scripts\phase00\INBOX\textTools_A5B86BE8_A5B86BE8.py	3377
D:\MAGIC\scripts\phase00\INBOX\text_6A77576B_6A77576B.py	45686
D:\MAGIC\scripts\phase00\INBOX\text_file_1706E776_1706E776.py	12096
D:\MAGIC\scripts\phase00\INBOX\text_region_C232C718_C232C718.py	27577
D:\MAGIC\scripts\phase00\INBOX\tfmLib_0E283926_0E283926.py	14480
D:\MAGIC\scripts\phase00\INBOX\themes_D318132E_D318132E.py	102
D:\MAGIC\scripts\phase00\INBOX\theme_18A36D42_18A36D42.py	3627
D:\MAGIC\scripts\phase00\INBOX\theme_2_C29EC22A_C29EC22A.py	3823
D:\MAGIC\scripts\phase00\INBOX\threadpoolctl_12FB9526_12FB9526.py	50722
D:\MAGIC\scripts\phase00\INBOX\threads_scraper_E3B0C442_E3B0C442.py	0
D:\MAGIC\scripts\phase00\INBOX\tiktok_api_E3B0C442_E3B0C442.py	0
D:\MAGIC\scripts\phase00\INBOX\tiktok_E92C8708_E92C8708.py	21139
D:\MAGIC\scripts\phase00\INBOX\tiktok_login_8B21DDBE_8B21DDBE.py	653
D:\MAGIC\scripts\phase00\INBOX\tiktok_open_browser_8842C7C1_8842C7C1.py	589
D:\MAGIC\scripts\phase00\INBOX\tiktok_scraper_E3B0C442_E3B0C442.py	0
D:\MAGIC\scripts\phase00\INBOX\tiktok_simple_api_841BF08C_841BF08C.py	1234
D:\MAGIC\scripts\phase00\INBOX\tile_8EE35221_8EE35221.py	21412
D:\MAGIC\scripts\phase00\INBOX\timedeltas_1D2C66D0_1D2C66D0.py	8015
D:\MAGIC\scripts\phase00\INBOX\timeouts_3168A148_3168A148.py	4054
D:\MAGIC\scripts\phase00\INBOX\timeout_E1E4F515_E1E4F515.py	10346
D:\MAGIC\scripts\phase00\INBOX\timer_comparison_E8E5FF76_E8E5FF76.py	16187
D:\MAGIC\scripts\phase00\INBOX\timeseries_8393A369_8393A369.py	10364
D:\MAGIC\scripts\phase00\INBOX\times_F73AEF07_F73AEF07.py	4801
D:\MAGIC\scripts\phase00\INBOX\timeTools_B98DEB80_B98DEB80.py	2233
D:\MAGIC\scripts\phase00\INBOX\tls_11754359_11754359.py	13239
D:\MAGIC\scripts\phase00\INBOX\token_DB2E0261_DB2E0261.py	4840
D:\MAGIC\scripts\phase00\INBOX\tools_135A3644_135A3644.py	15273
D:\MAGIC\scripts\phase00\INBOX\tornadoweb_2BA0F898_2BA0F898.py	2176
D:\MAGIC\scripts\phase00\INBOX\totp_85865B51_85865B51.py	1586
D:\MAGIC\scripts\phase00\INBOX\to_interpreter_A170D451_A170D451.py	6549
D:\MAGIC\scripts\phase00\INBOX\to_process_66FAEE7A_66FAEE7A.py	9595
D:\MAGIC\scripts\phase00\INBOX\to_thread_2AC6EA0A_2AC6EA0A.py	228
D:\MAGIC\scripts\phase00\INBOX\traceback_D20BC0AE_D20BC0AE.py	26169
D:\MAGIC\scripts\phase00\INBOX\tracing_FAFF037D_FAFF037D.py	13639
D:\MAGIC\scripts\phase00\INBOX\transaction_C658911B_C658911B.py	2398
D:\MAGIC\scripts\phase00\INBOX\transformPen_B34914C9_B34914C9.py	4056
D:\MAGIC\scripts\phase00\INBOX\transforms_2075656A_2075656A.py	961
D:\MAGIC\scripts\phase00\INBOX\transforms_2_90706761_90706761.py	17371
D:\MAGIC\scripts\phase00\INBOX\transform_4F97577B_4F97577B.py	16008
D:\MAGIC\scripts\phase00\INBOX\transitions_8305D21C_8305D21C.py	4446
D:\MAGIC\scripts\phase00\INBOX\treeTools_B4B5A4C3_B4B5A4C3.py	1269
D:\MAGIC\scripts\phase00\INBOX\tree_04C6D460_04C6D460.py	9169
D:\MAGIC\scripts\phase00\INBOX\trending_5ECB8E28_5ECB8E28.py	1752
D:\MAGIC\scripts\phase00\INBOX\trends_scraper_1B2654BF_1B2654BF.py	611
D:\MAGIC\scripts\phase00\INBOX\trends_scraper_with_reddit_0A470FF5_0A470FF5.py	2975
D:\MAGIC\scripts\phase00\INBOX\trend_explainer_E3B0C442_E3B0C442.py	0
D:\MAGIC\scripts\phase00\INBOX\trend_lifecycle_E3B0C442_E3B0C442.py	0
D:\MAGIC\scripts\phase00\INBOX\trend_predictor_E1515DEE_E1515DEE.py	798
D:\MAGIC\scripts\phase00\INBOX\trend_scorer_2_75AEC5C4_75AEC5C4.py	171
D:\MAGIC\scripts\phase00\INBOX\trend_scorer_760C2953_760C2953.py	1438
D:\MAGIC\scripts\phase00\INBOX\trend_spike_detector_E3B0C442_E3B0C442.py	0
D:\MAGIC\scripts\phase00\INBOX\trend_summary_gen_E3B0C442_E3B0C442.py	0
D:\MAGIC\scripts\phase00\INBOX\trend_unifier_2_2CDC2208_2CDC2208.py	183
D:\MAGIC\scripts\phase00\INBOX\trend_unifier_E3B0C442_E3B0C442.py	0
D:\MAGIC\scripts\phase00\INBOX\ttCollection_691A61D8_691A61D8.py	3963
D:\MAGIC\scripts\phase00\INBOX\ttfonts_C20AEEA9_C20AEEA9.py	38990
D:\MAGIC\scripts\phase00\INBOX\ttFont_AD319634_AD319634.py	40965
D:\MAGIC\scripts\phase00\INBOX\ttGlyphPen_C8BB41F8_C8BB41F8.py	11870
D:\MAGIC\scripts\phase00\INBOX\ttGlyphSet_71406130_71406130.py	17476
D:\MAGIC\scripts\phase00\INBOX\ttProgram_B60B7181_B60B7181.py	35888
D:\MAGIC\scripts\phase00\INBOX\ttVisitor_FED6A1E0_FED6A1E0.py	1025
D:\MAGIC\scripts\phase00\INBOX\ttx_171B86B9_171B86B9.py	17277
D:\MAGIC\scripts\phase00\INBOX\TupleVariation_E174C34D_E174C34D.py	32235
D:\MAGIC\scripts\phase00\INBOX\tutil_B3DE0556_B3DE0556.py	4026
D:\MAGIC\scripts\phase00\INBOX\twitter_7A84DF79_7A84DF79.py	128353
D:\MAGIC\scripts\phase00\INBOX\twitter_api_E3B0C442_E3B0C442.py	0
D:\MAGIC\scripts\phase00\INBOX\twitter_scraper_E3B0C442_E3B0C442.py	0
D:\MAGIC\scripts\phase00\INBOX\twitter_scraper_old_2_8AE769B2_8AE769B2.py	652
D:\MAGIC\scripts\phase00\INBOX\twitter_scraper_ps_2_855DED96_855DED96.py	6146
D:\MAGIC\scripts\phase00\INBOX\twitter_scraper_simple_2_77EF0516_77EF0516.py	658
D:\MAGIC\scripts\phase00\INBOX\twodim_base_AB3F56DA_AB3F56DA.py	29023
D:\MAGIC\scripts\phase00\INBOX\typecheck_47310528_47310528.py	11450
D:\MAGIC\scripts\phase00\INBOX\types_29F4093F_29F4093F.py	1029
D:\MAGIC\scripts\phase00\INBOX\types_2_D8AE13E6_D8AE13E6.py	247
D:\MAGIC\scripts\phase00\INBOX\types_3_2E7B0E27_2E7B0E27.py	2996
D:\MAGIC\scripts\phase00\INBOX\types_4_A1F2BAE6_A1F2BAE6.py	5320
D:\MAGIC\scripts\phase00\INBOX\type_check_27EB0EF5_27EB0EF5.py	20371
D:\MAGIC\scripts\phase00\INBOX\typing_4727FA78_4727FA78.py	68
D:\MAGIC\scripts\phase00\INBOX\typing_extensions_2_E4BDC332_E4BDC332.py	159097
D:\MAGIC\scripts\phase00\INBOX\typing_extensions_3734ED68_3734ED68.py	88707
D:\MAGIC\scripts\phase00\INBOX\tzfile_96E70961_96E70961.py	4777
D:\MAGIC\scripts\phase00\INBOX\tzinfo_9BBB5B54_9BBB5B54.py	19356
D:\MAGIC\scripts\phase00\INBOX\tzwin_2_EC0AF8BD_EC0AF8BD.py	59
D:\MAGIC\scripts\phase00\INBOX\tzwin_EC0AF8BD_EC0AF8BD.py	59
D:\MAGIC\scripts\phase00\INBOX\tz_2_65430EC8_65430EC8.py	62926
D:\MAGIC\scripts\phase00\INBOX\tz_65430EC8_65430EC8.py	62926
D:\MAGIC\scripts\phase00\INBOX\T_S_I_B__CE9EF83C_CE9EF83C.py	340
D:\MAGIC\scripts\phase00\INBOX\T_S_I_C__A8D04D68_A8D04D68.py	380
D:\MAGIC\scripts\phase00\INBOX\T_S_I_D__EADAEE28_EADAEE28.py	340
D:\MAGIC\scripts\phase00\INBOX\T_S_I_J__2D27ADBB_2D27ADBB.py	340
D:\MAGIC\scripts\phase00\INBOX\T_S_I_P__B6381297_B6381297.py	340
D:\MAGIC\scripts\phase00\INBOX\T_S_I_S__EA82D527_EA82D527.py	340
D:\MAGIC\scripts\phase00\INBOX\T_S_I_V__965CF777_965CF777.py	854
D:\MAGIC\scripts\phase00\INBOX\T_S_I__0_3BEDA823_3BEDA823.py	2505
D:\MAGIC\scripts\phase00\INBOX\T_S_I__1_31EBD3CA_31EBD3CA.py	7057
D:\MAGIC\scripts\phase00\INBOX\T_S_I__2_0FBDC643_0FBDC643.py	495
D:\MAGIC\scripts\phase00\INBOX\T_S_I__3_C1030CF5_C1030CF5.py	542
D:\MAGIC\scripts\phase00\INBOX\T_S_I__5_D84756E1_D84756E1.py	1913
D:\MAGIC\scripts\phase00\INBOX\T_T_F_A__2EE4F4C3_2EE4F4C3.py	392
D:\MAGIC\scripts\phase00\INBOX\ufo_A9947BD2_A9947BD2.py	11794
D:\MAGIC\scripts\phase00\INBOX\ufunclike_1B54189F_1B54189F.py	8067
D:\MAGIC\scripts\phase00\INBOX\ufunclike_2_649C9937_649C9937.py	685
D:\MAGIC\scripts\phase00\INBOX\ufunclike_3_1AF7BA70_1AF7BA70.py	1039
D:\MAGIC\scripts\phase00\INBOX\ufunclike_4_2EB6E5F5_2EB6E5F5.py	1637
D:\MAGIC\scripts\phase00\INBOX\ufuncs_2_61A0D32F_61A0D32F.py	1347
D:\MAGIC\scripts\phase00\INBOX\ufuncs_3_C46B8ABA_C46B8ABA.py	462
D:\MAGIC\scripts\phase00\INBOX\ufuncs_4_8EA21759_8EA21759.py	3009
D:\MAGIC\scripts\phase00\INBOX\ufuncs_BBD6DB36_BBD6DB36.py	5360
D:\MAGIC\scripts\phase00\INBOX\ufunc_config_2_B61AE11E_B61AE11E.py	1124
D:\MAGIC\scripts\phase00\INBOX\ufunc_config_3_210452E9_210452E9.py	1436
D:\MAGIC\scripts\phase00\INBOX\ufunc_config_4_07E0CEE9_07E0CEE9.py	1229
D:\MAGIC\scripts\phase00\INBOX\ufunc_config_B65BCF40_B65BCF40.py	738
D:\MAGIC\scripts\phase00\INBOX\ui_8BC8E676_8BC8E676.py	886
D:\MAGIC\scripts\phase00\INBOX\umath_B02DD8A5_B02DD8A5.py	2395
D:\MAGIC\scripts\phase00\INBOX\umath_tests_4C71C87A_4C71C87A.py	391
D:\MAGIC\scripts\phase00\INBOX\unbuilder_896F84E4_896F84E4.py	2142
D:\MAGIC\scripts\phase00\INBOX\unicode_2_91BD49AD_91BD49AD.py	4273
D:\MAGIC\scripts\phase00\INBOX\unicode_7F0BA132_7F0BA132.py	10787
D:\MAGIC\scripts\phase00\INBOX\unicode_error_test_37DE7A35_37DE7A35.py	59
D:\MAGIC\scripts\phase00\INBOX\unicode_script_A052C3D7_A052C3D7.py	54285
D:\MAGIC\scripts\phase00\INBOX\unicode_utils_8AEBE86D_8AEBE86D.py	941
D:\MAGIC\scripts\phase00\INBOX\uninstall_388A8EF6_388A8EF6.py	3886
D:\MAGIC\scripts\phase00\INBOX\unistring_EA15370B_EA15370B.py	63287
D:\MAGIC\scripts\phase00\INBOX\universaldetector_CFB731A4_CFB731A4.py	14848
D:\MAGIC\scripts\phase00\INBOX\unixccompiler_A2962807_A2962807.py	15641
D:\MAGIC\scripts\phase00\INBOX\unix_9CA0C3AF_9CA0C3AF.py	6939
D:\MAGIC\scripts\phase00\INBOX\unpacking_C627BC63_C627BC63.py	8820
D:\MAGIC\scripts\phase00\INBOX\update_checker_59024748_59024748.py	9102
D:\MAGIC\scripts\phase00\INBOX\update_checker_test_C8171DEB_C8171DEB.py	2452
D:\MAGIC\scripts\phase00\INBOX\upload_93D06CD7_93D06CD7.py	7477
D:\MAGIC\scripts\phase00\INBOX\upload_docs_E2A51AD2_E2A51AD2.py	7577
D:\MAGIC\scripts\phase00\INBOX\urls_02169EB1_02169EB1.py	1759
D:\MAGIC\scripts\phase00\INBOX\url_59187E4C_59187E4C.py	15205
D:\MAGIC\scripts\phase00\INBOX\usedoctest_2_B4F96657_B4F96657.py	249
D:\MAGIC\scripts\phase00\INBOX\usedoctest_A9181929_A9181929.py	230
D:\MAGIC\scripts\phase00\INBOX\user_array_9A723846_9A723846.py	7857
D:\MAGIC\scripts\phase00\INBOX\user_subreddit_B0614041_B0614041.py	10935
D:\MAGIC\scripts\phase00\INBOX\use_rules_7C1F3261_7C1F3261.py	3748
D:\MAGIC\scripts\phase00\INBOX\utf1632prober_A70D5EA4_A70D5EA4.py	8505
D:\MAGIC\scripts\phase00\INBOX\utf8prober_F26D3C51_F26D3C51.py	2812
D:\MAGIC\scripts\phase00\INBOX\utilities_75A7FB72_75A7FB72.py	2817
D:\MAGIC\scripts\phase00\INBOX\utils_10_6F5326FA_6F5326FA.py	20245
D:\MAGIC\scripts\phase00\INBOX\utils_11_E746C6AD_E746C6AD.py	1084
D:\MAGIC\scripts\phase00\INBOX\utils_12_46FD5612_46FD5612.py	4383
D:\MAGIC\scripts\phase00\INBOX\utils_13_0CF4ECE9_0CF4ECE9.py	790
D:\MAGIC\scripts\phase00\INBOX\utils_14_74A09C84_74A09C84.py	1965
D:\MAGIC\scripts\phase00\INBOX\utils_15_98DE46B9_98DE46B9.py	1995
D:\MAGIC\scripts\phase00\INBOX\utils_16_035D6DDB_035D6DDB.py	22980
D:\MAGIC\scripts\phase00\INBOX\utils_2B134F77_2B134F77.py	1613
D:\MAGIC\scripts\phase00\INBOX\utils_2_74A09C84_74A09C84.py	1965
D:\MAGIC\scripts\phase00\INBOX\utils_3_3FEF1072_3FEF1072.py	2737
D:\MAGIC\scripts\phase00\INBOX\utils_4_0C1F608E_0C1F608E.py	33011
D:\MAGIC\scripts\phase00\INBOX\utils_5_F91B33B6_F91B33B6.py	1281
D:\MAGIC\scripts\phase00\INBOX\utils_6_50320665_50320665.py	86146
D:\MAGIC\scripts\phase00\INBOX\utils_7_0F17ECD5_0F17ECD5.py	16493
D:\MAGIC\scripts\phase00\INBOX\utils_8_B137A33E_B137A33E.py	12170
D:\MAGIC\scripts\phase00\INBOX\utils_9_D28B292B_D28B292B.py	12853
D:\MAGIC\scripts\phase00\INBOX\util_2_047DDB65_047DDB65.py	3378
D:\MAGIC\scripts\phase00\INBOX\util_3_F525C561_F525C561.py	754
D:\MAGIC\scripts\phase00\INBOX\util_4_C33DFC81_C33DFC81.py	8609
D:\MAGIC\scripts\phase00\INBOX\util_8F795B64_8F795B64.py	1146
D:\MAGIC\scripts\phase00\INBOX\uts46data_635E13B5_635E13B5.py	239334
D:\MAGIC\scripts\phase00\INBOX\validate_schema_2_293F409B_293F409B.py	180
D:\MAGIC\scripts\phase00\INBOX\validation_checks_2_B52CF8CC_B52CF8CC.py	917
D:\MAGIC\scripts\phase00\INBOX\validators_2D117CCE_2D117CCE.py	19912
D:\MAGIC\scripts\phase00\INBOX\validators_2_C5CCBAC0_C5CCBAC0.py	76
D:\MAGIC\scripts\phase00\INBOX\validators_3_2D117CCE_2D117CCE.py	19912
D:\MAGIC\scripts\phase00\INBOX\validators_4_C5CCBAC0_C5CCBAC0.py	76
D:\MAGIC\scripts\phase00\INBOX\validators_5_CC8729DB_CC8729DB.py	30805
D:\MAGIC\scripts\phase00\INBOX\variableScalar_5EEF2DA4_5EEF2DA4.py	4069
D:\MAGIC\scripts\phase00\INBOX\variables_083D2A5C_083D2A5C.py	2348
D:\MAGIC\scripts\phase00\INBOX\variance_filter_E3B0C442_E3B0C442.py	0
D:\MAGIC\scripts\phase00\INBOX\varStore_D9003D48_D9003D48.py	24069
D:\MAGIC\scripts\phase00\INBOX\var__2B396236_2B396236.py	4323
D:\MAGIC\scripts\phase00\INBOX\vast_5F75D391_5F75D391.py	1651
D:\MAGIC\scripts\phase00\INBOX\vault_manager_2BCD5EAE_2BCD5EAE.py	1237
D:\MAGIC\scripts\phase00\INBOX\vault_manager_2_0B876725_0B876725.py	1033
D:\MAGIC\scripts\phase00\INBOX\vb_1F2DBDB4_1F2DBDB4.py	8456
D:\MAGIC\scripts\phase00\INBOX\vector_EA5A9970_EA5A9970.py	4062
D:\MAGIC\scripts\phase00\INBOX\vengine_cpy_2F217AC1_2F217AC1.py	43938
D:\MAGIC\scripts\phase00\INBOX\vengine_cpy_2_2F217AC1_2F217AC1.py	43938
D:\MAGIC\scripts\phase00\INBOX\vengine_gen_2_B59F5AD5_B59F5AD5.py	27015
D:\MAGIC\scripts\phase00\INBOX\vengine_gen_B59F5AD5_B59F5AD5.py	27015
D:\MAGIC\scripts\phase00\INBOX\verification_811D82D9_811D82D9.py	958
D:\MAGIC\scripts\phase00\INBOX\verifier_20DC83E0_20DC83E0.py	11257
D:\MAGIC\scripts\phase00\INBOX\verifier_2_20DC83E0_20DC83E0.py	11257
D:\MAGIC\scripts\phase00\INBOX\verify_setup_2_D6B81A53_D6B81A53.py	77
D:\MAGIC\scripts\phase00\INBOX\versioncontrol_4007518B_4007518B.py	22810
D:\MAGIC\scripts\phase00\INBOX\versionpredicate_4086B5D8_4086B5D8.py	5248
D:\MAGIC\scripts\phase00\INBOX\version_2_1E70B95B_1E70B95B.py	513
D:\MAGIC\scripts\phase00\INBOX\version_3_24D3E5F5_24D3E5F5.py	371
D:\MAGIC\scripts\phase00\INBOX\version_4_9282D794_9282D794.py	115
D:\MAGIC\scripts\phase00\INBOX\version_5_ABCFF90B_ABCFF90B.py	22
D:\MAGIC\scripts\phase00\INBOX\version_6_1E70B95B_1E70B95B.py	513
D:\MAGIC\scripts\phase00\INBOX\version_FA5C3B5D_FA5C3B5D.py	161
D:\MAGIC\scripts\phase00\INBOX\virtualenv_4BA7FB72_4BA7FB72.py	3456
D:\MAGIC\scripts\phase00\INBOX\virtual_authenticator_6949506F_6949506F.py	7907
D:\MAGIC\scripts\phase00\INBOX\visitor_73D610B3_73D610B3.py	5610
D:\MAGIC\scripts\phase00\INBOX\vkontakte_24AC6F28_24AC6F28.py	22955
D:\MAGIC\scripts\phase00\INBOX\voltToFea_676CAF9D_676CAF9D.py	36549
D:\MAGIC\scripts\phase00\INBOX\V_A_R_C__DE3157E7_DE3157E7.py	289
D:\MAGIC\scripts\phase00\INBOX\V_D_M_X__45B1E5EE_45B1E5EE.py	10437
D:\MAGIC\scripts\phase00\INBOX\V_O_R_G__0A7DCEC6_0A7DCEC6.py	5965
D:\MAGIC\scripts\phase00\INBOX\V_V_A_R__0ACB70EA_0ACB70EA.py	319
D:\MAGIC\scripts\phase00\INBOX\waitid_0F268EAA_0F268EAA.py	3888
D:\MAGIC\scripts\phase00\INBOX\wait_FE987C22_FE987C22.py	4423
D:\MAGIC\scripts\phase00\INBOX\warnings_and_errors_06B72E7F_06B72E7F.py	280
D:\MAGIC\scripts\phase00\INBOX\warnings_and_errors_2_0D29062A_0D29062A.py	172
D:\MAGIC\scripts\phase00\INBOX\warnings_and_errors_3_E59F51C0_E59F51C0.py	428
D:\MAGIC\scripts\phase00\INBOX\webdriver_AEE204E2_AEE204E2.py	2411
D:\MAGIC\scripts\phase00\INBOX\webelement_EDB77A03_EDB77A03.py	22009
D:\MAGIC\scripts\phase00\INBOX\webextension_9374A32C_9374A32C.py	3385
D:\MAGIC\scripts\phase00\INBOX\webhdfs_1BDC06CB_1BDC06CB.py	16769
D:\MAGIC\scripts\phase00\INBOX\websocket_connection_4C065FD6_4C065FD6.py	5070
D:\MAGIC\scripts\phase00\INBOX\web_audio_8B8BD98E_8B8BD98E.py	17305
D:\MAGIC\scripts\phase00\INBOX\web_authn_BB091C7A_BB091C7A.py	20573
D:\MAGIC\scripts\phase00\INBOX\weekly_consolidator_6AE379D8_6AE379D8.py	806
D:\MAGIC\scripts\phase00\INBOX\weibo_559BE48C_559BE48C.py	7517
D:\MAGIC\scripts\phase00\INBOX\wheel_7C966FAF_7C966FAF.py	8396
D:\MAGIC\scripts\phase00\INBOX\wheel_actions_3B75A8DF_3B75A8DF.py	1375
D:\MAGIC\scripts\phase00\INBOX\wheel_builder_ED27EA1E_ED27EA1E.py	13078
D:\MAGIC\scripts\phase00\INBOX\wheel_editable_C8EB681F_C8EB681F.py	1417
D:\MAGIC\scripts\phase00\INBOX\wheel_input_7A9B9C52_7A9B9C52.py	2654
D:\MAGIC\scripts\phase00\INBOX\wheel_legacy_0BD8FAAE_0BD8FAAE.py	3064
D:\MAGIC\scripts\phase00\INBOX\whitespace_7BD46FA5_7BD46FA5.py	1224
D:\MAGIC\scripts\phase00\INBOX\width_22A18BD0_22A18BD0.py	6074
D:\MAGIC\scripts\phase00\INBOX\win32_B898588C_B898588C.py	6213
D:\MAGIC\scripts\phase00\INBOX\windows_70717FD1_70717FD1.py	365
D:\MAGIC\scripts\phase00\INBOX\windows_support_F8897C21_F8897C21.py	719
D:\MAGIC\scripts\phase00\INBOX\window_0AE33A80_0AE33A80.py	926
D:\MAGIC\scripts\phase00\INBOX\winterm_C2D00336_C2D00336.py	7163
D:\MAGIC\scripts\phase00\INBOX\winterm_test_0A51ADCE_0A51ADCE.py	3683
D:\MAGIC\scripts\phase00\INBOX\win_2_D9DC852F_D9DC852F.py	13012
D:\MAGIC\scripts\phase00\INBOX\win_D9DC852F_D9DC852F.py	13012
D:\MAGIC\scripts\phase00\INBOX\wipe_notion_db_726DB86B_726DB86B.py	1379
D:\MAGIC\scripts\phase00\INBOX\woff2_472C3859_472C3859.py	61058
D:\MAGIC\scripts\phase00\INBOX\wrapper_5F7F8A31_5F7F8A31.py	774
D:\MAGIC\scripts\phase00\INBOX\wxPen_5BD4511E_5BD4511E.py	680
D:\MAGIC\scripts\phase00\INBOX\x25519_FF89D079_FF89D079.py	3613
D:\MAGIC\scripts\phase00\INBOX\x448_58A04BB6_58A04BB6.py	3642
D:\MAGIC\scripts\phase00\INBOX\x963kdf_CCB4DC17_CCB4DC17.py	1999
D:\MAGIC\scripts\phase00\INBOX\xmlfile_E892E692_E892E692.py	4911
D:\MAGIC\scripts\phase00\INBOX\xmlReader_8A0BADE3_8A0BADE3.py	6580
D:\MAGIC\scripts\phase00\INBOX\xmlrpc_63529E67_63529E67.py	1790
D:\MAGIC\scripts\phase00\INBOX\xmlWriter_080D5CF8_080D5CF8.py	6046
D:\MAGIC\scripts\phase00\INBOX\xml_44E0E9AC_44E0E9AC.py	16356
D:\MAGIC\scripts\phase00\INBOX\x_user_defined_A2D21553_A2D21553.py	4288
D:\MAGIC\scripts\phase00\INBOX\yacctab_456A5BFF_456A5BFF.py	683997
D:\MAGIC\scripts\phase00\INBOX\yacc_3A9ADB5A_3A9ADB5A.py	140360
D:\MAGIC\scripts\phase00\INBOX\ygen_5552578D_5552578D.py	2265
D:\MAGIC\scripts\phase00\INBOX\youtube_api_2_83DA9F1F_83DA9F1F.py	2016
D:\MAGIC\scripts\phase00\INBOX\youtube_api_E3B0C442_E3B0C442.py	0
D:\MAGIC\scripts\phase00\INBOX\youtube_scraper_2_2BCC112B_2BCC112B.py	593
D:\MAGIC\scripts\phase00\INBOX\youtube_scraper_E3B0C442_E3B0C442.py	0
D:\MAGIC\scripts\phase00\INBOX\zephyr_alerts_E3B0C442_E3B0C442.py	0
D:\MAGIC\scripts\phase00\INBOX\zephyr_feedback_E3B0C442_E3B0C442.py	0
D:\MAGIC\scripts\phase00\INBOX\zephyr_to_midas_E3B0C442_E3B0C442.py	0
D:\MAGIC\scripts\phase00\INBOX\zipp_538AC9F4_538AC9F4.py	8425
D:\MAGIC\scripts\phase00\INBOX\zip_F4B04C1C_F4B04C1C.py	6072
D:\MAGIC\scripts\phase00\INBOX\_abc_23D7F0C6_23D7F0C6.py	25681
D:\MAGIC\scripts\phase00\INBOX\_abnf_59EB1425_59EB1425.py	14385
D:\MAGIC\scripts\phase00\INBOX\_adapters_505E1E44_505E1E44.py	4504
D:\MAGIC\scripts\phase00\INBOX\_add_docstring_59A76705_59A76705.py	3848
D:\MAGIC\scripts\phase00\INBOX\_add_newdocs_E0B10203_E0B10203.py	196558
D:\MAGIC\scripts\phase00\INBOX\_add_newdocs_scalars_5A4BD90E_5A4BD90E.py	9643
D:\MAGIC\scripts\phase00\INBOX\_api_2_F1B45CC4_F1B45CC4.py	14889
D:\MAGIC\scripts\phase00\INBOX\_api_F1B45CC4_F1B45CC4.py	14889
D:\MAGIC\scripts\phase00\INBOX\_appengine_environ_6C36F238_6C36F238.py	957
D:\MAGIC\scripts\phase00\INBOX\_apply_pyprojecttoml_36B3A026_36B3A026.py	13426
D:\MAGIC\scripts\phase00\INBOX\_app_C4202568_C4202568.py	24176
D:\MAGIC\scripts\phase00\INBOX\_array_like_566D054B_566D054B.py	3230
D:\MAGIC\scripts\phase00\INBOX\_arrow_utils_2AC378D2_2AC378D2.py	1921
D:\MAGIC\scripts\phase00\INBOX\_asarray_C706F58E_C706F58E.py	4178
D:\MAGIC\scripts\phase00\INBOX\_ast_gen_61239195_61239195.py	10473
D:\MAGIC\scripts\phase00\INBOX\_asymmetric_46181CA2_46181CA2.py	532
D:\MAGIC\scripts\phase00\INBOX\_asyncgens_0B867B65_0B867B65.py	10563
D:\MAGIC\scripts\phase00\INBOX\_asyncio_F0645117_F0645117.py	3345
D:\MAGIC\scripts\phase00\INBOX\_asyncio_selector_thread_E7746130_E7746130.py	5626
D:\MAGIC\scripts\phase00\INBOX\_a_n_k_r_32903322_32903322.py	483
D:\MAGIC\scripts\phase00\INBOX\_a_v_a_r_4278CFF2_4278CFF2.py	7116
D:\MAGIC\scripts\phase00\INBOX\_base_connection_4F57301F_4F57301F.py	5568
D:\MAGIC\scripts\phase00\INBOX\_base_DFE299CF_DFE299CF.py	62589
D:\MAGIC\scripts\phase00\INBOX\_build_config_ADD97E79_ADD97E79.py	2015
D:\MAGIC\scripts\phase00\INBOX\_build_tables_7D5BB750_7D5BB750.py	1035
D:\MAGIC\scripts\phase00\INBOX\_b_s_l_n_FFCE3CA3_FFCE3CA3.py	465
D:\MAGIC\scripts\phase00\INBOX\_cachedmethod_464D8CD7_464D8CD7.py	3413
D:\MAGIC\scripts\phase00\INBOX\_cached_FA2A504C_FA2A504C.py	6350
D:\MAGIC\scripts\phase00\INBOX\_callable_15AE6CAC_15AE6CAC.py	12879
D:\MAGIC\scripts\phase00\INBOX\_catch_09A25ECF_09A25ECF.py	4680
D:\MAGIC\scripts\phase00\INBOX\_cell_widths_DA7E0488_DA7E0488.py	10096
D:\MAGIC\scripts\phase00\INBOX\_channel_7A6E604C_7A6E604C.py	22659
D:\MAGIC\scripts\phase00\INBOX\_char_codes_9B26EED8_9B26EED8.py	8938
D:\MAGIC\scripts\phase00\INBOX\_checkpoints_19825C04_19825C04.py	2135
D:\MAGIC\scripts\phase00\INBOX\_check_streams_01F4B58D_01F4B58D.py	22801
D:\MAGIC\scripts\phase00\INBOX\_cipheralgorithm_475B92B5_475B92B5.py	1494
D:\MAGIC\scripts\phase00\INBOX\_cli_F8BC7EA9_F8BC7EA9.py	16231
D:\MAGIC\scripts\phase00\INBOX\_cmd_971517A9_971517A9.py	1379
D:\MAGIC\scripts\phase00\INBOX\_cmp_2_C0F97917_C0F97917.py	4087
D:\MAGIC\scripts\phase00\INBOX\_cmp_C0F97917_C0F97917.py	4087
D:\MAGIC\scripts\phase00\INBOX\_collections_B4CEDCE8_B4CEDCE8.py	17295
D:\MAGIC\scripts\phase00\INBOX\_color_data_7D9FD096_7D9FD096.py	4332
D:\MAGIC\scripts\phase00\INBOX\_common_2_3DD58A16_3DD58A16.py	13047
D:\MAGIC\scripts\phase00\INBOX\_common_3_6D1CE508_6D1CE508.py	971
D:\MAGIC\scripts\phase00\INBOX\_common_4_3DD58A16_3DD58A16.py	13047
D:\MAGIC\scripts\phase00\INBOX\_common_ED415B93_ED415B93.py	2686
D:\MAGIC\scripts\phase00\INBOX\_compat_2_DE94B287_DE94B287.py	2668
D:\MAGIC\scripts\phase00\INBOX\_compat_3_BF7C4166_BF7C4166.py	18693
D:\MAGIC\scripts\phase00\INBOX\_compat_A039A303_A039A303.py	2706
D:\MAGIC\scripts\phase00\INBOX\_concat_tb_3E69C500_3E69C500.py	877
D:\MAGIC\scripts\phase00\INBOX\_conditional_ADDAA34E_ADDAA34E.py	5312
D:\MAGIC\scripts\phase00\INBOX\_configtool_60588CC0_60588CC0.py	1051
D:\MAGIC\scripts\phase00\INBOX\_config_2_777DE2C0_777DE2C0.py	8571
D:\MAGIC\scripts\phase00\INBOX\_config_3_04E009C9_04E009C9.py	304714
D:\MAGIC\scripts\phase00\INBOX\_config_4_746AB7C5_746AB7C5.py	843
D:\MAGIC\scripts\phase00\INBOX\_config_746AB7C5_746AB7C5.py	843
D:\MAGIC\scripts\phase00\INBOX\_connection_E6BCC8A4_E6BCC8A4.py	26839
D:\MAGIC\scripts\phase00\INBOX\_content_3CD187FD_3CD187FD.py	8185
D:\MAGIC\scripts\phase00\INBOX\_cookiejar_F3DDD25A_F3DDD25A.py	2399
D:\MAGIC\scripts\phase00\INBOX\_core_3FE95873_3FE95873.py	21080
D:\MAGIC\scripts\phase00\INBOX\_c_i_d_g_CADF2B54_CADF2B54.py	913
D:\MAGIC\scripts\phase00\INBOX\_c_m_a_p_D0FD33D6_D0FD33D6.py	62208
D:\MAGIC\scripts\phase00\INBOX\_c_v_a_r_DF96B293_DF96B293.py	3527
D:\MAGIC\scripts\phase00\INBOX\_c_v_t_0CCB9AA5_0CCB9AA5.py	1647
D:\MAGIC\scripts\phase00\INBOX\_datasource_8F324CA7_8F324CA7.py	22586
D:\MAGIC\scripts\phase00\INBOX\_decorators_36B87F79_36B87F79.py	18244
D:\MAGIC\scripts\phase00\INBOX\_deprecate_98E041A0_98E041A0.py	5456
D:\MAGIC\scripts\phase00\INBOX\_deprecation_2_B9C6637C_B9C6637C.py	2394
D:\MAGIC\scripts\phase00\INBOX\_deprecation_B9C6637C_B9C6637C.py	2394
D:\MAGIC\scripts\phase00\INBOX\_deprecation_warning_8D4F7E76_8D4F7E76.py	218
D:\MAGIC\scripts\phase00\INBOX\_dfi_types_68ACC0AD_68ACC0AD.py	6512
D:\MAGIC\scripts\phase00\INBOX\_diffcommand_D5443531_D5443531.py	2064
D:\MAGIC\scripts\phase00\INBOX\_difflib_8DE463AE_8DE463AE.py	85678
D:\MAGIC\scripts\phase00\INBOX\_distributor_init_7CFD3593_7CFD3593.py	1162
D:\MAGIC\scripts\phase00\INBOX\_dists_05457CCB_05457CCB.py	8181
D:\MAGIC\scripts\phase00\INBOX\_distutils_7268BA87_7268BA87.py	6100
D:\MAGIC\scripts\phase00\INBOX\_doctools_BCAD45C5_BCAD45C5.py	6709
D:\MAGIC\scripts\phase00\INBOX\_dtls_0429B89E_0429B89E.py	54136
D:\MAGIC\scripts\phase00\INBOX\_dtype_ctypes_3F0C5040_3F0C5040.py	3660
D:\MAGIC\scripts\phase00\INBOX\_dtype_D79CF883_D79CF883.py	9748
D:\MAGIC\scripts\phase00\INBOX\_dtype_like_E012E396_E012E396.py	5879
D:\MAGIC\scripts\phase00\INBOX\_elementpath_683E3EB0_683E3EB0.py	11086
D:\MAGIC\scripts\phase00\INBOX\_emoji_codes_86ED552F_86ED552F.py	140235
D:\MAGIC\scripts\phase00\INBOX\_emoji_replace_A1278AFE_A1278AFE.py	1064
D:\MAGIC\scripts\phase00\INBOX\_entry_points_544B1AAA_544B1AAA.py	1925
D:\MAGIC\scripts\phase00\INBOX\_entry_queue_4C02CA7E_4C02CA7E.py	9427
D:\MAGIC\scripts\phase00\INBOX\_envs_EC1C5A9C_EC1C5A9C.py	7457
D:\MAGIC\scripts\phase00\INBOX\_error_2_FB98CC72_FB98CC72.py	787
D:\MAGIC\scripts\phase00\INBOX\_error_FB98CC72_FB98CC72.py	787
D:\MAGIC\scripts\phase00\INBOX\_eventloop_2_B7FB40C0_B7FB40C0.py	4695
D:\MAGIC\scripts\phase00\INBOX\_eventloop_5262FC0D_5262FC0D.py	9682
D:\MAGIC\scripts\phase00\INBOX\_events_23DEDA5E_23DEDA5E.py	11792
D:\MAGIC\scripts\phase00\INBOX\_exceptions_2_95A9E03D_95A9E03D.py	6074
D:\MAGIC\scripts\phase00\INBOX\_exceptions_3_4653D197_4653D197.py	3503
D:\MAGIC\scripts\phase00\INBOX\_exceptions_AFB94668_AFB94668.py	2178
D:\MAGIC\scripts\phase00\INBOX\_export_format_9C702BA8_9C702BA8.py	2114
D:\MAGIC\scripts\phase00\INBOX\_extended_precision_005646F5_005646F5.py	1116
D:\MAGIC\scripts\phase00\INBOX\_extension_5EDE3B41_5EDE3B41.py	265
D:\MAGIC\scripts\phase00\INBOX\_factories_23988A30_23988A30.py	2502
D:\MAGIC\scripts\phase00\INBOX\_factories_2_23988A30_23988A30.py	2502
D:\MAGIC\scripts\phase00\INBOX\_fake_net_3A9CD85C_3A9CD85C.py	18322
D:\MAGIC\scripts\phase00\INBOX\_fileio_4DB1C037_4DB1C037.py	23341
D:\MAGIC\scripts\phase00\INBOX\_file_io_AF1D9149_AF1D9149.py	15642
D:\MAGIC\scripts\phase00\INBOX\_formatting_E140BA6D_E140BA6D.py	21032
D:\MAGIC\scripts\phase00\INBOX\_framework_compat_57A8CBF0_57A8CBF0.py	1613
D:\MAGIC\scripts\phase00\INBOX\_funcs_2_EC636C63_EC636C63.py	15848
D:\MAGIC\scripts\phase00\INBOX\_funcs_EC636C63_EC636C63.py	15848
D:\MAGIC\scripts\phase00\INBOX\_functools_3EC636FB_3EC636FB.py	2895
D:\MAGIC\scripts\phase00\INBOX\_f_e_a_t_162D579E_162D579E.py	469
D:\MAGIC\scripts\phase00\INBOX\_f_p_g_m_B991D9CE_B991D9CE.py	1633
D:\MAGIC\scripts\phase00\INBOX\_f_v_a_r_AD5DF71F_AD5DF71F.py	8837
D:\MAGIC\scripts\phase00\INBOX\_generated_instrumentation_6F4F128F_6F4F128F.py	1627
D:\MAGIC\scripts\phase00\INBOX\_generated_io_epoll_088DB0D5_088DB0D5.py	3850
D:\MAGIC\scripts\phase00\INBOX\_generated_io_kqueue_162A9ED9_162A9ED9.py	5545
D:\MAGIC\scripts\phase00\INBOX\_generated_io_windows_72CC2ED1_72CC2ED1.py	7491
D:\MAGIC\scripts\phase00\INBOX\_generated_run_D11CC6BF_D11CC6BF.py	10131
D:\MAGIC\scripts\phase00\INBOX\_generic_alias_59756914_59756914.py	6344
D:\MAGIC\scripts\phase00\INBOX\_globals_38B92A76_38B92A76.py	2942
D:\MAGIC\scripts\phase00\INBOX\_g_a_s_p_62F84054_62F84054.py	2203
D:\MAGIC\scripts\phase00\INBOX\_g_c_i_d_009E2E57_009E2E57.py	362
D:\MAGIC\scripts\phase00\INBOX\_g_l_y_f_E4D68ECA_E4D68ECA.py	85589
D:\MAGIC\scripts\phase00\INBOX\_g_v_a_r_B1103F95_B1103F95.py	12075
D:\MAGIC\scripts\phase00\INBOX\_handshake_EE924E13_EE924E13.py	6579
D:\MAGIC\scripts\phase00\INBOX\_headers_E0074695_E0074695.py	10392
D:\MAGIC\scripts\phase00\INBOX\_highlevel_generic_6EDD5667_6EDD5667.py	4759
D:\MAGIC\scripts\phase00\INBOX\_highlevel_open_tcp_listeners_9E24A682_9E24A682.py	9994
D:\MAGIC\scripts\phase00\INBOX\_highlevel_open_tcp_stream_7B223B72_7B223B72.py	18754
D:\MAGIC\scripts\phase00\INBOX\_highlevel_open_unix_stream_85A04687_85A04687.py	1625
D:\MAGIC\scripts\phase00\INBOX\_highlevel_serve_listeners_D6CD7DBA_D6CD7DBA.py	5186
D:\MAGIC\scripts\phase00\INBOX\_highlevel_socket_A2E50CA8_A2E50CA8.py	15749
D:\MAGIC\scripts\phase00\INBOX\_highlevel_ssl_helpers_9BF1F37A_9BF1F37A.py	6535
D:\MAGIC\scripts\phase00\INBOX\_html5builder_34E77EA0_34E77EA0.py	3219
D:\MAGIC\scripts\phase00\INBOX\_html5lib_2_DCC5EADB_DCC5EADB.py	22846
D:\MAGIC\scripts\phase00\INBOX\_html5lib_DCC5EADB_DCC5EADB.py	22846
D:\MAGIC\scripts\phase00\INBOX\_htmlparser_2_72EF4F16_72EF4F16.py	17872
D:\MAGIC\scripts\phase00\INBOX\_htmlparser_72EF4F16_72EF4F16.py	17872
D:\MAGIC\scripts\phase00\INBOX\_http_DB744FE0_DB744FE0.py	12819
D:\MAGIC\scripts\phase00\INBOX\_hypothesis_AF009BE2_AF009BE2.py	2311
D:\MAGIC\scripts\phase00\INBOX\_h_d_m_x_920C9DC2_920C9DC2.py	4271
D:\MAGIC\scripts\phase00\INBOX\_h_e_a_d_C98D864C_C98D864C.py	4926
D:\MAGIC\scripts\phase00\INBOX\_h_h_e_a_5F8B7568_5F8B7568.py	4767
D:\MAGIC\scripts\phase00\INBOX\_h_m_t_x_0BFF8622_0BFF8622.py	6042
D:\MAGIC\scripts\phase00\INBOX\_ihatexml_7ADF9909_7ADF9909.py	16777
D:\MAGIC\scripts\phase00\INBOX\_impl_96CC09A5_96CC09A5.py	73389
D:\MAGIC\scripts\phase00\INBOX\_importers_D1950608_D1950608.py	4111
D:\MAGIC\scripts\phase00\INBOX\_importlib_1DC42907_1DC42907.py	1312
D:\MAGIC\scripts\phase00\INBOX\_imp_9536349E_9536349E.py	2430
D:\MAGIC\scripts\phase00\INBOX\_imp_emulation_1276D2BF_1276D2BF.py	2884
D:\MAGIC\scripts\phase00\INBOX\_imp_emulation_2_1276D2BF_1276D2BF.py	2884
D:\MAGIC\scripts\phase00\INBOX\_inputstream_9C65193E_9C65193E.py	32460
D:\MAGIC\scripts\phase00\INBOX\_inspect_A19246C3_A19246C3.py	9695
D:\MAGIC\scripts\phase00\INBOX\_instrumentation_88589694_88589694.py	3959
D:\MAGIC\scripts\phase00\INBOX\_internal_9AFBB18E_9AFBB18E.py	27287
D:\MAGIC\scripts\phase00\INBOX\_internal_utils_3C85F736_3C85F736.py	1496
D:\MAGIC\scripts\phase00\INBOX\_in_process_2E86E30D_2E86E30D.py	10775
D:\MAGIC\scripts\phase00\INBOX\_iotools_CC307621_CC307621.py	30844
D:\MAGIC\scripts\phase00\INBOX\_io_99DBC430_99DBC430.py	12282
D:\MAGIC\scripts\phase00\INBOX\_io_common_0CADE5A8_0CADE5A8.py	857
D:\MAGIC\scripts\phase00\INBOX\_io_epoll_03EA331F_03EA331F.py	17841
D:\MAGIC\scripts\phase00\INBOX\_io_kqueue_BD20DAC0_BD20DAC0.py	11583
D:\MAGIC\scripts\phase00\INBOX\_io_windows_C38D7B1C_C38D7B1C.py	43841
D:\MAGIC\scripts\phase00\INBOX\_itertools_1A23C59E_1A23C59E.py	884
D:\MAGIC\scripts\phase00\INBOX\_json_0539167C_0539167C.py	2595
D:\MAGIC\scripts\phase00\INBOX\_ki_A6215A1E_A6215A1E.py	9083
D:\MAGIC\scripts\phase00\INBOX\_k_e_r_n_0D034B98_0D034B98.py	10794
D:\MAGIC\scripts\phase00\INBOX\_legacy_680D3FDE_680D3FDE.py	3489
D:\MAGIC\scripts\phase00\INBOX\_locales_BD67955E_BD67955E.py	2192
D:\MAGIC\scripts\phase00\INBOX\_local_1EC68428_1EC68428.py	3212
D:\MAGIC\scripts\phase00\INBOX\_logging_0C745497_0C745497.py	2228
D:\MAGIC\scripts\phase00\INBOX\_log_FA31CB38_FA31CB38.py	1015
D:\MAGIC\scripts\phase00\INBOX\_log_render_D41C88D0_D41C88D0.py	3225
D:\MAGIC\scripts\phase00\INBOX\_loop_855FFA08_855FFA08.py	1236
D:\MAGIC\scripts\phase00\INBOX\_lxml_2_F4BE6927_F4BE6927.py	18545
D:\MAGIC\scripts\phase00\INBOX\_lxml_F4BE6927_F4BE6927.py	18545
D:\MAGIC\scripts\phase00\INBOX\_l_c_a_r_F16EB114_F16EB114.py	390
D:\MAGIC\scripts\phase00\INBOX\_l_o_c_a_AF03940E_AF03940E.py	2194
D:\MAGIC\scripts\phase00\INBOX\_l_t_a_g_F58A40A6_F58A40A6.py	2552
D:\MAGIC\scripts\phase00\INBOX\_macos_compat_09B4AE67_09B4AE67.py	239
D:\MAGIC\scripts\phase00\INBOX\_magics_705441AD_705441AD.py	3174
D:\MAGIC\scripts\phase00\INBOX\_make_0B1321E5_0B1321E5.py	95988
D:\MAGIC\scripts\phase00\INBOX\_make_2_0B1321E5_0B1321E5.py	95988
D:\MAGIC\scripts\phase00\INBOX\_manylinux_5DC6E25C_5DC6E25C.py	11488
D:\MAGIC\scripts\phase00\INBOX\_mapping_9A79AA41_9A79AA41.py	97081
D:\MAGIC\scripts\phase00\INBOX\_memory_streams_6012F78F_6012F78F.py	23526
D:\MAGIC\scripts\phase00\INBOX\_meta_CC49547E_CC49547E.py	1090
D:\MAGIC\scripts\phase00\INBOX\_methods_C844B74C_C844B74C.py	10725
D:\MAGIC\scripts\phase00\INBOX\_misc_7DDABC5D_7DDABC5D.py	18085
D:\MAGIC\scripts\phase00\INBOX\_mixins_6F050418_6F050418.py	16634
D:\MAGIC\scripts\phase00\INBOX\_mock_clock_89A289AE_89A289AE.py	6316
D:\MAGIC\scripts\phase00\INBOX\_msvccompiler_081BA301_081BA301.py	19672
D:\MAGIC\scripts\phase00\INBOX\_musllinux_FCA1A063_FCA1A063.py	4378
D:\MAGIC\scripts\phase00\INBOX\_m_a_x_p_7080C865_7080C865.py	5264
D:\MAGIC\scripts\phase00\INBOX\_m_e_t_a_0340993C_0340993C.py	3913
D:\MAGIC\scripts\phase00\INBOX\_m_o_r_t_BB7E6D62_BB7E6D62.py	487
D:\MAGIC\scripts\phase00\INBOX\_m_o_r_x_3B06A656_3B06A656.py	548
D:\MAGIC\scripts\phase00\INBOX\_nbit_F8440E4A_F8440E4A.py	345
D:\MAGIC\scripts\phase00\INBOX\_network_3CD9615D_3CD9615D.py	1171
D:\MAGIC\scripts\phase00\INBOX\_next_gen_2_EC54646E_EC54646E.py	24395
D:\MAGIC\scripts\phase00\INBOX\_next_gen_EC54646E_EC54646E.py	24395
D:\MAGIC\scripts\phase00\INBOX\_normalize_A6FAF6D8_A6FAF6D8.py	17412
D:\MAGIC\scripts\phase00\INBOX\_null_file_71369309_71369309.py	1643
D:\MAGIC\scripts\phase00\INBOX\_n_a_m_e_2D8C9228_2D8C9228.py	41063
D:\MAGIC\scripts\phase00\INBOX\_odfreader_AA9BE8EE_AA9BE8EE.py	8054
D:\MAGIC\scripts\phase00\INBOX\_odswriter_2FAADD3E_2FAADD3E.py	10963
D:\MAGIC\scripts\phase00\INBOX\_oid_7B4796A3_7B4796A3.py	16739
D:\MAGIC\scripts\phase00\INBOX\_openpyxl_1139EF0D_1139EF0D.py	19787
D:\MAGIC\scripts\phase00\INBOX\_optional_08B1FD16_08B1FD16.py	5324
D:\MAGIC\scripts\phase00\INBOX\_o_p_b_d_4CD66FFF_4CD66FFF.py	448
D:\MAGIC\scripts\phase00\INBOX\_palettes_71D7AFD4_71D7AFD4.py	7063
D:\MAGIC\scripts\phase00\INBOX\_parking_lot_C1141153_C1141153.py	11970
D:\MAGIC\scripts\phase00\INBOX\_parser_2_EB5D9AE4_EB5D9AE4.py	59209
D:\MAGIC\scripts\phase00\INBOX\_parser_BCC75DCC_BCC75DCC.py	22633
D:\MAGIC\scripts\phase00\INBOX\_path_5C86E9A3_5C86E9A3.py	9000
D:\MAGIC\scripts\phase00\INBOX\_pickle_6B24C7FE_6B24C7FE.py	2151
D:\MAGIC\scripts\phase00\INBOX\_pick_7AF0EDF1_7AF0EDF1.py	423
D:\MAGIC\scripts\phase00\INBOX\_pocketfft_68612EEF_68612EEF.py	52936
D:\MAGIC\scripts\phase00\INBOX\_polybase_80952796_80952796.py	36524
D:\MAGIC\scripts\phase00\INBOX\_print_versions_EC9A9366_EC9A9366.py	4290
D:\MAGIC\scripts\phase00\INBOX\_pytesttester_F27C27E3_F27C27E3.py	6303
D:\MAGIC\scripts\phase00\INBOX\_pyxlsb_3B2E9DC4_3B2E9DC4.py	4011
D:\MAGIC\scripts\phase00\INBOX\_p_o_s_t_B95DB0D1_B95DB0D1.py	11753
D:\MAGIC\scripts\phase00\INBOX\_p_r_e_p_09C2ABE0_09C2ABE0.py	427
D:\MAGIC\scripts\phase00\INBOX\_p_r_o_p_120F31E6_120F31E6.py	427
D:\MAGIC\scripts\phase00\INBOX\_raises_group_F4C3666D_F4C3666D.py	40807
D:\MAGIC\scripts\phase00\INBOX\_random_2E6A8622_2E6A8622.py	858
D:\MAGIC\scripts\phase00\INBOX\_ranges_B3E1C71B_B3E1C71B.py	6936
D:\MAGIC\scripts\phase00\INBOX\_ratio_DA52D296_DA52D296.py	5472
D:\MAGIC\scripts\phase00\INBOX\_readers_6B8472A4_6B8472A4.py	8590
D:\MAGIC\scripts\phase00\INBOX\_receivebuffer_C6BB29B1_C6BB29B1.py	5252
D:\MAGIC\scripts\phase00\INBOX\_repl_35A6EA6E_35A6EA6E.py	3256
D:\MAGIC\scripts\phase00\INBOX\_reqs_0297533A_0297533A.py	501
D:\MAGIC\scripts\phase00\INBOX\_request_methods_802785F3_802785F3.py	9931
D:\MAGIC\scripts\phase00\INBOX\_resources_0EB62F90_0EB62F90.py	783
D:\MAGIC\scripts\phase00\INBOX\_resources_2_35B994E4_35B994E4.py	435
D:\MAGIC\scripts\phase00\INBOX\_re_75B8E0E4_75B8E0E4.py	2943
D:\MAGIC\scripts\phase00\INBOX\_run_91450411_91450411.py	124064
D:\MAGIC\scripts\phase00\INBOX\_run_context_CA2EBDE6_CA2EBDE6.py	261
D:\MAGIC\scripts\phase00\INBOX\_scalars_091A2234_091A2234.py	957
D:\MAGIC\scripts\phase00\INBOX\_sequencer_4B61DBC6_4B61DBC6.py	2772
D:\MAGIC\scripts\phase00\INBOX\_serialization_5FB1250B_5FB1250B.py	5065
D:\MAGIC\scripts\phase00\INBOX\_setmixin_5BDF9D9E_5BDF9D9E.py	1187
D:\MAGIC\scripts\phase00\INBOX\_shape_BC22B899_BC22B899.py	380
D:\MAGIC\scripts\phase00\INBOX\_shell_utils_236A32B6_236A32B6.py	2615
D:\MAGIC\scripts\phase00\INBOX\_shimmed_dist_utils_2_BA9838D5_BA9838D5.py	1914
D:\MAGIC\scripts\phase00\INBOX\_shimmed_dist_utils_BA9838D5_BA9838D5.py	1914
D:\MAGIC\scripts\phase00\INBOX\_show_FB184806_FB184806.py	2310
D:\MAGIC\scripts\phase00\INBOX\_signals_C2E98122_C2E98122.py	7187
D:\MAGIC\scripts\phase00\INBOX\_sockets_2A15AD27_2A15AD27.py	6262
D:\MAGIC\scripts\phase00\INBOX\_sockets_2_E4E91CFD_E4E91CFD.py	27150
D:\MAGIC\scripts\phase00\INBOX\_socket_369B1404_369B1404.py	5198
D:\MAGIC\scripts\phase00\INBOX\_soft_2_9276B7E5_9276B7E5.py	1749
D:\MAGIC\scripts\phase00\INBOX\_soft_9276B7E5_9276B7E5.py	1749
D:\MAGIC\scripts\phase00\INBOX\_spinners_536AF5FE_536AF5FE.py	19919
D:\MAGIC\scripts\phase00\INBOX\_ssl_02FAF37F_02FAF37F.py	45837
D:\MAGIC\scripts\phase00\INBOX\_ssl_compat_9573AFE2_9573AFE2.py	1189
D:\MAGIC\scripts\phase00\INBOX\_stack_F82F0E2B_F82F0E2B.py	351
D:\MAGIC\scripts\phase00\INBOX\_state_FF92C6FC_FF92C6FC.py	13231
D:\MAGIC\scripts\phase00\INBOX\_streams_1DEFC9A6_1DEFC9A6.py	6598
D:\MAGIC\scripts\phase00\INBOX\_streams_2_3A768A82_3A768A82.py	1804
D:\MAGIC\scripts\phase00\INBOX\_string_helpers_6A88C11F_6A88C11F.py	2867
D:\MAGIC\scripts\phase00\INBOX\_structures_AB779536_AB779536.py	1431
D:\MAGIC\scripts\phase00\INBOX\_subprocesses_2_1179B98A_1179B98A.py	8047
D:\MAGIC\scripts\phase00\INBOX\_subprocesses_72E9803C_72E9803C.py	2067
D:\MAGIC\scripts\phase00\INBOX\_subprocess_F9CD4520_F9CD4520.py	53578
D:\MAGIC\scripts\phase00\INBOX\_suppress_2D7D753D_2D7D753D.py	1772
D:\MAGIC\scripts\phase00\INBOX\_synchronization_0F0521F1_0F0521F1.py	20320
D:\MAGIC\scripts\phase00\INBOX\_sync_42A5CF36_42A5CF36.py	31392
D:\MAGIC\scripts\phase00\INBOX\_sysconfig_8F2355B5_8F2355B5.py	7680
D:\MAGIC\scripts\phase00\INBOX\_s_b_i_x_B6490A6C_B6490A6C.py	4865
D:\MAGIC\scripts\phase00\INBOX\_table_schema_0215C434_0215C434.py	10919
D:\MAGIC\scripts\phase00\INBOX\_tasks_2_7F70AE5B_7F70AE5B.py	4757
D:\MAGIC\scripts\phase00\INBOX\_tasks_C8959B33_C8959B33.py	3080
D:\MAGIC\scripts\phase00\INBOX\_tempfile_B3EFEE71_B3EFEE71.py	19696
D:\MAGIC\scripts\phase00\INBOX\_termui_impl_0125E12E_0125E12E.py	26712
D:\MAGIC\scripts\phase00\INBOX\_tester_30159F06_30159F06.py	1463
D:\MAGIC\scripts\phase00\INBOX\_testing_2_6141B003_6141B003.py	2118
D:\MAGIC\scripts\phase00\INBOX\_testing_B41254CE_B41254CE.py	1821
D:\MAGIC\scripts\phase00\INBOX\_test_decorators_066DC5E8_066DC5E8.py	5080
D:\MAGIC\scripts\phase00\INBOX\_textwrap_04E69ED1_04E69ED1.py	1400
D:\MAGIC\scripts\phase00\INBOX\_text_36FC32BE_36FC32BE.py	2166
D:\MAGIC\scripts\phase00\INBOX\_threads_90BEA1B4_90BEA1B4.py	24083
D:\MAGIC\scripts\phase00\INBOX\_thread_cache_0E05975C_0E05975C.py	11917
D:\MAGIC\scripts\phase00\INBOX\_timeouts_7A175E12_7A175E12.py	6230
D:\MAGIC\scripts\phase00\INBOX\_timer_CDE9716D_CDE9716D.py	417
D:\MAGIC\scripts\phase00\INBOX\_tokenizer_417C9B1D_417C9B1D.py	79768
D:\MAGIC\scripts\phase00\INBOX\_transformed_data_15E20EB2_15E20EB2.py	18272
D:\MAGIC\scripts\phase00\INBOX\_traps_00D75AEA_00D75AEA.py	12437
D:\MAGIC\scripts\phase00\INBOX\_trio_1D57C3A9_1D57C3A9.py	40429
D:\MAGIC\scripts\phase00\INBOX\_trio_test_A769EE82_A769EE82.py	1386
D:\MAGIC\scripts\phase00\INBOX\_typedattr_3F8A3366_3F8A3366.py	2508
D:\MAGIC\scripts\phase00\INBOX\_types_F864C6D9_F864C6D9.py	254
D:\MAGIC\scripts\phase00\INBOX\_type_aliases_834A5528_834A5528.py	7699
D:\MAGIC\scripts\phase00\INBOX\_typing_2_05C4A013_05C4A013.py	9710
D:\MAGIC\scripts\phase00\INBOX\_typing_3_8ED04B22_8ED04B22.py	23551
D:\MAGIC\scripts\phase00\INBOX\_typing_4_DC580F3C_DC580F3C.py	7118
D:\MAGIC\scripts\phase00\INBOX\_typing_DC580F3C_DC580F3C.py	7118
D:\MAGIC\scripts\phase00\INBOX\_t_r_a_k_AEBACF64_AEBACF64.py	11379
D:\MAGIC\scripts\phase00\INBOX\_ufunc_config_2_2C08C992_2C08C992.py	15392
D:\MAGIC\scripts\phase00\INBOX\_ufunc_config_6F76798A_6F76798A.py	13402
D:\MAGIC\scripts\phase00\INBOX\_unbounded_queue_DB863D70_DB863D70.py	5026
D:\MAGIC\scripts\phase00\INBOX\_unix_2_7863ACE2_7863ACE2.py	2351
D:\MAGIC\scripts\phase00\INBOX\_unix_7863ACE2_7863ACE2.py	2351
D:\MAGIC\scripts\phase00\INBOX\_unix_pipes_1C398A76_1C398A76.py	8194
D:\MAGIC\scripts\phase00\INBOX\_url_91B11D6D_91B11D6D.py	5251
D:\MAGIC\scripts\phase00\INBOX\_utilities_D09EDE79_D09EDE79.py	1675
D:\MAGIC\scripts\phase00\INBOX\_utils_477E859C_477E859C.py	6961
D:\MAGIC\scripts\phase00\INBOX\_util_2_2D69248D_2D69248D.py	4888
D:\MAGIC\scripts\phase00\INBOX\_util_3_7C12477A_7C12477A.py	929
D:\MAGIC\scripts\phase00\INBOX\_util_4D508BBD_4D508BBD.py	14969
D:\MAGIC\scripts\phase00\INBOX\_util_4_B17F6B47_B17F6B47.py	1731
D:\MAGIC\scripts\phase00\INBOX\_validators_B3D8D166_B3D8D166.py	17348
D:\MAGIC\scripts\phase00\INBOX\_vegafusion_data_857633C0_857633C0.py	9653
D:\MAGIC\scripts\phase00\INBOX\_version_10_89883329_89883329.py	166
D:\MAGIC\scripts\phase00\INBOX\_version_11_500BF9B6_500BF9B6.py	517
D:\MAGIC\scripts\phase00\INBOX\_version_2_9EBF98C9_9EBF98C9.py	511
D:\MAGIC\scripts\phase00\INBOX\_version_3_1954AC6C_1954AC6C.py	686
D:\MAGIC\scripts\phase00\INBOX\_version_4_9D41B3F1_9D41B3F1.py	497
D:\MAGIC\scripts\phase00\INBOX\_version_5_A308F73D_A308F73D.py	4845
D:\MAGIC\scripts\phase00\INBOX\_version_6_57F6B2C0_57F6B2C0.py	201
D:\MAGIC\scripts\phase00\INBOX\_version_7_31ACBB9B_31ACBB9B.py	496
D:\MAGIC\scripts\phase00\INBOX\_version_8D71E07E_8D71E07E.py	511
D:\MAGIC\scripts\phase00\INBOX\_version_8_E7EC6962_E7EC6962.py	42
D:\MAGIC\scripts\phase00\INBOX\_version_9_1E0280DD_1E0280DD.py	22
D:\MAGIC\scripts\phase00\INBOX\_version_info_2_E4140A33_E4140A33.py	2099
D:\MAGIC\scripts\phase00\INBOX\_version_info_E4140A33_E4140A33.py	2099
D:\MAGIC\scripts\phase00\INBOX\_v_h_e_a_16E50B20_16E50B20.py	4459
D:\MAGIC\scripts\phase00\INBOX\_v_m_t_x_014BB1B7_014BB1B7.py	500
D:\MAGIC\scripts\phase00\INBOX\_wait_for_object_9E19A61C_9E19A61C.py	2081
D:\MAGIC\scripts\phase00\INBOX\_wakeup_socketpair_F673547D_F673547D.py	2882
D:\MAGIC\scripts\phase00\INBOX\_warnings_2_66E3844E_66E3844E.py	4711
D:\MAGIC\scripts\phase00\INBOX\_warnings_53E59A05_53E59A05.py	7686
D:\MAGIC\scripts\phase00\INBOX\_win32_console_4699BAC2_4699BAC2.py	22821
D:\MAGIC\scripts\phase00\INBOX\_winconsole_FEFC54B9_FEFC54B9.py	8465
D:\MAGIC\scripts\phase00\INBOX\_windows_2_8B308554_8B308554.py	2209
D:\MAGIC\scripts\phase00\INBOX\_windows_76F365F5_76F365F5.py	1926
D:\MAGIC\scripts\phase00\INBOX\_windows_cffi_E2052404_E2052404.py	13912
D:\MAGIC\scripts\phase00\INBOX\_windows_pipes_C6D26EE8_C6D26EE8.py	4855
D:\MAGIC\scripts\phase00\INBOX\_windows_renderer_B7BE192F_B7BE192F.py	2783
D:\MAGIC\scripts\phase00\INBOX\_wrap_C5F57FF6_C5F57FF6.py	1840
D:\MAGIC\scripts\phase00\INBOX\_writers_A052A6E8_A052A6E8.py	5081
D:\MAGIC\scripts\phase00\INBOX\_wsdump_915F362D_915F362D.py	7010
D:\MAGIC\scripts\phase00\INBOX\_xlrd_A79CF4BA_A79CF4BA.py	4034
D:\MAGIC\scripts\phase00\INBOX\_xlsxwriter_92DF096C_92DF096C.py	9284
D:\MAGIC\scripts\phase00\INBOX\_xlwt_6AA6DCD6_6AA6DCD6.py	6577
D:\MAGIC\scripts\phase00\INBOX\__about___BA001220_BA001220.py	661
D:\MAGIC\scripts\phase00\INBOX\__config___2_736CDB1C_736CDB1C.py	3848
D:\MAGIC\scripts\phase00\INBOX\__config___3_4A137975_4A137975.py	5547
D:\MAGIC\scripts\phase00\INBOX\__config___736CDB1C_736CDB1C.py	3848
D:\MAGIC\scripts\phase00\INBOX\__init___100_A9E40967_A9E40967.py	1107
D:\MAGIC\scripts\phase00\INBOX\__init___101_72FF8DBA_72FF8DBA.py	1000
D:\MAGIC\scripts\phase00\INBOX\__init___102_23611D66_23611D66.py	317
D:\MAGIC\scripts\phase00\INBOX\__init___103_1BBE5088_1BBE5088.py	44210
D:\MAGIC\scripts\phase00\INBOX\__init___104_5806C71E_5806C71E.py	31132
D:\MAGIC\scripts\phase00\INBOX\__init___105_33E16FE7_33E16FE7.py	52672
D:\MAGIC\scripts\phase00\INBOX\__init___106_FDB71277_FDB71277.py	20371
D:\MAGIC\scripts\phase00\INBOX\__init___107_B8296C15_B8296C15.py	309
D:\MAGIC\scripts\phase00\INBOX\__init___108_1FCB5AE6_1FCB5AE6.py	94
D:\MAGIC\scripts\phase00\INBOX\__init___109_10C4A0C9_10C4A0C9.py	468
D:\MAGIC\scripts\phase00\INBOX\__init___10_E70FD6DA_E70FD6DA.py	596
D:\MAGIC\scripts\phase00\INBOX\__init___110_38A47146_38A47146.py	1590
D:\MAGIC\scripts\phase00\INBOX\__init___111_0FC23CEA_0FC23CEA.py	136
D:\MAGIC\scripts\phase00\INBOX\__init___112_A42F19BC_A42F19BC.py	1422
D:\MAGIC\scripts\phase00\INBOX\__init___113_E98C92D5_E98C92D5.py	4473
D:\MAGIC\scripts\phase00\INBOX\__init___114_0AEDC82A_0AEDC82A.py	1290
D:\MAGIC\scripts\phase00\INBOX\__init___115_6E6E2656_6E6E2656.py	10258
D:\MAGIC\scripts\phase00\INBOX\__init___116_5782CEAB_5782CEAB.py	3741
D:\MAGIC\scripts\phase00\INBOX\__init___117_6AA69927_6AA69927.py	98
D:\MAGIC\scripts\phase00\INBOX\__init___118_32480F00_32480F00.py	75
D:\MAGIC\scripts\phase00\INBOX\__init___119_AC739114_AC739114.py	12050
D:\MAGIC\scripts\phase00\INBOX\__init___11_4FF8D59D_4FF8D59D.py	1706
D:\MAGIC\scripts\phase00\INBOX\__init___120_795849FD_795849FD.py	118
D:\MAGIC\scripts\phase00\INBOX\__init___121_403B90DE_403B90DE.py	762
D:\MAGIC\scripts\phase00\INBOX\__init___122_E48C2B2D_E48C2B2D.py	455
D:\MAGIC\scripts\phase00\INBOX\__init___123_3B98EF28_3B98EF28.py	361
D:\MAGIC\scripts\phase00\INBOX\__init___124_A778E625_A778E625.py	305
D:\MAGIC\scripts\phase00\INBOX\__init___125_B3DA0A09_B3DA0A09.py	180
D:\MAGIC\scripts\phase00\INBOX\__init___126_B3DA0A09_B3DA0A09.py	180
D:\MAGIC\scripts\phase00\INBOX\__init___127_C0709B59_C0709B59.py	216
D:\MAGIC\scripts\phase00\INBOX\__init___128_C0709B59_C0709B59.py	216
D:\MAGIC\scripts\phase00\INBOX\__init___129_B3DA0A09_B3DA0A09.py	180
D:\MAGIC\scripts\phase00\INBOX\__init___12_417E0B38_417E0B38.py	454
D:\MAGIC\scripts\phase00\INBOX\__init___130_B3DA0A09_B3DA0A09.py	180
D:\MAGIC\scripts\phase00\INBOX\__init___131_7B21179A_7B21179A.py	680
D:\MAGIC\scripts\phase00\INBOX\__init___132_E1789B66_E1789B66.py	750
D:\MAGIC\scripts\phase00\INBOX\__init___133_43BB9380_43BB9380.py	1705
D:\MAGIC\scripts\phase00\INBOX\__init___134_B6631918_B6631918.py	258
D:\MAGIC\scripts\phase00\INBOX\__init___135_C65A0DD2_C65A0DD2.py	8257
D:\MAGIC\scripts\phase00\INBOX\__init___136_D76A7358_D76A7358.py	16577
D:\MAGIC\scripts\phase00\INBOX\__init___137_E70FD6DA_E70FD6DA.py	596
D:\MAGIC\scripts\phase00\INBOX\__init___138_4FF8D59D_4FF8D59D.py	1706
D:\MAGIC\scripts\phase00\INBOX\__init___139_417E0B38_417E0B38.py	454
D:\MAGIC\scripts\phase00\INBOX\__init___13_E3830EDA_E3830EDA.py	5884
D:\MAGIC\scripts\phase00\INBOX\__init___140_E3830EDA_E3830EDA.py	5884
D:\MAGIC\scripts\phase00\INBOX\__init___141_E81C6586_E81C6586.py	1443
D:\MAGIC\scripts\phase00\INBOX\__init___142_D9F1E317_D9F1E317.py	981
D:\MAGIC\scripts\phase00\INBOX\__init___143_6E163E88_6E163E88.py	1230
D:\MAGIC\scripts\phase00\INBOX\__init___144_FD91DD5D_FD91DD5D.py	198
D:\MAGIC\scripts\phase00\INBOX\__init___145_691E3ACF_691E3ACF.py	228
D:\MAGIC\scripts\phase00\INBOX\__init___146_E23102D5_E23102D5.py	727
D:\MAGIC\scripts\phase00\INBOX\__init___147_D47E784A_D47E784A.py	4106
D:\MAGIC\scripts\phase00\INBOX\__init___148_4D0060B9_4D0060B9.py	2422
D:\MAGIC\scripts\phase00\INBOX\__init___149_7838DE84_7838DE84.py	807
D:\MAGIC\scripts\phase00\INBOX\__init___14_EC31D2D2_EC31D2D2.py	1049
D:\MAGIC\scripts\phase00\INBOX\__init___150_2EF357A8_2EF357A8.py	1253
D:\MAGIC\scripts\phase00\INBOX\__init___151_FEDFFE38_FEDFFE38.py	1769
D:\MAGIC\scripts\phase00\INBOX\__init___152_E076D46A_E076D46A.py	183
D:\MAGIC\scripts\phase00\INBOX\__init___153_EB6BE971_EB6BE971.py	107886
D:\MAGIC\scripts\phase00\INBOX\__init___154_E3B0C442_E3B0C442.py	0
D:\MAGIC\scripts\phase00\INBOX\__init___155_24808E1C_24808E1C.py	3154
D:\MAGIC\scripts\phase00\INBOX\__init___156_0AE73B52_0AE73B52.py	618
D:\MAGIC\scripts\phase00\INBOX\__init___157_F3B35E76_F3B35E76.py	129255
D:\MAGIC\scripts\phase00\INBOX\__init___158_0C90569A_0C90569A.py	75
D:\MAGIC\scripts\phase00\INBOX\__init___159_8E522BBB_8E522BBB.py	213
D:\MAGIC\scripts\phase00\INBOX\__init___15_327DD0A7_327DD0A7.py	364
D:\MAGIC\scripts\phase00\INBOX\__init___160_FA5EB9FA_FA5EB9FA.py	8250
D:\MAGIC\scripts\phase00\INBOX\__init___161_0C90569A_0C90569A.py	75
D:\MAGIC\scripts\phase00\INBOX\__init___162_D477E11C_D477E11C.py	21113
D:\MAGIC\scripts\phase00\INBOX\__init___163_13363035_13363035.py	46602
D:\MAGIC\scripts\phase00\INBOX\__init___164_0F695E51_0F695E51.py	45
D:\MAGIC\scripts\phase00\INBOX\__init___165_514411A4_514411A4.py	1530
D:\MAGIC\scripts\phase00\INBOX\__init___166_0C90569A_0C90569A.py	75
D:\MAGIC\scripts\phase00\INBOX\__init___167_25F9B526_25F9B526.py	618
D:\MAGIC\scripts\phase00\INBOX\__init___168_73712E94_73712E94.py	137659
D:\MAGIC\scripts\phase00\INBOX\__init___169_20608BC1_20608BC1.py	75
D:\MAGIC\scripts\phase00\INBOX\__init___16_FEDFFE38_FEDFFE38.py	1769
D:\MAGIC\scripts\phase00\INBOX\__init___170_0BCD9F87_0BCD9F87.py	1996
D:\MAGIC\scripts\phase00\INBOX\__init___171_4C77BE14_4C77BE14.py	20928
D:\MAGIC\scripts\phase00\INBOX\__init___172_D64EEAA7_D64EEAA7.py	661
D:\MAGIC\scripts\phase00\INBOX\__init___173_7903DCB8_7903DCB8.py	2651
D:\MAGIC\scripts\phase00\INBOX\__init___174_FD49BE75_FD49BE75.py	94431
D:\MAGIC\scripts\phase00\INBOX\__init___175_1206B938_1206B938.py	8983
D:\MAGIC\scripts\phase00\INBOX\__init___176_75CD7FF2_75CD7FF2.py	54236
D:\MAGIC\scripts\phase00\INBOX\__init___177_E532CB58_E532CB58.py	72154
D:\MAGIC\scripts\phase00\INBOX\__init___178_659D40B1_659D40B1.py	151
D:\MAGIC\scripts\phase00\INBOX\__init___179_35189533_35189533.py	2398
D:\MAGIC\scripts\phase00\INBOX\__init___17_88ED4ACE_88ED4ACE.py	1507
D:\MAGIC\scripts\phase00\INBOX\__init___180_2FBAB034_2FBAB034.py	2053
D:\MAGIC\scripts\phase00\INBOX\__init___181_E3B0C442_E3B0C442.py	0
D:\MAGIC\scripts\phase00\INBOX\__init___182_E31509AE_E31509AE.py	10181
D:\MAGIC\scripts\phase00\INBOX\__init___18_BABCE639_BABCE639.py	1159
D:\MAGIC\scripts\phase00\INBOX\__init___19_E3B0C442_E3B0C442.py	0
D:\MAGIC\scripts\phase00\INBOX\__init___20_BFCC53E3_BFCC53E3.py	651
D:\MAGIC\scripts\phase00\INBOX\__init___21_52BE07BC_52BE07BC.py	3596
D:\MAGIC\scripts\phase00\INBOX\__init___22_987EA5F8_987EA5F8.py	5780
D:\MAGIC\scripts\phase00\INBOX\__init___23_9EA7E03B_9EA7E03B.py	109
D:\MAGIC\scripts\phase00\INBOX\__init___24_30FA8D0C_30FA8D0C.py	868
D:\MAGIC\scripts\phase00\INBOX\__init___25_C0BA5B4B_C0BA5B4B.py	575
D:\MAGIC\scripts\phase00\INBOX\__init___26_BF960400_BF960400.py	64288
D:\MAGIC\scripts\phase00\INBOX\__init___27_E3B0C442_E3B0C442.py	0
D:\MAGIC\scripts\phase00\INBOX\__init___28_E3B0C442_E3B0C442.py	0
D:\MAGIC\scripts\phase00\INBOX\__init___29_E3B0C442_E3B0C442.py	0
D:\MAGIC\scripts\phase00\INBOX\__init___2_A9E40967_A9E40967.py	1107
D:\MAGIC\scripts\phase00\INBOX\__init___30_E3B0C442_E3B0C442.py	0
D:\MAGIC\scripts\phase00\INBOX\__init___31_E3B0C442_E3B0C442.py	0
D:\MAGIC\scripts\phase00\INBOX\__init___32_A2EB5D10_A2EB5D10.py	13503
D:\MAGIC\scripts\phase00\INBOX\__init___33_96117089_96117089.py	15780
D:\MAGIC\scripts\phase00\INBOX\__init___34_1962D6CC_1962D6CC.py	385
D:\MAGIC\scripts\phase00\INBOX\__init___35_E3B0C442_E3B0C442.py	0
D:\MAGIC\scripts\phase00\INBOX\__init___36_7CC92D24_7CC92D24.py	5158
D:\MAGIC\scripts\phase00\INBOX\__init___37_E3B0C442_E3B0C442.py	0
D:\MAGIC\scripts\phase00\INBOX\__init___38_349CE011_349CE011.py	1535
D:\MAGIC\scripts\phase00\INBOX\__init___39_D09CB6EE_D09CB6EE.py	831
D:\MAGIC\scripts\phase00\INBOX\__init___3_1BBE5088_1BBE5088.py	44210
D:\MAGIC\scripts\phase00\INBOX\__init___40_4DC13273_4DC13273.py	40712
D:\MAGIC\scripts\phase00\INBOX\__init___41_E3B0C442_E3B0C442.py	0
D:\MAGIC\scripts\phase00\INBOX\__init___42_4829A371_4829A371.py	509
D:\MAGIC\scripts\phase00\INBOX\__init___43_98B8BB79_98B8BB79.py	5623
D:\MAGIC\scripts\phase00\INBOX\__init___44_E3B0C442_E3B0C442.py	0
D:\MAGIC\scripts\phase00\INBOX\__init___45_4952D687_4952D687.py	8176
D:\MAGIC\scripts\phase00\INBOX\__init___46_E3B0C442_E3B0C442.py	0
D:\MAGIC\scripts\phase00\INBOX\__init___47_36EC237F_36EC237F.py	1711
D:\MAGIC\scripts\phase00\INBOX\__init___48_E3B0C442_E3B0C442.py	0
D:\MAGIC\scripts\phase00\INBOX\__init___49_969CC1B4_969CC1B4.py	1815
D:\MAGIC\scripts\phase00\INBOX\__init___4_5806C71E_5806C71E.py	31132
D:\MAGIC\scripts\phase00\INBOX\__init___50_E3B0C442_E3B0C442.py	0
D:\MAGIC\scripts\phase00\INBOX\__init___51_76EE475D_76EE475D.py	1406
D:\MAGIC\scripts\phase00\INBOX\__init___52_E3B0C442_E3B0C442.py	0
D:\MAGIC\scripts\phase00\INBOX\__init___53_2E8FA889_2E8FA889.py	218
D:\MAGIC\scripts\phase00\INBOX\__init___54_E3B0C442_E3B0C442.py	0
D:\MAGIC\scripts\phase00\INBOX\__init___55_36A56176_36A56176.py	6815
D:\MAGIC\scripts\phase00\INBOX\__init___56_E3B0C442_E3B0C442.py	0
D:\MAGIC\scripts\phase00\INBOX\__init___57_E8D346D5_E8D346D5.py	7451
D:\MAGIC\scripts\phase00\INBOX\__init___58_E3B0C442_E3B0C442.py	0
D:\MAGIC\scripts\phase00\INBOX\__init___59_E3B0C442_E3B0C442.py	0
D:\MAGIC\scripts\phase00\INBOX\__init___5_33E16FE7_33E16FE7.py	52672
D:\MAGIC\scripts\phase00\INBOX\__init___60_39F5847B_39F5847B.py	494
D:\MAGIC\scripts\phase00\INBOX\__init___61_E3B0C442_E3B0C442.py	0
D:\MAGIC\scripts\phase00\INBOX\__init___62_E3B0C442_E3B0C442.py	0
D:\MAGIC\scripts\phase00\INBOX\__init___63_E3B0C442_E3B0C442.py	0
D:\MAGIC\scripts\phase00\INBOX\__init___64_B7E5F3AD_B7E5F3AD.py	9548
D:\MAGIC\scripts\phase00\INBOX\__init___65_E3B0C442_E3B0C442.py	0
D:\MAGIC\scripts\phase00\INBOX\__init___66_6083F763_6083F763.py	517
D:\MAGIC\scripts\phase00\INBOX\__init___67_30F97734_30F97734.py	10441
D:\MAGIC\scripts\phase00\INBOX\__init___68_93A6ECE2_93A6ECE2.py	192
D:\MAGIC\scripts\phase00\INBOX\__init___69_3BBB66CE_3BBB66CE.py	685
D:\MAGIC\scripts\phase00\INBOX\__init___6_76F34351_76F34351.py	94
D:\MAGIC\scripts\phase00\INBOX\__init___70_90D6D9BF_90D6D9BF.py	357
D:\MAGIC\scripts\phase00\INBOX\__init___71_27685021_27685021.py	230
D:\MAGIC\scripts\phase00\INBOX\__init___72_77A8D514_77A8D514.py	453
D:\MAGIC\scripts\phase00\INBOX\__init___73_BC692A9B_BC692A9B.py	655
D:\MAGIC\scripts\phase00\INBOX\__init___74_7C399D18_7C399D18.py	3489
D:\MAGIC\scripts\phase00\INBOX\__init___75_66F1CDDA_66F1CDDA.py	910
D:\MAGIC\scripts\phase00\INBOX\__init___76_E3B0C442_E3B0C442.py	0
D:\MAGIC\scripts\phase00\INBOX\__init___77_28D24790_28D24790.py	1298
D:\MAGIC\scripts\phase00\INBOX\__init___78_44736BA5_44736BA5.py	166
D:\MAGIC\scripts\phase00\INBOX\__init___79_E004FD14_E004FD14.py	431
D:\MAGIC\scripts\phase00\INBOX\__init___7_10C4A0C9_10C4A0C9.py	468
D:\MAGIC\scripts\phase00\INBOX\__init___80_F182E53B_F182E53B.py	408
D:\MAGIC\scripts\phase00\INBOX\__init___81_E3B0C442_E3B0C442.py	0
D:\MAGIC\scripts\phase00\INBOX\__init___82_E3B0C442_E3B0C442.py	0
D:\MAGIC\scripts\phase00\INBOX\__init___83_29A998F5_29A998F5.py	301
D:\MAGIC\scripts\phase00\INBOX\__init___84_3F66E4C3_3F66E4C3.py	738
D:\MAGIC\scripts\phase00\INBOX\__init___85_8770105F_8770105F.py	17525
D:\MAGIC\scripts\phase00\INBOX\__init___86_2C0456A1_2C0456A1.py	79818
D:\MAGIC\scripts\phase00\INBOX\__init___87_BEE5BF5A_BEE5BF5A.py	876
D:\MAGIC\scripts\phase00\INBOX\__init___88_1FFE677E_1FFE677E.py	1956
D:\MAGIC\scripts\phase00\INBOX\__init___89_317D99FB_317D99FB.py	949
D:\MAGIC\scripts\phase00\INBOX\__init___8_38A47146_38A47146.py	1590
D:\MAGIC\scripts\phase00\INBOX\__init___90_219FEAD0_219FEAD0.py	37
D:\MAGIC\scripts\phase00\INBOX\__init___91_16BC8D69_16BC8D69.py	15968
D:\MAGIC\scripts\phase00\INBOX\__init___92_21738323_21738323.py	14447
D:\MAGIC\scripts\phase00\INBOX\__init___93_7AF85048_7AF85048.py	13842
D:\MAGIC\scripts\phase00\INBOX\__init___94_B7C6D9B8_B7C6D9B8.py	4993
D:\MAGIC\scripts\phase00\INBOX\__init___95_7363906D_7363906D.py	2652
D:\MAGIC\scripts\phase00\INBOX\__init___96_E3B0C442_E3B0C442.py	0
D:\MAGIC\scripts\phase00\INBOX\__init___97_E3B0C442_E3B0C442.py	0
D:\MAGIC\scripts\phase00\INBOX\__init___98_E3B0C442_E3B0C442.py	0
D:\MAGIC\scripts\phase00\INBOX\__init___99_7CE608BE_7CE608BE.py	2057
D:\MAGIC\scripts\phase00\INBOX\__init___9_0FC23CEA_0FC23CEA.py	136
D:\MAGIC\scripts\phase00\INBOX\__init___E3B0C442_E3B0C442.py	0
D:\MAGIC\scripts\phase00\INBOX\__main___10_56390687_56390687.py	925
D:\MAGIC\scripts\phase00\INBOX\__main___11_913508FA_913508FA.py	92
D:\MAGIC\scripts\phase00\INBOX\__main___12_C61B585E_C61B585E.py	103
D:\MAGIC\scripts\phase00\INBOX\__main___13_0DFD8F03_0DFD8F03.py	2240
D:\MAGIC\scripts\phase00\INBOX\__main___14_843C7781_843C7781.py	94
D:\MAGIC\scripts\phase00\INBOX\__main___153917A0_153917A0.py	44
D:\MAGIC\scripts\phase00\INBOX\__main___15_81DF17F3_81DF17F3.py	94
D:\MAGIC\scripts\phase00\INBOX\__main___16_06F3F8EF_06F3F8EF.py	104
D:\MAGIC\scripts\phase00\INBOX\__main___17_F4559FE9_F4559FE9.py	93
D:\MAGIC\scripts\phase00\INBOX\__main___18_6E1B5F3F_6E1B5F3F.py	95
D:\MAGIC\scripts\phase00\INBOX\__main___19_94730F5A_94730F5A.py	4733
D:\MAGIC\scripts\phase00\INBOX\__main___20_C1B7580B_C1B7580B.py	95
D:\MAGIC\scripts\phase00\INBOX\__main___21_CDF50BC1_CDF50BC1.py	104
D:\MAGIC\scripts\phase00\INBOX\__main___22_B95B4004_B95B4004.py	5928
D:\MAGIC\scripts\phase00\INBOX\__main___2_CB363131_CB363131.py	109
D:\MAGIC\scripts\phase00\INBOX\__main___3_74C6971B_74C6971B.py	12646
D:\MAGIC\scripts\phase00\INBOX\__main___4_48CB0989_48CB0989.py	85
D:\MAGIC\scripts\phase00\INBOX\__main___5_C410688F_C410688F.py	243
D:\MAGIC\scripts\phase00\INBOX\__main___6_CB363131_CB363131.py	109
D:\MAGIC\scripts\phase00\INBOX\__main___7_74C6971B_74C6971B.py	12646
D:\MAGIC\scripts\phase00\INBOX\__main___8_6EEF5DDD_6EEF5DDD.py	64
D:\MAGIC\scripts\phase00\INBOX\__main___9_3744612C_3744612C.py	129
D:\MAGIC\scripts\phase00\INBOX\__meta___45ABB1A1_45ABB1A1.py	6854
D:\MAGIC\scripts\phase00\INBOX\__pip-runner___127ADF2A_127ADF2A.py	1444
D:\MAGIC\scripts\phase00\INBOX\__version___143ABAF3_143ABAF3.py	435
D:\MAGIC\scripts\phase08\module_AA\08AA_interactive_insight_explorer_ui__READY.py	100
D:\MAGIC\scripts\phase08\module_AA\08AA_prompt_to_insight_engine_READY.py	92
D:\MAGIC\scripts\phase08\module_AA\08AA_visualization_overlay_for_scribe_nexus_READY.py	106
D:\MAGIC\scripts\phase08\module_AB\08AB_ethics_scoring_for_feedback_driven_actions_READY.py	110
D:\MAGIC\scripts\phase08\module_AB\08AB_feedback_hallucination_validator_READY.py	100
D:\MAGIC\scripts\phase08\module_AB\08AB_sentiment_bias_scanner_READY.py	90
D:\MAGIC\scripts\phase1\module_A\1A_placeholder_READY.py	92
D:\MAGIC\scripts\phase1\module_B\1B_placeholder_READY.py	92
D:\MAGIC\scripts\phase1\module_C\1C_placeholder_READY.py	92
D:\MAGIC\scripts\phase1\module_D\1D_placeholder_READY.py	92
D:\MAGIC\scripts\phase1\module_E\1E_placeholder_READY.py	92
D:\MAGIC\scripts\phase1\module_F\1F_placeholder_READY.py	92
D:\MAGIC\scripts\phase1\module_G\1G_placeholder_READY.py	92
D:\MAGIC\scripts\phase1\module_H\1H_placeholder_READY.py	92
D:\MAGIC\scripts\phase1\module_I\1I_placeholder_READY.py	92
D:\MAGIC\scripts\phase1\module_J\1J_placeholder_READY.py	92
D:\MAGIC\scripts\phase1\module_K\1K_placeholder_READY.py	92
D:\MAGIC\scripts\phase1\module_L\1L_placeholder_READY.py	92
D:\MAGIC\scripts\phase1\module_M\1M_placeholder_READY.py	92
D:\MAGIC\scripts\phase1\module_N\1N_placeholder_READY.py	92
D:\MAGIC\scripts\phase1\module_O\1O_placeholder_READY.py	92
D:\MAGIC\scripts\phase1\module_P\1P_placeholder_READY.py	92
D:\MAGIC\scripts\phase1\module_Q\1Q_placeholder_READY.py	92
D:\MAGIC\scripts\phase1\module_R\1R_placeholder_READY.py	92
D:\MAGIC\scripts\phase1\module_S\1S_placeholder_READY.py	92
D:\MAGIC\scripts\phase1\module_T\1T_placeholder_READY.py	92
D:\MAGIC\scripts\phase1\module_U\1U_placeholder_READY.py	92
D:\MAGIC\scripts\phase1\module_V\1V_placeholder_READY.py	92
D:\MAGIC\scripts\phase1\module_W\1W_placeholder_READY.py	92
D:\MAGIC\scripts\phase1\module_X\1X_placeholder_READY.py	92
D:\MAGIC\scripts\phase1\module_Y\1Y_placeholder_READY.py	92
D:\MAGIC\scripts\phase1\module_Z\1Z_placeholder_READY.py	92
D:\MAGIC\scripts\phase10\phase10_seo_keywords_READY.py	906
D:\MAGIC\scripts\phase11\module_AA\11AA_failure_memory_builder_READY.py	160
D:\MAGIC\scripts\phase11\module_AA\11AA_risk_adaptive_agent_tuner_READY.py	163
D:\MAGIC\scripts\phase11\module_AA\11AA_self_healing_loop_generator_READY.py	165
D:\MAGIC\scripts\phase11\module_AB\11AB_agent_identity_vault_READY.py	144
D:\MAGIC\scripts\phase11\module_AB\11AB_agent_signature_validator_READY.py	163
D:\MAGIC\scripts\phase11\module_AB\11AB_zero_trust_access_policy_engine_READY.py	169
D:\MAGIC\scripts\phase11\module_B\11B_missing_script_TEST.py	0
D:\MAGIC\scripts\phase11\outputs\phase11_outputs_placeholder_READY.py	64
D:\MAGIC\scripts\phase14\module_D\14D_dummy_script_TEST.py	0
D:\MAGIC\scripts\phase15\module_B\15B_dummy_TEST.py	0
D:\MAGIC\scripts\phase17\module_C\17C_extra_missing_TEST.py	0
D:\MAGIC\scripts\phase18\module_P\18P_topicÃ¢_earnings_multiplier_mapper_READY.py	103
D:\MAGIC\scripts\phase18\module_T\18T_nexusÃ¢_midas_auto_publish_planner_READY.py	103
D:\MAGIC\scripts\phase18\module_T\18T_scribeÃ¢_midas_link_generator_READY.py	98
D:\MAGIC\scripts\phase18\module_T\18T_zephyrÃ¢_midas_trend_revenue_sync_READY.py	102
D:\MAGIC\scripts\phase18\module_X\18X_content_Ã¢_product_recommendation_ai_READY.py	105
D:\MAGIC\scripts\phase18\module_X\18X_product_Ã¢_content_expansion_ai_READY.py	100
D:\MAGIC\scripts\phase2\module_A\2A_placeholder_READY.py	92
D:\MAGIC\scripts\phase2\module_B\2B_placeholder_READY.py	92
D:\MAGIC\scripts\phase2\module_C\2C_placeholder_READY.py	92
D:\MAGIC\scripts\phase2\module_D\2D_placeholder_READY.py	92
D:\MAGIC\scripts\phase2\module_E\2E_placeholder_READY.py	92
D:\MAGIC\scripts\phase2\module_F\2F_placeholder_READY.py	92
D:\MAGIC\scripts\phase2\module_G\2G_placeholder_READY.py	92
D:\MAGIC\scripts\phase2\module_H\2H_placeholder_READY.py	92
D:\MAGIC\scripts\phase2\module_I\2I_placeholder_READY.py	92
D:\MAGIC\scripts\phase2\module_J\2J_placeholder_READY.py	92
D:\MAGIC\scripts\phase2\module_K\2K_placeholder_READY.py	92
D:\MAGIC\scripts\phase2\module_L\2L_placeholder_READY.py	92
D:\MAGIC\scripts\phase2\module_M\2M_placeholder_READY.py	92
D:\MAGIC\scripts\phase2\module_N\2N_placeholder_READY.py	92
D:\MAGIC\scripts\phase2\module_O\2O_placeholder_READY.py	92
D:\MAGIC\scripts\phase2\module_P\2P_placeholder_READY.py	92
D:\MAGIC\scripts\phase2\module_Q\2Q_placeholder_READY.py	92
D:\MAGIC\scripts\phase2\module_R\2R_placeholder_READY.py	92
D:\MAGIC\scripts\phase2\module_S\2S_placeholder_READY.py	92
D:\MAGIC\scripts\phase2\module_T\2T_placeholder_READY.py	92
D:\MAGIC\scripts\phase2\module_U\2U_placeholder_READY.py	92
D:\MAGIC\scripts\phase2\module_V\2V_placeholder_READY.py	92
D:\MAGIC\scripts\phase2\module_W\2W_placeholder_READY.py	92
D:\MAGIC\scripts\phase2\module_X\2X_placeholder_READY.py	92
D:\MAGIC\scripts\phase2\module_Y\2Y_placeholder_READY.py	92
D:\MAGIC\scripts\phase2\module_Z\2Z_placeholder_READY.py	92
D:\MAGIC\scripts\phase3\module_A\3A_placeholder_READY.py	92
D:\MAGIC\scripts\phase3\module_B\3B_placeholder_READY.py	92
D:\MAGIC\scripts\phase3\module_C\3C_placeholder_READY.py	92
D:\MAGIC\scripts\phase3\module_D\3D_placeholder_READY.py	92
D:\MAGIC\scripts\phase3\module_E\3E_placeholder_READY.py	92
D:\MAGIC\scripts\phase3\module_F\3F_placeholder_READY.py	92
D:\MAGIC\scripts\phase3\module_G\3G_placeholder_READY.py	92
D:\MAGIC\scripts\phase3\module_H\3H_placeholder_READY.py	92
D:\MAGIC\scripts\phase3\module_I\3I_placeholder_READY.py	92
D:\MAGIC\scripts\phase3\module_J\3J_placeholder_READY.py	92
D:\MAGIC\scripts\phase3\module_K\3K_placeholder_READY.py	92
D:\MAGIC\scripts\phase3\module_L\3L_placeholder_READY.py	92
D:\MAGIC\scripts\phase3\module_M\3M_placeholder_READY.py	92
D:\MAGIC\scripts\phase3\module_N\3N_placeholder_READY.py	92
D:\MAGIC\scripts\phase3\module_O\3O_placeholder_READY.py	92
D:\MAGIC\scripts\phase3\module_P\3P_placeholder_READY.py	92
D:\MAGIC\scripts\phase3\module_Q\3Q_placeholder_READY.py	92
D:\MAGIC\scripts\phase3\module_R\3R_placeholder_READY.py	92
D:\MAGIC\scripts\phase3\module_S\3S_placeholder_READY.py	92
D:\MAGIC\scripts\phase3\module_T\3T_placeholder_READY.py	92
D:\MAGIC\scripts\phase3\module_U\3U_placeholder_READY.py	92
D:\MAGIC\scripts\phase3\module_V\3V_placeholder_READY.py	92
D:\MAGIC\scripts\phase3\module_W\3W_placeholder_READY.py	92
D:\MAGIC\scripts\phase3\module_X\3X_placeholder_READY.py	92
D:\MAGIC\scripts\phase3\module_Y\3Y_placeholder_READY.py	92
D:\MAGIC\scripts\phase3\module_Z\3Z_placeholder_READY.py	92
D:\MAGIC\scripts\phase4\module_A\4A_placeholder_READY.py	92
D:\MAGIC\scripts\phase4\module_B\4B_placeholder_READY.py	92
D:\MAGIC\scripts\phase4\module_C\4C_placeholder_READY.py	92
D:\MAGIC\scripts\phase4\module_D\4D_placeholder_READY.py	92
D:\MAGIC\scripts\phase4\module_E\4E_placeholder_READY.py	92
D:\MAGIC\scripts\phase4\module_F\4F_placeholder_READY.py	92
D:\MAGIC\scripts\phase4\module_G\4G_placeholder_READY.py	92
D:\MAGIC\scripts\phase4\module_H\4H_placeholder_READY.py	92
D:\MAGIC\scripts\phase4\module_I\4I_placeholder_READY.py	92
D:\MAGIC\scripts\phase4\module_J\4J_placeholder_READY.py	92
D:\MAGIC\scripts\phase4\module_K\4K_placeholder_READY.py	92
D:\MAGIC\scripts\phase4\module_L\4L_placeholder_READY.py	92
D:\MAGIC\scripts\phase4\module_M\4M_placeholder_READY.py	92
D:\MAGIC\scripts\phase4\module_N\4N_placeholder_READY.py	92
D:\MAGIC\scripts\phase4\module_O\4O_placeholder_READY.py	92
D:\MAGIC\scripts\phase4\module_P\4P_placeholder_READY.py	92
D:\MAGIC\scripts\phase4\module_Q\4Q_placeholder_READY.py	92
D:\MAGIC\scripts\phase4\module_R\4R_placeholder_READY.py	92
D:\MAGIC\scripts\phase4\module_S\4S_placeholder_READY.py	92
D:\MAGIC\scripts\phase4\module_T\4T_placeholder_READY.py	92
D:\MAGIC\scripts\phase4\module_U\4U_placeholder_READY.py	92
D:\MAGIC\scripts\phase4\module_V\4V_placeholder_READY.py	92
D:\MAGIC\scripts\phase4\module_W\4W_placeholder_READY.py	92
D:\MAGIC\scripts\phase4\module_X\4X_placeholder_READY.py	92
D:\MAGIC\scripts\phase4\module_Y\4Y_placeholder_READY.py	92
D:\MAGIC\scripts\phase4\module_Z\4Z_placeholder_READY.py	92
D:\MAGIC\scripts\phase5\module_A\5A_placeholder_READY.py	92
D:\MAGIC\scripts\phase5\module_B\5B_placeholder_READY.py	92
D:\MAGIC\scripts\phase5\module_C\5C_placeholder_READY.py	92
D:\MAGIC\scripts\phase5\module_D\5D_placeholder_READY.py	92
D:\MAGIC\scripts\phase5\module_E\5E_placeholder_READY.py	92
D:\MAGIC\scripts\phase5\module_F\5F_placeholder_READY.py	92
D:\MAGIC\scripts\phase5\module_G\5G_placeholder_READY.py	92
D:\MAGIC\scripts\phase5\module_H\5H_placeholder_READY.py	92
D:\MAGIC\scripts\phase5\module_I\5I_placeholder_READY.py	92
D:\MAGIC\scripts\phase5\module_J\5J_placeholder_READY.py	92
D:\MAGIC\scripts\phase5\module_K\5K_placeholder_READY.py	92
D:\MAGIC\scripts\phase5\module_L\5L_placeholder_READY.py	92
D:\MAGIC\scripts\phase5\module_M\5M_placeholder_READY.py	92
D:\MAGIC\scripts\phase5\module_N\5N_placeholder_READY.py	92
D:\MAGIC\scripts\phase5\module_O\5O_placeholder_READY.py	92
D:\MAGIC\scripts\phase5\module_P\5P_placeholder_READY.py	92
D:\MAGIC\scripts\phase5\module_Q\5Q_placeholder_READY.py	92
D:\MAGIC\scripts\phase5\module_R\5R_placeholder_READY.py	92
D:\MAGIC\scripts\phase5\module_S\5S_placeholder_READY.py	92
D:\MAGIC\scripts\phase5\module_T\5T_placeholder_READY.py	92
D:\MAGIC\scripts\phase5\module_U\5U_placeholder_READY.py	92
D:\MAGIC\scripts\phase5\module_V\5V_placeholder_READY.py	92
D:\MAGIC\scripts\phase5\module_W\5W_placeholder_READY.py	92
D:\MAGIC\scripts\phase5\module_X\5X_placeholder_READY.py	92
D:\MAGIC\scripts\phase5\module_Y\5Y_placeholder_READY.py	92
D:\MAGIC\scripts\phase5\module_Z\5Z_placeholder_READY.py	92
D:\MAGIC\scripts\phase6\phase6_retry_scheduler_READY.py	911
D:\MAGIC\scripts\phase6\phase6_uploader_example_READY.py	914
D:\MAGIC\scripts\phase6\module_A\6A_placeholder_READY.py	92
D:\MAGIC\scripts\phase6\module_B\6B_placeholder_READY.py	92
D:\MAGIC\scripts\phase6\module_C\6C_placeholder_READY.py	92
D:\MAGIC\scripts\phase6\module_D\6D_placeholder_READY.py	92
D:\MAGIC\scripts\phase6\module_E\6E_placeholder_READY.py	92
D:\MAGIC\scripts\phase6\module_F\6F_placeholder_READY.py	92
D:\MAGIC\scripts\phase6\module_G\6G_placeholder_READY.py	92
D:\MAGIC\scripts\phase6\module_H\6H_placeholder_READY.py	92
D:\MAGIC\scripts\phase6\module_I\6I_placeholder_READY.py	92
D:\MAGIC\scripts\phase6\module_J\6J_placeholder_READY.py	92
D:\MAGIC\scripts\phase6\module_K\6K_placeholder_READY.py	92
D:\MAGIC\scripts\phase6\module_L\6L_placeholder_READY.py	92
D:\MAGIC\scripts\phase6\module_M\6M_placeholder_READY.py	92
D:\MAGIC\scripts\phase6\module_N\6N_placeholder_READY.py	92
D:\MAGIC\scripts\phase6\module_O\6O_placeholder_READY.py	92
D:\MAGIC\scripts\phase6\module_P\6P_placeholder_READY.py	92
D:\MAGIC\scripts\phase6\module_Q\6Q_placeholder_READY.py	92
D:\MAGIC\scripts\phase6\module_R\6R_placeholder_READY.py	92
D:\MAGIC\scripts\phase6\module_S\6S_placeholder_READY.py	92
D:\MAGIC\scripts\phase6\module_T\6T_placeholder_READY.py	92
D:\MAGIC\scripts\phase6\module_U\6U_placeholder_READY.py	92
D:\MAGIC\scripts\phase6\module_V\6V_placeholder_READY.py	92
D:\MAGIC\scripts\phase6\module_W\6W_placeholder_READY.py	92
D:\MAGIC\scripts\phase6\module_X\6X_placeholder_READY.py	92
D:\MAGIC\scripts\phase6\module_Y\6Y_placeholder_READY.py	92
D:\MAGIC\scripts\phase6\module_Z\6Z_placeholder_READY.py	92
D:\MAGIC\scripts\phase7\phase7_affiliate_handler_READY.py	917
D:\MAGIC\scripts\phase7\module_A\7A_placeholder_READY.py	92
D:\MAGIC\scripts\phase7\module_B\7B_placeholder_READY.py	92
D:\MAGIC\scripts\phase7\module_C\7C_placeholder_READY.py	92
D:\MAGIC\scripts\phase7\module_D\7D_placeholder_READY.py	92
D:\MAGIC\scripts\phase7\module_E\7E_placeholder_READY.py	92
D:\MAGIC\scripts\phase7\module_F\7F_placeholder_READY.py	92
D:\MAGIC\scripts\phase7\module_G\7G_placeholder_READY.py	92
D:\MAGIC\scripts\phase7\module_H\7H_placeholder_READY.py	92
D:\MAGIC\scripts\phase7\module_I\7I_placeholder_READY.py	92
D:\MAGIC\scripts\phase7\module_J\7J_placeholder_READY.py	92
D:\MAGIC\scripts\phase7\module_K\7K_placeholder_READY.py	92
D:\MAGIC\scripts\phase7\module_L\7L_placeholder_READY.py	92
D:\MAGIC\scripts\phase7\module_M\7M_placeholder_READY.py	92
D:\MAGIC\scripts\phase7\module_N\7N_placeholder_READY.py	92
D:\MAGIC\scripts\phase7\module_O\7O_placeholder_READY.py	92
D:\MAGIC\scripts\phase7\module_P\7P_placeholder_READY.py	92
D:\MAGIC\scripts\phase7\module_Q\7Q_placeholder_READY.py	92
D:\MAGIC\scripts\phase7\module_R\7R_placeholder_READY.py	92
D:\MAGIC\scripts\phase7\module_S\7S_placeholder_READY.py	92
D:\MAGIC\scripts\phase7\module_T\7T_placeholder_READY.py	92
D:\MAGIC\scripts\phase7\module_U\7U_placeholder_READY.py	92
D:\MAGIC\scripts\phase7\module_V\7V_placeholder_READY.py	92
D:\MAGIC\scripts\phase7\module_W\7W_placeholder_READY.py	92
D:\MAGIC\scripts\phase7\module_X\7X_placeholder_READY.py	92
D:\MAGIC\scripts\phase7\module_Y\7Y_placeholder_READY.py	92
D:\MAGIC\scripts\phase7\module_Z\7Z_placeholder_READY.py	92
D:\MAGIC\scripts\phase8\phase8_traffic_sentiment_analysis_READY.py	944
D:\MAGIC\scripts\phase8\module_A\8A_placeholder_READY.py	92
D:\MAGIC\scripts\phase8\module_B\8B_placeholder_READY.py	92
D:\MAGIC\scripts\phase8\module_C\8C_placeholder_READY.py	92
D:\MAGIC\scripts\phase8\module_D\8D_placeholder_READY.py	92
D:\MAGIC\scripts\phase8\module_E\8E_placeholder_READY.py	92
D:\MAGIC\scripts\phase8\module_F\8F_placeholder_READY.py	92
D:\MAGIC\scripts\phase8\module_G\8G_placeholder_READY.py	92
D:\MAGIC\scripts\phase8\module_H\8H_placeholder_READY.py	92
D:\MAGIC\scripts\phase8\module_I\8I_placeholder_READY.py	92
D:\MAGIC\scripts\phase8\module_J\8J_placeholder_READY.py	92
D:\MAGIC\scripts\phase8\module_K\8K_placeholder_READY.py	92
D:\MAGIC\scripts\phase8\module_L\8L_placeholder_READY.py	92
D:\MAGIC\scripts\phase8\module_M\8M_placeholder_READY.py	92
D:\MAGIC\scripts\phase8\module_N\8N_placeholder_READY.py	92
D:\MAGIC\scripts\phase8\module_O\8O_placeholder_READY.py	92
D:\MAGIC\scripts\phase8\module_P\8P_placeholder_READY.py	92
D:\MAGIC\scripts\phase8\module_Q\8Q_placeholder_READY.py	92
D:\MAGIC\scripts\phase8\module_R\8R_placeholder_READY.py	92
D:\MAGIC\scripts\phase8\module_S\8S_placeholder_READY.py	92
D:\MAGIC\scripts\phase8\module_T\8T_placeholder_READY.py	92
D:\MAGIC\scripts\phase8\module_U\8U_placeholder_READY.py	92
D:\MAGIC\scripts\phase8\module_V\8V_placeholder_READY.py	92
D:\MAGIC\scripts\phase8\module_W\8W_placeholder_READY.py	92
D:\MAGIC\scripts\phase8\module_X\8X_placeholder_READY.py	92
D:\MAGIC\scripts\phase8\module_Y\8Y_placeholder_READY.py	92
D:\MAGIC\scripts\phase8\module_Z\8Z_placeholder_READY.py	92
D:\MAGIC\scripts\phase9\phase9_orchestration_runner_READY.py	926
D:\MAGIC\scripts\phase9\module_A\9A_placeholder_READY.py	92
D:\MAGIC\scripts\phase9\module_B\9B_placeholder_READY.py	92
D:\MAGIC\scripts\phase9\module_C\9C_placeholder_READY.py	92
D:\MAGIC\scripts\phase9\module_D\9D_placeholder_READY.py	92
D:\MAGIC\scripts\phase9\module_E\9E_placeholder_READY.py	92
D:\MAGIC\scripts\phase9\module_F\9F_placeholder_READY.py	92
D:\MAGIC\scripts\phase9\module_G\9G_placeholder_READY.py	92
D:\MAGIC\scripts\phase9\module_H\9H_placeholder_READY.py	92
D:\MAGIC\scripts\phase9\module_I\9I_placeholder_READY.py	92
D:\MAGIC\scripts\phase9\module_J\9J_placeholder_READY.py	92
D:\MAGIC\scripts\phase9\module_K\9K_placeholder_READY.py	92
D:\MAGIC\scripts\phase9\module_L\9L_placeholder_READY.py	92
D:\MAGIC\scripts\phase9\module_M\9M_placeholder_READY.py	92
D:\MAGIC\scripts\phase9\module_N\9N_placeholder_READY.py	92
D:\MAGIC\scripts\phase9\module_O\9O_placeholder_READY.py	92
D:\MAGIC\scripts\phase9\module_P\9P_placeholder_READY.py	92
D:\MAGIC\scripts\phase9\module_Q\9Q_placeholder_READY.py	92
D:\MAGIC\scripts\phase9\module_R\9R_placeholder_READY.py	92
D:\MAGIC\scripts\phase9\module_S\9S_placeholder_READY.py	92
D:\MAGIC\scripts\phase9\module_T\9T_placeholder_READY.py	92
D:\MAGIC\scripts\phase9\module_U\9U_placeholder_READY.py	92
D:\MAGIC\scripts\phase9\module_V\9V_placeholder_READY.py	92
D:\MAGIC\scripts\phase9\module_W\9W_placeholder_READY.py	92
D:\MAGIC\scripts\phase9\module_X\9X_placeholder_READY.py	92
D:\MAGIC\scripts\phase9\module_Y\9Y_placeholder_READY.py	92
D:\MAGIC\scripts\phase9\module_Z\9Z_placeholder_READY.py	92
D:\MAGIC\scripts\phase99\module_ZZ\99ZZ_dummy_script_v2_READY.py	40
D:\MAGIC\scripts\phase99\module_ZZ\file_not_found_test.py	83
D:\MAGIC\scripts\phase99\module_ZZ\import_error_test.py	49
D:\MAGIC\scripts\phase99\module_ZZ\unicode_error_test.py	59
D:\MAGIC\scripts\test\test_file_not_found.py	200
D:\MAGIC\scripts\test\test_import_error.py	160
D:\MAGIC\scripts\test\test_unicode_error.py	235
