"Source","Target","TargetName","Ext"
"D:\MAGIC\# run_module_U.ps1.txt","D:\MAGIC\scripts\phase00\INBOX\# run_module_U.ps1_CABCAD7D.txt","# run_module_U.ps1_CABCAD7D.txt",".txt"
"D:\MAGIC\# ?? MAGIC Project ? Final Full Roo.txt","D:\MAGIC\scripts\phase00\INBOX\# ?? MAGIC Project ? Final Full Roo_664EC74B.txt","# ?? MAGIC Project ? Final Full Roo_664EC74B.txt",".txt"
"D:\MAGIC\#.txt1.txt","D:\MAGIC\scripts\phase00\INBOX\#.txt1_E0DFC005.txt","#.txt1_E0DFC005.txt",".txt"
"D:\MAGIC\.pip-constraints.txt","D:\MAGIC\scripts\phase00\INBOX\.pip-constraints_166536F9.txt",".pip-constraints_166536F9.txt",".txt"
"D:\MAGIC\.pre-commit-config.yaml","D:\MAGIC\scripts\phase00\INBOX\.pre-commit-config_4005CD8F.yaml",".pre-commit-config_4005CD8F.yaml",".yaml"
"D:\MAGIC\append_test_scripts_to_manifest.ps1","D:\MAGIC\scripts\phase00\INBOX\append_test_scripts_to_manifest_90458F8C.ps1","append_test_scripts_to_manifest_90458F8C.ps1",".ps1"
"D:\MAGIC\ascii_only.txt","D:\MAGIC\scripts\phase00\INBOX\ascii_only_7B59D5AE.txt","ascii_only_7B59D5AE.txt",".txt"
"D:\MAGIC\audit_list.txt","D:\MAGIC\scripts\phase00\INBOX\audit_list_3EE745C0.txt","audit_list_3EE745C0.txt",".txt"
"D:\MAGIC\backup_agent_standalone.py","D:\MAGIC\scripts\phase00\INBOX\backup_agent_standalone_790F07BB.py","backup_agent_standalone_790F07BB.py",".py"
"D:\MAGIC\bootstrap_rebuilder.ps1","D:\MAGIC\scripts\phase00\INBOX\bootstrap_rebuilder_9EC1462D.ps1","bootstrap_rebuilder_9EC1462D.ps1",".ps1"
"D:\MAGIC\check_notion_csv.py","D:\MAGIC\scripts\phase00\INBOX\check_notion_csv_D574CD47.py","check_notion_csv_D574CD47.py",".py"
"D:\MAGIC\ci.from_github.yml","D:\MAGIC\scripts\phase00\INBOX\ci.from_github_9B684A9F.yml","ci.from_github_9B684A9F.yml",".yml"
"D:\MAGIC\ci_tests_17405839074.log","D:\MAGIC\scripts\phase00\INBOX\ci_tests_17405839074_7C84243A.log","ci_tests_17405839074_7C84243A.log",".log"
"D:\MAGIC\compare_local_notion.py","D:\MAGIC\scripts\phase00\INBOX\compare_local_notion_69C3E256.py","compare_local_notion_69C3E256.py",".py"
"D:\MAGIC\complete_solution_report.txt","D:\MAGIC\scripts\phase00\INBOX\complete_solution_report_BC22F37E.txt","complete_solution_report_BC22F37E.txt",".txt"
"D:\MAGIC\create_placeholders.ps1","D:\MAGIC\scripts\phase00\INBOX\create_placeholders_BE89D341.ps1","create_placeholders_BE89D341.ps1",".ps1"
"D:\MAGIC\create_test_files.ps1","D:\MAGIC\scripts\phase00\INBOX\create_test_files_E3B0C442.ps1","create_test_files_E3B0C442.ps1",".ps1"
"D:\MAGIC\dummy_module.py","D:\MAGIC\scripts\phase00\INBOX\dummy_module_07B12DE3.py","dummy_module_07B12DE3.py",".py"
"D:\MAGIC\er self_healing_runner_v6.3.ps1","D:\MAGIC\scripts\phase00\INBOX\er self_healing_runner_v6.3_6A6AAC22.ps1","er self_healing_runner_v6.3_6A6AAC22.ps1",".ps1"
"D:\MAGIC\execution_log.txt","D:\MAGIC\scripts\phase00\INBOX\execution_log_4E66DD86.txt","execution_log_4E66DD86.txt",".txt"
"D:\MAGIC\execution_summary.txt","D:\MAGIC\scripts\phase00\INBOX\execution_summary_8F51B560.txt","execution_summary_8F51B560.txt",".txt"
"D:\MAGIC\export_notion.ps1","D:\MAGIC\scripts\phase00\INBOX\export_notion_7356DC54.ps1","export_notion_7356DC54.ps1",".ps1"
"D:\MAGIC\final_report.txt","D:\MAGIC\scripts\phase00\INBOX\final_report_FC269FBC.txt","final_report_FC269FBC.txt",".txt"
"D:\MAGIC\final_verification.txt","D:\MAGIC\scripts\phase00\INBOX\final_verification_28C5DF0B.txt","final_verification_28C5DF0B.txt",".txt"
"D:\MAGIC\Fulfinal_File_CLEANED.csv","D:\MAGIC\scripts\phase00\INBOX\Fulfinal_File_CLEANED_B2AD7EA5.csv","Fulfinal_File_CLEANED_B2AD7EA5.csv",".csv"
"D:\MAGIC\Fullfinal_File_with_Original_Path.csv","D:\MAGIC\scripts\phase00\INBOX\Fullfinal_File_with_Original_Path_0C2D98F3.csv","Fullfinal_File_with_Original_Path_0C2D98F3.csv",".csv"
"D:\MAGIC\generate_error_report.ps1","D:\MAGIC\scripts\phase00\INBOX\generate_error_report_47058436.ps1","generate_error_report_47058436.ps1",".ps1"
"D:\MAGIC\generate_manifest.py","D:\MAGIC\scripts\phase00\INBOX\generate_manifest_2EC1327C.py","generate_manifest_2EC1327C.py",".py"
"D:\MAGIC\generate_pad_flow.py","D:\MAGIC\scripts\phase00\INBOX\generate_pad_flow_2FA858DA.py","generate_pad_flow_2FA858DA.py",".py"
"D:\MAGIC\generate_patch_csv.py","D:\MAGIC\scripts\phase00\INBOX\generate_patch_csv_47978EF5.py","generate_patch_csv_47978EF5.py",".py"
"D:\MAGIC\import os.txt","D:\MAGIC\scripts\phase00\INBOX\import os_791E5361.txt","import os_791E5361.txt",".txt"
"D:\MAGIC\Load data from your CSV.txt","D:\MAGIC\scripts\phase00\INBOX\Load data from your CSV_02C10E78.txt","Load data from your CSV_02C10E78.txt",".txt"
"D:\MAGIC\merge_summaries.py","D:\MAGIC\scripts\phase00\INBOX\merge_summaries_C54CC516.py","merge_summaries_C54CC516.py",".py"
"D:\MAGIC\New Text Document.txt","D:\MAGIC\scripts\phase00\INBOX\New Text Document_E3B0C442.txt","New Text Document_E3B0C442.txt",".txt"
"D:\MAGIC\non_existent_input.txt","D:\MAGIC\scripts\phase00\INBOX\non_existent_input_F5784E7B.txt","non_existent_input_F5784E7B.txt",".txt"
"D:\MAGIC\notion_status_patcher_FIXED.py","D:\MAGIC\scripts\phase00\INBOX\notion_status_patcher_FIXED_55FC3C08.py","notion_status_patcher_FIXED_55FC3C08.py",".py"
"D:\MAGIC\reddit_api.ps1","D:\MAGIC\scripts\phase00\INBOX\reddit_api_175C2348.ps1","reddit_api_175C2348.ps1",".ps1"
"D:\MAGIC\reddit_output_2025-07-18_18-38-01.txt","D:\MAGIC\scripts\phase00\INBOX\reddit_output_2025-07-18_18-38-01_67551E9C.txt","reddit_output_2025-07-18_18-38-01_67551E9C.txt",".txt"
"D:\MAGIC\reddit_output_2025-07-18_18-39-32.txt","D:\MAGIC\scripts\phase00\INBOX\reddit_output_2025-07-18_18-39-32_67551E9C.txt","reddit_output_2025-07-18_18-39-32_67551E9C.txt",".txt"
"D:\MAGIC\reddit_output_2025-07-18_18-39-47.txt","D:\MAGIC\scripts\phase00\INBOX\reddit_output_2025-07-18_18-39-47_67551E9C.txt","reddit_output_2025-07-18_18-39-47_67551E9C.txt",".txt"
"D:\MAGIC\reddit_output_2025-07-18_18-40-35.txt","D:\MAGIC\scripts\phase00\INBOX\reddit_output_2025-07-18_18-40-35_67551E9C.txt","reddit_output_2025-07-18_18-40-35_67551E9C.txt",".txt"
"D:\MAGIC\reddit_output_2025-07-18_18-42-22.txt","D:\MAGIC\scripts\phase00\INBOX\reddit_output_2025-07-18_18-42-22_19B2D8C4.txt","reddit_output_2025-07-18_18-42-22_19B2D8C4.txt",".txt"
"D:\MAGIC\reddit_output_2025-07-18_18-43-25.txt","D:\MAGIC\scripts\phase00\INBOX\reddit_output_2025-07-18_18-43-25_19B2D8C4.txt","reddit_output_2025-07-18_18-43-25_19B2D8C4.txt",".txt"
"D:\MAGIC\reddit_output_2025-07-18_18-44-01.txt","D:\MAGIC\scripts\phase00\INBOX\reddit_output_2025-07-18_18-44-01_19B2D8C4.txt","reddit_output_2025-07-18_18-44-01_19B2D8C4.txt",".txt"
"D:\MAGIC\reddit_output_2025-07-18_18-44-17.txt","D:\MAGIC\scripts\phase00\INBOX\reddit_output_2025-07-18_18-44-17_19B2D8C4.txt","reddit_output_2025-07-18_18-44-17_19B2D8C4.txt",".txt"
"D:\MAGIC\reddit_output_2025-07-18_18-44-50.txt","D:\MAGIC\scripts\phase00\INBOX\reddit_output_2025-07-18_18-44-50_AD737BCF.txt","reddit_output_2025-07-18_18-44-50_AD737BCF.txt",".txt"
"D:\MAGIC\reddit_output_2025-07-18_18-45-35.txt","D:\MAGIC\scripts\phase00\INBOX\reddit_output_2025-07-18_18-45-35_AD737BCF.txt","reddit_output_2025-07-18_18-45-35_AD737BCF.txt",".txt"
"D:\MAGIC\reddit_output_2025-07-18_18-46-46.txt","D:\MAGIC\scripts\phase00\INBOX\reddit_output_2025-07-18_18-46-46_AD737BCF.txt","reddit_output_2025-07-18_18-46-46_AD737BCF.txt",".txt"
"D:\MAGIC\reddit_output_2025-07-18_18-50-31.txt","D:\MAGIC\scripts\phase00\INBOX\reddit_output_2025-07-18_18-50-31_EEE53065.txt","reddit_output_2025-07-18_18-50-31_EEE53065.txt",".txt"
"D:\MAGIC\reddit_output_2025-07-18_18-52-20.txt","D:\MAGIC\scripts\phase00\INBOX\reddit_output_2025-07-18_18-52-20_26042E44.txt","reddit_output_2025-07-18_18-52-20_26042E44.txt",".txt"
"D:\MAGIC\remove_unused_placeholders.ps1","D:\MAGIC\scripts\phase00\INBOX\remove_unused_placeholders_53CF1489.ps1","remove_unused_placeholders_53CF1489.ps1",".ps1"
"D:\MAGIC\requirements-dev.txt","D:\MAGIC\scripts\phase00\INBOX\requirements-dev_86BBEB34.txt","requirements-dev_86BBEB34.txt",".txt"
"D:\MAGIC\requirements.backup.txt","D:\MAGIC\scripts\phase00\INBOX\requirements.backup_6E99707C.txt","requirements.backup_6E99707C.txt",".txt"
"D:\MAGIC\requirements.lock.txt","D:\MAGIC\scripts\phase00\INBOX\requirements.lock_765C20D2.txt","requirements.lock_765C20D2.txt",".txt"
"D:\MAGIC\resolution_report.txt","D:\MAGIC\scripts\phase00\INBOX\resolution_report_DBC39250.txt","resolution_report_DBC39250.txt",".txt"
"D:\MAGIC\run_11B.ps1","D:\MAGIC\scripts\phase00\INBOX\run_11B_CF470B4E.ps1","run_11B_CF470B4E.ps1",".ps1"
"D:\MAGIC\run_all.ps1","D:\MAGIC\scripts\phase00\INBOX\run_all_D55E0D70.ps1","run_all_D55E0D70.ps1",".ps1"
"D:\MAGIC\run_all_trends.ps1","D:\MAGIC\scripts\phase00\INBOX\run_all_trends_CE149CC2.ps1","run_all_trends_CE149CC2.ps1",".ps1"
"D:\MAGIC\run_magic_sync.ps1","D:\MAGIC\scripts\phase00\INBOX\run_magic_sync_FD7361DB.ps1","run_magic_sync_FD7361DB.ps1",".ps1"
"D:\MAGIC\run_phase11_module.ps1","D:\MAGIC\scripts\phase00\INBOX\run_phase11_module_444E6F23.ps1","run_phase11_module_444E6F23.ps1",".ps1"
"D:\MAGIC\run_sorter.ps1","D:\MAGIC\scripts\phase00\INBOX\run_sorter_0D7E5448.ps1","run_sorter_0D7E5448.ps1",".ps1"
"D:\MAGIC\script_execution.log","D:\MAGIC\scripts\phase00\INBOX\script_execution_43CEE5A7.log","script_execution_43CEE5A7.log",".log"
"D:\MAGIC\self_healing_runner.ps1","D:\MAGIC\scripts\phase00\INBOX\self_healing_runner_708DEDE7.ps1","self_healing_runner_708DEDE7.ps1",".ps1"
"D:\MAGIC\self_healing_runner.py","D:\MAGIC\scripts\phase00\INBOX\self_healing_runner_82EC932A.py","self_healing_runner_82EC932A.py",".py"
"D:\MAGIC\self_healing_runner_v4.2.py","D:\MAGIC\scripts\phase00\INBOX\self_healing_runner_v4.2_FE160128.py","self_healing_runner_v4.2_FE160128.py",".py"
"D:\MAGIC\self_healing_runner_v4.3.py","D:\MAGIC\scripts\phase00\INBOX\self_healing_runner_v4.3_3221067D.py","self_healing_runner_v4.3_3221067D.py",".py"
"D:\MAGIC\self_healing_runner_v4.4.py","D:\MAGIC\scripts\phase00\INBOX\self_healing_runner_v4.4_CB76C92D.py","self_healing_runner_v4.4_CB76C92D.py",".py"
"D:\MAGIC\self_healing_runner_v4.5.py","D:\MAGIC\scripts\phase00\INBOX\self_healing_runner_v4.5_8274DADA.py","self_healing_runner_v4.5_8274DADA.py",".py"
"D:\MAGIC\self_healing_runner_v4.6.py","D:\MAGIC\scripts\phase00\INBOX\self_healing_runner_v4.6_6F38BB76.py","self_healing_runner_v4.6_6F38BB76.py",".py"
"D:\MAGIC\self_healing_runner_v4.6.txt","D:\MAGIC\scripts\phase00\INBOX\self_healing_runner_v4.6_1FD7F9BA.txt","self_healing_runner_v4.6_1FD7F9BA.txt",".txt"
"D:\MAGIC\self_healing_runner_v4.7.py","D:\MAGIC\scripts\phase00\INBOX\self_healing_runner_v4.7_60D7AB05.py","self_healing_runner_v4.7_60D7AB05.py",".py"
"D:\MAGIC\self_healing_runner_v4.8.py","D:\MAGIC\scripts\phase00\INBOX\self_healing_runner_v4.8_97AA5D74.py","self_healing_runner_v4.8_97AA5D74.py",".py"
"D:\MAGIC\self_healing_runner_v4.8_fixed.py","D:\MAGIC\scripts\phase00\INBOX\self_healing_runner_v4.8_fixed_C5BC233B.py","self_healing_runner_v4.8_fixed_C5BC233B.py",".py"
"D:\MAGIC\self_healing_runner_v4.9.py","D:\MAGIC\scripts\phase00\INBOX\self_healing_runner_v4.9_DEEF7BB0.py","self_healing_runner_v4.9_DEEF7BB0.py",".py"
"D:\MAGIC\self_healing_runner_v5.backup.py","D:\MAGIC\scripts\phase00\INBOX\self_healing_runner_v5.backup_2C28AAA7.py","self_healing_runner_v5.backup_2C28AAA7.py",".py"
"D:\MAGIC\self_healing_runner_v5.py","D:\MAGIC\scripts\phase00\INBOX\self_healing_runner_v5_81FC2FF8.py","self_healing_runner_v5_81FC2FF8.py",".py"
"D:\MAGIC\self_healing_runner_v5_parallel.py","D:\MAGIC\scripts\phase00\INBOX\self_healing_runner_v5_parallel_2730F398.py","self_healing_runner_v5_parallel_2730F398.py",".py"
"D:\MAGIC\self_healing_runner_v6.3.ps1","D:\MAGIC\scripts\phase00\INBOX\self_healing_runner_v6.3_B49B27C0.ps1","self_healing_runner_v6.3_B49B27C0.ps1",".ps1"
"D:\MAGIC\self_healing_runner_v6.6.ps1","D:\MAGIC\scripts\phase00\INBOX\self_healing_runner_v6.6_DBE273F4.ps1","self_healing_runner_v6.6_DBE273F4.ps1",".ps1"
"D:\MAGIC\self_healing_runner_v6.7.ps1","D:\MAGIC\scripts\phase00\INBOX\self_healing_runner_v6.7_77007F18.ps1","self_healing_runner_v6.7_77007F18.ps1",".ps1"
"D:\MAGIC\self_healing_runner_v6.8.ps1","D:\MAGIC\scripts\phase00\INBOX\self_healing_runner_v6.8_829F0C54.ps1","self_healing_runner_v6.8_829F0C54.ps1",".ps1"
"D:\MAGIC\self_healing_runner_v6.9.ps1","D:\MAGIC\scripts\phase00\INBOX\self_healing_runner_v6.9_21AC9AC5.ps1","self_healing_runner_v6.9_21AC9AC5.ps1",".ps1"
"D:\MAGIC\self_healing_runner_v7.0.ps1","D:\MAGIC\scripts\phase00\INBOX\self_healing_runner_v7.0_B2F5D5A4.ps1","self_healing_runner_v7.0_B2F5D5A4.ps1",".ps1"
"D:\MAGIC\self_healing_runner_v7.1.ps1","D:\MAGIC\scripts\phase00\INBOX\self_healing_runner_v7.1_00296C06.ps1","self_healing_runner_v7.1_00296C06.ps1",".ps1"
"D:\MAGIC\self_healing_runner_v7.2.ps1","D:\MAGIC\scripts\phase00\INBOX\self_healing_runner_v7.2_8086155D.ps1","self_healing_runner_v7.2_8086155D.ps1",".ps1"
"D:\MAGIC\self_healing_runner_v7.3.ps1","D:\MAGIC\scripts\phase00\INBOX\self_healing_runner_v7.3_FF3414EA.ps1","self_healing_runner_v7.3_FF3414EA.ps1",".ps1"
"D:\MAGIC\setup.ps1","D:\MAGIC\scripts\phase00\INBOX\setup_0DC702BE.ps1","setup_0DC702BE.ps1",".ps1"
"D:\MAGIC\setup_test_errors.ps1","D:\MAGIC\scripts\phase00\INBOX\setup_test_errors_DCA1D980.ps1","setup_test_errors_DCA1D980.ps1",".ps1"
"D:\MAGIC\setup_week3.ps1","D:\MAGIC\scripts\phase00\INBOX\setup_week3_FF4A247C.ps1","setup_week3_FF4A247C.ps1",".ps1"
"D:\MAGIC\status_report.txt","D:\MAGIC\scripts\phase00\INBOX\status_report_76A7F858.txt","status_report_76A7F858.txt",".txt"
"D:\MAGIC\sync.log","D:\MAGIC\scripts\phase00\INBOX\sync_9183CF66.log","sync_9183CF66.log",".log"
"D:\MAGIC\test_manifest.py","D:\MAGIC\scripts\phase00\INBOX\test_manifest_473A72E6.py","test_manifest_473A72E6.py",".py"
"D:\MAGIC\test_notion_id.ps1","D:\MAGIC\scripts\phase00\INBOX\test_notion_id_5F39B412.ps1","test_notion_id_5F39B412.ps1",".ps1"
"D:\MAGIC\test_open.py","D:\MAGIC\scripts\phase00\INBOX\test_open_2C3C73AF.py","test_open_2C3C73AF.py",".py"
"D:\MAGIC\test_report.txt","D:\MAGIC\scripts\phase00\INBOX\test_report_FCC2C2C7.txt","test_report_FCC2C2C7.txt",".txt"
"D:\MAGIC\ultimate_resolution.txt","D:\MAGIC\scripts\phase00\INBOX\ultimate_resolution_2846BD03.txt","ultimate_resolution_2846BD03.txt",".txt"
"D:\MAGIC\Untitled.txt","D:\MAGIC\scripts\phase00\INBOX\Untitled_E3B0C442.txt","Untitled_E3B0C442.txt",".txt"
"D:\MAGIC\verify_phase0_5.ps1","D:\MAGIC\scripts\phase00\INBOX\verify_phase0_5_D9065AFF.ps1","verify_phase0_5_D9065AFF.ps1",".ps1"
"D:\MAGIC\verify_phase6_10.ps1","D:\MAGIC\scripts\phase00\INBOX\verify_phase6_10_42B2F2DB.ps1","verify_phase6_10_42B2F2DB.ps1",".ps1"
"D:\MAGIC\wipe_notion_db.py","D:\MAGIC\scripts\phase00\INBOX\wipe_notion_db_726DB86B.py","wipe_notion_db_726DB86B.py",".py"
"D:\MAGIC\.github\workflows\backup_manifest.yml","D:\MAGIC\scripts\phase00\INBOX\backup_manifest_1B9330F7.yml","backup_manifest_1B9330F7.yml",".yml"
"D:\MAGIC\.github\workflows\ci.yml","D:\MAGIC\scripts\phase00\INBOX\ci_3252900B.yml","ci_3252900B.yml",".yml"
"D:\MAGIC\.github\workflows\cleanup_logs.yml","D:\MAGIC\scripts\phase00\INBOX\cleanup_logs_EF27CA10.yml","cleanup_logs_EF27CA10.yml",".yml"
"D:\MAGIC\.github\workflows\pre-commit.yml","D:\MAGIC\scripts\phase00\INBOX\pre-commit_F23F3F87.yml","pre-commit_F23F3F87.yml",".yml"
"D:\MAGIC\.github\workflows\publish_artifacts.yml","D:\MAGIC\scripts\phase00\INBOX\publish_artifacts_BA596221.yml","publish_artifacts_BA596221.yml",".yml"
"D:\MAGIC\.github\workflows\release_notes.yml","D:\MAGIC\scripts\phase00\INBOX\release_notes_07554FCE.yml","release_notes_07554FCE.yml",".yml"
"D:\MAGIC\.github\workflows\self_heal.yml","D:\MAGIC\scripts\phase00\INBOX\self_heal_EF2FA425.yml","self_heal_EF2FA425.yml",".yml"
"D:\MAGIC\agents\backup_agent.py","D:\MAGIC\scripts\phase00\INBOX\backup_agent_883A122E.py","backup_agent_883A122E.py",".py"
"D:\MAGIC\agents\cleanup_agent.ps1","D:\MAGIC\scripts\phase00\INBOX\cleanup_agent_F8EC4AF0.ps1","cleanup_agent_F8EC4AF0.ps1",".ps1"
"D:\MAGIC\agents\quarantine_agent.py","D:\MAGIC\scripts\phase00\INBOX\quarantine_agent_B571556D.py","quarantine_agent_B571556D.py",".py"
"D:\MAGIC\agents\quarantine_agent_backup.py","D:\MAGIC\scripts\phase00\INBOX\quarantine_agent_backup_8770D9B1.py","quarantine_agent_backup_8770D9B1.py",".py"
"D:\MAGIC\agents\self_heal_placeholder.py","D:\MAGIC\scripts\phase00\INBOX\self_heal_placeholder_FBE37D40.py","self_heal_placeholder_FBE37D40.py",".py"
"D:\MAGIC\agents\awareness\file_watchdog_agent.py","D:\MAGIC\scripts\phase00\INBOX\file_watchdog_agent_7A5B585B.py","file_watchdog_agent_7A5B585B.py",".py"
"D:\MAGIC\agents\awareness\log_watchdog.py","D:\MAGIC\scripts\phase00\INBOX\log_watchdog_47591D9D.py","log_watchdog_47591D9D.py",".py"
"D:\MAGIC\agents\awareness\log_writer_agent.py","D:\MAGIC\scripts\phase00\INBOX\log_writer_agent_791FE60D.py","log_writer_agent_791FE60D.py",".py"
"D:\MAGIC\agents\awareness\log_writer_agent_BACKUP_20250729_171928.py","D:\MAGIC\scripts\phase00\INBOX\log_writer_agent_BACKUP_20250729_171928_1A2D0502.py","log_writer_agent_BACKUP_20250729_171928_1A2D0502.py",".py"
"D:\MAGIC\agents\awareness\script_tracker.py","D:\MAGIC\scripts\phase00\INBOX\script_tracker_6750A97B.py","script_tracker_6750A97B.py",".py"
"D:\MAGIC\agents\awareness\status_aggregator.py","D:\MAGIC\scripts\phase00\INBOX\status_aggregator_389E2961.py","status_aggregator_389E2961.py",".py"
"D:\MAGIC\agents\meta\fix_prefixes.py","D:\MAGIC\scripts\phase00\INBOX\fix_prefixes_9E899E61.py","fix_prefixes_9E899E61.py",".py"
"D:\MAGIC\agents\meta\generate_patch_from_phase11.py","D:\MAGIC\scripts\phase00\INBOX\generate_patch_from_phase11_A34D127E.py","generate_patch_from_phase11_A34D127E.py",".py"
"D:\MAGIC\agents\meta\magic_patch.py","D:\MAGIC\scripts\phase00\INBOX\magic_patch_D21C9232.py","magic_patch_D21C9232.py",".py"
"D:\MAGIC\agents\meta\notion_patch_cleaner.py","D:\MAGIC\scripts\phase00\INBOX\notion_patch_cleaner_57B33F9D.py","notion_patch_cleaner_57B33F9D.py",".py"
"D:\MAGIC\agents\meta\notion_patch_final_importer.py","D:\MAGIC\scripts\phase00\INBOX\notion_patch_final_importer_FEC4655E.py","notion_patch_final_importer_FEC4655E.py",".py"
"D:\MAGIC\agents\meta\notion_patch_generator.py","D:\MAGIC\scripts\phase00\INBOX\notion_patch_generator_11CE0E0D.py","notion_patch_generator_11CE0E0D.py",".py"
"D:\MAGIC\agents\meta\notion_patch_importer.py","D:\MAGIC\scripts\phase00\INBOX\notion_patch_importer_FEC4655E.py","notion_patch_importer_FEC4655E.py",".py"
"D:\MAGIC\agents\meta\notion_sync_agent.py","D:\MAGIC\scripts\phase00\INBOX\notion_sync_agent_881B2028.py","notion_sync_agent_881B2028.py",".py"
"D:\MAGIC\agents\meta\notion_test_connect.py","D:\MAGIC\scripts\phase00\INBOX\notion_test_connect_0DC3B7CB.py","notion_test_connect_0DC3B7CB.py",".py"
"D:\MAGIC\backups\log_watchdog.py","D:\MAGIC\scripts\phase00\INBOX\log_watchdog_56E0670E.py","log_watchdog_56E0670E.py",".py"
"D:\MAGIC\backups\quarantine_agent.py","D:\MAGIC\scripts\phase00\INBOX\quarantine_agent_69EB010C.py","quarantine_agent_69EB010C.py",".py"
"D:\MAGIC\backups\self_heal_placeholder.py","D:\MAGIC\scripts\phase00\INBOX\self_heal_placeholder_C9CB279D.py","self_heal_placeholder_C9CB279D.py",".py"
"D:\MAGIC\backups\phase11\11AA_failure_memory_builder_READY.py","D:\MAGIC\scripts\phase00\INBOX\11AA_failure_memory_builder_READY_05D54290.py","11AA_failure_memory_builder_READY_05D54290.py",".py"
"D:\MAGIC\backups\phase11\11AA_risk_adaptive_agent_tuner_READY.py","D:\MAGIC\scripts\phase00\INBOX\11AA_risk_adaptive_agent_tuner_READY_44D71585.py","11AA_risk_adaptive_agent_tuner_READY_44D71585.py",".py"
"D:\MAGIC\backups\phase11\11AA_self_healing_loop_generator_READY.py","D:\MAGIC\scripts\phase00\INBOX\11AA_self_healing_loop_generator_READY_117575DA.py","11AA_self_healing_loop_generator_READY_117575DA.py",".py"
"D:\MAGIC\backups\phase11\11AB_agent_identity_vault_READY.py","D:\MAGIC\scripts\phase00\INBOX\11AB_agent_identity_vault_READY_EBC66876.py","11AB_agent_identity_vault_READY_EBC66876.py",".py"
"D:\MAGIC\backups\phase11\11AB_agent_signature_validator_READY.py","D:\MAGIC\scripts\phase00\INBOX\11AB_agent_signature_validator_READY_30B0403C.py","11AB_agent_signature_validator_READY_30B0403C.py",".py"
"D:\MAGIC\backups\phase11\11AB_zero_trust_access_policy_engine_READY.py","D:\MAGIC\scripts\phase00\INBOX\11AB_zero_trust_access_policy_engine_READY_245906D0.py","11AB_zero_trust_access_policy_engine_READY_245906D0.py",".py"
"D:\MAGIC\backups\phase11_autoheal_20250729_143113\New Text Document.txt","D:\MAGIC\scripts\phase00\INBOX\New Text Document_E3B0C442.txt","New Text Document_E3B0C442.txt",".txt"
"D:\MAGIC\backups\phase11_autoheal_20250729_143113\module_AA\11AA_failure_memory_builder_READY.py","D:\MAGIC\scripts\phase00\INBOX\11AA_failure_memory_builder_READY_069E0791.py","11AA_failure_memory_builder_READY_069E0791.py",".py"
"D:\MAGIC\backups\phase11_autoheal_20250729_143113\module_AA\11AA_risk_adaptive_agent_tuner_READY.py","D:\MAGIC\scripts\phase00\INBOX\11AA_risk_adaptive_agent_tuner_READY_069E0791.py","11AA_risk_adaptive_agent_tuner_READY_069E0791.py",".py"
"D:\MAGIC\backups\phase11_autoheal_20250729_143113\module_AA\11AA_self_healing_loop_generator_READY.py","D:\MAGIC\scripts\phase00\INBOX\11AA_self_healing_loop_generator_READY_069E0791.py","11AA_self_healing_loop_generator_READY_069E0791.py",".py"
"D:\MAGIC\backups\phase11_autoheal_20250729_143113\module_AB\11AB_agent_identity_vault_READY.py","D:\MAGIC\scripts\phase00\INBOX\11AB_agent_identity_vault_READY_069E0791.py","11AB_agent_identity_vault_READY_069E0791.py",".py"
"D:\MAGIC\backups\phase11_autoheal_20250729_143113\module_AB\11AB_agent_signature_validator_READY.py","D:\MAGIC\scripts\phase00\INBOX\11AB_agent_signature_validator_READY_069E0791.py","11AB_agent_signature_validator_READY_069E0791.py",".py"
"D:\MAGIC\backups\phase11_autoheal_20250729_143113\module_AB\11AB_zero_trust_access_policy_engine_READY.py","D:\MAGIC\scripts\phase00\INBOX\11AB_zero_trust_access_policy_engine_READY_069E0791.py","11AB_zero_trust_access_policy_engine_READY_069E0791.py",".py"
"D:\MAGIC\backups\phase11_autoheal_20250729_143113\outputs\logs\cost_overflow_alerts.txt","D:\MAGIC\scripts\phase00\INBOX\cost_overflow_alerts_C29ED783.txt","cost_overflow_alerts_C29ED783.txt",".txt"
"D:\MAGIC\backups\phase11_autoheal_20250729_170744\New Text Document.txt","D:\MAGIC\scripts\phase00\INBOX\New Text Document_E3B0C442.txt","New Text Document_E3B0C442.txt",".txt"
"D:\MAGIC\backups\phase11_autoheal_20250729_170744\module_AA\11AA_failure_memory_builder_READY.py","D:\MAGIC\scripts\phase00\INBOX\11AA_failure_memory_builder_READY_6B6829A3.py","11AA_failure_memory_builder_READY_6B6829A3.py",".py"
"D:\MAGIC\backups\phase11_autoheal_20250729_170744\module_AA\11AA_risk_adaptive_agent_tuner_READY.py","D:\MAGIC\scripts\phase00\INBOX\11AA_risk_adaptive_agent_tuner_READY_A1286F90.py","11AA_risk_adaptive_agent_tuner_READY_A1286F90.py",".py"
"D:\MAGIC\backups\phase11_autoheal_20250729_170744\module_AA\11AA_self_healing_loop_generator_READY.py","D:\MAGIC\scripts\phase00\INBOX\11AA_self_healing_loop_generator_READY_3F8E737D.py","11AA_self_healing_loop_generator_READY_3F8E737D.py",".py"
"D:\MAGIC\backups\phase11_autoheal_20250729_170744\module_AB\11AB_agent_identity_vault_READY.py","D:\MAGIC\scripts\phase00\INBOX\11AB_agent_identity_vault_READY_970A56FA.py","11AB_agent_identity_vault_READY_970A56FA.py",".py"
"D:\MAGIC\backups\phase11_autoheal_20250729_170744\module_AB\11AB_agent_signature_validator_READY.py","D:\MAGIC\scripts\phase00\INBOX\11AB_agent_signature_validator_READY_BF9496DC.py","11AB_agent_signature_validator_READY_BF9496DC.py",".py"
"D:\MAGIC\backups\phase11_autoheal_20250729_170744\module_AB\11AB_zero_trust_access_policy_engine_READY.py","D:\MAGIC\scripts\phase00\INBOX\11AB_zero_trust_access_policy_engine_READY_A8EF6716.py","11AB_zero_trust_access_policy_engine_READY_A8EF6716.py",".py"
"D:\MAGIC\backups\phase11_autoheal_20250729_170744\outputs\logs\cost_overflow_alerts.txt","D:\MAGIC\scripts\phase00\INBOX\cost_overflow_alerts_C29ED783.txt","cost_overflow_alerts_C29ED783.txt",".txt"
"D:\MAGIC\backups\phase11_autoheal_20250729_170950\New Text Document.txt","D:\MAGIC\scripts\phase00\INBOX\New Text Document_E3B0C442.txt","New Text Document_E3B0C442.txt",".txt"
"D:\MAGIC\backups\phase11_autoheal_20250729_170950\module_AA\11AA_failure_memory_builder_READY.py","D:\MAGIC\scripts\phase00\INBOX\11AA_failure_memory_builder_READY_6B6829A3.py","11AA_failure_memory_builder_READY_6B6829A3.py",".py"
"D:\MAGIC\backups\phase11_autoheal_20250729_170950\module_AA\11AA_risk_adaptive_agent_tuner_READY.py","D:\MAGIC\scripts\phase00\INBOX\11AA_risk_adaptive_agent_tuner_READY_A1286F90.py","11AA_risk_adaptive_agent_tuner_READY_A1286F90.py",".py"
"D:\MAGIC\backups\phase11_autoheal_20250729_170950\module_AA\11AA_self_healing_loop_generator_READY.py","D:\MAGIC\scripts\phase00\INBOX\11AA_self_healing_loop_generator_READY_3F8E737D.py","11AA_self_healing_loop_generator_READY_3F8E737D.py",".py"
"D:\MAGIC\backups\phase11_autoheal_20250729_170950\module_AB\11AB_agent_identity_vault_READY.py","D:\MAGIC\scripts\phase00\INBOX\11AB_agent_identity_vault_READY_970A56FA.py","11AB_agent_identity_vault_READY_970A56FA.py",".py"
"D:\MAGIC\backups\phase11_autoheal_20250729_170950\module_AB\11AB_agent_signature_validator_READY.py","D:\MAGIC\scripts\phase00\INBOX\11AB_agent_signature_validator_READY_BF9496DC.py","11AB_agent_signature_validator_READY_BF9496DC.py",".py"
"D:\MAGIC\backups\phase11_autoheal_20250729_170950\module_AB\11AB_zero_trust_access_policy_engine_READY.py","D:\MAGIC\scripts\phase00\INBOX\11AB_zero_trust_access_policy_engine_READY_A8EF6716.py","11AB_zero_trust_access_policy_engine_READY_A8EF6716.py",".py"
"D:\MAGIC\backups\phase11_autoheal_20250729_170950\outputs\logs\cost_overflow_alerts.txt","D:\MAGIC\scripts\phase00\INBOX\cost_overflow_alerts_C29ED783.txt","cost_overflow_alerts_C29ED783.txt",".txt"
"D:\MAGIC\backups\phase11_autoheal_20250807_162520\New Text Document.txt","D:\MAGIC\scripts\phase00\INBOX\New Text Document_E3B0C442.txt","New Text Document_E3B0C442.txt",".txt"
"D:\MAGIC\backups\phase11_autoheal_20250807_162520\module_AA\11AA_failure_memory_builder_READY.py","D:\MAGIC\scripts\phase00\INBOX\11AA_failure_memory_builder_READY_6B6829A3.py","11AA_failure_memory_builder_READY_6B6829A3.py",".py"
"D:\MAGIC\backups\phase11_autoheal_20250807_162520\module_AA\11AA_risk_adaptive_agent_tuner_READY.py","D:\MAGIC\scripts\phase00\INBOX\11AA_risk_adaptive_agent_tuner_READY_A1286F90.py","11AA_risk_adaptive_agent_tuner_READY_A1286F90.py",".py"
"D:\MAGIC\backups\phase11_autoheal_20250807_162520\module_AA\11AA_self_healing_loop_generator_READY.py","D:\MAGIC\scripts\phase00\INBOX\11AA_self_healing_loop_generator_READY_3F8E737D.py","11AA_self_healing_loop_generator_READY_3F8E737D.py",".py"
"D:\MAGIC\backups\phase11_autoheal_20250807_162520\module_AB\11AB_agent_identity_vault_READY.py","D:\MAGIC\scripts\phase00\INBOX\11AB_agent_identity_vault_READY_970A56FA.py","11AB_agent_identity_vault_READY_970A56FA.py",".py"
"D:\MAGIC\backups\phase11_autoheal_20250807_162520\module_AB\11AB_agent_signature_validator_READY.py","D:\MAGIC\scripts\phase00\INBOX\11AB_agent_signature_validator_READY_BF9496DC.py","11AB_agent_signature_validator_READY_BF9496DC.py",".py"
"D:\MAGIC\backups\phase11_autoheal_20250807_162520\module_AB\11AB_zero_trust_access_policy_engine_READY.py","D:\MAGIC\scripts\phase00\INBOX\11AB_zero_trust_access_policy_engine_READY_A8EF6716.py","11AB_zero_trust_access_policy_engine_READY_A8EF6716.py",".py"
"D:\MAGIC\backups\phase11_autoheal_20250807_162520\module_C\phase11_module_C_placeholder_READY.py","D:\MAGIC\scripts\phase00\INBOX\phase11_module_C_placeholder_READY_FEF28B8F.py","phase11_module_C_placeholder_READY_FEF28B8F.py",".py"
"D:\MAGIC\backups\phase11_autoheal_20250807_162520\outputs\phase11_outputs_placeholder_READY.py","D:\MAGIC\scripts\phase00\INBOX\phase11_outputs_placeholder_READY_1CACB477.py","phase11_outputs_placeholder_READY_1CACB477.py",".py"
"D:\MAGIC\backups\phase11_autoheal_20250807_162520\outputs\logs\cost_overflow_alerts.txt","D:\MAGIC\scripts\phase00\INBOX\cost_overflow_alerts_C29ED783.txt","cost_overflow_alerts_C29ED783.txt",".txt"
"D:\MAGIC\backups\phase11_autoheal_20250807_162746\New Text Document.txt","D:\MAGIC\scripts\phase00\INBOX\New Text Document_E3B0C442.txt","New Text Document_E3B0C442.txt",".txt"
"D:\MAGIC\backups\phase11_autoheal_20250807_162746\module_AA\11AA_failure_memory_builder_READY.py","D:\MAGIC\scripts\phase00\INBOX\11AA_failure_memory_builder_READY_6B6829A3.py","11AA_failure_memory_builder_READY_6B6829A3.py",".py"
"D:\MAGIC\backups\phase11_autoheal_20250807_162746\module_AA\11AA_risk_adaptive_agent_tuner_READY.py","D:\MAGIC\scripts\phase00\INBOX\11AA_risk_adaptive_agent_tuner_READY_A1286F90.py","11AA_risk_adaptive_agent_tuner_READY_A1286F90.py",".py"
"D:\MAGIC\backups\phase11_autoheal_20250807_162746\module_AA\11AA_self_healing_loop_generator_READY.py","D:\MAGIC\scripts\phase00\INBOX\11AA_self_healing_loop_generator_READY_3F8E737D.py","11AA_self_healing_loop_generator_READY_3F8E737D.py",".py"
"D:\MAGIC\backups\phase11_autoheal_20250807_162746\module_AB\11AB_agent_identity_vault_READY.py","D:\MAGIC\scripts\phase00\INBOX\11AB_agent_identity_vault_READY_970A56FA.py","11AB_agent_identity_vault_READY_970A56FA.py",".py"
"D:\MAGIC\backups\phase11_autoheal_20250807_162746\module_AB\11AB_agent_signature_validator_READY.py","D:\MAGIC\scripts\phase00\INBOX\11AB_agent_signature_validator_READY_BF9496DC.py","11AB_agent_signature_validator_READY_BF9496DC.py",".py"
"D:\MAGIC\backups\phase11_autoheal_20250807_162746\module_AB\11AB_zero_trust_access_policy_engine_READY.py","D:\MAGIC\scripts\phase00\INBOX\11AB_zero_trust_access_policy_engine_READY_A8EF6716.py","11AB_zero_trust_access_policy_engine_READY_A8EF6716.py",".py"
"D:\MAGIC\backups\phase11_autoheal_20250807_162746\module_C\phase11_module_C_placeholder_READY.py","D:\MAGIC\scripts\phase00\INBOX\phase11_module_C_placeholder_READY_069E0791.py","phase11_module_C_placeholder_READY_069E0791.py",".py"
"D:\MAGIC\backups\phase11_autoheal_20250807_162746\outputs\phase11_outputs_placeholder_READY.py","D:\MAGIC\scripts\phase00\INBOX\phase11_outputs_placeholder_READY_069E0791.py","phase11_outputs_placeholder_READY_069E0791.py",".py"
"D:\MAGIC\backups\phase11_autoheal_20250807_162746\outputs\logs\cost_overflow_alerts.txt","D:\MAGIC\scripts\phase00\INBOX\cost_overflow_alerts_C29ED783.txt","cost_overflow_alerts_C29ED783.txt",".txt"
"D:\MAGIC\backups\phase11_autoheal_20250807_163038\New Text Document.txt","D:\MAGIC\scripts\phase00\INBOX\New Text Document_E3B0C442.txt","New Text Document_E3B0C442.txt",".txt"
"D:\MAGIC\backups\phase11_autoheal_20250807_163038\module_AA\11AA_failure_memory_builder_READY.py","D:\MAGIC\scripts\phase00\INBOX\11AA_failure_memory_builder_READY_6B6829A3.py","11AA_failure_memory_builder_READY_6B6829A3.py",".py"
"D:\MAGIC\backups\phase11_autoheal_20250807_163038\module_AA\11AA_risk_adaptive_agent_tuner_READY.py","D:\MAGIC\scripts\phase00\INBOX\11AA_risk_adaptive_agent_tuner_READY_A1286F90.py","11AA_risk_adaptive_agent_tuner_READY_A1286F90.py",".py"
"D:\MAGIC\backups\phase11_autoheal_20250807_163038\module_AA\11AA_self_healing_loop_generator_READY.py","D:\MAGIC\scripts\phase00\INBOX\11AA_self_healing_loop_generator_READY_3F8E737D.py","11AA_self_healing_loop_generator_READY_3F8E737D.py",".py"
"D:\MAGIC\backups\phase11_autoheal_20250807_163038\module_AB\11AB_agent_identity_vault_READY.py","D:\MAGIC\scripts\phase00\INBOX\11AB_agent_identity_vault_READY_970A56FA.py","11AB_agent_identity_vault_READY_970A56FA.py",".py"
"D:\MAGIC\backups\phase11_autoheal_20250807_163038\module_AB\11AB_agent_signature_validator_READY.py","D:\MAGIC\scripts\phase00\INBOX\11AB_agent_signature_validator_READY_BF9496DC.py","11AB_agent_signature_validator_READY_BF9496DC.py",".py"
"D:\MAGIC\backups\phase11_autoheal_20250807_163038\module_AB\11AB_zero_trust_access_policy_engine_READY.py","D:\MAGIC\scripts\phase00\INBOX\11AB_zero_trust_access_policy_engine_READY_A8EF6716.py","11AB_zero_trust_access_policy_engine_READY_A8EF6716.py",".py"
"D:\MAGIC\backups\phase11_autoheal_20250807_163038\module_C\phase11_module_C_placeholder_READY.py","D:\MAGIC\scripts\phase00\INBOX\phase11_module_C_placeholder_READY_069E0791.py","phase11_module_C_placeholder_READY_069E0791.py",".py"
"D:\MAGIC\backups\phase11_autoheal_20250807_163038\outputs\phase11_outputs_placeholder_READY.py","D:\MAGIC\scripts\phase00\INBOX\phase11_outputs_placeholder_READY_069E0791.py","phase11_outputs_placeholder_READY_069E0791.py",".py"
"D:\MAGIC\backups\phase11_autoheal_20250807_163038\outputs\logs\cost_overflow_alerts.txt","D:\MAGIC\scripts\phase00\INBOX\cost_overflow_alerts_C29ED783.txt","cost_overflow_alerts_C29ED783.txt",".txt"
"D:\MAGIC\backups\phase11_autoheal_20250807_163323\New Text Document.txt","D:\MAGIC\scripts\phase00\INBOX\New Text Document_E3B0C442.txt","New Text Document_E3B0C442.txt",".txt"
"D:\MAGIC\backups\phase11_autoheal_20250807_163323\module_AA\11AA_failure_memory_builder_READY.py","D:\MAGIC\scripts\phase00\INBOX\11AA_failure_memory_builder_READY_6B6829A3.py","11AA_failure_memory_builder_READY_6B6829A3.py",".py"
"D:\MAGIC\backups\phase11_autoheal_20250807_163323\module_AA\11AA_risk_adaptive_agent_tuner_READY.py","D:\MAGIC\scripts\phase00\INBOX\11AA_risk_adaptive_agent_tuner_READY_A1286F90.py","11AA_risk_adaptive_agent_tuner_READY_A1286F90.py",".py"
"D:\MAGIC\backups\phase11_autoheal_20250807_163323\module_AA\11AA_self_healing_loop_generator_READY.py","D:\MAGIC\scripts\phase00\INBOX\11AA_self_healing_loop_generator_READY_3F8E737D.py","11AA_self_healing_loop_generator_READY_3F8E737D.py",".py"
"D:\MAGIC\backups\phase11_autoheal_20250807_163323\module_AB\11AB_agent_identity_vault_READY.py","D:\MAGIC\scripts\phase00\INBOX\11AB_agent_identity_vault_READY_970A56FA.py","11AB_agent_identity_vault_READY_970A56FA.py",".py"
"D:\MAGIC\backups\phase11_autoheal_20250807_163323\module_AB\11AB_agent_signature_validator_READY.py","D:\MAGIC\scripts\phase00\INBOX\11AB_agent_signature_validator_READY_BF9496DC.py","11AB_agent_signature_validator_READY_BF9496DC.py",".py"
"D:\MAGIC\backups\phase11_autoheal_20250807_163323\module_AB\11AB_zero_trust_access_policy_engine_READY.py","D:\MAGIC\scripts\phase00\INBOX\11AB_zero_trust_access_policy_engine_READY_A8EF6716.py","11AB_zero_trust_access_policy_engine_READY_A8EF6716.py",".py"
"D:\MAGIC\backups\phase11_autoheal_20250807_163323\module_C\phase11_module_C_placeholder_READY.py","D:\MAGIC\scripts\phase00\INBOX\phase11_module_C_placeholder_READY_069E0791.py","phase11_module_C_placeholder_READY_069E0791.py",".py"
"D:\MAGIC\backups\phase11_autoheal_20250807_163323\outputs\phase11_outputs_placeholder_READY.py","D:\MAGIC\scripts\phase00\INBOX\phase11_outputs_placeholder_READY_069E0791.py","phase11_outputs_placeholder_READY_069E0791.py",".py"
"D:\MAGIC\backups\phase11_autoheal_20250807_163323\outputs\logs\cost_overflow_alerts.txt","D:\MAGIC\scripts\phase00\INBOX\cost_overflow_alerts_C29ED783.txt","cost_overflow_alerts_C29ED783.txt",".txt"
"D:\MAGIC\backups\phase11_autoheal_20250807_163637\New Text Document.txt","D:\MAGIC\scripts\phase00\INBOX\New Text Document_E3B0C442.txt","New Text Document_E3B0C442.txt",".txt"
"D:\MAGIC\backups\phase11_autoheal_20250807_163637\module_AA\11AA_failure_memory_builder_READY.py","D:\MAGIC\scripts\phase00\INBOX\11AA_failure_memory_builder_READY_6B6829A3.py","11AA_failure_memory_builder_READY_6B6829A3.py",".py"
"D:\MAGIC\backups\phase11_autoheal_20250807_163637\module_AA\11AA_risk_adaptive_agent_tuner_READY.py","D:\MAGIC\scripts\phase00\INBOX\11AA_risk_adaptive_agent_tuner_READY_A1286F90.py","11AA_risk_adaptive_agent_tuner_READY_A1286F90.py",".py"
"D:\MAGIC\backups\phase11_autoheal_20250807_163637\module_AA\11AA_self_healing_loop_generator_READY.py","D:\MAGIC\scripts\phase00\INBOX\11AA_self_healing_loop_generator_READY_3F8E737D.py","11AA_self_healing_loop_generator_READY_3F8E737D.py",".py"
"D:\MAGIC\backups\phase11_autoheal_20250807_163637\module_AB\11AB_agent_identity_vault_READY.py","D:\MAGIC\scripts\phase00\INBOX\11AB_agent_identity_vault_READY_970A56FA.py","11AB_agent_identity_vault_READY_970A56FA.py",".py"
"D:\MAGIC\backups\phase11_autoheal_20250807_163637\module_AB\11AB_agent_signature_validator_READY.py","D:\MAGIC\scripts\phase00\INBOX\11AB_agent_signature_validator_READY_BF9496DC.py","11AB_agent_signature_validator_READY_BF9496DC.py",".py"
"D:\MAGIC\backups\phase11_autoheal_20250807_163637\module_AB\11AB_zero_trust_access_policy_engine_READY.py","D:\MAGIC\scripts\phase00\INBOX\11AB_zero_trust_access_policy_engine_READY_A8EF6716.py","11AB_zero_trust_access_policy_engine_READY_A8EF6716.py",".py"
"D:\MAGIC\backups\phase11_autoheal_20250807_163637\module_C\phase11_module_C_placeholder_READY.py","D:\MAGIC\scripts\phase00\INBOX\phase11_module_C_placeholder_READY_069E0791.py","phase11_module_C_placeholder_READY_069E0791.py",".py"
"D:\MAGIC\backups\phase11_autoheal_20250807_163637\outputs\phase11_outputs_placeholder_READY.py","D:\MAGIC\scripts\phase00\INBOX\phase11_outputs_placeholder_READY_069E0791.py","phase11_outputs_placeholder_READY_069E0791.py",".py"
"D:\MAGIC\backups\phase11_autoheal_20250807_163637\outputs\logs\cost_overflow_alerts.txt","D:\MAGIC\scripts\phase00\INBOX\cost_overflow_alerts_C29ED783.txt","cost_overflow_alerts_C29ED783.txt",".txt"
"D:\MAGIC\backups\phase11_autoheal_20250807_170218\New Text Document.txt","D:\MAGIC\scripts\phase00\INBOX\New Text Document_E3B0C442.txt","New Text Document_E3B0C442.txt",".txt"
"D:\MAGIC\backups\phase11_autoheal_20250807_170218\module_AA\11AA_failure_memory_builder_READY.py","D:\MAGIC\scripts\phase00\INBOX\11AA_failure_memory_builder_READY_6B6829A3.py","11AA_failure_memory_builder_READY_6B6829A3.py",".py"
"D:\MAGIC\backups\phase11_autoheal_20250807_170218\module_AA\11AA_risk_adaptive_agent_tuner_READY.py","D:\MAGIC\scripts\phase00\INBOX\11AA_risk_adaptive_agent_tuner_READY_A1286F90.py","11AA_risk_adaptive_agent_tuner_READY_A1286F90.py",".py"
"D:\MAGIC\backups\phase11_autoheal_20250807_170218\module_AA\11AA_self_healing_loop_generator_READY.py","D:\MAGIC\scripts\phase00\INBOX\11AA_self_healing_loop_generator_READY_3F8E737D.py","11AA_self_healing_loop_generator_READY_3F8E737D.py",".py"
"D:\MAGIC\backups\phase11_autoheal_20250807_170218\module_AB\11AB_agent_identity_vault_READY.py","D:\MAGIC\scripts\phase00\INBOX\11AB_agent_identity_vault_READY_970A56FA.py","11AB_agent_identity_vault_READY_970A56FA.py",".py"
"D:\MAGIC\backups\phase11_autoheal_20250807_170218\module_AB\11AB_agent_signature_validator_READY.py","D:\MAGIC\scripts\phase00\INBOX\11AB_agent_signature_validator_READY_BF9496DC.py","11AB_agent_signature_validator_READY_BF9496DC.py",".py"
"D:\MAGIC\backups\phase11_autoheal_20250807_170218\module_AB\11AB_zero_trust_access_policy_engine_READY.py","D:\MAGIC\scripts\phase00\INBOX\11AB_zero_trust_access_policy_engine_READY_A8EF6716.py","11AB_zero_trust_access_policy_engine_READY_A8EF6716.py",".py"
"D:\MAGIC\backups\phase11_autoheal_20250807_170218\module_C\phase11_module_C_placeholder_READY.py","D:\MAGIC\scripts\phase00\INBOX\phase11_module_C_placeholder_READY_069E0791.py","phase11_module_C_placeholder_READY_069E0791.py",".py"
"D:\MAGIC\backups\phase11_autoheal_20250807_170218\outputs\phase11_outputs_placeholder_READY.py","D:\MAGIC\scripts\phase00\INBOX\phase11_outputs_placeholder_READY_069E0791.py","phase11_outputs_placeholder_READY_069E0791.py",".py"
"D:\MAGIC\backups\phase11_autoheal_20250807_170218\outputs\logs\cost_overflow_alerts.txt","D:\MAGIC\scripts\phase00\INBOX\cost_overflow_alerts_C29ED783.txt","cost_overflow_alerts_C29ED783.txt",".txt"
"D:\MAGIC\backups\phase11_cleanup\New Text Document.txt","D:\MAGIC\scripts\phase00\INBOX\New Text Document_E3B0C442.txt","New Text Document_E3B0C442.txt",".txt"
"D:\MAGIC\backups\phase11_cleanup\module_A\11AA_failure_memory_builder_READY.py","D:\MAGIC\scripts\phase00\INBOX\11AA_failure_memory_builder_READY_05D54290.py","11AA_failure_memory_builder_READY_05D54290.py",".py"
"D:\MAGIC\backups\phase11_cleanup\module_A\11AA_risk_adaptive_agent_tuner_READY.py","D:\MAGIC\scripts\phase00\INBOX\11AA_risk_adaptive_agent_tuner_READY_44D71585.py","11AA_risk_adaptive_agent_tuner_READY_44D71585.py",".py"
"D:\MAGIC\backups\phase11_cleanup\module_A\11AA_self_healing_loop_generator_READY.py","D:\MAGIC\scripts\phase00\INBOX\11AA_self_healing_loop_generator_READY_117575DA.py","11AA_self_healing_loop_generator_READY_117575DA.py",".py"
"D:\MAGIC\backups\phase11_cleanup\module_AA\11AA_failure_memory_builder_READY.py","D:\MAGIC\scripts\phase00\INBOX\11AA_failure_memory_builder_READY_05D54290.py","11AA_failure_memory_builder_READY_05D54290.py",".py"
"D:\MAGIC\backups\phase11_cleanup\module_AA\11AA_risk_adaptive_agent_tuner_READY.py","D:\MAGIC\scripts\phase00\INBOX\11AA_risk_adaptive_agent_tuner_READY_44D71585.py","11AA_risk_adaptive_agent_tuner_READY_44D71585.py",".py"
"D:\MAGIC\backups\phase11_cleanup\module_AA\11AA_self_healing_loop_generator_READY.py","D:\MAGIC\scripts\phase00\INBOX\11AA_self_healing_loop_generator_READY_117575DA.py","11AA_self_healing_loop_generator_READY_117575DA.py",".py"
"D:\MAGIC\backups\phase11_cleanup\module_AB\11AB_agent_identity_vault_READY.py","D:\MAGIC\scripts\phase00\INBOX\11AB_agent_identity_vault_READY_EBC66876.py","11AB_agent_identity_vault_READY_EBC66876.py",".py"
"D:\MAGIC\backups\phase11_cleanup\module_AB\11AB_agent_signature_validator_READY.py","D:\MAGIC\scripts\phase00\INBOX\11AB_agent_signature_validator_READY_30B0403C.py","11AB_agent_signature_validator_READY_30B0403C.py",".py"
"D:\MAGIC\backups\phase11_cleanup\module_AB\11AB_zero_trust_access_policy_engine_READY.py","D:\MAGIC\scripts\phase00\INBOX\11AB_zero_trust_access_policy_engine_READY_245906D0.py","11AB_zero_trust_access_policy_engine_READY_245906D0.py",".py"
"D:\MAGIC\backups\phase11_cleanup\outputs\logs\cost_overflow_alerts.txt","D:\MAGIC\scripts\phase00\INBOX\cost_overflow_alerts_C29ED783.txt","cost_overflow_alerts_C29ED783.txt",".txt"
"D:\MAGIC\backups\phase11_final\11AA_failure_memory_builder_READY.py","D:\MAGIC\scripts\phase00\INBOX\11AA_failure_memory_builder_READY_05D54290.py","11AA_failure_memory_builder_READY_05D54290.py",".py"
"D:\MAGIC\backups\phase11_final\11AA_risk_adaptive_agent_tuner_READY.py","D:\MAGIC\scripts\phase00\INBOX\11AA_risk_adaptive_agent_tuner_READY_44D71585.py","11AA_risk_adaptive_agent_tuner_READY_44D71585.py",".py"
"D:\MAGIC\backups\phase11_final\11AA_self_healing_loop_generator_READY.py","D:\MAGIC\scripts\phase00\INBOX\11AA_self_healing_loop_generator_READY_117575DA.py","11AA_self_healing_loop_generator_READY_117575DA.py",".py"
"D:\MAGIC\backups\phase11_final\11AB_agent_identity_vault_READY.py","D:\MAGIC\scripts\phase00\INBOX\11AB_agent_identity_vault_READY_EBC66876.py","11AB_agent_identity_vault_READY_EBC66876.py",".py"
"D:\MAGIC\backups\phase11_final\11AB_agent_signature_validator_READY.py","D:\MAGIC\scripts\phase00\INBOX\11AB_agent_signature_validator_READY_30B0403C.py","11AB_agent_signature_validator_READY_30B0403C.py",".py"
"D:\MAGIC\backups\phase11_final\11AB_zero_trust_access_policy_engine_READY.py","D:\MAGIC\scripts\phase00\INBOX\11AB_zero_trust_access_policy_engine_READY_245906D0.py","11AB_zero_trust_access_policy_engine_READY_245906D0.py",".py"
"D:\MAGIC\backups\phase11_full_backup\11AA_failure_memory_builder_READY.py","D:\MAGIC\scripts\phase00\INBOX\11AA_failure_memory_builder_READY_05D54290.py","11AA_failure_memory_builder_READY_05D54290.py",".py"
"D:\MAGIC\backups\phase11_full_backup\11AA_risk_adaptive_agent_tuner_READY.py","D:\MAGIC\scripts\phase00\INBOX\11AA_risk_adaptive_agent_tuner_READY_44D71585.py","11AA_risk_adaptive_agent_tuner_READY_44D71585.py",".py"
"D:\MAGIC\backups\phase11_full_backup\11AA_self_healing_loop_generator_READY.py","D:\MAGIC\scripts\phase00\INBOX\11AA_self_healing_loop_generator_READY_117575DA.py","11AA_self_healing_loop_generator_READY_117575DA.py",".py"
"D:\MAGIC\backups\phase11_full_backup\11AB_agent_identity_vault_READY.py","D:\MAGIC\scripts\phase00\INBOX\11AB_agent_identity_vault_READY_EBC66876.py","11AB_agent_identity_vault_READY_EBC66876.py",".py"
"D:\MAGIC\backups\phase11_full_backup\New Text Document.txt","D:\MAGIC\scripts\phase00\INBOX\New Text Document_E3B0C442.txt","New Text Document_E3B0C442.txt",".txt"
"D:\MAGIC\backups\phase11_pre_rebuild\New Text Document.txt","D:\MAGIC\scripts\phase00\INBOX\New Text Document_E3B0C442.txt","New Text Document_E3B0C442.txt",".txt"
"D:\MAGIC\backups\phase11_pre_rebuild\outputs\logs\cost_overflow_alerts.txt","D:\MAGIC\scripts\phase00\INBOX\cost_overflow_alerts_C29ED783.txt","cost_overflow_alerts_C29ED783.txt",".txt"
"D:\MAGIC\backups\QUARANTINE_20250912_142935\contexts.empty.json","D:\MAGIC\scripts\phase00\INBOX\contexts.empty_4F53CDA1.json","contexts.empty_4F53CDA1.json",".json"
"D:\MAGIC\backups\QUARANTINE_20250912_142935\contexts.json","D:\MAGIC\scripts\phase00\INBOX\contexts_16871E2A.json","contexts_16871E2A.json",".json"
"D:\MAGIC\backups\QUARANTINE_20250912_142935\contexts.snapshot.json","D:\MAGIC\scripts\phase00\INBOX\contexts.snapshot_FB5C9828.json","contexts.snapshot_FB5C9828.json",".json"
"D:\MAGIC\backups\QUARANTINE_20250912_142935\FoldersReadme.md","D:\MAGIC\scripts\phase00\INBOX\FoldersReadme_C874ECE1.md","FoldersReadme_C874ECE1.md",".md"
"D:\MAGIC\backups\QUARANTINE_20250912_142935\INDEX.tsv","D:\MAGIC\scripts\phase00\INBOX\INDEX_D81C2356.tsv","INDEX_D81C2356.tsv",".tsv"
"D:\MAGIC\backups\QUARANTINE_20250912_142935\Magic project Root Structure.md","D:\MAGIC\scripts\phase00\INBOX\Magic project Root Structure_FA8D01B9.md","Magic project Root Structure_FA8D01B9.md",".md"
"D:\MAGIC\backups\QUARANTINE_20250912_142935\Notion checklist board.md","D:\MAGIC\scripts\phase00\INBOX\Notion checklist board_68D422E8.md","Notion checklist board_68D422E8.md",".md"
"D:\MAGIC\backups\QUARANTINE_20250912_142935\notion_export.json","D:\MAGIC\scripts\phase00\INBOX\notion_export_9C4469B6.json","notion_export_9C4469B6.json",".json"
"D:\MAGIC\backups\QUARANTINE_20250912_142935\phase11_full_tests.json","D:\MAGIC\scripts\phase00\INBOX\phase11_full_tests_3153FFE8.json","phase11_full_tests_3153FFE8.json",".json"
"D:\MAGIC\backups\QUARANTINE_20250912_142935\phase11_tests.json","D:\MAGIC\scripts\phase00\INBOX\phase11_tests_493A22F9.json","phase11_tests_493A22F9.json",".json"
"D:\MAGIC\backups\QUARANTINE_20250912_142935\phase99_tests.json","D:\MAGIC\scripts\phase00\INBOX\phase99_tests_FBCBD92A.json","phase99_tests_FBCBD92A.json",".json"
"D:\MAGIC\backups\QUARANTINE_20250912_142935\phase_manifest.json","D:\MAGIC\scripts\phase00\INBOX\phase_manifest_8C5310CD.json","phase_manifest_8C5310CD.json",".json"
"D:\MAGIC\backups\QUARANTINE_20250912_142935\phase_manifest_test.json","D:\MAGIC\scripts\phase00\INBOX\phase_manifest_test_567446A8.json","phase_manifest_test_567446A8.json",".json"
"D:\MAGIC\backups\QUARANTINE_20250912_142935\phase_master_summary.tsv","D:\MAGIC\scripts\phase00\INBOX\phase_master_summary_564252D8.tsv","phase_master_summary_564252D8.tsv",".tsv"
"D:\MAGIC\backups\QUARANTINE_20250912_142935\pr_reviews_patch.json","D:\MAGIC\scripts\phase00\INBOX\pr_reviews_patch_F914813E.json","pr_reviews_patch_F914813E.json",".json"
"D:\MAGIC\backups\QUARANTINE_20250912_142935\rpr.json","D:\MAGIC\scripts\phase00\INBOX\rpr_E6A808C2.json","rpr_E6A808C2.json",".json"
"D:\MAGIC\backups\QUARANTINE_20250912_142935\script_name_to_path.json","D:\MAGIC\scripts\phase00\INBOX\script_name_to_path_4123D3CE.json","script_name_to_path_4123D3CE.json",".json"
"D:\MAGIC\backups\QUARANTINE_20250912_142935\status_checks.json","D:\MAGIC\scripts\phase00\INBOX\status_checks_0F202ED3.json","status_checks_0F202ED3.json",".json"
"D:\MAGIC\backups\QUARANTINE_20250912_142935\tweets.json","D:\MAGIC\scripts\phase00\INBOX\tweets_4F53CDA1.json","tweets_4F53CDA1.json",".json"
"D:\MAGIC\backups\QUARANTINE_20250912_142935\twitter_output.json","D:\MAGIC\scripts\phase00\INBOX\twitter_output_3748C1CF.json","twitter_output_3748C1CF.json",".json"
"D:\MAGIC\backups\QUARANTINE_20250912_142935\agents\awareness\script_tracker_state.json","D:\MAGIC\scripts\phase00\INBOX\script_tracker_state_7DC8561B.json","script_tracker_state_7DC8561B.json",".json"
"D:\MAGIC\backups\QUARANTINE_20250912_142935\agents\awareness\tracker_state.json","D:\MAGIC\scripts\phase00\INBOX\tracker_state_3CB41C2C.json","tracker_state_3CB41C2C.json",".json"
"D:\MAGIC\backups\QUARANTINE_20250912_142935\clean_env\Lib\site-packages\selenium\webdriver\firefox\webdriver_prefs.json","D:\MAGIC\scripts\phase00\INBOX\webdriver_prefs_946ADD29.json","webdriver_prefs_946ADD29.json",".json"
"D:\MAGIC\backups\QUARANTINE_20250912_142935\clean_env\Lib\site-packages\snscrape-0.7.0.20230622.dist-info\direct_url.json","D:\MAGIC\scripts\phase00\INBOX\direct_url_785BA5DE.json","direct_url_785BA5DE.json",".json"
"D:\MAGIC\backups\QUARANTINE_20250912_142935\clean_env\Lib\site-packages\webencodings-0.5.1.dist-info\metadata.json","D:\MAGIC\scripts\phase00\INBOX\metadata_0186E4B2.json","metadata_0186E4B2.json",".json"
"D:\MAGIC\backups\QUARANTINE_20250912_142935\config\analytics.json","D:\MAGIC\scripts\phase00\INBOX\analytics_C6F7CEF5.json","analytics_C6F7CEF5.json",".json"
"D:\MAGIC\backups\QUARANTINE_20250912_142935\config\distribution.json","D:\MAGIC\scripts\phase00\INBOX\distribution_85D2480C.json","distribution_85D2480C.json",".json"
"D:\MAGIC\backups\QUARANTINE_20250912_142935\config\orchestration.json","D:\MAGIC\scripts\phase00\INBOX\orchestration_AF9D7B15.json","orchestration_AF9D7B15.json",".json"
"D:\MAGIC\backups\QUARANTINE_20250912_142935\config\products.json","D:\MAGIC\scripts\phase00\INBOX\products_D753E22D.json","products_D753E22D.json",".json"
"D:\MAGIC\backups\QUARANTINE_20250912_142935\config\seo.json","D:\MAGIC\scripts\phase00\INBOX\seo_4BBF034F.json","seo_4BBF034F.json",".json"
"D:\MAGIC\backups\QUARANTINE_20250912_142935\configs\budget.json","D:\MAGIC\scripts\phase00\INBOX\budget_42BA3E59.json","budget_42BA3E59.json",".json"
"D:\MAGIC\backups\QUARANTINE_20250912_142935\configs\vault.json","D:\MAGIC\scripts\phase00\INBOX\vault_8AF89556.json","vault_8AF89556.json",".json"
"D:\MAGIC\backups\QUARANTINE_20250912_142935\data\vault.json","D:\MAGIC\scripts\phase00\INBOX\vault_C6FEC87A.json","vault_C6FEC87A.json",".json"
"D:\MAGIC\backups\QUARANTINE_20250912_142935\docs\broken_links_test.md","D:\MAGIC\scripts\phase00\INBOX\broken_links_test_9CFB8FA1.md","broken_links_test_9CFB8FA1.md",".md"
"D:\MAGIC\backups\QUARANTINE_20250912_142935\docs\FOUNDATIONS_VALIDATION_STATUS.md","D:\MAGIC\scripts\phase00\INBOX\FOUNDATIONS_VALIDATION_STATUS_D5971458.md","FOUNDATIONS_VALIDATION_STATUS_D5971458.md",".md"
"D:\MAGIC\backups\QUARANTINE_20250912_142935\docs\LICENSE.md","D:\MAGIC\scripts\phase00\INBOX\LICENSE_571D0DAF.md","LICENSE_571D0DAF.md",".md"
"D:\MAGIC\backups\QUARANTINE_20250912_142935\docs\MAGIC_GRANULAR_GUIDE.md","D:\MAGIC\scripts\phase00\INBOX\MAGIC_GRANULAR_GUIDE_C757C3E1.md","MAGIC_GRANULAR_GUIDE_C757C3E1.md",".md"
"D:\MAGIC\backups\QUARANTINE_20250912_142935\docs\naming.md","D:\MAGIC\scripts\phase00\INBOX\naming_C8E8C9BC.md","naming_C8E8C9BC.md",".md"
"D:\MAGIC\backups\QUARANTINE_20250912_142935\docs\onboarding.md","D:\MAGIC\scripts\phase00\INBOX\onboarding_0DCE634D.md","onboarding_0DCE634D.md",".md"
"D:\MAGIC\backups\QUARANTINE_20250912_142935\docs\phase11_README.md","D:\MAGIC\scripts\phase00\INBOX\phase11_README_8214A60E.md","phase11_README_8214A60E.md",".md"
"D:\MAGIC\backups\QUARANTINE_20250912_142935\docs\phase_module_plan.json","D:\MAGIC\scripts\phase00\INBOX\phase_module_plan_F60F8897.json","phase_module_plan_F60F8897.json",".json"
"D:\MAGIC\backups\QUARANTINE_20250912_142935\docs\post_mortem_report.md","D:\MAGIC\scripts\phase00\INBOX\post_mortem_report_FC21A99C.md","post_mortem_report_FC21A99C.md",".md"
"D:\MAGIC\backups\QUARANTINE_20250912_142935\docs\PRODUCTION_HANDOFF.md","D:\MAGIC\scripts\phase00\INBOX\PRODUCTION_HANDOFF_F720C89F.md","PRODUCTION_HANDOFF_F720C89F.md",".md"
"D:\MAGIC\backups\QUARANTINE_20250912_142935\docs\RELEASE_NOTES.md","D:\MAGIC\scripts\phase00\INBOX\RELEASE_NOTES_4C792C39.md","RELEASE_NOTES_4C792C39.md",".md"
"D:\MAGIC\backups\QUARANTINE_20250912_142935\docs\RELEASE_NOTES_v1.0.md","D:\MAGIC\scripts\phase00\INBOX\RELEASE_NOTES_v1.0_99825D48.md","RELEASE_NOTES_v1.0_99825D48.md",".md"
"D:\MAGIC\backups\QUARANTINE_20250912_142935\docs\remediation_guide.md","D:\MAGIC\scripts\phase00\INBOX\remediation_guide_98A4E431.md","remediation_guide_98A4E431.md",".md"
"D:\MAGIC\backups\QUARANTINE_20250912_142935\docs\runbook.md","D:\MAGIC\scripts\phase00\INBOX\runbook_1EA3E8FF.md","runbook_1EA3E8FF.md",".md"
"D:\MAGIC\backups\QUARANTINE_20250912_142935\docs\self_healing_plan.md","D:\MAGIC\scripts\phase00\INBOX\self_healing_plan_8D659CA6.md","self_healing_plan_8D659CA6.md",".md"
"D:\MAGIC\backups\QUARANTINE_20250912_142935\docs\troubleshooting.md","D:\MAGIC\scripts\phase00\INBOX\troubleshooting_D02EB01F.md","troubleshooting_D02EB01F.md",".md"
"D:\MAGIC\backups\QUARANTINE_20250912_142935\docs\demos\ops_handoff.md","D:\MAGIC\scripts\phase00\INBOX\ops_handoff_227D1A46.md","ops_handoff_227D1A46.md",".md"
"D:\MAGIC\backups\QUARANTINE_20250912_142935\docs\demos\week8_demo.md","D:\MAGIC\scripts\phase00\INBOX\week8_demo_3232FE62.md","week8_demo_3232FE62.md",".md"
"D:\MAGIC\backups\QUARANTINE_20250912_142935\docs\flows\self_repair_flow.json","D:\MAGIC\scripts\phase00\INBOX\self_repair_flow_EFA60971.json","self_repair_flow_EFA60971.json",".json"
"D:\MAGIC\backups\QUARANTINE_20250912_142935\docs\releases\RELEASE_NOTES_v1.0-stable.md","D:\MAGIC\scripts\phase00\INBOX\RELEASE_NOTES_v1.0-stable_F849FFBE.md","RELEASE_NOTES_v1.0-stable_F849FFBE.md",".md"
"D:\MAGIC\backups\QUARANTINE_20250912_142935\docs\reports\chaos_test_report.md","D:\MAGIC\scripts\phase00\INBOX\chaos_test_report_89E46249.md","chaos_test_report_89E46249.md",".md"
"D:\MAGIC\backups\QUARANTINE_20250912_142935\FileRouter_Magic_Flow\flow.json","D:\MAGIC\scripts\phase00\INBOX\flow_48154F2D.json","flow_48154F2D.json",".json"
"D:\MAGIC\backups\QUARANTINE_20250912_142935\FileRouter_Magic_Flow\manifest.json","D:\MAGIC\scripts\phase00\INBOX\manifest_D0F31027.json","manifest_D0F31027.json",".json"
"D:\MAGIC\backups\QUARANTINE_20250912_142935\flow_export\flow.json","D:\MAGIC\scripts\phase00\INBOX\flow_48154F2D.json","flow_48154F2D.json",".json"
"D:\MAGIC\backups\QUARANTINE_20250912_142935\flow_export\manifest.json","D:\MAGIC\scripts\phase00\INBOX\manifest_D0F31027.json","manifest_D0F31027.json",".json"
"D:\MAGIC\backups\QUARANTINE_20250912_142935\magic_file_tracker_export.csv\00A_define_folder_structure_READY py 23ee718871ad8196b28dcf14f4a9c6bc.md","D:\MAGIC\scripts\phase00\INBOX\00A_define_folder_structure_READY py 23ee718871ad8196b28dcf14f4a9c6bc_CF9C1152.md","00A_define_folder_structure_READY py 23ee718871ad8196b28dcf14f4a9c6bc_CF9C1152.md",".md"
"D:\MAGIC\backups\QUARANTINE_20250912_142935\magic_file_tracker_export.csv\00A_define_folder_structure_READY py 23ee718871ad81da9ac6e9a04f11de3c.md","D:\MAGIC\scripts\phase00\INBOX\00A_define_folder_structure_READY py 23ee718871ad81da9ac6e9a04f11de3c_6006EE87.md","00A_define_folder_structure_READY py 23ee718871ad81da9ac6e9a04f11de3c_6006EE87.md",".md"
"D:\MAGIC\backups\QUARANTINE_20250912_142935\magic_file_tracker_export.csv\00B_env_and_api_key_manager_READY py 23ee718871ad8121b64ec2a96c1ef4f3.md","D:\MAGIC\scripts\phase00\INBOX\00B_env_and_api_key_manager_READY py 23ee718871ad8121b64ec2a96c1ef4f3_683C045F.md","00B_env_and_api_key_manager_READY py 23ee718871ad8121b64ec2a96c1ef4f3_683C045F.md",".md"
"D:\MAGIC\backups\QUARANTINE_20250912_142935\magic_file_tracker_export.csv\00B_env_and_api_key_manager_READY py 23ee718871ad818fae85e87b841cb3b6.md","D:\MAGIC\scripts\phase00\INBOX\00B_env_and_api_key_manager_READY py 23ee718871ad818fae85e87b841cb3b6_9CC6FD8B.md","00B_env_and_api_key_manager_READY py 23ee718871ad818fae85e87b841cb3b6_9CC6FD8B.md",".md"
"D:\MAGIC\backups\QUARANTINE_20250912_142935\magic_file_tracker_export.csv\00C_logging_system_scaffold_READY py 23ee718871ad815086ebfcafc91d7bee.md","D:\MAGIC\scripts\phase00\INBOX\00C_logging_system_scaffold_READY py 23ee718871ad815086ebfcafc91d7bee_531F48EB.md","00C_logging_system_scaffold_READY py 23ee718871ad815086ebfcafc91d7bee_531F48EB.md",".md"
"D:\MAGIC\backups\QUARANTINE_20250912_142935\magic_file_tracker_export.csv\00C_logging_system_scaffold_READY py 23ee718871ad81aeb798de32a6f6ee4e.md","D:\MAGIC\scripts\phase00\INBOX\00C_logging_system_scaffold_READY py 23ee718871ad81aeb798de32a6f6ee4e_D54ED60A.md","00C_logging_system_scaffold_READY py 23ee718871ad81aeb798de32a6f6ee4e_D54ED60A.md",".md"
"D:\MAGIC\backups\QUARANTINE_20250912_142935\magic_file_tracker_export.csv\00D_test_scaffolding_dummy_stubs__READY py 23ee718871ad81739a83f11bf3547ffc.md","D:\MAGIC\scripts\phase00\INBOX\00D_test_scaffolding_dummy_stubs__READY py 23ee718871ad81739a83f11bf3547ffc_A862689A.md","00D_test_scaffolding_dummy_stubs__READY py 23ee718871ad81739a83f11bf3547ffc_A862689A.md",".md"
"D:\MAGIC\backups\QUARANTINE_20250912_142935\magic_file_tracker_export.csv\00D_test_scaffolding_dummy_stubs__READY py 23ee718871ad817f8e19c21662627f1a.md","D:\MAGIC\scripts\phase00\INBOX\00D_test_scaffolding_dummy_stubs__READY py 23ee718871ad817f8e19c21662627f1a_B235047D.md","00D_test_scaffolding_dummy_stubs__READY py 23ee718871ad817f8e19c21662627f1a_B235047D.md",".md"
"D:\MAGIC\backups\QUARANTINE_20250912_142935\magic_file_tracker_export.csv\00E_budget_ceiling_checker_READY py 23ee718871ad814b95eed4a6dee6f3c0.md","D:\MAGIC\scripts\phase00\INBOX\00E_budget_ceiling_checker_READY py 23ee718871ad814b95eed4a6dee6f3c0_E04C81C3.md","00E_budget_ceiling_checker_READY py 23ee718871ad814b95eed4a6dee6f3c0_E04C81C3.md",".md"
"D:\MAGIC\backups\QUARANTINE_20250912_142935\magic_file_tracker_export.csv\00F_file_naming_conventions_doc_READY py 23ee718871ad81fc96e9cc7dfc38e21e.md","D:\MAGIC\scripts\phase00\INBOX\00F_file_naming_conventions_doc_READY py 23ee718871ad81fc96e9cc7dfc38e21e_93AD462F.md","00F_file_naming_conventions_doc_READY py 23ee718871ad81fc96e9cc7dfc38e21e_93AD462F.md",".md"
"D:\MAGIC\backups\QUARANTINE_20250912_142935\magic_file_tracker_export.csv\00G_credential_flow_testing_READY py 23ee718871ad81ffa6e0c2dd874f07c5.md","D:\MAGIC\scripts\phase00\INBOX\00G_credential_flow_testing_READY py 23ee718871ad81ffa6e0c2dd874f07c5_354C2043.md","00G_credential_flow_testing_READY py 23ee718871ad81ffa6e0c2dd874f07c5_354C2043.md",".md"
"D:\MAGIC\backups\QUARANTINE_20250912_142935\magic_file_tracker_export.csv\00H_config_loader_global_constants_READY py 23ee718871ad81ad84f0e25bcf6f69f4.md","D:\MAGIC\scripts\phase00\INBOX\00H_config_loader_global_constants_READY py 23ee718871ad81ad84f0e25bcf6f69f4_52F03468.md","00H_config_loader_global_constants_READY py 23ee718871ad81ad84f0e25bcf6f69f4_52F03468.md",".md"
"D:\MAGIC\backups\QUARANTINE_20250912_142935\magic_file_tracker_export.csv\00I_readme_project_overview_READY py 23ee718871ad81099dffe566a15f4584.md","D:\MAGIC\scripts\phase00\INBOX\00I_readme_project_overview_READY py 23ee718871ad81099dffe566a15f4584_C0368270.md","00I_readme_project_overview_READY py 23ee718871ad81099dffe566a15f4584_C0368270.md",".md"
"D:\MAGIC\backups\QUARANTINE_20250912_142935\magic_file_tracker_export.csv\01A_api_key_validator_READY py 23ee718871ad81b89a5ef66485e656e4.md","D:\MAGIC\scripts\phase00\INBOX\01A_api_key_validator_READY py 23ee718871ad81b89a5ef66485e656e4_54533EBB.md","01A_api_key_validator_READY py 23ee718871ad81b89a5ef66485e656e4_54533EBB.md",".md"
"D:\MAGIC\backups\QUARANTINE_20250912_142935\magic_file_tracker_export.csv\01A_oauth_consent_setup_checker_READY py 23ee718871ad81eb9a2fc9e44f5259cc.md","D:\MAGIC\scripts\phase00\INBOX\01A_oauth_consent_setup_checker_READY py 23ee718871ad81eb9a2fc9e44f5259cc_A868EB91.md","01A_oauth_consent_setup_checker_READY py 23ee718871ad81eb9a2fc9e44f5259cc_A868EB91.md",".md"
"D:\MAGIC\backups\QUARANTINE_20250912_142935\magic_file_tracker_export.csv\01A_secure_api_key_storage_READY py 23ee718871ad81bbabdae1cc27c79c68.md","D:\MAGIC\scripts\phase00\INBOX\01A_secure_api_key_storage_READY py 23ee718871ad81bbabdae1cc27c79c68_9156DD3D.md","01A_secure_api_key_storage_READY py 23ee718871ad81bbabdae1cc27c79c68_9156DD3D.md",".md"
"D:\MAGIC\backups\QUARANTINE_20250912_142935\magic_file_tracker_export.csv\01B_auto_cleanup_script_READY py 23ee718871ad8114a65dc3d02b1dee35.md","D:\MAGIC\scripts\phase00\INBOX\01B_auto_cleanup_script_READY py 23ee718871ad8114a65dc3d02b1dee35_6D21CF89.md","01B_auto_cleanup_script_READY py 23ee718871ad8114a65dc3d02b1dee35_6D21CF89.md",".md"
"D:\MAGIC\backups\QUARANTINE_20250912_142935\magic_file_tracker_export.csv\01B_directory_health_checker_READY py 23ee718871ad8160b56fc8b42e0c288f.md","D:\MAGIC\scripts\phase00\INBOX\01B_directory_health_checker_READY py 23ee718871ad8160b56fc8b42e0c288f_57D987DB.md","01B_directory_health_checker_READY py 23ee718871ad8160b56fc8b42e0c288f_57D987DB.md",".md"
"D:\MAGIC\backups\QUARANTINE_20250912_142935\magic_file_tracker_export.csv\01B_project_folder_creator_READY py 23ee718871ad81e298dbe8aeb2c0672a.md","D:\MAGIC\scripts\phase00\INBOX\01B_project_folder_creator_READY py 23ee718871ad81e298dbe8aeb2c0672a_541D0026.md","01B_project_folder_creator_READY py 23ee718871ad81e298dbe8aeb2c0672a_541D0026.md",".md"
"D:\MAGIC\backups\QUARANTINE_20250912_142935\magic_file_tracker_export.csv\01C_dummy_trigger_runner_READY py 23ee718871ad8164b258cd86fc4e2227.md","D:\MAGIC\scripts\phase00\INBOX\01C_dummy_trigger_runner_READY py 23ee718871ad8164b258cd86fc4e2227_51219EEA.md","01C_dummy_trigger_runner_READY py 23ee718871ad8164b258cd86fc4e2227_51219EEA.md",".md"
"D:\MAGIC\backups\QUARANTINE_20250912_142935\magic_file_tracker_export.csv\01C_test_scaffolds_for_generators_READY py 23ee718871ad8175b3c5ee913923fe0b.md","D:\MAGIC\scripts\phase00\INBOX\01C_test_scaffolds_for_generators_READY py 23ee718871ad8175b3c5ee913923fe0b_114B16D2.md","01C_test_scaffolds_for_generators_READY py 23ee718871ad8175b3c5ee913923fe0b_114B16D2.md",".md"
"D:\MAGIC\backups\QUARANTINE_20250912_142935\magic_file_tracker_export.csv\01C_test_scaffolds_for_scrapers_READY py 23ee718871ad81d38d5cc3c8824091a4.md","D:\MAGIC\scripts\phase00\INBOX\01C_test_scaffolds_for_scrapers_READY py 23ee718871ad81d38d5cc3c8824091a4_38342D73.md","01C_test_scaffolds_for_scrapers_READY py 23ee718871ad81d38d5cc3c8824091a4_38342D73.md",".md"
"D:\MAGIC\backups\QUARANTINE_20250912_142935\magic_file_tracker_export.csv\01D_central_logging_system_READY py 23ee718871ad81f5b475f93c260a98da.md","D:\MAGIC\scripts\phase00\INBOX\01D_central_logging_system_READY py 23ee718871ad81f5b475f93c260a98da_4D9A67B3.md","01D_central_logging_system_READY py 23ee718871ad81f5b475f93c260a98da_4D9A67B3.md",".md"
"D:\MAGIC\backups\QUARANTINE_20250912_142935\magic_file_tracker_export.csv\01D_error_logging_sink_READY py 23ee718871ad81909c00e921ae55fd32.md","D:\MAGIC\scripts\phase00\INBOX\01D_error_logging_sink_READY py 23ee718871ad81909c00e921ae55fd32_1E38F7F5.md","01D_error_logging_sink_READY py 23ee718871ad81909c00e921ae55fd32_1E38F7F5.md",".md"
"D:\MAGIC\backups\QUARANTINE_20250912_142935\magic_file_tracker_export.csv\01D_log_rotation_archiver_READY py 23ee718871ad81f08a01cd70a111b6a0.md","D:\MAGIC\scripts\phase00\INBOX\01D_log_rotation_archiver_READY py 23ee718871ad81f08a01cd70a111b6a0_FF555DE5.md","01D_log_rotation_archiver_READY py 23ee718871ad81f08a01cd70a111b6a0_FF555DE5.md",".md"
"D:\MAGIC\backups\QUARANTINE_20250912_142935\magic_file_tracker_export.csv\01D_log_visualizer_cli_READY py 23ee718871ad818bbe42f4d3012acce8.md","D:\MAGIC\scripts\phase00\INBOX\01D_log_visualizer_cli_READY py 23ee718871ad818bbe42f4d3012acce8_4F9D789D.md","01D_log_visualizer_cli_READY py 23ee718871ad818bbe42f4d3012acce8_4F9D789D.md",".md"
"D:\MAGIC\backups\QUARANTINE_20250912_142935\magic_file_tracker_export.csv\01E_budget_cap_system_READY py 23ee718871ad81289569d514f49321a8.md","D:\MAGIC\scripts\phase00\INBOX\01E_budget_cap_system_READY py 23ee718871ad81289569d514f49321a8_9F55E83C.md","01E_budget_cap_system_READY py 23ee718871ad81289569d514f49321a8_9F55E83C.md",".md"
"D:\MAGIC\backups\QUARANTINE_20250912_142935\magic_file_tracker_export.csv\01E_monthly_spend_reporter_READY py 23ee718871ad81a4b6ecc3f2f656d9fd.md","D:\MAGIC\scripts\phase00\INBOX\01E_monthly_spend_reporter_READY py 23ee718871ad81a4b6ecc3f2f656d9fd_18E1E634.md","01E_monthly_spend_reporter_READY py 23ee718871ad81a4b6ecc3f2f656d9fd_18E1E634.md",".md"
"D:\MAGIC\backups\QUARANTINE_20250912_142935\magic_file_tracker_export.csv\01E_quota_warning_notifier_READY py 23ee718871ad815b939ee37580beb881.md","D:\MAGIC\scripts\phase00\INBOX\01E_quota_warning_notifier_READY py 23ee718871ad815b939ee37580beb881_77843780.md","01E_quota_warning_notifier_READY py 23ee718871ad815b939ee37580beb881_77843780.md",".md"
"D:\MAGIC\backups\QUARANTINE_20250912_142935\magic_file_tracker_export.csv\01F_cloud_sync_optional__READY py 23ee718871ad81aab136e4dad250f8dc.md","D:\MAGIC\scripts\phase00\INBOX\01F_cloud_sync_optional__READY py 23ee718871ad81aab136e4dad250f8dc_2E88B2A9.md","01F_cloud_sync_optional__READY py 23ee718871ad81aab136e4dad250f8dc_2E88B2A9.md",".md"
"D:\MAGIC\backups\QUARANTINE_20250912_142935\magic_file_tracker_export.csv\01F_db_connection_handler_READY py 23ee718871ad81cd8a7cd1c949b79079.md","D:\MAGIC\scripts\phase00\INBOX\01F_db_connection_handler_READY py 23ee718871ad81cd8a7cd1c949b79079_B058F383.md","01F_db_connection_handler_READY py 23ee718871ad81cd8a7cd1c949b79079_B058F383.md",".md"
"D:\MAGIC\backups\QUARANTINE_20250912_142935\magic_file_tracker_export.csv\01F_sqlite_db_bootstrap_READY py 23ee718871ad81c49beffb383232f101.md","D:\MAGIC\scripts\phase00\INBOX\01F_sqlite_db_bootstrap_READY py 23ee718871ad81c49beffb383232f101_BF54CE0E.md","01F_sqlite_db_bootstrap_READY py 23ee718871ad81c49beffb383232f101_BF54CE0E.md",".md"
"D:\MAGIC\backups\QUARANTINE_20250912_142935\magic_file_tracker_export.csv\01G_crash_recovery_snapshot_READY py 23ee718871ad81bb8714fdf26206bad6.md","D:\MAGIC\scripts\phase00\INBOX\01G_crash_recovery_snapshot_READY py 23ee718871ad81bb8714fdf26206bad6_8598FF79.md","01G_crash_recovery_snapshot_READY py 23ee718871ad81bb8714fdf26206bad6_8598FF79.md",".md"
"D:\MAGIC\backups\QUARANTINE_20250912_142935\magic_file_tracker_export.csv\01G_file_watchdog_READY py 23ee718871ad81cdb9b3c96925bc3c03.md","D:\MAGIC\scripts\phase00\INBOX\01G_file_watchdog_READY py 23ee718871ad81cdb9b3c96925bc3c03_F75295D5.md","01G_file_watchdog_READY py 23ee718871ad81cdb9b3c96925bc3c03_F75295D5.md",".md"
"D:\MAGIC\backups\QUARANTINE_20250912_142935\magic_file_tracker_export.csv\01G_null_data_detector_READY py 23ee718871ad81d3beffc7685d34c3c7.md","D:\MAGIC\scripts\phase00\INBOX\01G_null_data_detector_READY py 23ee718871ad81d3beffc7685d34c3c7_A3AA00E5.md","01G_null_data_detector_READY py 23ee718871ad81d3beffc7685d34c3c7_A3AA00E5.md",".md"
"D:\MAGIC\backups\QUARANTINE_20250912_142935\magic_file_tracker_export.csv\01H_column_standardizer_READY py 23ee718871ad81e2a7c4c77245790ff3.md","D:\MAGIC\scripts\phase00\INBOX\01H_column_standardizer_READY py 23ee718871ad81e2a7c4c77245790ff3_A719690A.md","01H_column_standardizer_READY py 23ee718871ad81e2a7c4c77245790ff3_A719690A.md",".md"
"D:\MAGIC\backups\QUARANTINE_20250912_142935\magic_file_tracker_export.csv\01H_duplicate_entry_remover_READY py 23ee718871ad81759f19e356db3075ea.md","D:\MAGIC\scripts\phase00\INBOX\01H_duplicate_entry_remover_READY py 23ee718871ad81759f19e356db3075ea_93A9611A.md","01H_duplicate_entry_remover_READY py 23ee718871ad81759f19e356db3075ea_93A9611A.md",".md"
"D:\MAGIC\backups\QUARANTINE_20250912_142935\magic_file_tracker_export.csv\01H_sanity_rules_checker_READY py 23ee718871ad81d485d1ec29ccb29c25.md","D:\MAGIC\scripts\phase00\INBOX\01H_sanity_rules_checker_READY py 23ee718871ad81d485d1ec29ccb29c25_DDAE8E40.md","01H_sanity_rules_checker_READY py 23ee718871ad81d485d1ec29ccb29c25_DDAE8E40.md",".md"
"D:\MAGIC\backups\QUARANTINE_20250912_142935\magic_file_tracker_export.csv\01H_schema_validator_READY py 23ee718871ad81d38b2cedd919538506.md","D:\MAGIC\scripts\phase00\INBOX\01H_schema_validator_READY py 23ee718871ad81d38b2cedd919538506_9CFF8F57.md","01H_schema_validator_READY py 23ee718871ad81d38b2cedd919538506_9CFF8F57.md",".md"
"D:\MAGIC\backups\QUARANTINE_20250912_142935\magic_file_tracker_export.csv\01I_output_directory_tracker_READY py 23ee718871ad81b3b8cbdead33d3bbd8.md","D:\MAGIC\scripts\phase00\INBOX\01I_output_directory_tracker_READY py 23ee718871ad81b3b8cbdead33d3bbd8_01509ED6.md","01I_output_directory_tracker_READY py 23ee718871ad81b3b8cbdead33d3bbd8_01509ED6.md",".md"
"D:\MAGIC\backups\QUARANTINE_20250912_142935\magic_file_tracker_export.csv\01I_readme_setup_verifier_READY py 23ee718871ad81d39e59e4b86d6d5f5c.md","D:\MAGIC\scripts\phase00\INBOX\01I_readme_setup_verifier_READY py 23ee718871ad81d39e59e4b86d6d5f5c_D4E5488D.md","01I_readme_setup_verifier_READY py 23ee718871ad81d39e59e4b86d6d5f5c_D4E5488D.md",".md"
"D:\MAGIC\backups\QUARANTINE_20250912_142935\magic_file_tracker_export.csv\01I_startup_validator_cli_READY py 23ee718871ad8165bf42ecda989fdeb2.md","D:\MAGIC\scripts\phase00\INBOX\01I_startup_validator_cli_READY py 23ee718871ad8165bf42ecda989fdeb2_73E26106.md","01I_startup_validator_cli_READY py 23ee718871ad8165bf42ecda989fdeb2_73E26106.md",".md"
"D:\MAGIC\backups\QUARANTINE_20250912_142935\magic_file_tracker_export.csv\01I_unified_settings_loader_READY py 23ee718871ad819fac3afaea2428f2ac.md","D:\MAGIC\scripts\phase00\INBOX\01I_unified_settings_loader_READY py 23ee718871ad819fac3afaea2428f2ac_D17AE4E9.md","01I_unified_settings_loader_READY py 23ee718871ad819fac3afaea2428f2ac_D17AE4E9.md",".md"
"D:\MAGIC\backups\QUARANTINE_20250912_142935\magic_file_tracker_export.csv\02A_google_trends_scraper_READY py 23ee718871ad81bd81c6c4dd0411457c.md","D:\MAGIC\scripts\phase00\INBOX\02A_google_trends_scraper_READY py 23ee718871ad81bd81c6c4dd0411457c_8FC29D29.md","02A_google_trends_scraper_READY py 23ee718871ad81bd81c6c4dd0411457c_8FC29D29.md",".md"
"D:\MAGIC\backups\QUARANTINE_20250912_142935\magic_file_tracker_export.csv\02A_instagram_reels_hashtag_crawler_READY py 23ee718871ad81e1a319ebc59c74bbd9.md","D:\MAGIC\scripts\phase00\INBOX\02A_instagram_reels_hashtag_crawler_READY py 23ee718871ad81e1a319ebc59c74bbd9_6B0F7899.md","02A_instagram_reels_hashtag_crawler_READY py 23ee718871ad81e1a319ebc59c74bbd9_6B0F7899.md",".md"
"D:\MAGIC\backups\QUARANTINE_20250912_142935\magic_file_tracker_export.csv\02A_pinterest_trends_crawler_READY py 23ee718871ad817fb500f0ba9eb03cca.md","D:\MAGIC\scripts\phase00\INBOX\02A_pinterest_trends_crawler_READY py 23ee718871ad817fb500f0ba9eb03cca_06373A1B.md","02A_pinterest_trends_crawler_READY py 23ee718871ad817fb500f0ba9eb03cca_06373A1B.md",".md"
"D:\MAGIC\backups\QUARANTINE_20250912_142935\magic_file_tracker_export.csv\02A_quora_trending_topics_READY py 23ee718871ad81e2b80cfddddc8a19c6.md","D:\MAGIC\scripts\phase00\INBOX\02A_quora_trending_topics_READY py 23ee718871ad81e2b80cfddddc8a19c6_84A7756C.md","02A_quora_trending_topics_READY py 23ee718871ad81e2b80cfddddc8a19c6_84A7756C.md",".md"
"D:\MAGIC\backups\QUARANTINE_20250912_142935\magic_file_tracker_export.csv\02A_reddit_hot_topics_scraper_READY py 23ee718871ad8141816bde1005377199.md","D:\MAGIC\scripts\phase00\INBOX\02A_reddit_hot_topics_scraper_READY py 23ee718871ad8141816bde1005377199_449E5848.md","02A_reddit_hot_topics_scraper_READY py 23ee718871ad8141816bde1005377199_449E5848.md",".md"
"D:\MAGIC\backups\QUARANTINE_20250912_142935\magic_file_tracker_export.csv\02A_threads_topics_crawler_READY py 23ee718871ad81afa250dbb1786f4552.md","D:\MAGIC\scripts\phase00\INBOX\02A_threads_topics_crawler_READY py 23ee718871ad81afa250dbb1786f4552_6F06BA3E.md","02A_threads_topics_crawler_READY py 23ee718871ad81afa250dbb1786f4552_6F06BA3E.md",".md"
"D:\MAGIC\backups\QUARANTINE_20250912_142935\magic_file_tracker_export.csv\02A_tiktok_description_scraper_READY py 23ee718871ad81ddac54fd8c8ecfb0ac.md","D:\MAGIC\scripts\phase00\INBOX\02A_tiktok_description_scraper_READY py 23ee718871ad81ddac54fd8c8ecfb0ac_0139B81B.md","02A_tiktok_description_scraper_READY py 23ee718871ad81ddac54fd8c8ecfb0ac_0139B81B.md",".md"
"D:\MAGIC\backups\QUARANTINE_20250912_142935\magic_file_tracker_export.csv\02A_twitter_x_trending_collector_READY py 23ee718871ad81c4813df60b097e293d.md","D:\MAGIC\scripts\phase00\INBOX\02A_twitter_x_trending_collector_READY py 23ee718871ad81c4813df60b097e293d_2F258F7F.md","02A_twitter_x_trending_collector_READY py 23ee718871ad81c4813df60b097e293d_2F258F7F.md",".md"
"D:\MAGIC\backups\QUARANTINE_20250912_142935\magic_file_tracker_export.csv\02A_youtube_autocomplete_miner_READY py 23ee718871ad81bf839ac6a6afc2c852.md","D:\MAGIC\scripts\phase00\INBOX\02A_youtube_autocomplete_miner_READY py 23ee718871ad81bf839ac6a6afc2c852_1742F9C9.md","02A_youtube_autocomplete_miner_READY py 23ee718871ad81bf839ac6a6afc2c852_1742F9C9.md",".md"
"D:\MAGIC\backups\QUARANTINE_20250912_142935\magic_file_tracker_export.csv\02A_youtube_trending_scraper_READY py 23ee718871ad81b7aa3aff7cafae1168.md","D:\MAGIC\scripts\phase00\INBOX\02A_youtube_trending_scraper_READY py 23ee718871ad81b7aa3aff7cafae1168_D77BA5F6.md","02A_youtube_trending_scraper_READY py 23ee718871ad81b7aa3aff7cafae1168_D77BA5F6.md",".md"
"D:\MAGIC\backups\QUARANTINE_20250912_142935\magic_file_tracker_export.csv\02B_cross_platform_api_normalizer_READY py 23ee718871ad814a85fbd5d2c7c643a3.md","D:\MAGIC\scripts\phase00\INBOX\02B_cross_platform_api_normalizer_READY py 23ee718871ad814a85fbd5d2c7c643a3_5C8DE41E.md","02B_cross_platform_api_normalizer_READY py 23ee718871ad814a85fbd5d2c7c643a3_5C8DE41E.md",".md"
"D:\MAGIC\backups\QUARANTINE_20250912_142935\magic_file_tracker_export.csv\02B_google_trends_api_connector_READY py 23ee718871ad814eb8aec7d1b5913348.md","D:\MAGIC\scripts\phase00\INBOX\02B_google_trends_api_connector_READY py 23ee718871ad814eb8aec7d1b5913348_4701C959.md","02B_google_trends_api_connector_READY py 23ee718871ad814eb8aec7d1b5913348_4701C959.md",".md"
"D:\MAGIC\backups\QUARANTINE_20250912_142935\magic_file_tracker_export.csv\02B_instagram_graph_api_fetcher_READY py 23ee718871ad8118bbefc5ac6237f764.md","D:\MAGIC\scripts\phase00\INBOX\02B_instagram_graph_api_fetcher_READY py 23ee718871ad8118bbefc5ac6237f764_480D4C82.md","02B_instagram_graph_api_fetcher_READY py 23ee718871ad8118bbefc5ac6237f764_480D4C82.md",".md"
"D:\MAGIC\backups\QUARANTINE_20250912_142935\magic_file_tracker_export.csv\02B_pinterest_trends_api_proxy_READY py 23ee718871ad81de84d8e1404f4a180a.md","D:\MAGIC\scripts\phase00\INBOX\02B_pinterest_trends_api_proxy_READY py 23ee718871ad81de84d8e1404f4a180a_16738EBB.md","02B_pinterest_trends_api_proxy_READY py 23ee718871ad81de84d8e1404f4a180a_16738EBB.md",".md"
"D:\MAGIC\backups\QUARANTINE_20250912_142935\magic_file_tracker_export.csv\02B_reddit_api_integration_praw__READY py 23ee718871ad8169a282c22c35545b73.md","D:\MAGIC\scripts\phase00\INBOX\02B_reddit_api_integration_praw__READY py 23ee718871ad8169a282c22c35545b73_43EE266B.md","02B_reddit_api_integration_praw__READY py 23ee718871ad8169a282c22c35545b73_43EE266B.md",".md"
"D:\MAGIC\backups\QUARANTINE_20250912_142935\magic_file_tracker_export.csv\02B_tiktok_unofficial_api_wrapper_READY py 23ee718871ad81a0865df3ed53d6ed1a.md","D:\MAGIC\scripts\phase00\INBOX\02B_tiktok_unofficial_api_wrapper_READY py 23ee718871ad81a0865df3ed53d6ed1a_B0B2F5E9.md","02B_tiktok_unofficial_api_wrapper_READY py 23ee718871ad81a0865df3ed53d6ed1a_B0B2F5E9.md",".md"
"D:\MAGIC\backups\QUARANTINE_20250912_142935\magic_file_tracker_export.csv\02B_twitter_x_trends_api_layer_READY py 23ee718871ad81338a89f44c778797a5.md","D:\MAGIC\scripts\phase00\INBOX\02B_twitter_x_trends_api_layer_READY py 23ee718871ad81338a89f44c778797a5_E7175C2B.md","02B_twitter_x_trends_api_layer_READY py 23ee718871ad81338a89f44c778797a5_E7175C2B.md",".md"
"D:\MAGIC\backups\QUARANTINE_20250912_142935\magic_file_tracker_export.csv\02B_youtube_data_api_fetcher_READY py 23ee718871ad8196aa31db42143b6c7a.md","D:\MAGIC\scripts\phase00\INBOX\02B_youtube_data_api_fetcher_READY py 23ee718871ad8196aa31db42143b6c7a_F844DF94.md","02B_youtube_data_api_fetcher_READY py 23ee718871ad8196aa31db42143b6c7a_F844DF94.md",".md"
"D:\MAGIC\backups\QUARANTINE_20250912_142935\magic_file_tracker_export.csv\02C_content_saturation_estimator_READY py 23ee718871ad81198cced6e627b5483f.md","D:\MAGIC\scripts\phase00\INBOX\02C_content_saturation_estimator_READY py 23ee718871ad81198cced6e627b5483f_092625A1.md","02C_content_saturation_estimator_READY py 23ee718871ad81198cced6e627b5483f_092625A1.md",".md"
"D:\MAGIC\backups\QUARANTINE_20250912_142935\magic_file_tracker_export.csv\02C_cross_platform_trend_combiner_READY py 23ee718871ad8198a3eedd8a9f9e4106.md","D:\MAGIC\scripts\phase00\INBOX\02C_cross_platform_trend_combiner_READY py 23ee718871ad8198a3eedd8a9f9e4106_04B67BFC.md","02C_cross_platform_trend_combiner_READY py 23ee718871ad8198a3eedd8a9f9e4106_04B67BFC.md",".md"
"D:\MAGIC\backups\QUARANTINE_20250912_142935\magic_file_tracker_export.csv\02C_engagement_velocity_calculator_READY py 23ee718871ad81f58286d3a32409aa53.md","D:\MAGIC\scripts\phase00\INBOX\02C_engagement_velocity_calculator_READY py 23ee718871ad81f58286d3a32409aa53_A90FD6C6.md","02C_engagement_velocity_calculator_READY py 23ee718871ad81f58286d3a32409aa53_A90FD6C6.md",".md"
"D:\MAGIC\backups\QUARANTINE_20250912_142935\magic_file_tracker_export.csv\02C_niche_relevance_weighting_system_READY py 23ee718871ad813186ebefa9b474d718.md","D:\MAGIC\scripts\phase00\INBOX\02C_niche_relevance_weighting_system_READY py 23ee718871ad813186ebefa9b474d718_FEA13DBD.md","02C_niche_relevance_weighting_system_READY py 23ee718871ad813186ebefa9b474d718_FEA13DBD.md",".md"
"D:\MAGIC\backups\QUARANTINE_20250912_142935\magic_file_tracker_export.csv\02C_trend_longevity_predictor_READY py 23ee718871ad814e8c5ae8a6af72b818.md","D:\MAGIC\scripts\phase00\INBOX\02C_trend_longevity_predictor_READY py 23ee718871ad814e8c5ae8a6af72b818_E71DC44D.md","02C_trend_longevity_predictor_READY py 23ee718871ad814e8c5ae8a6af72b818_E71DC44D.md",".md"
"D:\MAGIC\backups\QUARANTINE_20250912_142935\magic_file_tracker_export.csv\02C_trend_popularity_score_engine_READY py 23ee718871ad817992aafe4e19cf6b8d.md","D:\MAGIC\scripts\phase00\INBOX\02C_trend_popularity_score_engine_READY py 23ee718871ad817992aafe4e19cf6b8d_5BA6FDB5.md","02C_trend_popularity_score_engine_READY py 23ee718871ad817992aafe4e19cf6b8d_5BA6FDB5.md",".md"
"D:\MAGIC\backups\QUARANTINE_20250912_142935\magic_file_tracker_export.csv\02D_banned_keywords_cleaner_READY py 23ee718871ad817e8e0be33a81d1b5d1.md","D:\MAGIC\scripts\phase00\INBOX\02D_banned_keywords_cleaner_READY py 23ee718871ad817e8e0be33a81d1b5d1_4E4C9408.md","02D_banned_keywords_cleaner_READY py 23ee718871ad817e8e0be33a81d1b5d1_4E4C9408.md",".md"
"D:\MAGIC\backups\QUARANTINE_20250912_142935\magic_file_tracker_export.csv\02D_competitive_keyword_filter_READY py 23ee718871ad81b6b451ccae14afd189.md","D:\MAGIC\scripts\phase00\INBOX\02D_competitive_keyword_filter_READY py 23ee718871ad81b6b451ccae14afd189_D5CD3850.md","02D_competitive_keyword_filter_READY py 23ee718871ad81b6b451ccae14afd189_D5CD3850.md",".md"
"D:\MAGIC\backups\QUARANTINE_20250912_142935\magic_file_tracker_export.csv\02D_high_variance_trend_detector_READY py 23ee718871ad81b19b5cf39e4c90d8dc.md","D:\MAGIC\scripts\phase00\INBOX\02D_high_variance_trend_detector_READY py 23ee718871ad81b19b5cf39e4c90d8dc_3FA2DA67.md","02D_high_variance_trend_detector_READY py 23ee718871ad81b19b5cf39e4c90d8dc_3FA2DA67.md",".md"
"D:\MAGIC\backups\QUARANTINE_20250912_142935\magic_file_tracker_export.csv\02D_keyword_deduplicator_READY py 23ee718871ad812cbbc8e12621b85036.md","D:\MAGIC\scripts\phase00\INBOX\02D_keyword_deduplicator_READY py 23ee718871ad812cbbc8e12621b85036_D9E95675.md","02D_keyword_deduplicator_READY py 23ee718871ad812cbbc8e12621b85036_D9E95675.md",".md"
"D:\MAGIC\backups\QUARANTINE_20250912_142935\magic_file_tracker_export.csv\02D_language_region_filter_READY py 23ee718871ad81dab32fe4f73dca6eab.md","D:\MAGIC\scripts\phase00\INBOX\02D_language_region_filter_READY py 23ee718871ad81dab32fe4f73dca6eab_B886B339.md","02D_language_region_filter_READY py 23ee718871ad81dab32fe4f73dca6eab_B886B339.md",".md"
"D:\MAGIC\backups\QUARANTINE_20250912_142935\magic_file_tracker_export.csv\02D_trend_score_threshold_filter_READY py 23ee718871ad81958f32ead3c76d5c74.md","D:\MAGIC\scripts\phase00\INBOX\02D_trend_score_threshold_filter_READY py 23ee718871ad81958f32ead3c76d5c74_208D9096.md","02D_trend_score_threshold_filter_READY py 23ee718871ad81958f32ead3c76d5c74_208D9096.md",".md"
"D:\MAGIC\backups\QUARANTINE_20250912_142935\magic_file_tracker_export.csv\02E_auto_tag_generator_READY py 23ee718871ad81108bb5d077c0472e76.md","D:\MAGIC\scripts\phase00\INBOX\02E_auto_tag_generator_READY py 23ee718871ad81108bb5d077c0472e76_F06CBC34.md","02E_auto_tag_generator_READY py 23ee718871ad81108bb5d077c0472e76_F06CBC34.md",".md"
"D:\MAGIC\backups\QUARANTINE_20250912_142935\magic_file_tracker_export.csv\02E_format_type_classifier_READY py 23ee718871ad81fb877dd32f272f939a.md","D:\MAGIC\scripts\phase00\INBOX\02E_format_type_classifier_READY py 23ee718871ad81fb877dd32f272f939a_7E0D09DB.md","02E_format_type_classifier_READY py 23ee718871ad81fb877dd32f272f939a_7E0D09DB.md",".md"
"D:\MAGIC\backups\QUARANTINE_20250912_142935\magic_file_tracker_export.csv\02E_gpt_trend_explainer_READY py 23ee718871ad81b8a3edf18ea38594af.md","D:\MAGIC\scripts\phase00\INBOX\02E_gpt_trend_explainer_READY py 23ee718871ad81b8a3edf18ea38594af_02A4A096.md","02E_gpt_trend_explainer_READY py 23ee718871ad81b8a3edf18ea38594af_02A4A096.md",".md"
"D:\MAGIC\backups\QUARANTINE_20250912_142935\magic_file_tracker_export.csv\02E_niche_classifier_READY py 23ee718871ad817c947adbdf6466b5ac.md","D:\MAGIC\scripts\phase00\INBOX\02E_niche_classifier_READY py 23ee718871ad817c947adbdf6466b5ac_DB19F101.md","02E_niche_classifier_READY py 23ee718871ad817c947adbdf6466b5ac_DB19F101.md",".md"
"D:\MAGIC\backups\QUARANTINE_20250912_142935\magic_file_tracker_export.csv\02E_seo_keyword_pairing_READY py 23ee718871ad8176ac96ee447a247964.md","D:\MAGIC\scripts\phase00\INBOX\02E_seo_keyword_pairing_READY py 23ee718871ad8176ac96ee447a247964_D63DB952.md","02E_seo_keyword_pairing_READY py 23ee718871ad8176ac96ee447a247964_D63DB952.md",".md"
"D:\MAGIC\backups\QUARANTINE_20250912_142935\magic_file_tracker_export.csv\02E_trend_clarity_ranker_READY py 23ee718871ad819b8805cd8ab84f4c2b.md","D:\MAGIC\scripts\phase00\INBOX\02E_trend_clarity_ranker_READY py 23ee718871ad819b8805cd8ab84f4c2b_51218B08.md","02E_trend_clarity_ranker_READY py 23ee718871ad819b8805cd8ab84f4c2b_51218B08.md",".md"
"D:\MAGIC\backups\QUARANTINE_20250912_142935\magic_file_tracker_export.csv\02E_trend_intent_categorizer_READY py 23ee718871ad816f8b6dc2e076784fcf.md","D:\MAGIC\scripts\phase00\INBOX\02E_trend_intent_categorizer_READY py 23ee718871ad816f8b6dc2e076784fcf_720C8D0D.md","02E_trend_intent_categorizer_READY py 23ee718871ad816f8b6dc2e076784fcf_720C8D0D.md",".md"
"D:\MAGIC\backups\QUARANTINE_20250912_142935\magic_file_tracker_export.csv\02E_trend_language_detector_READY py 23ee718871ad81e18f59d1d4473e7c6e.md","D:\MAGIC\scripts\phase00\INBOX\02E_trend_language_detector_READY py 23ee718871ad81e18f59d1d4473e7c6e_3570D76E.md","02E_trend_language_detector_READY py 23ee718871ad81e18f59d1d4473e7c6e_3570D76E.md",".md"
"D:\MAGIC\backups\QUARANTINE_20250912_142935\magic_file_tracker_export.csv\02E_trend_summary_generator_READY py 23ee718871ad81758932e30cbf669b0f.md","D:\MAGIC\scripts\phase00\INBOX\02E_trend_summary_generator_READY py 23ee718871ad81758932e30cbf669b0f_B3085C0C.md","02E_trend_summary_generator_READY py 23ee718871ad81758932e30cbf669b0f_B3085C0C.md",".md"
"D:\MAGIC\backups\QUARANTINE_20250912_142935\magic_file_tracker_export.csv\02F_anomaly_spike_detector_READY py 23ee718871ad81d48486dc049d1285f1.md","D:\MAGIC\scripts\phase00\INBOX\02F_anomaly_spike_detector_READY py 23ee718871ad81d48486dc049d1285f1_8C131DA6.md","02F_anomaly_spike_detector_READY py 23ee718871ad81d48486dc049d1285f1_8C131DA6.md",".md"
"D:\MAGIC\backups\QUARANTINE_20250912_142935\magic_file_tracker_export.csv\02F_linear_forecasting_engine_READY py 23ee718871ad81a4a2a0fbdd56eee3b7.md","D:\MAGIC\scripts\phase00\INBOX\02F_linear_forecasting_engine_READY py 23ee718871ad81a4a2a0fbdd56eee3b7_39FC334C.md","02F_linear_forecasting_engine_READY py 23ee718871ad81a4a2a0fbdd56eee3b7_39FC334C.md",".md"
"D:\MAGIC\backups\QUARANTINE_20250912_142935\magic_file_tracker_export.csv\02F_plateau_decline_predictor_READY py 23ee718871ad81bcad52d217ebbeca65.md","D:\MAGIC\scripts\phase00\INBOX\02F_plateau_decline_predictor_READY py 23ee718871ad81bcad52d217ebbeca65_2CA97C9F.md","02F_plateau_decline_predictor_READY py 23ee718871ad81bcad52d217ebbeca65_2CA97C9F.md",".md"
"D:\MAGIC\backups\QUARANTINE_20250912_142935\magic_file_tracker_export.csv\02F_rolling_window_acceleration_READY py 23ee718871ad816f9402e7b28b07fd9b.md","D:\MAGIC\scripts\phase00\INBOX\02F_rolling_window_acceleration_READY py 23ee718871ad816f9402e7b28b07fd9b_34A1C0AB.md","02F_rolling_window_acceleration_READY py 23ee718871ad816f9402e7b28b07fd9b_34A1C0AB.md",".md"
"D:\MAGIC\backups\QUARANTINE_20250912_142935\magic_file_tracker_export.csv\02F_topic_momentum_scaler_READY py 23ee718871ad81d3a941dbabc78de6f0.md","D:\MAGIC\scripts\phase00\INBOX\02F_topic_momentum_scaler_READY py 23ee718871ad81d3a941dbabc78de6f0_629AF8A0.md","02F_topic_momentum_scaler_READY py 23ee718871ad81d3a941dbabc78de6f0_629AF8A0.md",".md"
"D:\MAGIC\backups\QUARANTINE_20250912_142935\magic_file_tracker_export.csv\02F_trend_lifecycle_tagger_READY py 23ee718871ad817d8073d1fa72ccbdb8.md","D:\MAGIC\scripts\phase00\INBOX\02F_trend_lifecycle_tagger_READY py 23ee718871ad817d8073d1fa72ccbdb8_184CAFDE.md","02F_trend_lifecycle_tagger_READY py 23ee718871ad817d8073d1fa72ccbdb8_184CAFDE.md",".md"
"D:\MAGIC\backups\QUARANTINE_20250912_142935\magic_file_tracker_export.csv\02G_dashboard_trend_router_READY py 23ee718871ad81b4afcac07eb3abdfef.md","D:\MAGIC\scripts\phase00\INBOX\02G_dashboard_trend_router_READY py 23ee718871ad81b4afcac07eb3abdfef_0FD39FBD.md","02G_dashboard_trend_router_READY py 23ee718871ad81b4afcac07eb3abdfef_0FD39FBD.md",".md"
"D:\MAGIC\backups\QUARANTINE_20250912_142935\magic_file_tracker_export.csv\02G_sqlite_trend_inserter_READY py 23ee718871ad813c84cae26480d5eb1c.md","D:\MAGIC\scripts\phase00\INBOX\02G_sqlite_trend_inserter_READY py 23ee718871ad813c84cae26480d5eb1c_6E3E8E76.md","02G_sqlite_trend_inserter_READY py 23ee718871ad813c84cae26480d5eb1c_6E3E8E76.md",".md"
"D:\MAGIC\backups\QUARANTINE_20250912_142935\magic_file_tracker_export.csv\02G_trends_output_csv_writer_READY py 23ee718871ad8178b9d5c873c95109af.md","D:\MAGIC\scripts\phase00\INBOX\02G_trends_output_csv_writer_READY py 23ee718871ad8178b9d5c873c95109af_8B992350.md","02G_trends_output_csv_writer_READY py 23ee718871ad8178b9d5c873c95109af_8B992350.md",".md"
"D:\MAGIC\backups\QUARANTINE_20250912_142935\magic_file_tracker_export.csv\02G_trend_json_exporter_for_api__READY py 23ee718871ad81eeb324fbf8dc03a86d.md","D:\MAGIC\scripts\phase00\INBOX\02G_trend_json_exporter_for_api__READY py 23ee718871ad81eeb324fbf8dc03a86d_1B2CE738.md","02G_trend_json_exporter_for_api__READY py 23ee718871ad81eeb324fbf8dc03a86d_1B2CE738.md",".md"
"D:\MAGIC\backups\QUARANTINE_20250912_142935\magic_file_tracker_export.csv\02G_visual_tags_for_dashboard_READY py 23ee718871ad81c0b7f6d67c2791044d.md","D:\MAGIC\scripts\phase00\INBOX\02G_visual_tags_for_dashboard_READY py 23ee718871ad81c0b7f6d67c2791044d_AB7E9746.md","02G_visual_tags_for_dashboard_READY py 23ee718871ad81c0b7f6d67c2791044d_AB7E9746.md",".md"
"D:\MAGIC\backups\QUARANTINE_20250912_142935\magic_file_tracker_export.csv\02H_push_monetized_trend_roi_to_midas_READY py 23ee718871ad81c38241c04a1344401e.md","D:\MAGIC\scripts\phase00\INBOX\02H_push_monetized_trend_roi_to_midas_READY py 23ee718871ad81c38241c04a1344401e_A65131D9.md","02H_push_monetized_trend_roi_to_midas_READY py 23ee718871ad81c38241c04a1344401e_A65131D9.md",".md"
"D:\MAGIC\backups\QUARANTINE_20250912_142935\magic_file_tracker_export.csv\02H_push_viral_trends_to_scribe_agent_READY py 23ee718871ad81ca802cfc25c3e3d7f2.md","D:\MAGIC\scripts\phase00\INBOX\02H_push_viral_trends_to_scribe_agent_READY py 23ee718871ad81ca802cfc25c3e3d7f2_AED301BD.md","02H_push_viral_trends_to_scribe_agent_READY py 23ee718871ad81ca802cfc25c3e3d7f2_AED301BD.md",".md"
"D:\MAGIC\backups\QUARANTINE_20250912_142935\magic_file_tracker_export.csv\02H_trend_alert_trigger_to_orchestrator_READY py 23ee718871ad8176a737d3d1c85af92c.md","D:\MAGIC\scripts\phase00\INBOX\02H_trend_alert_trigger_to_orchestrator_READY py 23ee718871ad8176a737d3d1c85af92c_68BD2400.md","02H_trend_alert_trigger_to_orchestrator_READY py 23ee718871ad8176a737d3d1c85af92c_68BD2400.md",".md"
"D:\MAGIC\backups\QUARANTINE_20250912_142935\magic_file_tracker_export.csv\02H_trend_archive_to_feedback_layer_READY py 23ee718871ad81c3b519c1fd205761bd.md","D:\MAGIC\scripts\phase00\INBOX\02H_trend_archive_to_feedback_layer_READY py 23ee718871ad81c3b519c1fd205761bd_630B2E47.md","02H_trend_archive_to_feedback_layer_READY py 23ee718871ad81c3b519c1fd205761bd_630B2E47.md",".md"
"D:\MAGIC\backups\QUARANTINE_20250912_142935\magic_file_tracker_export.csv\02H_trend_burnout_feedback_to_scribe_READY py 23ee718871ad817b9cb9f0ed31860109.md","D:\MAGIC\scripts\phase00\INBOX\02H_trend_burnout_feedback_to_scribe_READY py 23ee718871ad817b9cb9f0ed31860109_05FF6AFC.md","02H_trend_burnout_feedback_to_scribe_READY py 23ee718871ad817b9cb9f0ed31860109_05FF6AFC.md",".md"
"D:\MAGIC\backups\QUARANTINE_20250912_142935\magic_file_tracker_export.csv\03A_blog_article_writer_READY py 23ee718871ad815f86f1dc38920299d8.md","D:\MAGIC\scripts\phase00\INBOX\03A_blog_article_writer_READY py 23ee718871ad815f86f1dc38920299d8_660A0AFD.md","03A_blog_article_writer_READY py 23ee718871ad815f86f1dc38920299d8_660A0AFD.md",".md"
"D:\MAGIC\backups\QUARANTINE_20250912_142935\magic_file_tracker_export.csv\03A_bullet_point_expander_READY py 23ee718871ad814abac9c6ac23a35351.md","D:\MAGIC\scripts\phase00\INBOX\03A_bullet_point_expander_READY py 23ee718871ad814abac9c6ac23a35351_9D530A81.md","03A_bullet_point_expander_READY py 23ee718871ad814abac9c6ac23a35351_9D530A81.md",".md"
"D:\MAGIC\backups\QUARANTINE_20250912_142935\magic_file_tracker_export.csv\03A_call_to_action_generator_READY py 23ee718871ad815f8de4f476cb7b2e0e.md","D:\MAGIC\scripts\phase00\INBOX\03A_call_to_action_generator_READY py 23ee718871ad815f8de4f476cb7b2e0e_ED2CBA65.md","03A_call_to_action_generator_READY py 23ee718871ad815f8de4f476cb7b2e0e_ED2CBA65.md",".md"
"D:\MAGIC\backups\QUARANTINE_20250912_142935\magic_file_tracker_export.csv\03A_carousel_caption_writer_READY py 23ee718871ad8196a6f3d75bcf6c69b7.md","D:\MAGIC\scripts\phase00\INBOX\03A_carousel_caption_writer_READY py 23ee718871ad8196a6f3d75bcf6c69b7_B214EC33.md","03A_carousel_caption_writer_READY py 23ee718871ad8196a6f3d75bcf6c69b7_B214EC33.md",".md"
"D:\MAGIC\backups\QUARANTINE_20250912_142935\magic_file_tracker_export.csv\03A_cta_inserter_READY py 23ee718871ad8126a796f064f7564224.md","D:\MAGIC\scripts\phase00\INBOX\03A_cta_inserter_READY py 23ee718871ad8126a796f064f7564224_8984B2E0.md","03A_cta_inserter_READY py 23ee718871ad8126a796f064f7564224_8984B2E0.md",".md"
"D:\MAGIC\backups\QUARANTINE_20250912_142935\magic_file_tracker_export.csv\03A_hook_optimizer_READY py 23ee718871ad81b68dbce6995348c69f.md","D:\MAGIC\scripts\phase00\INBOX\03A_hook_optimizer_READY py 23ee718871ad81b68dbce6995348c69f_188D00E8.md","03A_hook_optimizer_READY py 23ee718871ad81b68dbce6995348c69f_188D00E8.md",".md"
"D:\MAGIC\backups\QUARANTINE_20250912_142935\magic_file_tracker_export.csv\03A_instagram_reel_script_generator_READY py 23ee718871ad81afb109ffca5ffdaa31.md","D:\MAGIC\scripts\phase00\INBOX\03A_instagram_reel_script_generator_READY py 23ee718871ad81afb109ffca5ffdaa31_CA3DD0D5.md","03A_instagram_reel_script_generator_READY py 23ee718871ad81afb109ffca5ffdaa31_CA3DD0D5.md",".md"
"D:\MAGIC\backups\QUARANTINE_20250912_142935\magic_file_tracker_export.csv\03A_longform_to_shortform_rewriter_READY py 23ee718871ad815b8707fbca15ebfdc5.md","D:\MAGIC\scripts\phase00\INBOX\03A_longform_to_shortform_rewriter_READY py 23ee718871ad815b8707fbca15ebfdc5_5EAC9E1F.md","03A_longform_to_shortform_rewriter_READY py 23ee718871ad815b8707fbca15ebfdc5_5EAC9E1F.md",".md"
"D:\MAGIC\backups\QUARANTINE_20250912_142935\magic_file_tracker_export.csv\03A_outline_generator_READY py 23ee718871ad810d8de1c9fe7a9add83.md","D:\MAGIC\scripts\phase00\INBOX\03A_outline_generator_READY py 23ee718871ad810d8de1c9fe7a9add83_E34721C0.md","03A_outline_generator_READY py 23ee718871ad810d8de1c9fe7a9add83_E34721C0.md",".md"
"D:\MAGIC\backups\QUARANTINE_20250912_142935\magic_file_tracker_export.csv\03A_persona_matching_engine_READY py 23ee718871ad81b995f2f32c2dd40a5a.md","D:\MAGIC\scripts\phase00\INBOX\03A_persona_matching_engine_READY py 23ee718871ad81b995f2f32c2dd40a5a_0DC2DAD4.md","03A_persona_matching_engine_READY py 23ee718871ad81b995f2f32c2dd40a5a_0DC2DAD4.md",".md"
"D:\MAGIC\backups\QUARANTINE_20250912_142935\magic_file_tracker_export.csv\03A_platform_adaptive_rewriter_READY py 23ee718871ad8112bd24c89a9d5ed32f.md","D:\MAGIC\scripts\phase00\INBOX\03A_platform_adaptive_rewriter_READY py 23ee718871ad8112bd24c89a9d5ed32f_8464A481.md","03A_platform_adaptive_rewriter_READY py 23ee718871ad8112bd24c89a9d5ed32f_8464A481.md",".md"
"D:\MAGIC\backups\QUARANTINE_20250912_142935\magic_file_tracker_export.csv\03A_repeat_view_encourager_READY py 23ee718871ad819f8418dccc21acb6d4.md","D:\MAGIC\scripts\phase00\INBOX\03A_repeat_view_encourager_READY py 23ee718871ad819f8418dccc21acb6d4_4495EB84.md","03A_repeat_view_encourager_READY py 23ee718871ad819f8418dccc21acb6d4_4495EB84.md",".md"
"D:\MAGIC\backups\QUARANTINE_20250912_142935\magic_file_tracker_export.csv\03A_tiktok_hook_script_generator_READY py 23ee718871ad819ca4e2ecb8f7e9e819.md","D:\MAGIC\scripts\phase00\INBOX\03A_tiktok_hook_script_generator_READY py 23ee718871ad819ca4e2ecb8f7e9e819_6B3CBA97.md","03A_tiktok_hook_script_generator_READY py 23ee718871ad819ca4e2ecb8f7e9e819_6B3CBA97.md",".md"
"D:\MAGIC\backups\QUARANTINE_20250912_142935\magic_file_tracker_export.csv\03A_translation_localization_READY py 23ee718871ad81e18bcdc3c3c89a11f0.md","D:\MAGIC\scripts\phase00\INBOX\03A_translation_localization_READY py 23ee718871ad81e18bcdc3c3c89a11f0_10FA157F.md","03A_translation_localization_READY py 23ee718871ad81e18bcdc3c3c89a11f0_10FA157F.md",".md"
"D:\MAGIC\backups\QUARANTINE_20250912_142935\magic_file_tracker_export.csv\03A_trend_to_script_generator_READY py 23ee718871ad8135abe3c73fa7b90a40.md","D:\MAGIC\scripts\phase00\INBOX\03A_trend_to_script_generator_READY py 23ee718871ad8135abe3c73fa7b90a40_40CF7856.md","03A_trend_to_script_generator_READY py 23ee718871ad8135abe3c73fa7b90a40_40CF7856.md",".md"
"D:\MAGIC\backups\QUARANTINE_20250912_142935\magic_file_tracker_export.csv\03A_tweet_thread_writer_READY py 23ee718871ad817ea0e3ee465f836e2a.md","D:\MAGIC\scripts\phase00\INBOX\03A_tweet_thread_writer_READY py 23ee718871ad817ea0e3ee465f836e2a_43534109.md","03A_tweet_thread_writer_READY py 23ee718871ad817ea0e3ee465f836e2a_43534109.md",".md"
"D:\MAGIC\backups\QUARANTINE_20250912_142935\magic_file_tracker_export.csv\03A_urgency_enhancer_READY py 23ee718871ad8118bfcdc305a84f25c3.md","D:\MAGIC\scripts\phase00\INBOX\03A_urgency_enhancer_READY py 23ee718871ad8118bfcdc305a84f25c3_843583B2.md","03A_urgency_enhancer_READY py 23ee718871ad8118bfcdc305a84f25c3_843583B2.md",".md"
"D:\MAGIC\backups\QUARANTINE_20250912_142935\magic_file_tracker_export.csv\03A_viral_hook_generator_READY py 23ee718871ad817f9439c442c79eded4.md","D:\MAGIC\scripts\phase00\INBOX\03A_viral_hook_generator_READY py 23ee718871ad817f9439c442c79eded4_0BA41505.md","03A_viral_hook_generator_READY py 23ee718871ad817f9439c442c79eded4_0BA41505.md",".md"
"D:\MAGIC\backups\QUARANTINE_20250912_142935\magic_file_tracker_export.csv\03A_youtube_script_generator_READY py 23ee718871ad81f6b51fc898ae2e26ad.md","D:\MAGIC\scripts\phase00\INBOX\03A_youtube_script_generator_READY py 23ee718871ad81f6b51fc898ae2e26ad_8AF70685.md","03A_youtube_script_generator_READY py 23ee718871ad81f6b51fc898ae2e26ad_8AF70685.md",".md"
"D:\MAGIC\backups\QUARANTINE_20250912_142935\magic_file_tracker_export.csv\03B_formality_controller_READY py 23ee718871ad81449e30e83e0b55db2f.md","D:\MAGIC\scripts\phase00\INBOX\03B_formality_controller_READY py 23ee718871ad81449e30e83e0b55db2f_BB32BC9F.md","03B_formality_controller_READY py 23ee718871ad81449e30e83e0b55db2f_BB32BC9F.md",".md"
"D:\MAGIC\backups\QUARANTINE_20250912_142935\magic_file_tracker_export.csv\03B_persona_voice_switcher_READY py 23ee718871ad81908d33c9e984b52e4f.md","D:\MAGIC\scripts\phase00\INBOX\03B_persona_voice_switcher_READY py 23ee718871ad81908d33c9e984b52e4f_7A93D3C3.md","03B_persona_voice_switcher_READY py 23ee718871ad81908d33c9e984b52e4f_7A93D3C3.md",".md"
"D:\MAGIC\backups\QUARANTINE_20250912_142935\magic_file_tracker_export.csv\03B_platform_tone_adapter_READY py 23ee718871ad810fb3d2e97a25c37b8e.md","D:\MAGIC\scripts\phase00\INBOX\03B_platform_tone_adapter_READY py 23ee718871ad810fb3d2e97a25c37b8e_DBC207B0.md","03B_platform_tone_adapter_READY py 23ee718871ad810fb3d2e97a25c37b8e_DBC207B0.md",".md"
"D:\MAGIC\backups\QUARANTINE_20250912_142935\magic_file_tracker_export.csv\03B_word_count_optimizer_READY py 23ee718871ad8150bb01d47d613738a8.md","D:\MAGIC\scripts\phase00\INBOX\03B_word_count_optimizer_READY py 23ee718871ad8150bb01d47d613738a8_4A80B9A7.md","03B_word_count_optimizer_READY py 23ee718871ad8150bb01d47d613738a8_4A80B9A7.md",".md"
"D:\MAGIC\backups\QUARANTINE_20250912_142935\magic_file_tracker_export.csv\03C_idea_expander_READY py 23ee718871ad810eb223df446bf3823a.md","D:\MAGIC\scripts\phase00\INBOX\03C_idea_expander_READY py 23ee718871ad810eb223df446bf3823a_B01AFBBC.md","03C_idea_expander_READY py 23ee718871ad810eb223df446bf3823a_B01AFBBC.md",".md"
"D:\MAGIC\backups\QUARANTINE_20250912_142935\magic_file_tracker_export.csv\03C_outline_generator_READY py 23ee718871ad818eb3a5f01468cd3dea.md","D:\MAGIC\scripts\phase00\INBOX\03C_outline_generator_READY py 23ee718871ad818eb3a5f01468cd3dea_B76B2501.md","03C_outline_generator_READY py 23ee718871ad818eb3a5f01468cd3dea_B76B2501.md",".md"
"D:\MAGIC\backups\QUARANTINE_20250912_142935\magic_file_tracker_export.csv\03C_shortform_repurposer_READY py 23ee718871ad8105b10adbcd4e1dce0c.md","D:\MAGIC\scripts\phase00\INBOX\03C_shortform_repurposer_READY py 23ee718871ad8105b10adbcd4e1dce0c_227AB4EC.md","03C_shortform_repurposer_READY py 23ee718871ad8105b10adbcd4e1dce0c_227AB4EC.md",".md"
"D:\MAGIC\backups\QUARANTINE_20250912_142935\magic_file_tracker_export.csv\03D_emotion_booster_READY py 23ee718871ad819db725eb2317fcd267.md","D:\MAGIC\scripts\phase00\INBOX\03D_emotion_booster_READY py 23ee718871ad819db725eb2317fcd267_6C4FAF14.md","03D_emotion_booster_READY py 23ee718871ad819db725eb2317fcd267_6C4FAF14.md",".md"
"D:\MAGIC\backups\QUARANTINE_20250912_142935\magic_file_tracker_export.csv\03D_metaphor_analogy_inserter_READY py 23ee718871ad8141bbfee60b58953b12.md","D:\MAGIC\scripts\phase00\INBOX\03D_metaphor_analogy_inserter_READY py 23ee718871ad8141bbfee60b58953b12_B3C96022.md","03D_metaphor_analogy_inserter_READY py 23ee718871ad8141bbfee60b58953b12_B3C96022.md",".md"
"D:\MAGIC\backups\QUARANTINE_20250912_142935\magic_file_tracker_export.csv\03D_retention_enhancer_READY py 23ee718871ad816b9975e3dfbbabd04b.md","D:\MAGIC\scripts\phase00\INBOX\03D_retention_enhancer_READY py 23ee718871ad816b9975e3dfbbabd04b_686FB315.md","03D_retention_enhancer_READY py 23ee718871ad816b9975e3dfbbabd04b_686FB315.md",".md"
"D:\MAGIC\backups\QUARANTINE_20250912_142935\magic_file_tracker_export.csv\03E_cross__script_ranker_READY py 23ee718871ad8131bb57d4215e17119a.md","D:\MAGIC\scripts\phase00\INBOX\03E_cross__script_ranker_READY py 23ee718871ad8131bb57d4215e17119a_DE27E257.md","03E_cross__script_ranker_READY py 23ee718871ad8131bb57d4215e17119a_DE27E257.md",".md"
"D:\MAGIC\backups\QUARANTINE_20250912_142935\magic_file_tracker_export.csv\03E_feedback_rewriter_READY py 23ee718871ad816ca71ceddf94349882.md","D:\MAGIC\scripts\phase00\INBOX\03E_feedback_rewriter_READY py 23ee718871ad816ca71ceddf94349882_413CCA2C.md","03E_feedback_rewriter_READY py 23ee718871ad816ca71ceddf94349882_413CCA2C.md",".md"
"D:\MAGIC\backups\QUARANTINE_20250912_142935\magic_file_tracker_export.csv\03E_prompt_improver_READY py 23ee718871ad818a81dac9e88e2d7b9c.md","D:\MAGIC\scripts\phase00\INBOX\03E_prompt_improver_READY py 23ee718871ad818a81dac9e88e2d7b9c_B2E5978A.md","03E_prompt_improver_READY py 23ee718871ad818a81dac9e88e2d7b9c_B2E5978A.md",".md"
"D:\MAGIC\backups\QUARANTINE_20250912_142935\magic_file_tracker_export.csv\03E_title_roi_tuner_READY py 23ee718871ad81a4a84ef8f2091bfd49.md","D:\MAGIC\scripts\phase00\INBOX\03E_title_roi_tuner_READY py 23ee718871ad81a4a84ef8f2091bfd49_D748BB65.md","03E_title_roi_tuner_READY py 23ee718871ad81a4a84ef8f2091bfd49_D748BB65.md",".md"
"D:\MAGIC\backups\QUARANTINE_20250912_142935\magic_file_tracker_export.csv\03F_save_to_local_cloud_READY py 23ee718871ad81aca263e58fb3361f55.md","D:\MAGIC\scripts\phase00\INBOX\03F_save_to_local_cloud_READY py 23ee718871ad81aca263e58fb3361f55_0213C3FE.md","03F_save_to_local_cloud_READY py 23ee718871ad81aca263e58fb3361f55_0213C3FE.md",".md"
"D:\MAGIC\backups\QUARANTINE_20250912_142935\magic_file_tracker_export.csv\03F_save_to_notion_READY py 23ee718871ad8153be63df2c9212905a.md","D:\MAGIC\scripts\phase00\INBOX\03F_save_to_notion_READY py 23ee718871ad8153be63df2c9212905a_BA9BF3BB.md","03F_save_to_notion_READY py 23ee718871ad8153be63df2c9212905a_BA9BF3BB.md",".md"
"D:\MAGIC\backups\QUARANTINE_20250912_142935\magic_file_tracker_export.csv\03F_script_formatter_READY py 23ee718871ad8123ac86ee40b7d11fb7.md","D:\MAGIC\scripts\phase00\INBOX\03F_script_formatter_READY py 23ee718871ad8123ac86ee40b7d11fb7_582B0B90.md","03F_script_formatter_READY py 23ee718871ad8123ac86ee40b7d11fb7_582B0B90.md",".md"
"D:\MAGIC\backups\QUARANTINE_20250912_142935\magic_file_tracker_export.csv\03G_formality_controller_READY py 23ee718871ad8191a136f7c7a2c8658a.md","D:\MAGIC\scripts\phase00\INBOX\03G_formality_controller_READY py 23ee718871ad8191a136f7c7a2c8658a_59624AA1.md","03G_formality_controller_READY py 23ee718871ad8191a136f7c7a2c8658a_59624AA1.md",".md"
"D:\MAGIC\backups\QUARANTINE_20250912_142935\magic_file_tracker_export.csv\03G_multi_language_translator_READY py 23ee718871ad8186883ef8e6dbdf7435.md","D:\MAGIC\scripts\phase00\INBOX\03G_multi_language_translator_READY py 23ee718871ad8186883ef8e6dbdf7435_3E2BBDCD.md","03G_multi_language_translator_READY py 23ee718871ad8186883ef8e6dbdf7435_3E2BBDCD.md",".md"
"D:\MAGIC\backups\QUARANTINE_20250912_142935\magic_file_tracker_export.csv\03G_persona_voice_switcher_READY py 23ee718871ad81a58888c79686f3c420.md","D:\MAGIC\scripts\phase00\INBOX\03G_persona_voice_switcher_READY py 23ee718871ad81a58888c79686f3c420_618D29E1.md","03G_persona_voice_switcher_READY py 23ee718871ad81a58888c79686f3c420_618D29E1.md",".md"
"D:\MAGIC\backups\QUARANTINE_20250912_142935\magic_file_tracker_export.csv\03G_platform_adaptive_rewriter_READY py 23ee718871ad81fea026da91bb0ee382.md","D:\MAGIC\scripts\phase00\INBOX\03G_platform_adaptive_rewriter_READY py 23ee718871ad81fea026da91bb0ee382_A4E21D0E.md","03G_platform_adaptive_rewriter_READY py 23ee718871ad81fea026da91bb0ee382_A4E21D0E.md",".md"
"D:\MAGIC\backups\QUARANTINE_20250912_142935\magic_file_tracker_export.csv\03G_script_trimmer_READY py 23ee718871ad811b82c9d948b169ad9c.md","D:\MAGIC\scripts\phase00\INBOX\03G_script_trimmer_READY py 23ee718871ad811b82c9d948b169ad9c_6392F0B6.md","03G_script_trimmer_READY py 23ee718871ad811b82c9d948b169ad9c_6392F0B6.md",".md"
"D:\MAGIC\backups\QUARANTINE_20250912_142935\magic_file_tracker_export.csv\03H_content_prompt_archiver_READY py 23ee718871ad812abe5ee27e371fa50e.md","D:\MAGIC\scripts\phase00\INBOX\03H_content_prompt_archiver_READY py 23ee718871ad812abe5ee27e371fa50e_737CE4DF.md","03H_content_prompt_archiver_READY py 23ee718871ad812abe5ee27e371fa50e_737CE4DF.md",".md"
"D:\MAGIC\backups\QUARANTINE_20250912_142935\magic_file_tracker_export.csv\03H_content_uniqueness_checker_READY py 23ee718871ad81a5aa01feead9daec81.md","D:\MAGIC\scripts\phase00\INBOX\03H_content_uniqueness_checker_READY py 23ee718871ad81a5aa01feead9daec81_A1A255BD.md","03H_content_uniqueness_checker_READY py 23ee718871ad81a5aa01feead9daec81_A1A255BD.md",".md"
"D:\MAGIC\backups\QUARANTINE_20250912_142935\magic_file_tracker_export.csv\03H_generation_log_tracker_READY py 23ee718871ad81b59ecec6808b397043.md","D:\MAGIC\scripts\phase00\INBOX\03H_generation_log_tracker_READY py 23ee718871ad81b59ecec6808b397043_897B8E2A.md","03H_generation_log_tracker_READY py 23ee718871ad81b59ecec6808b397043_897B8E2A.md",".md"
"D:\MAGIC\backups\QUARANTINE_20250912_142935\magic_file_tracker_export.csv\03H_human_review_toggle_READY py 23ee718871ad81708e40eecfc6c60d4b.md","D:\MAGIC\scripts\phase00\INBOX\03H_human_review_toggle_READY py 23ee718871ad81708e40eecfc6c60d4b_AD4800D4.md","03H_human_review_toggle_READY py 23ee718871ad81708e40eecfc6c60d4b_AD4800D4.md",".md"
"D:\MAGIC\backups\QUARANTINE_20250912_142935\magic_file_tracker_export.csv\03H_script_archive_index_READY py 23ee718871ad814ab3e2efee517cae4b.md","D:\MAGIC\scripts\phase00\INBOX\03H_script_archive_index_READY py 23ee718871ad814ab3e2efee517cae4b_CE1F75F7.md","03H_script_archive_index_READY py 23ee718871ad814ab3e2efee517cae4b_CE1F75F7.md",".md"
"D:\MAGIC\backups\QUARANTINE_20250912_142935\magic_file_tracker_export.csv\03I_human_in_the_loop_approval_READY py 23ee718871ad81e28cabfcc043000abe.md","D:\MAGIC\scripts\phase00\INBOX\03I_human_in_the_loop_approval_READY py 23ee718871ad81e28cabfcc043000abe_3E052C98.md","03I_human_in_the_loop_approval_READY py 23ee718871ad81e28cabfcc043000abe_3E052C98.md",".md"
"D:\MAGIC\backups\QUARANTINE_20250912_142935\magic_file_tracker_export.csv\03I_prompt_caching_system_READY py 23ee718871ad8107b1eee094ebd6ada9.md","D:\MAGIC\scripts\phase00\INBOX\03I_prompt_caching_system_READY py 23ee718871ad8107b1eee094ebd6ada9_0775D3EC.md","03I_prompt_caching_system_READY py 23ee718871ad8107b1eee094ebd6ada9_0775D3EC.md",".md"
"D:\MAGIC\backups\QUARANTINE_20250912_142935\magic_file_tracker_export.csv\03I_scribe_controller_READY py 23ee718871ad816394c3c28a4d28d6e5.md","D:\MAGIC\scripts\phase00\INBOX\03I_scribe_controller_READY py 23ee718871ad816394c3c28a4d28d6e5_3D4A5949.md","03I_scribe_controller_READY py 23ee718871ad816394c3c28a4d28d6e5_3D4A5949.md",".md"
"D:\MAGIC\backups\QUARANTINE_20250912_142935\magic_file_tracker_export.csv\04A_anomaly_spike_timeline_READY py 23ee718871ad8115886cd36d75abcc91.md","D:\MAGIC\scripts\phase00\INBOX\04A_anomaly_spike_timeline_READY py 23ee718871ad8115886cd36d75abcc91_7FCB600A.md","04A_anomaly_spike_timeline_READY py 23ee718871ad8115886cd36d75abcc91_7FCB600A.md",".md"
"D:\MAGIC\backups\QUARANTINE_20250912_142935\magic_file_tracker_export.csv\04A_trending_roi_visualizer_READY py 23ee718871ad8120a36adf8c69b12310.md","D:\MAGIC\scripts\phase00\INBOX\04A_trending_roi_visualizer_READY py 23ee718871ad8120a36adf8c69b12310_4D835268.md","04A_trending_roi_visualizer_READY py 23ee718871ad8120a36adf8c69b12310_4D835268.md",".md"
"D:\MAGIC\backups\QUARANTINE_20250912_142935\magic_file_tracker_export.csv\04A_trend_data_dashboard_READY py 23ee718871ad81a29c3bd583643aafc7.md","D:\MAGIC\scripts\phase00\INBOX\04A_trend_data_dashboard_READY py 23ee718871ad81a29c3bd583643aafc7_5F621C61.md","04A_trend_data_dashboard_READY py 23ee718871ad81a29c3bd583643aafc7_5F621C61.md",".md"
"D:\MAGIC\backups\QUARANTINE_20250912_142935\magic_file_tracker_export.csv\04B_affiliate_performance_panel_READY py 23ee718871ad813d85b9df33398530b6.md","D:\MAGIC\scripts\phase00\INBOX\04B_affiliate_performance_panel_READY py 23ee718871ad813d85b9df33398530b6_E170C089.md","04B_affiliate_performance_panel_READY py 23ee718871ad813d85b9df33398530b6_E170C089.md",".md"
"D:\MAGIC\backups\QUARANTINE_20250912_142935\magic_file_tracker_export.csv\04B_a_b_test_engagement_graph_READY py 23ee718871ad81c189d3e334ca0ac681.md","D:\MAGIC\scripts\phase00\INBOX\04B_a_b_test_engagement_graph_READY py 23ee718871ad81c189d3e334ca0ac681_62B8D713.md","04B_a_b_test_engagement_graph_READY py 23ee718871ad81c189d3e334ca0ac681_62B8D713.md",".md"
"D:\MAGIC\backups\QUARANTINE_20250912_142935\magic_file_tracker_export.csv\04B_content_metrics_dashboard_READY py 23ee718871ad814191f6dd005eec9554.md","D:\MAGIC\scripts\phase00\INBOX\04B_content_metrics_dashboard_READY py 23ee718871ad814191f6dd005eec9554_B202DB3D.md","04B_content_metrics_dashboard_READY py 23ee718871ad814191f6dd005eec9554_B202DB3D.md",".md"
"D:\MAGIC\backups\QUARANTINE_20250912_142935\magic_file_tracker_export.csv\04B_conversion_funnel_view_READY py 23ee718871ad8180a449e178c8e87ce2.md","D:\MAGIC\scripts\phase00\INBOX\04B_conversion_funnel_view_READY py 23ee718871ad8180a449e178c8e87ce2_4418667E.md","04B_conversion_funnel_view_READY py 23ee718871ad8180a449e178c8e87ce2_4418667E.md",".md"
"D:\MAGIC\backups\QUARANTINE_20250912_142935\magic_file_tracker_export.csv\04B_funnel_drop_off_visualizer_READY py 23ee718871ad8115b29fc7e5e08f36d6.md","D:\MAGIC\scripts\phase00\INBOX\04B_funnel_drop_off_visualizer_READY py 23ee718871ad8115b29fc7e5e08f36d6_7DA94AEF.md","04B_funnel_drop_off_visualizer_READY py 23ee718871ad8115b29fc7e5e08f36d6_7DA94AEF.md",".md"
"D:\MAGIC\backups\QUARANTINE_20250912_142935\magic_file_tracker_export.csv\04B_lifecycle_heatmap_READY py 23ee718871ad810cad9eed9ade00e9b3.md","D:\MAGIC\scripts\phase00\INBOX\04B_lifecycle_heatmap_READY py 23ee718871ad810cad9eed9ade00e9b3_24C58975.md","04B_lifecycle_heatmap_READY py 23ee718871ad810cad9eed9ade00e9b3_24C58975.md",".md"
"D:\MAGIC\backups\QUARANTINE_20250912_142935\magic_file_tracker_export.csv\04C_api_quota_usage_chart_READY py 23ee718871ad8192b4b5ebaf2a975b72.md","D:\MAGIC\scripts\phase00\INBOX\04C_api_quota_usage_chart_READY py 23ee718871ad8192b4b5ebaf2a975b72_ADFD7342.md","04C_api_quota_usage_chart_READY py 23ee718871ad8192b4b5ebaf2a975b72_ADFD7342.md",".md"
"D:\MAGIC\backups\QUARANTINE_20250912_142935\magic_file_tracker_export.csv\04C_budget_tracker_panel_READY py 23ee718871ad81e18b1cd2406304f882.md","D:\MAGIC\scripts\phase00\INBOX\04C_budget_tracker_panel_READY py 23ee718871ad81e18b1cd2406304f882_1578B11B.md","04C_budget_tracker_panel_READY py 23ee718871ad81e18b1cd2406304f882_1578B11B.md",".md"
"D:\MAGIC\backups\QUARANTINE_20250912_142935\magic_file_tracker_export.csv\04C_cost_per_output_breakdown_READY py 23ee718871ad8125b7a5d73305033180.md","D:\MAGIC\scripts\phase00\INBOX\04C_cost_per_output_breakdown_READY py 23ee718871ad8125b7a5d73305033180_7756FC41.md","04C_cost_per_output_breakdown_READY py 23ee718871ad8125b7a5d73305033180_7756FC41.md",".md"
"D:\MAGIC\backups\QUARANTINE_20250912_142935\magic_file_tracker_export.csv\04D_error_category_breakdown_READY py 23ee718871ad81408932c8f0ec2b52ee.md","D:\MAGIC\scripts\phase00\INBOX\04D_error_category_breakdown_READY py 23ee718871ad81408932c8f0ec2b52ee_FCC661FE.md","04D_error_category_breakdown_READY py 23ee718871ad81408932c8f0ec2b52ee_FCC661FE.md",".md"
"D:\MAGIC\backups\QUARANTINE_20250912_142935\magic_file_tracker_export.csv\04D_error_log_viewer_READY py 23ee718871ad817d9e72eb9b25dd1d6a.md","D:\MAGIC\scripts\phase00\INBOX\04D_error_log_viewer_READY py 23ee718871ad817d9e72eb9b25dd1d6a_3E7B2B29.md","04D_error_log_viewer_READY py 23ee718871ad817d9e72eb9b25dd1d6a_3E7B2B29.md",".md"
"D:\MAGIC\backups\QUARANTINE_20250912_142935\magic_file_tracker_export.csv\04D_execution_timeline_chart_READY py 23ee718871ad8127a363d4323a216988.md","D:\MAGIC\scripts\phase00\INBOX\04D_execution_timeline_chart_READY py 23ee718871ad8127a363d4323a216988_673DB3C9.md","04D_execution_timeline_chart_READY py 23ee718871ad8127a363d4323a216988_673DB3C9.md",".md"
"D:\MAGIC\backups\QUARANTINE_20250912_142935\magic_file_tracker_export.csv\04D_retry_execution_gantt_chart_READY py 23ee718871ad8160a3e4c7d2b76e6833.md","D:\MAGIC\scripts\phase00\INBOX\04D_retry_execution_gantt_chart_READY py 23ee718871ad8160a3e4c7d2b76e6833_B76CC88A.md","04D_retry_execution_gantt_chart_READY py 23ee718871ad8160a3e4c7d2b76e6833_B76CC88A.md",".md"
"D:\MAGIC\backups\QUARANTINE_20250912_142935\magic_file_tracker_export.csv\04D_retry_queue_monitor_READY py 23ee718871ad8180a5c3f07f4bdc1b87.md","D:\MAGIC\scripts\phase00\INBOX\04D_retry_queue_monitor_READY py 23ee718871ad8180a5c3f07f4bdc1b87_EAC8F477.md","04D_retry_queue_monitor_READY py 23ee718871ad8180a5c3f07f4bdc1b87_EAC8F477.md",".md"
"D:\MAGIC\backups\QUARANTINE_20250912_142935\magic_file_tracker_export.csv\04D_system_status_panel_READY py 23ee718871ad8114890fd797c408d693.md","D:\MAGIC\scripts\phase00\INBOX\04D_system_status_panel_READY py 23ee718871ad8114890fd797c408d693_3E91A32B.md","04D_system_status_panel_READY py 23ee718871ad8114890fd797c408d693_3E91A32B.md",".md"
"D:\MAGIC\backups\QUARANTINE_20250912_142935\magic_file_tracker_export.csv\04E_human_override_toggles_READY py 23ee718871ad811abc17c3286de34b6e.md","D:\MAGIC\scripts\phase00\INBOX\04E_human_override_toggles_READY py 23ee718871ad811abc17c3286de34b6e_3798DF23.md","04E_human_override_toggles_READY py 23ee718871ad811abc17c3286de34b6e_3798DF23.md",".md"
"D:\MAGIC\backups\QUARANTINE_20250912_142935\magic_file_tracker_export.csv\04E_manual_content_editor_READY py 23ee718871ad815d859aee0569acccb6.md","D:\MAGIC\scripts\phase00\INBOX\04E_manual_content_editor_READY py 23ee718871ad815d859aee0569acccb6_B1C6835A.md","04E_manual_content_editor_READY py 23ee718871ad815d859aee0569acccb6_B1C6835A.md",".md"
"D:\MAGIC\backups\QUARANTINE_20250912_142935\magic_file_tracker_export.csv\04E_script_preview_panel_READY py 23ee718871ad81d09c30d6bb97d71040.md","D:\MAGIC\scripts\phase00\INBOX\04E_script_preview_panel_READY py 23ee718871ad81d09c30d6bb97d71040_01484EAE.md","04E_script_preview_panel_READY py 23ee718871ad81d09c30d6bb97d71040_01484EAE.md",".md"
"D:\MAGIC\backups\QUARANTINE_20250912_142935\magic_file_tracker_export.csv\04E_script_rescheduler_ui_READY py 23ee718871ad81cfa0e6e3de76c08a65.md","D:\MAGIC\scripts\phase00\INBOX\04E_script_rescheduler_ui_READY py 23ee718871ad81cfa0e6e3de76c08a65_8AB3C0C0.md","04E_script_rescheduler_ui_READY py 23ee718871ad81cfa0e6e3de76c08a65_8AB3C0C0.md",".md"
"D:\MAGIC\backups\QUARANTINE_20250912_142935\magic_file_tracker_export.csv\05A_ai_voice_dubbing_translator_READY py 23ee718871ad81ac9167d1c991c1f868.md","D:\MAGIC\scripts\phase00\INBOX\05A_ai_voice_dubbing_translator_READY py 23ee718871ad81ac9167d1c991c1f868_B7B5B264.md","05A_ai_voice_dubbing_translator_READY py 23ee718871ad81ac9167d1c991c1f868_B7B5B264.md",".md"
"D:\MAGIC\backups\QUARANTINE_20250912_142935\magic_file_tracker_export.csv\05A_audio_enhancer_cleaner_READY py 23ee718871ad818b83c6c4b8ad2b1c06.md","D:\MAGIC\scripts\phase00\INBOX\05A_audio_enhancer_cleaner_READY py 23ee718871ad818b83c6c4b8ad2b1c06_783ED7CA.md","05A_audio_enhancer_cleaner_READY py 23ee718871ad818b83c6c4b8ad2b1c06_783ED7CA.md",".md"
"D:\MAGIC\backups\QUARANTINE_20250912_142935\magic_file_tracker_export.csv\05A_breath_pause_cleaner_READY py 23ee718871ad815a8e02eff86fd1419d.md","D:\MAGIC\scripts\phase00\INBOX\05A_breath_pause_cleaner_READY py 23ee718871ad815a8e02eff86fd1419d_76B40D65.md","05A_breath_pause_cleaner_READY py 23ee718871ad815a8e02eff86fd1419d_76B40D65.md",".md"
"D:\MAGIC\backups\QUARANTINE_20250912_142935\magic_file_tracker_export.csv\05A_dynamic_voice_variation_READY py 23ee718871ad8198b64de706d0054830.md","D:\MAGIC\scripts\phase00\INBOX\05A_dynamic_voice_variation_READY py 23ee718871ad8198b64de706d0054830_2F03D9DF.md","05A_dynamic_voice_variation_READY py 23ee718871ad8198b64de706d0054830_2F03D9DF.md",".md"
"D:\MAGIC\backups\QUARANTINE_20250912_142935\magic_file_tracker_export.csv\05A_elevenlabs_voiceover_generator_READY py 23ee718871ad81bbaae7cd2175744d65.md","D:\MAGIC\scripts\phase00\INBOX\05A_elevenlabs_voiceover_generator_READY py 23ee718871ad81bbaae7cd2175744d65_88F6836A.md","05A_elevenlabs_voiceover_generator_READY py 23ee718871ad81bbaae7cd2175744d65_88F6836A.md",".md"
"D:\MAGIC\backups\QUARANTINE_20250912_142935\magic_file_tracker_export.csv\05A_emotion_detector_logger_READY py 23ee718871ad8153936afc798f853994.md","D:\MAGIC\scripts\phase00\INBOX\05A_emotion_detector_logger_READY py 23ee718871ad8153936afc798f853994_511639EE.md","05A_emotion_detector_logger_READY py 23ee718871ad8153936afc798f853994_511639EE.md",".md"
"D:\MAGIC\backups\QUARANTINE_20250912_142935\magic_file_tracker_export.csv\05A_multilingual_voiceover_READY py 23ee718871ad81478704de3993b3afe5.md","D:\MAGIC\scripts\phase00\INBOX\05A_multilingual_voiceover_READY py 23ee718871ad81478704de3993b3afe5_69F808E8.md","05A_multilingual_voiceover_READY py 23ee718871ad81478704de3993b3afe5_69F808E8.md",".md"
"D:\MAGIC\backups\QUARANTINE_20250912_142935\magic_file_tracker_export.csv\05A_script_to_voiceover_READY py 23ee718871ad818483f6ce9780e5869a.md","D:\MAGIC\scripts\phase00\INBOX\05A_script_to_voiceover_READY py 23ee718871ad818483f6ce9780e5869a_297789B3.md","05A_script_to_voiceover_READY py 23ee718871ad818483f6ce9780e5869a_297789B3.md",".md"
"D:\MAGIC\backups\QUARANTINE_20250912_142935\magic_file_tracker_export.csv\05A_voiceover_sync_logger_READY py 23ee718871ad819da932e3caa18f5bc8.md","D:\MAGIC\scripts\phase00\INBOX\05A_voiceover_sync_logger_READY py 23ee718871ad819da932e3caa18f5bc8_CA357EEF.md","05A_voiceover_sync_logger_READY py 23ee718871ad819da932e3caa18f5bc8_CA357EEF.md",".md"
"D:\MAGIC\backups\QUARANTINE_20250912_142935\magic_file_tracker_export.csv\05A_voice_style_matcher_READY py 23ee718871ad8165beffd194f66bca58.md","D:\MAGIC\scripts\phase00\INBOX\05A_voice_style_matcher_READY py 23ee718871ad8165beffd194f66bca58_79C9A53C.md","05A_voice_style_matcher_READY py 23ee718871ad8165beffd194f66bca58_79C9A53C.md",".md"
"D:\MAGIC\backups\QUARANTINE_20250912_142935\magic_file_tracker_export.csv\05A_voice_tone_emotion_controller_READY py 23ee718871ad81ee95bcd024de520a27.md","D:\MAGIC\scripts\phase00\INBOX\05A_voice_tone_emotion_controller_READY py 23ee718871ad81ee95bcd024de520a27_DA5D65A5.md","05A_voice_tone_emotion_controller_READY py 23ee718871ad81ee95bcd024de520a27_DA5D65A5.md",".md"
"D:\MAGIC\backups\QUARANTINE_20250912_142935\magic_file_tracker_export.csv\05B_ai_scene_generator_READY py 23ee718871ad8124b8cce09065ea9ceb.md","D:\MAGIC\scripts\phase00\INBOX\05B_ai_scene_generator_READY py 23ee718871ad8124b8cce09065ea9ceb_A3A3548E.md","05B_ai_scene_generator_READY py 23ee718871ad8124b8cce09065ea9ceb_A3A3548E.md",".md"
"D:\MAGIC\backups\QUARANTINE_20250912_142935\magic_file_tracker_export.csv\05B_ai_scene_transition_engine_READY py 23ee718871ad81b585b8eaef267236ec.md","D:\MAGIC\scripts\phase00\INBOX\05B_ai_scene_transition_engine_READY py 23ee718871ad81b585b8eaef267236ec_C9CF68F6.md","05B_ai_scene_transition_engine_READY py 23ee718871ad81b585b8eaef267236ec_C9CF68F6.md",".md"
"D:\MAGIC\backups\QUARANTINE_20250912_142935\magic_file_tracker_export.csv\05B_aspect_ratio_corrector_READY py 23ee718871ad81cc83aaddaaa5d2d6c6.md","D:\MAGIC\scripts\phase00\INBOX\05B_aspect_ratio_corrector_READY py 23ee718871ad81cc83aaddaaa5d2d6c6_EB4C6CC3.md","05B_aspect_ratio_corrector_READY py 23ee718871ad81cc83aaddaaa5d2d6c6_EB4C6CC3.md",".md"
"D:\MAGIC\backups\QUARANTINE_20250912_142935\magic_file_tracker_export.csv\05B_background_music_layer_READY py 23ee718871ad818394b1c7fe811e8fc8.md","D:\MAGIC\scripts\phase00\INBOX\05B_background_music_layer_READY py 23ee718871ad818394b1c7fe811e8fc8_4276D09B.md","05B_background_music_layer_READY py 23ee718871ad818394b1c7fe811e8fc8_4276D09B.md",".md"
"D:\MAGIC\backups\QUARANTINE_20250912_142935\magic_file_tracker_export.csv\05B_b_roll_injector_READY py 23ee718871ad8132be99d43dbd6494be.md","D:\MAGIC\scripts\phase00\INBOX\05B_b_roll_injector_READY py 23ee718871ad8132be99d43dbd6494be_A68F1FA6.md","05B_b_roll_injector_READY py 23ee718871ad8132be99d43dbd6494be_A68F1FA6.md",".md"
"D:\MAGIC\backups\QUARANTINE_20250912_142935\magic_file_tracker_export.csv\05B_emotion_sync_marker_READY py 23ee718871ad8100a944d6515923a572.md","D:\MAGIC\scripts\phase00\INBOX\05B_emotion_sync_marker_READY py 23ee718871ad8100a944d6515923a572_5451923B.md","05B_emotion_sync_marker_READY py 23ee718871ad8100a944d6515923a572_5451923B.md",".md"
"D:\MAGIC\backups\QUARANTINE_20250912_142935\magic_file_tracker_export.csv\05B_multi_format_exporter_READY py 23ee718871ad81a792c5cde33311b37d.md","D:\MAGIC\scripts\phase00\INBOX\05B_multi_format_exporter_READY py 23ee718871ad81a792c5cde33311b37d_B7B2874C.md","05B_multi_format_exporter_READY py 23ee718871ad81a792c5cde33311b37d_B7B2874C.md",".md"
"D:\MAGIC\backups\QUARANTINE_20250912_142935\magic_file_tracker_export.csv\05B_scene_mapper_from_script_READY py 23ee718871ad81028653d2d96b7622fa.md","D:\MAGIC\scripts\phase00\INBOX\05B_scene_mapper_from_script_READY py 23ee718871ad81028653d2d96b7622fa_91E0DC3A.md","05B_scene_mapper_from_script_READY py 23ee718871ad81028653d2d96b7622fa_91E0DC3A.md",".md"
"D:\MAGIC\backups\QUARANTINE_20250912_142935\magic_file_tracker_export.csv\05B_script_driven_video_editor_READY py 23ee718871ad81f88a9bff77349e6102.md","D:\MAGIC\scripts\phase00\INBOX\05B_script_driven_video_editor_READY py 23ee718871ad81f88a9bff77349e6102_6A12AAB7.md","05B_script_driven_video_editor_READY py 23ee718871ad81f88a9bff77349e6102_6A12AAB7.md",".md"
"D:\MAGIC\backups\QUARANTINE_20250912_142935\magic_file_tracker_export.csv\05B_script_to_storyboard_READY py 23ee718871ad81d4903fe0cd20df9ac4.md","D:\MAGIC\scripts\phase00\INBOX\05B_script_to_storyboard_READY py 23ee718871ad81d4903fe0cd20df9ac4_70C644BD.md","05B_script_to_storyboard_READY py 23ee718871ad81d4903fe0cd20df9ac4_70C644BD.md",".md"
"D:\MAGIC\backups\QUARANTINE_20250912_142935\magic_file_tracker_export.csv\05B_video_cropper_by_platform_READY py 23ee718871ad81299224c7fef9918758.md","D:\MAGIC\scripts\phase00\INBOX\05B_video_cropper_by_platform_READY py 23ee718871ad81299224c7fef9918758_BF2F973D.md","05B_video_cropper_by_platform_READY py 23ee718871ad81299224c7fef9918758_BF2F973D.md",".md"
"D:\MAGIC\backups\QUARANTINE_20250912_142935\magic_file_tracker_export.csv\05B_voice_video_stitcher_READY py 23ee718871ad81a2ae35dc410d2246d1.md","D:\MAGIC\scripts\phase00\INBOX\05B_voice_video_stitcher_READY py 23ee718871ad81a2ae35dc410d2246d1_B0560076.md","05B_voice_video_stitcher_READY py 23ee718871ad81a2ae35dc410d2246d1_B0560076.md",".md"
"D:\MAGIC\backups\QUARANTINE_20250912_142935\magic_file_tracker_export.csv\05C_accessibility_metadata_READY py 23ee718871ad8101937ff131216f2d09.md","D:\MAGIC\scripts\phase00\INBOX\05C_accessibility_metadata_READY py 23ee718871ad8101937ff131216f2d09_21DF04EA.md","05C_accessibility_metadata_READY py 23ee718871ad8101937ff131216f2d09_21DF04EA.md",".md"
"D:\MAGIC\backups\QUARANTINE_20250912_142935\magic_file_tracker_export.csv\05C_brand_visual_style_enforcer_READY py 23ee718871ad8137a0f4fb3d1829ce76.md","D:\MAGIC\scripts\phase00\INBOX\05C_brand_visual_style_enforcer_READY py 23ee718871ad8137a0f4fb3d1829ce76_728D6592.md","05C_brand_visual_style_enforcer_READY py 23ee718871ad8137a0f4fb3d1829ce76_728D6592.md",".md"
"D:\MAGIC\backups\QUARANTINE_20250912_142935\magic_file_tracker_export.csv\05C_caption_subtitle_generator_READY py 23ee718871ad817eb089cdf490b50a91.md","D:\MAGIC\scripts\phase00\INBOX\05C_caption_subtitle_generator_READY py 23ee718871ad817eb089cdf490b50a91_20A7D157.md","05C_caption_subtitle_generator_READY py 23ee718871ad817eb089cdf490b50a91_20A7D157.md",".md"
"D:\MAGIC\backups\QUARANTINE_20250912_142935\magic_file_tracker_export.csv\05C_dynamic_text_overlay_generator_READY py 23ee718871ad81829dd6cb691f1cec06.md","D:\MAGIC\scripts\phase00\INBOX\05C_dynamic_text_overlay_generator_READY py 23ee718871ad81829dd6cb691f1cec06_AB7BC784.md","05C_dynamic_text_overlay_generator_READY py 23ee718871ad81829dd6cb691f1cec06_AB7BC784.md",".md"
"D:\MAGIC\backups\QUARANTINE_20250912_142935\magic_file_tracker_export.csv\05C_hero_blog_image_generator_READY py 23ee718871ad816a92bcc1c531f62db9.md","D:\MAGIC\scripts\phase00\INBOX\05C_hero_blog_image_generator_READY py 23ee718871ad816a92bcc1c531f62db9_E7F0E19C.md","05C_hero_blog_image_generator_READY py 23ee718871ad816a92bcc1c531f62db9_E7F0E19C.md",".md"
"D:\MAGIC\backups\QUARANTINE_20250912_142935\magic_file_tracker_export.csv\05C_inline_blog_visuals_READY py 23ee718871ad816cb540d23ff525853b.md","D:\MAGIC\scripts\phase00\INBOX\05C_inline_blog_visuals_READY py 23ee718871ad816cb540d23ff525853b_692F798C.md","05C_inline_blog_visuals_READY py 23ee718871ad816cb540d23ff525853b_692F798C.md",".md"
"D:\MAGIC\backups\QUARANTINE_20250912_142935\magic_file_tracker_export.csv\05C_intro_outro_auto_adder_READY py 23ee718871ad8174b741faf249e31b2f.md","D:\MAGIC\scripts\phase00\INBOX\05C_intro_outro_auto_adder_READY py 23ee718871ad8174b741faf249e31b2f_3BEAB02D.md","05C_intro_outro_auto_adder_READY py 23ee718871ad8174b741faf249e31b2f_3BEAB02D.md",".md"
"D:\MAGIC\backups\QUARANTINE_20250912_142935\magic_file_tracker_export.csv\05C_thumbnail_generator_READY py 23ee718871ad816e9597e3427491eee0.md","D:\MAGIC\scripts\phase00\INBOX\05C_thumbnail_generator_READY py 23ee718871ad816e9597e3427491eee0_05343D44.md","05C_thumbnail_generator_READY py 23ee718871ad816e9597e3427491eee0_05343D44.md",".md"
"D:\MAGIC\backups\QUARANTINE_20250912_142935\magic_file_tracker_export.csv\05D_auto_caption_embedder_READY py 23ee718871ad81e9b934c2dd7b9fe395.md","D:\MAGIC\scripts\phase00\INBOX\05D_auto_caption_embedder_READY py 23ee718871ad81e9b934c2dd7b9fe395_C100D19B.md","05D_auto_caption_embedder_READY py 23ee718871ad81e9b934c2dd7b9fe395_C100D19B.md",".md"
"D:\MAGIC\backups\QUARANTINE_20250912_142935\magic_file_tracker_export.csv\05D_blog_script_to_infographic_READY py 23ee718871ad81b397acfc5f7ec5c62e.md","D:\MAGIC\scripts\phase00\INBOX\05D_blog_script_to_infographic_READY py 23ee718871ad81b397acfc5f7ec5c62e_BB6FDCF5.md","05D_blog_script_to_infographic_READY py 23ee718871ad81b397acfc5f7ec5c62e_BB6FDCF5.md",".md"
"D:\MAGIC\backups\QUARANTINE_20250912_142935\magic_file_tracker_export.csv\05D_blog_to_video_ready_builder_READY py 23ee718871ad817c968ff133cce95d56.md","D:\MAGIC\scripts\phase00\INBOX\05D_blog_to_video_ready_builder_READY py 23ee718871ad817c968ff133cce95d56_62B1BB7A.md","05D_blog_to_video_ready_builder_READY py 23ee718871ad817c968ff133cce95d56_62B1BB7A.md",".md"
"D:\MAGIC\backups\QUARANTINE_20250912_142935\magic_file_tracker_export.csv\05D_branded_overlay_adder_READY py 23ee718871ad81adacc2fe559deb30fa.md","D:\MAGIC\scripts\phase00\INBOX\05D_branded_overlay_adder_READY py 23ee718871ad81adacc2fe559deb30fa_C26810EB.md","05D_branded_overlay_adder_READY py 23ee718871ad81adacc2fe559deb30fa_C26810EB.md",".md"
"D:\MAGIC\backups\QUARANTINE_20250912_142935\magic_file_tracker_export.csv\05D_carousel_creator_READY py 23ee718871ad81c0a39ae78cc32714e5.md","D:\MAGIC\scripts\phase00\INBOX\05D_carousel_creator_READY py 23ee718871ad81c0a39ae78cc32714e5_84F9A43F.md","05D_carousel_creator_READY py 23ee718871ad81c0a39ae78cc32714e5_84F9A43F.md",".md"
"D:\MAGIC\backups\QUARANTINE_20250912_142935\magic_file_tracker_export.csv\05D_formal_casual_gen_z_rewriter_READY py 23ee718871ad816f9381d61eb8470ade.md","D:\MAGIC\scripts\phase00\INBOX\05D_formal_casual_gen_z_rewriter_READY py 23ee718871ad816f9381d61eb8470ade_69FD1E4F.md","05D_formal_casual_gen_z_rewriter_READY py 23ee718871ad816f9381d61eb8470ade_69FD1E4F.md",".md"
"D:\MAGIC\backups\QUARANTINE_20250912_142935\magic_file_tracker_export.csv\05D_highlight_to_short_extractor_READY py 23ee718871ad811a8191d4fa643c243b.md","D:\MAGIC\scripts\phase00\INBOX\05D_highlight_to_short_extractor_READY py 23ee718871ad811a8191d4fa643c243b_39B41DCF.md","05D_highlight_to_short_extractor_READY py 23ee718871ad811a8191d4fa643c243b_39B41DCF.md",".md"
"D:\MAGIC\backups\QUARANTINE_20250912_142935\magic_file_tracker_export.csv\05D_pacing_and_cut_optimizer_READY py 23ee718871ad8160b588ddaa8a15d05a.md","D:\MAGIC\scripts\phase00\INBOX\05D_pacing_and_cut_optimizer_READY py 23ee718871ad8160b588ddaa8a15d05a_AB19E578.md","05D_pacing_and_cut_optimizer_READY py 23ee718871ad8160b588ddaa8a15d05a_AB19E578.md",".md"
"D:\MAGIC\backups\QUARANTINE_20250912_142935\magic_file_tracker_export.csv\05D_repurpose_engine_READY py 23ee718871ad81d2ba29e90ec31e243f.md","D:\MAGIC\scripts\phase00\INBOX\05D_repurpose_engine_READY py 23ee718871ad81d2ba29e90ec31e243f_E5EC024D.md","05D_repurpose_engine_READY py 23ee718871ad81d2ba29e90ec31e243f_E5EC024D.md",".md"
"D:\MAGIC\backups\QUARANTINE_20250912_142935\magic_file_tracker_export.csv\05D_tweet_thread_generator_READY py 23ee718871ad8180a42efe5e279dafc2.md","D:\MAGIC\scripts\phase00\INBOX\05D_tweet_thread_generator_READY py 23ee718871ad8180a42efe5e279dafc2_61E93851.md","05D_tweet_thread_generator_READY py 23ee718871ad8180a42efe5e279dafc2_61E93851.md",".md"
"D:\MAGIC\backups\QUARANTINE_20250912_142935\magic_file_tracker_export.csv\05D_video_to_blog_converter_READY py 23ee718871ad81c9bcf8c3f60497ab04.md","D:\MAGIC\scripts\phase00\INBOX\05D_video_to_blog_converter_READY py 23ee718871ad81c9bcf8c3f60497ab04_40EB9B5C.md","05D_video_to_blog_converter_READY py 23ee718871ad81c9bcf8c3f60497ab04_40EB9B5C.md",".md"
"D:\MAGIC\backups\QUARANTINE_20250912_142935\magic_file_tracker_export.csv\05D_voice_image_syncer_READY py 23ee718871ad8122a0f5eb2dd82017d1.md","D:\MAGIC\scripts\phase00\INBOX\05D_voice_image_syncer_READY py 23ee718871ad8122a0f5eb2dd82017d1_5EB479E5.md","05D_voice_image_syncer_READY py 23ee718871ad8122a0f5eb2dd82017d1_5EB479E5.md",".md"
"D:\MAGIC\backups\QUARANTINE_20250912_142935\magic_file_tracker_export.csv\05E_final_video_renderer_READY py 23ee718871ad81fb9180c1c7cd451e36.md","D:\MAGIC\scripts\phase00\INBOX\05E_final_video_renderer_READY py 23ee718871ad81fb9180c1c7cd451e36_7C7F193D.md","05E_final_video_renderer_READY py 23ee718871ad81fb9180c1c7cd451e36_7C7F193D.md",".md"
"D:\MAGIC\backups\QUARANTINE_20250912_142935\magic_file_tracker_export.csv\05E_output_quality_checker_READY py 23ee718871ad81e295ccf21a9f7a1fdf.md","D:\MAGIC\scripts\phase00\INBOX\05E_output_quality_checker_READY py 23ee718871ad81e295ccf21a9f7a1fdf_6B4CD8EF.md","05E_output_quality_checker_READY py 23ee718871ad81e295ccf21a9f7a1fdf_6B4CD8EF.md",".md"
"D:\MAGIC\backups\QUARANTINE_20250912_142935\magic_file_tracker_export.csv\05E_pre_publish_review_panel_READY py 23ee718871ad815782ecdb788037720a.md","D:\MAGIC\scripts\phase00\INBOX\05E_pre_publish_review_panel_READY py 23ee718871ad815782ecdb788037720a_4BA0D5EB.md","05E_pre_publish_review_panel_READY py 23ee718871ad815782ecdb788037720a_4BA0D5EB.md",".md"
"D:\MAGIC\backups\QUARANTINE_20250912_142935\magic_file_tracker_export.csv\05E_render_status_tracker_READY py 23ee718871ad81bd933cc56b8691f6c6.md","D:\MAGIC\scripts\phase00\INBOX\05E_render_status_tracker_READY py 23ee718871ad81bd933cc56b8691f6c6_CEE46AB7.md","05E_render_status_tracker_READY py 23ee718871ad81bd933cc56b8691f6c6_CEE46AB7.md",".md"
"D:\MAGIC\backups\QUARANTINE_20250912_142935\magic_file_tracker_export.csv\05F_hook_variants_generator_READY py 23ee718871ad81d79da8d9db752f9a1c.md","D:\MAGIC\scripts\phase00\INBOX\05F_hook_variants_generator_READY py 23ee718871ad81d79da8d9db752f9a1c_478937C0.md","05F_hook_variants_generator_READY py 23ee718871ad81d79da8d9db752f9a1c_478937C0.md",".md"
"D:\MAGIC\backups\QUARANTINE_20250912_142935\magic_file_tracker_export.csv\05F_multi_format_video_exporter_READY py 23ee718871ad8193b577fcb65240b209.md","D:\MAGIC\scripts\phase00\INBOX\05F_multi_format_video_exporter_READY py 23ee718871ad8193b577fcb65240b209_12766754.md","05F_multi_format_video_exporter_READY py 23ee718871ad8193b577fcb65240b209_12766754.md",".md"
"D:\MAGIC\backups\QUARANTINE_20250912_142935\magic_file_tracker_export.csv\05F_script_reuse_suggester_READY py 23ee718871ad81e591baf6542586c76d.md","D:\MAGIC\scripts\phase00\INBOX\05F_script_reuse_suggester_READY py 23ee718871ad81e591baf6542586c76d_B993BED3.md","05F_script_reuse_suggester_READY py 23ee718871ad81e591baf6542586c76d_B993BED3.md",".md"
"D:\MAGIC\backups\QUARANTINE_20250912_142935\magic_file_tracker_export.csv\05G_final_storage_router_READY py 23ee718871ad815d93aede53fc8780c9.md","D:\MAGIC\scripts\phase00\INBOX\05G_final_storage_router_READY py 23ee718871ad815d93aede53fc8780c9_28429758.md","05G_final_storage_router_READY py 23ee718871ad815d93aede53fc8780c9_28429758.md",".md"
"D:\MAGIC\backups\QUARANTINE_20250912_142935\magic_file_tracker_export.csv\06A_tiktok_upload_automator_READY py 23ee718871ad8152ab19dab46d3968e4.md","D:\MAGIC\scripts\phase00\INBOX\06A_tiktok_upload_automator_READY py 23ee718871ad8152ab19dab46d3968e4_0B0E2A7C.md","06A_tiktok_upload_automator_READY py 23ee718871ad8152ab19dab46d3968e4_0B0E2A7C.md",".md"
"D:\MAGIC\backups\QUARANTINE_20250912_142935\magic_file_tracker_export.csv\06A_youtube_auto_publisher_READY py 23ee718871ad8170a7f4cbbadb8db4d8.md","D:\MAGIC\scripts\phase00\INBOX\06A_youtube_auto_publisher_READY py 23ee718871ad8170a7f4cbbadb8db4d8_E62FA473.md","06A_youtube_auto_publisher_READY py 23ee718871ad8170a7f4cbbadb8db4d8_E62FA473.md",".md"
"D:\MAGIC\backups\QUARANTINE_20250912_142935\magic_file_tracker_export.csv\06B_time_zone_adjuster_READY py 23ee718871ad8137b748d84965cceb9c.md","D:\MAGIC\scripts\phase00\INBOX\06B_time_zone_adjuster_READY py 23ee718871ad8137b748d84965cceb9c_0D4C15C7.md","06B_time_zone_adjuster_READY py 23ee718871ad8137b748d84965cceb9c_0D4C15C7.md",".md"
"D:\MAGIC\backups\QUARANTINE_20250912_142935\magic_file_tracker_export.csv\06C_caption_split_tester_READY py 23ee718871ad81368db9d1213eadf9a4.md","D:\MAGIC\scripts\phase00\INBOX\06C_caption_split_tester_READY py 23ee718871ad81368db9d1213eadf9a4_185B4F65.md","06C_caption_split_tester_READY py 23ee718871ad81368db9d1213eadf9a4_185B4F65.md",".md"
"D:\MAGIC\backups\QUARANTINE_20250912_142935\magic_file_tracker_export.csv\06C_hashtag_split_tester_READY py 23ee718871ad810daa41c409ee8f3eaa.md","D:\MAGIC\scripts\phase00\INBOX\06C_hashtag_split_tester_READY py 23ee718871ad810daa41c409ee8f3eaa_42476FA2.md","06C_hashtag_split_tester_READY py 23ee718871ad810daa41c409ee8f3eaa_42476FA2.md",".md"
"D:\MAGIC\backups\QUARANTINE_20250912_142935\magic_file_tracker_export.csv\06C_thumbnail_variant_analyzer_READY py 23ee718871ad81ce9422c2f00375c307.md","D:\MAGIC\scripts\phase00\INBOX\06C_thumbnail_variant_analyzer_READY py 23ee718871ad81ce9422c2f00375c307_9015E880.md","06C_thumbnail_variant_analyzer_READY py 23ee718871ad81ce9422c2f00375c307_9015E880.md",".md"
"D:\MAGIC\backups\QUARANTINE_20250912_142935\magic_file_tracker_export.csv\06D_auto_delay_retry_handler_READY py 23ee718871ad81b683eace35189d0f05.md","D:\MAGIC\scripts\phase00\INBOX\06D_auto_delay_retry_handler_READY py 23ee718871ad81b683eace35189d0f05_CB35C76C.md","06D_auto_delay_retry_handler_READY py 23ee718871ad81b683eace35189d0f05_CB35C76C.md",".md"
"D:\MAGIC\backups\QUARANTINE_20250912_142935\magic_file_tracker_export.csv\06E_analytics_ping_logger_READY py 23ee718871ad816d8630df7f797931c8.md","D:\MAGIC\scripts\phase00\INBOX\06E_analytics_ping_logger_READY py 23ee718871ad816d8630df7f797931c8_3F6A1606.md","06E_analytics_ping_logger_READY py 23ee718871ad816d8630df7f797931c8_3F6A1606.md",".md"
"D:\MAGIC\backups\QUARANTINE_20250912_142935\magic_file_tracker_export.csv\06E_failed_upload_notifier_READY py 23ee718871ad81bfa96fd4501ad1ea9d.md","D:\MAGIC\scripts\phase00\INBOX\06E_failed_upload_notifier_READY py 23ee718871ad81bfa96fd4501ad1ea9d_D2D2A2D0.md","06E_failed_upload_notifier_READY py 23ee718871ad81bfa96fd4501ad1ea9d_D2D2A2D0.md",".md"
"D:\MAGIC\backups\QUARANTINE_20250912_142935\magic_file_tracker_export.csv\06E_publish_log_cleaner_READY py 23ee718871ad81c5ae04c2c8caad83bf.md","D:\MAGIC\scripts\phase00\INBOX\06E_publish_log_cleaner_READY py 23ee718871ad81c5ae04c2c8caad83bf_92525018.md","06E_publish_log_cleaner_READY py 23ee718871ad81c5ae04c2c8caad83bf_92525018.md",".md"
"D:\MAGIC\backups\QUARANTINE_20250912_142935\magic_file_tracker_export.csv\06E_upload_status_monitor_READY py 23ee718871ad81adb7fae1ce44baf571.md","D:\MAGIC\scripts\phase00\INBOX\06E_upload_status_monitor_READY py 23ee718871ad81adb7fae1ce44baf571_56649935.md","06E_upload_status_monitor_READY py 23ee718871ad81adb7fae1ce44baf571_56649935.md",".md"
"D:\MAGIC\backups\QUARANTINE_20250912_142935\magic_file_tracker_export.csv\06F_dry_run_uploader_no_post_mode__READY py 23ee718871ad81eea11de65c3a9f6124.md","D:\MAGIC\scripts\phase00\INBOX\06F_dry_run_uploader_no_post_mode__READY py 23ee718871ad81eea11de65c3a9f6124_B88834B5.md","06F_dry_run_uploader_no_post_mode__READY py 23ee718871ad81eea11de65c3a9f6124_B88834B5.md",".md"
"D:\MAGIC\backups\QUARANTINE_20250912_142935\magic_file_tracker_export.csv\06F_publish_debug_logger_READY py 23ee718871ad81688cd5fcd234e934f0.md","D:\MAGIC\scripts\phase00\INBOX\06F_publish_debug_logger_READY py 23ee718871ad81688cd5fcd234e934f0_F3DC7E87.md","06F_publish_debug_logger_READY py 23ee718871ad81688cd5fcd234e934f0_F3DC7E87.md",".md"
"D:\MAGIC\backups\QUARANTINE_20250912_142935\magic_file_tracker_export.csv\06F_safe_mode_toggle_READY py 23ee718871ad8117949dd04367621674.md","D:\MAGIC\scripts\phase00\INBOX\06F_safe_mode_toggle_READY py 23ee718871ad8117949dd04367621674_B46F31ED.md","06F_safe_mode_toggle_READY py 23ee718871ad8117949dd04367621674_B46F31ED.md",".md"
"D:\MAGIC\backups\QUARANTINE_20250912_142935\magic_file_tracker_export.csv\06G_export_analytics_to_google_sheets_READY py 23ee718871ad81b8a9cbc2ed80722485.md","D:\MAGIC\scripts\phase00\INBOX\06G_export_analytics_to_google_sheets_READY py 23ee718871ad81b8a9cbc2ed80722485_274C3B4B.md","06G_export_analytics_to_google_sheets_READY py 23ee718871ad81b8a9cbc2ed80722485_274C3B4B.md",".md"
"D:\MAGIC\backups\QUARANTINE_20250912_142935\magic_file_tracker_export.csv\06G_kpi_metrics_dashboard_generator_READY py 23ee718871ad81eaa7cef54e137006dc.md","D:\MAGIC\scripts\phase00\INBOX\06G_kpi_metrics_dashboard_generator_READY py 23ee718871ad81eaa7cef54e137006dc_829AB502.md","06G_kpi_metrics_dashboard_generator_READY py 23ee718871ad81eaa7cef54e137006dc_829AB502.md",".md"
"D:\MAGIC\backups\QUARANTINE_20250912_142935\magic_file_tracker_export.csv\06G_weekly_report_emailer_READY py 23ee718871ad811d816fc501792c87c0.md","D:\MAGIC\scripts\phase00\INBOX\06G_weekly_report_emailer_READY py 23ee718871ad811d816fc501792c87c0_430FAA60.md","06G_weekly_report_emailer_READY py 23ee718871ad811d816fc501792c87c0_430FAA60.md",".md"
"D:\MAGIC\backups\QUARANTINE_20250912_142935\magic_file_tracker_export.csv\06H_error_recovery_republishing_READY py 23ee718871ad8106b8aadb7b4debbc1c.md","D:\MAGIC\scripts\phase00\INBOX\06H_error_recovery_republishing_READY py 23ee718871ad8106b8aadb7b4debbc1c_5ECFC8DB.md","06H_error_recovery_republishing_READY py 23ee718871ad8106b8aadb7b4debbc1c_5ECFC8DB.md",".md"
"D:\MAGIC\backups\QUARANTINE_20250912_142935\magic_file_tracker_export.csv\06H_last_successful_upload_marker_READY py 23ee718871ad8122880bf603ebdc658a.md","D:\MAGIC\scripts\phase00\INBOX\06H_last_successful_upload_marker_READY py 23ee718871ad8122880bf603ebdc658a_D4AFD413.md","06H_last_successful_upload_marker_READY py 23ee718871ad8122880bf603ebdc658a_D4AFD413.md",".md"
"D:\MAGIC\backups\QUARANTINE_20250912_142935\magic_file_tracker_export.csv\06H_post_log_syncer_READY py 23ee718871ad81779ca9ce182b5b64ca.md","D:\MAGIC\scripts\phase00\INBOX\06H_post_log_syncer_READY py 23ee718871ad81779ca9ce182b5b64ca_6CDFF7E2.md","06H_post_log_syncer_READY py 23ee718871ad81779ca9ce182b5b64ca_6CDFF7E2.md",".md"
"D:\MAGIC\backups\QUARANTINE_20250912_142935\magic_file_tracker_export.csv\06H_upload_backup_archiver_READY py 23ee718871ad81f3adeef1e5a117ab06.md","D:\MAGIC\scripts\phase00\INBOX\06H_upload_backup_archiver_READY py 23ee718871ad81f3adeef1e5a117ab06_632BCECC.md","06H_upload_backup_archiver_READY py 23ee718871ad81f3adeef1e5a117ab06_632BCECC.md",".md"
"D:\MAGIC\backups\QUARANTINE_20250912_142935\magic_file_tracker_export.csv\06I_human_oversight_trigger_READY py 23ee718871ad811ab23ed19c27341acc.md","D:\MAGIC\scripts\phase00\INBOX\06I_human_oversight_trigger_READY py 23ee718871ad811ab23ed19c27341acc_C361718D.md","06I_human_oversight_trigger_READY py 23ee718871ad811ab23ed19c27341acc_C361718D.md",".md"
"D:\MAGIC\backups\QUARANTINE_20250912_142935\magic_file_tracker_export.csv\06I_upload_audit_logger_READY py 23ee718871ad817d9462e51eed5a2e31.md","D:\MAGIC\scripts\phase00\INBOX\06I_upload_audit_logger_READY py 23ee718871ad817d9462e51eed5a2e31_25FF4328.md","06I_upload_audit_logger_READY py 23ee718871ad817d9462e51eed5a2e31_25FF4328.md",".md"
"D:\MAGIC\backups\QUARANTINE_20250912_142935\magic_file_tracker_export.csv\06J_ada_compliance_validator_READY py 23ee718871ad8116a0a7e12212c1f241.md","D:\MAGIC\scripts\phase00\INBOX\06J_ada_compliance_validator_READY py 23ee718871ad8116a0a7e12212c1f241_6A608549.md","06J_ada_compliance_validator_READY py 23ee718871ad8116a0a7e12212c1f241_6A608549.md",".md"
"D:\MAGIC\backups\QUARANTINE_20250912_142935\magic_file_tracker_export.csv\06J_caption_translator_READY py 23ee718871ad8198be2dfca9d2c85f7b.md","D:\MAGIC\scripts\phase00\INBOX\06J_caption_translator_READY py 23ee718871ad8198be2dfca9d2c85f7b_ACA7F7AA.md","06J_caption_translator_READY py 23ee718871ad8198be2dfca9d2c85f7b_ACA7F7AA.md",".md"
"D:\MAGIC\backups\QUARANTINE_20250912_142935\magic_file_tracker_export.csv\06K_real_time_spike_detector_READY py 23ee718871ad81f199cff40349b4c449.md","D:\MAGIC\scripts\phase00\INBOX\06K_real_time_spike_detector_READY py 23ee718871ad81f199cff40349b4c449_DB5E4F54.md","06K_real_time_spike_detector_READY py 23ee718871ad81f199cff40349b4c449_DB5E4F54.md",".md"
"D:\MAGIC\backups\QUARANTINE_20250912_142935\magic_file_tracker_export.csv\06K_viewer_retention_analyzer_READY py 23ee718871ad814280e8fd06cdd16c60.md","D:\MAGIC\scripts\phase00\INBOX\06K_viewer_retention_analyzer_READY py 23ee718871ad814280e8fd06cdd16c60_1793FFD5.md","06K_viewer_retention_analyzer_READY py 23ee718871ad814280e8fd06cdd16c60_1793FFD5.md",".md"
"D:\MAGIC\backups\QUARANTINE_20250912_142935\magic_file_tracker_export.csv\06L_analytics_pull_sync_READY py 23ee718871ad814c9b87c50ea7a3540c.md","D:\MAGIC\scripts\phase00\INBOX\06L_analytics_pull_sync_READY py 23ee718871ad814c9b87c50ea7a3540c_10F7958E.md","06L_analytics_pull_sync_READY py 23ee718871ad814c9b87c50ea7a3540c_10F7958E.md",".md"
"D:\MAGIC\backups\QUARANTINE_20250912_142935\magic_file_tracker_export.csv\06L_upload_cost_logger_READY py 23ee718871ad81f590c9cbd4fd626bc3.md","D:\MAGIC\scripts\phase00\INBOX\06L_upload_cost_logger_READY py 23ee718871ad81f590c9cbd4fd626bc3_F408A48B.md","06L_upload_cost_logger_READY py 23ee718871ad81f590c9cbd4fd626bc3_F408A48B.md",".md"
"D:\MAGIC\backups\QUARANTINE_20250912_142935\magic_file_tracker_export.csv\06M_auto_recover_publish_job_READY py 23ee718871ad814a8a6be49c248bcb4a.md","D:\MAGIC\scripts\phase00\INBOX\06M_auto_recover_publish_job_READY py 23ee718871ad814a8a6be49c248bcb4a_CB3254DD.md","06M_auto_recover_publish_job_READY py 23ee718871ad814a8a6be49c248bcb4a_CB3254DD.md",".md"
"D:\MAGIC\backups\QUARANTINE_20250912_142935\magic_file_tracker_export.csv\06M_crash_detector_logger_READY py 23ee718871ad810fb7a5ccbb0f50b41e.md","D:\MAGIC\scripts\phase00\INBOX\06M_crash_detector_logger_READY py 23ee718871ad810fb7a5ccbb0f50b41e_D9109E7E.md","06M_crash_detector_logger_READY py 23ee718871ad810fb7a5ccbb0f50b41e_D9109E7E.md",".md"
"D:\MAGIC\backups\QUARANTINE_20250912_142935\magic_file_tracker_export.csv\06N_notion_performance_sync_READY py 23ee718871ad81488fc6c39444ddf9cb.md","D:\MAGIC\scripts\phase00\INBOX\06N_notion_performance_sync_READY py 23ee718871ad81488fc6c39444ddf9cb_92F83FD0.md","06N_notion_performance_sync_READY py 23ee718871ad81488fc6c39444ddf9cb_92F83FD0.md",".md"
"D:\MAGIC\backups\QUARANTINE_20250912_142935\magic_file_tracker_export.csv\06N_publish_event_logger_to_notion_READY py 23ee718871ad81efa12cc92867e9a82c.md","D:\MAGIC\scripts\phase00\INBOX\06N_publish_event_logger_to_notion_READY py 23ee718871ad81efa12cc92867e9a82c_EC9C230D.md","06N_publish_event_logger_to_notion_READY py 23ee718871ad81efa12cc92867e9a82c_EC9C230D.md",".md"
"D:\MAGIC\backups\QUARANTINE_20250912_142935\magic_file_tracker_export.csv\06O_incoming_webhook_handler_READY py 23ee718871ad815e9306da41728cd211.md","D:\MAGIC\scripts\phase00\INBOX\06O_incoming_webhook_handler_READY py 23ee718871ad815e9306da41728cd211_B210FF0F.md","06O_incoming_webhook_handler_READY py 23ee718871ad815e9306da41728cd211_B210FF0F.md",".md"
"D:\MAGIC\backups\QUARANTINE_20250912_142935\magic_file_tracker_export.csv\06O_zapier_make_integration_bridge_READY py 23ee718871ad81b3a76ed6227bc7b945.md","D:\MAGIC\scripts\phase00\INBOX\06O_zapier_make_integration_bridge_READY py 23ee718871ad81b3a76ed6227bc7b945_1E102B4C.md","06O_zapier_make_integration_bridge_READY py 23ee718871ad81b3a76ed6227bc7b945_1E102B4C.md",".md"
"D:\MAGIC\backups\QUARANTINE_20250912_142935\magic_file_tracker_export.csv\06P_command_line_publisher_READY py 23ee718871ad81dcbb93e6690b56d260.md","D:\MAGIC\scripts\phase00\INBOX\06P_command_line_publisher_READY py 23ee718871ad81dcbb93e6690b56d260_27ADD766.md","06P_command_line_publisher_READY py 23ee718871ad81dcbb93e6690b56d260_27ADD766.md",".md"
"D:\MAGIC\backups\QUARANTINE_20250912_142935\magic_file_tracker_export.csv\06P_core_orchestration_engine_READY py 23ee718871ad81018fe1f3d0404d2f41.md","D:\MAGIC\scripts\phase00\INBOX\06P_core_orchestration_engine_READY py 23ee718871ad81018fe1f3d0404d2f41_8A851CE3.md","06P_core_orchestration_engine_READY py 23ee718871ad81018fe1f3d0404d2f41_8A851CE3.md",".md"
"D:\MAGIC\backups\QUARANTINE_20250912_142935\magic_file_tracker_export.csv\06Q_auto_summary_of_each_post_READY py 23ee718871ad816ba3fcd06e9662dfc0.md","D:\MAGIC\scripts\phase00\INBOX\06Q_auto_summary_of_each_post_READY py 23ee718871ad816ba3fcd06e9662dfc0_A0837D48.md","06Q_auto_summary_of_each_post_READY py 23ee718871ad816ba3fcd06e9662dfc0_A0837D48.md",".md"
"D:\MAGIC\backups\QUARANTINE_20250912_142935\magic_file_tracker_export.csv\06Q_ctr_engagement_summary_report_READY py 23ee718871ad81efb9f7d3b2a9f12177.md","D:\MAGIC\scripts\phase00\INBOX\06Q_ctr_engagement_summary_report_READY py 23ee718871ad81efb9f7d3b2a9f12177_25C974FD.md","06Q_ctr_engagement_summary_report_READY py 23ee718871ad81efb9f7d3b2a9f12177_25C974FD.md",".md"
"D:\MAGIC\backups\QUARANTINE_20250912_142935\magic_file_tracker_export.csv\06R_content_policy_compliance_checker_READY py 23ee718871ad818a9f66f9f1cb45c67d.md","D:\MAGIC\scripts\phase00\INBOX\06R_content_policy_compliance_checker_READY py 23ee718871ad818a9f66f9f1cb45c67d_93546A29.md","06R_content_policy_compliance_checker_READY py 23ee718871ad818a9f66f9f1cb45c67d_93546A29.md",".md"
"D:\MAGIC\backups\QUARANTINE_20250912_142935\magic_file_tracker_export.csv\06R_load_platform_specific_constraints_READY py 23ee718871ad81a68f14ff880e6b7c1c.md","D:\MAGIC\scripts\phase00\INBOX\06R_load_platform_specific_constraints_READY py 23ee718871ad81a68f14ff880e6b7c1c_599364E1.md","06R_load_platform_specific_constraints_READY py 23ee718871ad81a68f14ff880e6b7c1c_599364E1.md",".md"
"D:\MAGIC\backups\QUARANTINE_20250912_142935\magic_file_tracker_export.csv\06S_ai_based_best_time_predictor_READY py 23ee718871ad8107b229c979fc1ba4a6.md","D:\MAGIC\scripts\phase00\INBOX\06S_ai_based_best_time_predictor_READY py 23ee718871ad8107b229c979fc1ba4a6_A15535AC.md","06S_ai_based_best_time_predictor_READY py 23ee718871ad8107b229c979fc1ba4a6_A15535AC.md",".md"
"D:\MAGIC\backups\QUARANTINE_20250912_142935\magic_file_tracker_export.csv\06S_virality_score_forecaster_READY py 23ee718871ad8148a7dcc3c7ed766209.md","D:\MAGIC\scripts\phase00\INBOX\06S_virality_score_forecaster_READY py 23ee718871ad8148a7dcc3c7ed766209_1B1FEBE1.md","06S_virality_score_forecaster_READY py 23ee718871ad8148a7dcc3c7ed766209_1B1FEBE1.md",".md"
"D:\MAGIC\backups\QUARANTINE_20250912_142935\magic_file_tracker_export.csv\06T_role_based_publishing_permissions_READY py 23ee718871ad81939786c3f041cd4330.md","D:\MAGIC\scripts\phase00\INBOX\06T_role_based_publishing_permissions_READY py 23ee718871ad81939786c3f041cd4330_157EB0DA.md","06T_role_based_publishing_permissions_READY py 23ee718871ad81939786c3f041cd4330_157EB0DA.md",".md"
"D:\MAGIC\backups\QUARANTINE_20250912_142935\magic_file_tracker_export.csv\06T_team_approval_queue_engine_READY py 23ee718871ad8192b3ece0a1907ad51b.md","D:\MAGIC\scripts\phase00\INBOX\06T_team_approval_queue_engine_READY py 23ee718871ad8192b3ece0a1907ad51b_BFED57C9.md","06T_team_approval_queue_engine_READY py 23ee718871ad8192b3ece0a1907ad51b_BFED57C9.md",".md"
"D:\MAGIC\backups\QUARANTINE_20250912_142935\magic_file_tracker_export.csv\06U_auto_boost_to_fb_ig_via_ads_api_READY py 23ee718871ad81ce93d1e721346bce06.md","D:\MAGIC\scripts\phase00\INBOX\06U_auto_boost_to_fb_ig_via_ads_api_READY py 23ee718871ad81ce93d1e721346bce06_DDC943B6.md","06U_auto_boost_to_fb_ig_via_ads_api_READY py 23ee718871ad81ce93d1e721346bce06_DDC943B6.md",".md"
"D:\MAGIC\backups\QUARANTINE_20250912_142935\magic_file_tracker_export.csv\06U_promotion_cost_optimizer_READY py 23ee718871ad81b38081cbc86376b47c.md","D:\MAGIC\scripts\phase00\INBOX\06U_promotion_cost_optimizer_READY py 23ee718871ad81b38081cbc86376b47c_BF82793A.md","06U_promotion_cost_optimizer_READY py 23ee718871ad81b38081cbc86376b47c_BF82793A.md",".md"
"D:\MAGIC\backups\QUARANTINE_20250912_142935\magic_file_tracker_export.csv\06V_affiliate_revenue_tracker_READY py 23ee718871ad816ba829f44efc0e7af3.md","D:\MAGIC\scripts\phase00\INBOX\06V_affiliate_revenue_tracker_READY py 23ee718871ad816ba829f44efc0e7af3_000F3C1D.md","06V_affiliate_revenue_tracker_READY py 23ee718871ad816ba829f44efc0e7af3_000F3C1D.md",".md"
"D:\MAGIC\backups\QUARANTINE_20250912_142935\magic_file_tracker_export.csv\06V_post_roi_analyzer_READY py 23ee718871ad815bb94fc7eaf5b27a71.md","D:\MAGIC\scripts\phase00\INBOX\06V_post_roi_analyzer_READY py 23ee718871ad815bb94fc7eaf5b27a71_6E31CFCD.md","06V_post_roi_analyzer_READY py 23ee718871ad815bb94fc7eaf5b27a71_6E31CFCD.md",".md"
"D:\MAGIC\backups\QUARANTINE_20250912_142935\magic_file_tracker_export.csv\06W_global_emergency_stop_trigger_READY py 23ee718871ad814ca215ec868ac871e1.md","D:\MAGIC\scripts\phase00\INBOX\06W_global_emergency_stop_trigger_READY py 23ee718871ad814ca215ec868ac871e1_A7F144CE.md","06W_global_emergency_stop_trigger_READY py 23ee718871ad814ca215ec868ac871e1_A7F144CE.md",".md"
"D:\MAGIC\backups\QUARANTINE_20250912_142935\magic_file_tracker_export.csv\06W_manual_force_post_toggle_READY py 23ee718871ad8127b5a8f574bd891d70.md","D:\MAGIC\scripts\phase00\INBOX\06W_manual_force_post_toggle_READY py 23ee718871ad8127b5a8f574bd891d70_F63803B0.md","06W_manual_force_post_toggle_READY py 23ee718871ad8127b5a8f574bd891d70_F63803B0.md",".md"
"D:\MAGIC\backups\QUARANTINE_20250912_142935\magic_file_tracker_export.csv\06X_auto_disclosure_caption_appender_READY py 23ee718871ad814199ddf53cca4b5c01.md","D:\MAGIC\scripts\phase00\INBOX\06X_auto_disclosure_caption_appender_READY py 23ee718871ad814199ddf53cca4b5c01_B421402B.md","06X_auto_disclosure_caption_appender_READY py 23ee718871ad814199ddf53cca4b5c01_B421402B.md",".md"
"D:\MAGIC\backups\QUARANTINE_20250912_142935\magic_file_tracker_export.csv\06X_copyright_check_engine_READY py 23ee718871ad81f480afec9c4303e4e5.md","D:\MAGIC\scripts\phase00\INBOX\06X_copyright_check_engine_READY py 23ee718871ad81f480afec9c4303e4e5_267100CA.md","06X_copyright_check_engine_READY py 23ee718871ad81f480afec9c4303e4e5_267100CA.md",".md"
"D:\MAGIC\backups\QUARANTINE_20250912_142935\magic_file_tracker_export.csv\06Y_sync_publish_configs_to_json_READY py 23ee718871ad81b78afecf5d0e2476e5.md","D:\MAGIC\scripts\phase00\INBOX\06Y_sync_publish_configs_to_json_READY py 23ee718871ad81b78afecf5d0e2476e5_34F3E3D6.md","06Y_sync_publish_configs_to_json_READY py 23ee718871ad81b78afecf5d0e2476e5_34F3E3D6.md",".md"
"D:\MAGIC\backups\QUARANTINE_20250912_142935\magic_file_tracker_export.csv\06Y_upload_to_cloud_backup_READY py 23ee718871ad8103a3fae13ea8433be8.md","D:\MAGIC\scripts\phase00\INBOX\06Y_upload_to_cloud_backup_READY py 23ee718871ad8103a3fae13ea8433be8_DD21610E.md","06Y_upload_to_cloud_backup_READY py 23ee718871ad8103a3fae13ea8433be8_DD21610E.md",".md"
"D:\MAGIC\backups\QUARANTINE_20250912_142935\magic_file_tracker_export.csv\06Z_profit_forecast_model_READY py 23ee718871ad8177988ff5664da1476b.md","D:\MAGIC\scripts\phase00\INBOX\06Z_profit_forecast_model_READY py 23ee718871ad8177988ff5664da1476b_012DA08D.md","06Z_profit_forecast_model_READY py 23ee718871ad8177988ff5664da1476b_012DA08D.md",".md"
"D:\MAGIC\backups\QUARANTINE_20250912_142935\magic_file_tracker_export.csv\06Z_revenue_breakdown_by_platform_READY py 23ee718871ad8113bfd5ccd7aa7eb952.md","D:\MAGIC\scripts\phase00\INBOX\06Z_revenue_breakdown_by_platform_READY py 23ee718871ad8113bfd5ccd7aa7eb952_3242EB57.md","06Z_revenue_breakdown_by_platform_READY py 23ee718871ad8113bfd5ccd7aa7eb952_3242EB57.md",".md"
"D:\MAGIC\backups\QUARANTINE_20250912_142935\magic_file_tracker_export.csv\07A_comment_alert_trigger_READY py 23ee718871ad818eb457c8cc1a346c7f.md","D:\MAGIC\scripts\phase00\INBOX\07A_comment_alert_trigger_READY py 23ee718871ad818eb457c8cc1a346c7f_467ECDAF.md","07A_comment_alert_trigger_READY py 23ee718871ad818eb457c8cc1a346c7f_467ECDAF.md",".md"
"D:\MAGIC\backups\QUARANTINE_20250912_142935\magic_file_tracker_export.csv\07A_comment_sentiment_tracker_READY py 23ee718871ad81898a33db08eab80f7c.md","D:\MAGIC\scripts\phase00\INBOX\07A_comment_sentiment_tracker_READY py 23ee718871ad81898a33db08eab80f7c_D1CD88F8.md","07A_comment_sentiment_tracker_READY py 23ee718871ad81898a33db08eab80f7c_D1CD88F8.md",".md"
"D:\MAGIC\backups\QUARANTINE_20250912_142935\magic_file_tracker_export.csv\07A_faq_extractor_from_comments_READY py 23ee718871ad81789d71f41f33c89285.md","D:\MAGIC\scripts\phase00\INBOX\07A_faq_extractor_from_comments_READY py 23ee718871ad81789d71f41f33c89285_68EC6A99.md","07A_faq_extractor_from_comments_READY py 23ee718871ad81789d71f41f33c89285_68EC6A99.md",".md"
"D:\MAGIC\backups\QUARANTINE_20250912_142935\magic_file_tracker_export.csv\07B_auto_dm_responder_READY py 23ee718871ad8152b851dd5797fc972b.md","D:\MAGIC\scripts\phase00\INBOX\07B_auto_dm_responder_READY py 23ee718871ad8152b851dd5797fc972b_8394C748.md","07B_auto_dm_responder_READY py 23ee718871ad8152b851dd5797fc972b_8394C748.md",".md"
"D:\MAGIC\backups\QUARANTINE_20250912_142935\magic_file_tracker_export.csv\07B_loyalty_score_engine_READY py 23ee718871ad813f8d6ae80a4d91a3ec.md","D:\MAGIC\scripts\phase00\INBOX\07B_loyalty_score_engine_READY py 23ee718871ad813f8d6ae80a4d91a3ec_EDA70451.md","07B_loyalty_score_engine_READY py 23ee718871ad813f8d6ae80a4d91a3ec_EDA70451.md",".md"
"D:\MAGIC\backups\QUARANTINE_20250912_142935\magic_file_tracker_export.csv\07B_warm_lead_tagger_READY py 23ee718871ad81828f79f4347e0f185f.md","D:\MAGIC\scripts\phase00\INBOX\07B_warm_lead_tagger_READY py 23ee718871ad81828f79f4347e0f185f_EDD57D98.md","07B_warm_lead_tagger_READY py 23ee718871ad81828f79f4347e0f185f_EDD57D98.md",".md"
"D:\MAGIC\backups\QUARANTINE_20250912_142935\magic_file_tracker_export.csv\07C_giveaway_trigger_bot_READY py 23ee718871ad81fd9133c96bd5814ed8.md","D:\MAGIC\scripts\phase00\INBOX\07C_giveaway_trigger_bot_READY py 23ee718871ad81fd9133c96bd5814ed8_BF6707A2.md","07C_giveaway_trigger_bot_READY py 23ee718871ad81fd9133c96bd5814ed8_BF6707A2.md",".md"
"D:\MAGIC\backups\QUARANTINE_20250912_142935\magic_file_tracker_export.csv\07C_loyalty_badge_distributor_READY py 23ee718871ad8161ad53dc4454cb6e2a.md","D:\MAGIC\scripts\phase00\INBOX\07C_loyalty_badge_distributor_READY py 23ee718871ad8161ad53dc4454cb6e2a_15D370B7.md","07C_loyalty_badge_distributor_READY py 23ee718871ad8161ad53dc4454cb6e2a_15D370B7.md",".md"
"D:\MAGIC\backups\QUARANTINE_20250912_142935\magic_file_tracker_export.csv\07C_milestone_celebration_trigger_READY py 23ee718871ad81578c12c3d05b7521d7.md","D:\MAGIC\scripts\phase00\INBOX\07C_milestone_celebration_trigger_READY py 23ee718871ad81578c12c3d05b7521d7_6D37AFEA.md","07C_milestone_celebration_trigger_READY py 23ee718871ad81578c12c3d05b7521d7_6D37AFEA.md",".md"
"D:\MAGIC\backups\QUARANTINE_20250912_142935\magic_file_tracker_export.csv\08A_a_b_roi_testing_monitor_READY py 23ee718871ad81e787edcee311c2d9da.md","D:\MAGIC\scripts\phase00\INBOX\08A_a_b_roi_testing_monitor_READY py 23ee718871ad81e787edcee311c2d9da_FECD8491.md","08A_a_b_roi_testing_monitor_READY py 23ee718871ad81e787edcee311c2d9da_FECD8491.md",".md"
"D:\MAGIC\backups\QUARANTINE_20250912_142935\magic_file_tracker_export.csv\08A_content_analytics_dashboard_READY py 23ee718871ad814b8fabe5f4cbba98b2.md","D:\MAGIC\scripts\phase00\INBOX\08A_content_analytics_dashboard_READY py 23ee718871ad814b8fabe5f4cbba98b2_A0F64447.md","08A_content_analytics_dashboard_READY py 23ee718871ad814b8fabe5f4cbba98b2_A0F64447.md",".md"
"D:\MAGIC\backups\QUARANTINE_20250912_142935\magic_file_tracker_export.csv\08A_performance_decay_detector_READY py 23ee718871ad81e8b1e4ccd7ff1a2d59.md","D:\MAGIC\scripts\phase00\INBOX\08A_performance_decay_detector_READY py 23ee718871ad81e8b1e4ccd7ff1a2d59_37B33777.md","08A_performance_decay_detector_READY py 23ee718871ad81e8b1e4ccd7ff1a2d59_37B33777.md",".md"
"D:\MAGIC\backups\QUARANTINE_20250912_142935\magic_file_tracker_export.csv\08B_dropoff_heatmap_visualizer_READY py 23ee718871ad81ddad01c8cdc21fbc48.md","D:\MAGIC\scripts\phase00\INBOX\08B_dropoff_heatmap_visualizer_READY py 23ee718871ad81ddad01c8cdc21fbc48_2FCF5D74.md","08B_dropoff_heatmap_visualizer_READY py 23ee718871ad81ddad01c8cdc21fbc48_2FCF5D74.md",".md"
"D:\MAGIC\backups\QUARANTINE_20250912_142935\magic_file_tracker_export.csv\08B_sentiment_scoring_engine_READY py 23ee718871ad81fcb42cf954b02ad446.md","D:\MAGIC\scripts\phase00\INBOX\08B_sentiment_scoring_engine_READY py 23ee718871ad81fcb42cf954b02ad446_E9979111.md","08B_sentiment_scoring_engine_READY py 23ee718871ad81fcb42cf954b02ad446_E9979111.md",".md"
"D:\MAGIC\backups\QUARANTINE_20250912_142935\magic_file_tracker_export.csv\08B_user_reaction_scraper_READY py 23ee718871ad812ba97fefb366e1cad4.md","D:\MAGIC\scripts\phase00\INBOX\08B_user_reaction_scraper_READY py 23ee718871ad812ba97fefb366e1cad4_DD0047F8.md","08B_user_reaction_scraper_READY py 23ee718871ad812ba97fefb366e1cad4_DD0047F8.md",".md"
"D:\MAGIC\backups\QUARANTINE_20250912_142935\magic_file_tracker_export.csv\08C_affiliate_click_tracker_READY py 23ee718871ad81378681c363f125e847.md","D:\MAGIC\scripts\phase00\INBOX\08C_affiliate_click_tracker_READY py 23ee718871ad81378681c363f125e847_56931B85.md","08C_affiliate_click_tracker_READY py 23ee718871ad81378681c363f125e847_56931B85.md",".md"
"D:\MAGIC\backups\QUARANTINE_20250912_142935\magic_file_tracker_export.csv\08C_attribution_scoring_model_READY py 23ee718871ad81ecae3be93ba2010264.md","D:\MAGIC\scripts\phase00\INBOX\08C_attribution_scoring_model_READY py 23ee718871ad81ecae3be93ba2010264_D69E6EAE.md","08C_attribution_scoring_model_READY py 23ee718871ad81ecae3be93ba2010264_D69E6EAE.md",".md"
"D:\MAGIC\backups\QUARANTINE_20250912_142935\magic_file_tracker_export.csv\08C_traffic_source_breakdown_READY py 23ee718871ad81a29155cfea02ad4ba6.md","D:\MAGIC\scripts\phase00\INBOX\08C_traffic_source_breakdown_READY py 23ee718871ad81a29155cfea02ad4ba6_B51D56BE.md","08C_traffic_source_breakdown_READY py 23ee718871ad81a29155cfea02ad4ba6_B51D56BE.md",".md"
"D:\MAGIC\backups\QUARANTINE_20250912_142935\magic_file_tracker_export.csv\08D_audience_insights_module_READY py 23ee718871ad8132b376dcadd8b0427c.md","D:\MAGIC\scripts\phase00\INBOX\08D_audience_insights_module_READY py 23ee718871ad8132b376dcadd8b0427c_EAB74970.md","08D_audience_insights_module_READY py 23ee718871ad8132b376dcadd8b0427c_EAB74970.md",".md"
"D:\MAGIC\backups\QUARANTINE_20250912_142935\magic_file_tracker_export.csv\08D_funnel_dropout_analyzer_READY py 23ee718871ad8101972adabdb238d5ad.md","D:\MAGIC\scripts\phase00\INBOX\08D_funnel_dropout_analyzer_READY py 23ee718871ad8101972adabdb238d5ad_6B02E498.md","08D_funnel_dropout_analyzer_READY py 23ee718871ad8101972adabdb238d5ad_6B02E498.md",".md"
"D:\MAGIC\backups\QUARANTINE_20250912_142935\magic_file_tracker_export.csv\08D_retention_cohort_builder_READY py 23ee718871ad81f5b46fde62b4328a0f.md","D:\MAGIC\scripts\phase00\INBOX\08D_retention_cohort_builder_READY py 23ee718871ad81f5b46fde62b4328a0f_D5514758.md","08D_retention_cohort_builder_READY py 23ee718871ad81f5b46fde62b4328a0f_D5514758.md",".md"
"D:\MAGIC\backups\QUARANTINE_20250912_142935\magic_file_tracker_export.csv\08E_ai_learning_updater_READY py 23ee718871ad81aca913fbe34a31c3f1.md","D:\MAGIC\scripts\phase00\INBOX\08E_ai_learning_updater_READY py 23ee718871ad81aca913fbe34a31c3f1_5435E41E.md","08E_ai_learning_updater_READY py 23ee718871ad81aca913fbe34a31c3f1_5435E41E.md",".md"
"D:\MAGIC\backups\QUARANTINE_20250912_142935\magic_file_tracker_export.csv\08E_alert_trigger_to_orchestrator_READY py 23ee718871ad8128a278efc1caa90d56.md","D:\MAGIC\scripts\phase00\INBOX\08E_alert_trigger_to_orchestrator_READY py 23ee718871ad8128a278efc1caa90d56_15A69A4D.md","08E_alert_trigger_to_orchestrator_READY py 23ee718871ad8128a278efc1caa90d56_15A69A4D.md",".md"
"D:\MAGIC\backups\QUARANTINE_20250912_142935\magic_file_tracker_export.csv\08E_feedback_loop_controller_READY py 23ee718871ad8182be00e568a4c09490.md","D:\MAGIC\scripts\phase00\INBOX\08E_feedback_loop_controller_READY py 23ee718871ad8182be00e568a4c09490_AC3A4ECF.md","08E_feedback_loop_controller_READY py 23ee718871ad8182be00e568a4c09490_AC3A4ECF.md",".md"
"D:\MAGIC\backups\QUARANTINE_20250912_142935\magic_file_tracker_export.csv\08F_multivariate_testing_manager_READY py 23ee718871ad81eb9397e5ce2981e521.md","D:\MAGIC\scripts\phase00\INBOX\08F_multivariate_testing_manager_READY py 23ee718871ad81eb9397e5ce2981e521_18768B03.md","08F_multivariate_testing_manager_READY py 23ee718871ad81eb9397e5ce2981e521_18768B03.md",".md"
"D:\MAGIC\backups\QUARANTINE_20250912_142935\magic_file_tracker_export.csv\08F_statistical_significance_analyzer_READY py 23ee718871ad8135b3dcda2b05733107.md","D:\MAGIC\scripts\phase00\INBOX\08F_statistical_significance_analyzer_READY py 23ee718871ad8135b3dcda2b05733107_BC4D76BC.md","08F_statistical_significance_analyzer_READY py 23ee718871ad8135b3dcda2b05733107_BC4D76BC.md",".md"
"D:\MAGIC\backups\QUARANTINE_20250912_142935\magic_file_tracker_export.csv\08F_variant_experiment_queue_READY py 23ee718871ad81e2a8b0d114f1802b07.md","D:\MAGIC\scripts\phase00\INBOX\08F_variant_experiment_queue_READY py 23ee718871ad81e2a8b0d114f1802b07_9D2716E9.md","08F_variant_experiment_queue_READY py 23ee718871ad81e2a8b0d114f1802b07_9D2716E9.md",".md"
"D:\MAGIC\backups\QUARANTINE_20250912_142935\magic_file_tracker_export.csv\08G_export_to_notion_workspace_READY py 23ee718871ad81c38ea4d2bbee324bfe.md","D:\MAGIC\scripts\phase00\INBOX\08G_export_to_notion_workspace_READY py 23ee718871ad81c38ea4d2bbee324bfe_A1246A34.md","08G_export_to_notion_workspace_READY py 23ee718871ad81c38ea4d2bbee324bfe_A1246A34.md",".md"
"D:\MAGIC\backups\QUARANTINE_20250912_142935\magic_file_tracker_export.csv\08G_sync_reports_to_google_sheets_READY py 23ee718871ad818da4f6c5155839e13e.md","D:\MAGIC\scripts\phase00\INBOX\08G_sync_reports_to_google_sheets_READY py 23ee718871ad818da4f6c5155839e13e_3EBD1390.md","08G_sync_reports_to_google_sheets_READY py 23ee718871ad818da4f6c5155839e13e_3EBD1390.md",".md"
"D:\MAGIC\backups\QUARANTINE_20250912_142935\magic_file_tracker_export.csv\08G_weekly_convertkit_email_sync_READY py 23ee718871ad81feabd6dea0bc590763.md","D:\MAGIC\scripts\phase00\INBOX\08G_weekly_convertkit_email_sync_READY py 23ee718871ad81feabd6dea0bc590763_883A795F.md","08G_weekly_convertkit_email_sync_READY py 23ee718871ad81feabd6dea0bc590763_883A795F.md",".md"
"D:\MAGIC\backups\QUARANTINE_20250912_142935\magic_file_tracker_export.csv\08H_content_version_comparator_READY py 23ee718871ad81ef8561ef84b5dc396c.md","D:\MAGIC\scripts\phase00\INBOX\08H_content_version_comparator_READY py 23ee718871ad81ef8561ef84b5dc396c_656FC875.md","08H_content_version_comparator_READY py 23ee718871ad81ef8561ef84b5dc396c_656FC875.md",".md"
"D:\MAGIC\backups\QUARANTINE_20250912_142935\magic_file_tracker_export.csv\08H_historical_trend_archive_READY py 23ee718871ad81799cabc76e4acc560b.md","D:\MAGIC\scripts\phase00\INBOX\08H_historical_trend_archive_READY py 23ee718871ad81799cabc76e4acc560b_26299178.md","08H_historical_trend_archive_READY py 23ee718871ad81799cabc76e4acc560b_26299178.md",".md"
"D:\MAGIC\backups\QUARANTINE_20250912_142935\magic_file_tracker_export.csv\08H_week_on_week_performance_delta_READY py 23ee718871ad811daa9cc1b04b9c13af.md","D:\MAGIC\scripts\phase00\INBOX\08H_week_on_week_performance_delta_READY py 23ee718871ad811daa9cc1b04b9c13af_1A5EF971.md","08H_week_on_week_performance_delta_READY py 23ee718871ad811daa9cc1b04b9c13af_1A5EF971.md",".md"
"D:\MAGIC\backups\QUARANTINE_20250912_142935\magic_file_tracker_export.csv\08I_decline_warning_trigger_READY py 23ee718871ad814caae2c95f4bf72059.md","D:\MAGIC\scripts\phase00\INBOX\08I_decline_warning_trigger_READY py 23ee718871ad814caae2c95f4bf72059_AC02FA0B.md","08I_decline_warning_trigger_READY py 23ee718871ad814caae2c95f4bf72059_AC02FA0B.md",".md"
"D:\MAGIC\backups\QUARANTINE_20250912_142935\magic_file_tracker_export.csv\08I_metric_spike_alerting_system_READY py 23ee718871ad819cb062d105bffe0842.md","D:\MAGIC\scripts\phase00\INBOX\08I_metric_spike_alerting_system_READY py 23ee718871ad819cb062d105bffe0842_F9AC24E0.md","08I_metric_spike_alerting_system_READY py 23ee718871ad819cb062d105bffe0842_F9AC24E0.md",".md"
"D:\MAGIC\backups\QUARANTINE_20250912_142935\magic_file_tracker_export.csv\08I_slack_discord_bot_reporter_READY py 23ee718871ad819d977af2f0fac2cea1.md","D:\MAGIC\scripts\phase00\INBOX\08I_slack_discord_bot_reporter_READY py 23ee718871ad819d977af2f0fac2cea1_AAEB9C48.md","08I_slack_discord_bot_reporter_READY py 23ee718871ad819d977af2f0fac2cea1_AAEB9C48.md",".md"
"D:\MAGIC\backups\QUARANTINE_20250912_142935\magic_file_tracker_export.csv\08J_ai_model_reward_tuner_READY py 23ee718871ad817d8717d1c4483bdbd3.md","D:\MAGIC\scripts\phase00\INBOX\08J_ai_model_reward_tuner_READY py 23ee718871ad817d8717d1c4483bdbd3_6D06C837.md","08J_ai_model_reward_tuner_READY py 23ee718871ad817d8717d1c4483bdbd3_6D06C837.md",".md"
"D:\MAGIC\backups\QUARANTINE_20250912_142935\magic_file_tracker_export.csv\08J_audience_clustering_updater_READY py 23ee718871ad819885f4cb683326e57e.md","D:\MAGIC\scripts\phase00\INBOX\08J_audience_clustering_updater_READY py 23ee718871ad819885f4cb683326e57e_B0DCB529.md","08J_audience_clustering_updater_READY py 23ee718871ad819885f4cb683326e57e_B0DCB529.md",".md"
"D:\MAGIC\backups\QUARANTINE_20250912_142935\magic_file_tracker_export.csv\08J_content_recipe_optimizer_READY py 23ee718871ad815282e4c36efebfc9a1.md","D:\MAGIC\scripts\phase00\INBOX\08J_content_recipe_optimizer_READY py 23ee718871ad815282e4c36efebfc9a1_4023866E.md","08J_content_recipe_optimizer_READY py 23ee718871ad815282e4c36efebfc9a1_4023866E.md",".md"
"D:\MAGIC\backups\QUARANTINE_20250912_142935\magic_file_tracker_export.csv\08K_post_performance_forecaster_READY py 23ee718871ad81df9354f61d57b86bf2.md","D:\MAGIC\scripts\phase00\INBOX\08K_post_performance_forecaster_READY py 23ee718871ad81df9354f61d57b86bf2_634A534B.md","08K_post_performance_forecaster_READY py 23ee718871ad81df9354f61d57b86bf2_634A534B.md",".md"
"D:\MAGIC\backups\QUARANTINE_20250912_142935\magic_file_tracker_export.csv\08K_seasonal_pattern_detector_READY py 23ee718871ad8141aa9cdd6d4d685fdd.md","D:\MAGIC\scripts\phase00\INBOX\08K_seasonal_pattern_detector_READY py 23ee718871ad8141aa9cdd6d4d685fdd_9F9907C7.md","08K_seasonal_pattern_detector_READY py 23ee718871ad8141aa9cdd6d4d685fdd_9F9907C7.md",".md"
"D:\MAGIC\backups\QUARANTINE_20250912_142935\magic_file_tracker_export.csv\08K_viral_trend_lifespan_predictor_READY py 23ee718871ad81c999b1e8f8d21c0420.md","D:\MAGIC\scripts\phase00\INBOX\08K_viral_trend_lifespan_predictor_READY py 23ee718871ad81c999b1e8f8d21c0420_80E7AFF8.md","08K_viral_trend_lifespan_predictor_READY py 23ee718871ad81c999b1e8f8d21c0420_80E7AFF8.md",".md"
"D:\MAGIC\backups\QUARANTINE_20250912_142935\magic_file_tracker_export.csv\08L_push_thumbnail_insights_to_prism_READY py 23ee718871ad8142aac8c59b91b2e3e0.md","D:\MAGIC\scripts\phase00\INBOX\08L_push_thumbnail_insights_to_prism_READY py 23ee718871ad8142aac8c59b91b2e3e0_BF8BA9DC.md","08L_push_thumbnail_insights_to_prism_READY py 23ee718871ad8142aac8c59b91b2e3e0_BF8BA9DC.md",".md"
"D:\MAGIC\backups\QUARANTINE_20250912_142935\magic_file_tracker_export.csv\08L_recommend_posting_time_updates_READY py 23ee718871ad812ca94ffd2fbb3cc302.md","D:\MAGIC\scripts\phase00\INBOX\08L_recommend_posting_time_updates_READY py 23ee718871ad812ca94ffd2fbb3cc302_4BE864EC.md","08L_recommend_posting_time_updates_READY py 23ee718871ad812ca94ffd2fbb3cc302_4BE864EC.md",".md"
"D:\MAGIC\backups\QUARANTINE_20250912_142935\magic_file_tracker_export.csv\08L_update_scribe_generation_prompts_READY py 23ee718871ad81c39aeef11f03914a59.md","D:\MAGIC\scripts\phase00\INBOX\08L_update_scribe_generation_prompts_READY py 23ee718871ad81c39aeef11f03914a59_FE6CE9B8.md","08L_update_scribe_generation_prompts_READY py 23ee718871ad81c39aeef11f03914a59_FE6CE9B8.md",".md"
"D:\MAGIC\backups\QUARANTINE_20250912_142935\magic_file_tracker_export.csv\08M_auto_suggest_titles_from_seo_READY py 23ee718871ad816a879adf460a6063a7.md","D:\MAGIC\scripts\phase00\INBOX\08M_auto_suggest_titles_from_seo_READY py 23ee718871ad816a879adf460a6063a7_9DA594E7.md","08M_auto_suggest_titles_from_seo_READY py 23ee718871ad816a879adf460a6063a7_9DA594E7.md",".md"
"D:\MAGIC\backups\QUARANTINE_20250912_142935\magic_file_tracker_export.csv\08M_ctr_drop_keyword_alert_system_READY py 23ee718871ad81819184ebcf91d15dcf.md","D:\MAGIC\scripts\phase00\INBOX\08M_ctr_drop_keyword_alert_system_READY py 23ee718871ad81819184ebcf91d15dcf_20F9F93E.md","08M_ctr_drop_keyword_alert_system_READY py 23ee718871ad81819184ebcf91d15dcf_20F9F93E.md",".md"
"D:\MAGIC\backups\QUARANTINE_20250912_142935\magic_file_tracker_export.csv\08M_high_converting_keyword_ranker_READY py 23ee718871ad81cc9b2ec56a5a4f7853.md","D:\MAGIC\scripts\phase00\INBOX\08M_high_converting_keyword_ranker_READY py 23ee718871ad81cc9b2ec56a5a4f7853_B5A58199.md","08M_high_converting_keyword_ranker_READY py 23ee718871ad81cc9b2ec56a5a4f7853_B5A58199.md",".md"
"D:\MAGIC\backups\QUARANTINE_20250912_142935\magic_file_tracker_export.csv\08N_instagram_analytics_sync_READY py 23ee718871ad810fa906e086fb6d6ad7.md","D:\MAGIC\scripts\phase00\INBOX\08N_instagram_analytics_sync_READY py 23ee718871ad810fa906e086fb6d6ad7_FDFFAAAE.md","08N_instagram_analytics_sync_READY py 23ee718871ad810fa906e086fb6d6ad7_FDFFAAAE.md",".md"
"D:\MAGIC\backups\QUARANTINE_20250912_142935\magic_file_tracker_export.csv\08N_tiktok_insights_importer_READY py 23ee718871ad81a3a8e9f7baaa692911.md","D:\MAGIC\scripts\phase00\INBOX\08N_tiktok_insights_importer_READY py 23ee718871ad81a3a8e9f7baaa692911_A889526A.md","08N_tiktok_insights_importer_READY py 23ee718871ad81a3a8e9f7baaa692911_A889526A.md",".md"
"D:\MAGIC\backups\QUARANTINE_20250912_142935\magic_file_tracker_export.csv\08N_youtube_api_feedback_processor_READY py 23ee718871ad81f6ad98cd1e6fa5ac75.md","D:\MAGIC\scripts\phase00\INBOX\08N_youtube_api_feedback_processor_READY py 23ee718871ad81f6ad98cd1e6fa5ac75_7307F441.md","08N_youtube_api_feedback_processor_READY py 23ee718871ad81f6ad98cd1e6fa5ac75_7307F441.md",".md"
"D:\MAGIC\backups\QUARANTINE_20250912_142935\magic_file_tracker_export.csv\08O_attribution_override_ai_agent_READY py 23ee718871ad81fa9db2d7f0d3a5606e.md","D:\MAGIC\scripts\phase00\INBOX\08O_attribution_override_ai_agent_READY py 23ee718871ad81fa9db2d7f0d3a5606e_A78B11A0.md","08O_attribution_override_ai_agent_READY py 23ee718871ad81fa9db2d7f0d3a5606e_A78B11A0.md",".md"
"D:\MAGIC\backups\QUARANTINE_20250912_142935\magic_file_tracker_export.csv\08O_funnel_roi_traceback_engine_READY py 23ee718871ad81fa8343c3690e39bd89.md","D:\MAGIC\scripts\phase00\INBOX\08O_funnel_roi_traceback_engine_READY py 23ee718871ad81fa8343c3690e39bd89_AEE8E0AD.md","08O_funnel_roi_traceback_engine_READY py 23ee718871ad81fa8343c3690e39bd89_AEE8E0AD.md",".md"
"D:\MAGIC\backups\QUARANTINE_20250912_142935\magic_file_tracker_export.csv\08O_profitability_per_content_type_READY py 23ee718871ad8185b84eda872f22d29b.md","D:\MAGIC\scripts\phase00\INBOX\08O_profitability_per_content_type_READY py 23ee718871ad8185b84eda872f22d29b_2F533035.md","08O_profitability_per_content_type_READY py 23ee718871ad8185b84eda872f22d29b_2F533035.md",".md"
"D:\MAGIC\backups\QUARANTINE_20250912_142935\magic_file_tracker_export.csv\08P_feedback_linked_fine_tuning_triggers_READY py 23ee718871ad81ad9acfcab5db1f1570.md","D:\MAGIC\scripts\phase00\INBOX\08P_feedback_linked_fine_tuning_triggers_READY py 23ee718871ad81ad9acfcab5db1f1570_92B29762.md","08P_feedback_linked_fine_tuning_triggers_READY py 23ee718871ad81ad9acfcab5db1f1570_92B29762.md",".md"
"D:\MAGIC\backups\QUARANTINE_20250912_142935\magic_file_tracker_export.csv\08P_tag_high_performance_traits_to_agent_db_READY  23ee718871ad81e5b25ec48d509129d6.md","D:\MAGIC\scripts\phase00\INBOX\08P_tag_high_performance_traits_to_agent_db_READY 23ee718871ad81e5b25ec48d509129d6_48980BB5.md","08P_tag_high_performance_traits_to_agent_db_READY 23ee718871ad81e5b25ec48d509129d6_48980BB5.md",".md"
"D:\MAGIC\backups\QUARANTINE_20250912_142935\magic_file_tracker_export.csv\08P_update_agent_memory_embeddings_READY py 23ee718871ad815ba177e1a3cd9bfb22.md","D:\MAGIC\scripts\phase00\INBOX\08P_update_agent_memory_embeddings_READY py 23ee718871ad815ba177e1a3cd9bfb22_00C35444.md","08P_update_agent_memory_embeddings_READY py 23ee718871ad815ba177e1a3cd9bfb22_00C35444.md",".md"
"D:\MAGIC\backups\QUARANTINE_20250912_142935\magic_file_tracker_export.csv\08Q_ga4_integration_READY py 23ee718871ad81be8bc1eb1f51ac661d.md","D:\MAGIC\scripts\phase00\INBOX\08Q_ga4_integration_READY py 23ee718871ad81be8bc1eb1f51ac661d_2B370761.md","08Q_ga4_integration_READY py 23ee718871ad81be8bc1eb1f51ac661d_2B370761.md",".md"
"D:\MAGIC\backups\QUARANTINE_20250912_142935\magic_file_tracker_export.csv\08Q_hotjar_crazyegg_integration_READY py 23ee718871ad817f91f0dc8b8f1e26d2.md","D:\MAGIC\scripts\phase00\INBOX\08Q_hotjar_crazyegg_integration_READY py 23ee718871ad817f91f0dc8b8f1e26d2_315A8EA4.md","08Q_hotjar_crazyegg_integration_READY py 23ee718871ad817f91f0dc8b8f1e26d2_315A8EA4.md",".md"
"D:\MAGIC\backups\QUARANTINE_20250912_142935\magic_file_tracker_export.csv\08Q_youtube_studio_scrape_fallback_READY py 23ee718871ad8101a9b3dc50ef4b2059.md","D:\MAGIC\scripts\phase00\INBOX\08Q_youtube_studio_scrape_fallback_READY py 23ee718871ad8101a9b3dc50ef4b2059_FC5A2508.md","08Q_youtube_studio_scrape_fallback_READY py 23ee718871ad8101a9b3dc50ef4b2059_FC5A2508.md",".md"
"D:\MAGIC\backups\QUARANTINE_20250912_142935\magic_file_tracker_export.csv\08R_daily_insight_generator_READY py 23ee718871ad816eafb6c170c6b3a8fd.md","D:\MAGIC\scripts\phase00\INBOX\08R_daily_insight_generator_READY py 23ee718871ad816eafb6c170c6b3a8fd_0471C2EE.md","08R_daily_insight_generator_READY py 23ee718871ad816eafb6c170c6b3a8fd_0471C2EE.md",".md"
"D:\MAGIC\backups\QUARANTINE_20250912_142935\magic_file_tracker_export.csv\08R_monthly_audit_summary_plan_trigger_READY py 23ee718871ad8131b2afc4851bde63c0.md","D:\MAGIC\scripts\phase00\INBOX\08R_monthly_audit_summary_plan_trigger_READY py 23ee718871ad8131b2afc4851bde63c0_89124A1F.md","08R_monthly_audit_summary_plan_trigger_READY py 23ee718871ad8131b2afc4851bde63c0_89124A1F.md",".md"
"D:\MAGIC\backups\QUARANTINE_20250912_142935\magic_file_tracker_export.csv\08R_weekly_analytics_review_pack_READY py 23ee718871ad8164b22ac95fd29ea6fd.md","D:\MAGIC\scripts\phase00\INBOX\08R_weekly_analytics_review_pack_READY py 23ee718871ad8164b22ac95fd29ea6fd_A8B3087B.md","08R_weekly_analytics_review_pack_READY py 23ee718871ad8164b22ac95fd29ea6fd_A8B3087B.md",".md"
"D:\MAGIC\backups\QUARANTINE_20250912_142935\magic_file_tracker_export.csv\08S_low_performance_content_autopsy_READY py 23ee718871ad818fabaffeed7ed3017b.md","D:\MAGIC\scripts\phase00\INBOX\08S_low_performance_content_autopsy_READY py 23ee718871ad818fabaffeed7ed3017b_993A94EE.md","08S_low_performance_content_autopsy_READY py 23ee718871ad818fabaffeed7ed3017b_993A94EE.md",".md"
"D:\MAGIC\backups\QUARANTINE_20250912_142935\magic_file_tracker_export.csv\08S_rewrite_triggers_based_on_decay_patterns_READY 23ee718871ad81a5abf8c2342e86ceac.md","D:\MAGIC\scripts\phase00\INBOX\08S_rewrite_triggers_based_on_decay_patterns_READY 23ee718871ad81a5abf8c2342e86ceac_5C3CE8A9.md","08S_rewrite_triggers_based_on_decay_patterns_READY 23ee718871ad81a5abf8c2342e86ceac_5C3CE8A9.md",".md"
"D:\MAGIC\backups\QUARANTINE_20250912_142935\magic_file_tracker_export.csv\08S_strategic_republish_recommender_READY py 23ee718871ad8122a747dad6e9f52d77.md","D:\MAGIC\scripts\phase00\INBOX\08S_strategic_republish_recommender_READY py 23ee718871ad8122a747dad6e9f52d77_E3003DE0.md","08S_strategic_republish_recommender_READY py 23ee718871ad8122a747dad6e9f52d77_E3003DE0.md",".md"
"D:\MAGIC\backups\QUARANTINE_20250912_142935\magic_file_tracker_export.csv\08T_budget_reallocation_engine_READY py 23ee718871ad814d83cdc339b8444176.md","D:\MAGIC\scripts\phase00\INBOX\08T_budget_reallocation_engine_READY py 23ee718871ad814d83cdc339b8444176_8CD79779.md","08T_budget_reallocation_engine_READY py 23ee718871ad814d83cdc339b8444176_8CD79779.md",".md"
"D:\MAGIC\backups\QUARANTINE_20250912_142935\magic_file_tracker_export.csv\08T_cross_platform_format_effectiveness_map_READY  23ee718871ad81129fbcffae0c2267ae.md","D:\MAGIC\scripts\phase00\INBOX\08T_cross_platform_format_effectiveness_map_READY 23ee718871ad81129fbcffae0c2267ae_9B40A6C4.md","08T_cross_platform_format_effectiveness_map_READY 23ee718871ad81129fbcffae0c2267ae_9B40A6C4.md",".md"
"D:\MAGIC\backups\QUARANTINE_20250912_142935\magic_file_tracker_export.csv\08T_platform_priority_adjuster_READY py 23ee718871ad814a9d52d78a303ad930.md","D:\MAGIC\scripts\phase00\INBOX\08T_platform_priority_adjuster_READY py 23ee718871ad814a9d52d78a303ad930_935AD35D.md","08T_platform_priority_adjuster_READY py 23ee718871ad814a9d52d78a303ad930_935AD35D.md",".md"
"D:\MAGIC\backups\QUARANTINE_20250912_142935\magic_file_tracker_export.csv\08U_insight_to_action_mapping_agent_READY py 23ee718871ad811aa404ff939a096379.md","D:\MAGIC\scripts\phase00\INBOX\08U_insight_to_action_mapping_agent_READY py 23ee718871ad811aa404ff939a096379_CD17F63B.md","08U_insight_to_action_mapping_agent_READY py 23ee718871ad811aa404ff939a096379_CD17F63B.md",".md"
"D:\MAGIC\backups\QUARANTINE_20250912_142935\magic_file_tracker_export.csv\08U_narrative_summary_generator_READY py 23ee718871ad81c98df1f9f1444eb945.md","D:\MAGIC\scripts\phase00\INBOX\08U_narrative_summary_generator_READY py 23ee718871ad81c98df1f9f1444eb945_FAE10FF9.md","08U_narrative_summary_generator_READY py 23ee718871ad81c98df1f9f1444eb945_FAE10FF9.md",".md"
"D:\MAGIC\backups\QUARANTINE_20250912_142935\magic_file_tracker_export.csv\08U_slide_deck_auto_creator_READY py 23ee718871ad8139ade1f6df101be31d.md","D:\MAGIC\scripts\phase00\INBOX\08U_slide_deck_auto_creator_READY py 23ee718871ad8139ade1f6df101be31d_DEA08C01.md","08U_slide_deck_auto_creator_READY py 23ee718871ad8139ade1f6df101be31d_DEA08C01.md",".md"
"D:\MAGIC\backups\QUARANTINE_20250912_142935\magic_file_tracker_export.csv\08V_evergreen_content_identifier_READY py 23ee718871ad81cabc6ae9b05d1f0734.md","D:\MAGIC\scripts\phase00\INBOX\08V_evergreen_content_identifier_READY py 23ee718871ad81cabc6ae9b05d1f0734_BC45F5D4.md","08V_evergreen_content_identifier_READY py 23ee718871ad81cabc6ae9b05d1f0734_BC45F5D4.md",".md"
"D:\MAGIC\backups\QUARANTINE_20250912_142935\magic_file_tracker_export.csv\08V_topic_fatigue_predictor_READY py 23ee718871ad81778040eacf4b330986.md","D:\MAGIC\scripts\phase00\INBOX\08V_topic_fatigue_predictor_READY py 23ee718871ad81778040eacf4b330986_3649C8AB.md","08V_topic_fatigue_predictor_READY py 23ee718871ad81778040eacf4b330986_3649C8AB.md",".md"
"D:\MAGIC\backups\QUARANTINE_20250912_142935\magic_file_tracker_export.csv\08V_viral_pattern_recognizer_READY py 23ee718871ad81af88a9c6a12271f929.md","D:\MAGIC\scripts\phase00\INBOX\08V_viral_pattern_recognizer_READY py 23ee718871ad81af88a9c6a12271f929_24084FF1.md","08V_viral_pattern_recognizer_READY py 23ee718871ad81af88a9c6a12271f929_24084FF1.md",".md"
"D:\MAGIC\backups\QUARANTINE_20250912_142935\magic_file_tracker_export.csv\08W_legal_compliance_risk_monitor_READY py 23ee718871ad81be81f7d667830e5123.md","D:\MAGIC\scripts\phase00\INBOX\08W_legal_compliance_risk_monitor_READY py 23ee718871ad81be81f7d667830e5123_8E79BA72.md","08W_legal_compliance_risk_monitor_READY py 23ee718871ad81be81f7d667830e5123_8E79BA72.md",".md"
"D:\MAGIC\backups\QUARANTINE_20250912_142935\magic_file_tracker_export.csv\08W_revenue_anomaly_detector_READY py 23ee718871ad81acbf99c216b6fd0021.md","D:\MAGIC\scripts\phase00\INBOX\08W_revenue_anomaly_detector_READY py 23ee718871ad81acbf99c216b6fd0021_9FB31746.md","08W_revenue_anomaly_detector_READY py 23ee718871ad81acbf99c216b6fd0021_9FB31746.md",".md"
"D:\MAGIC\backups\QUARANTINE_20250912_142935\magic_file_tracker_export.csv\08W_traffic_spike_validation_layer_READY py 23ee718871ad81408886e52c8518e73d.md","D:\MAGIC\scripts\phase00\INBOX\08W_traffic_spike_validation_layer_READY py 23ee718871ad81408886e52c8518e73d_69AFE555.md","08W_traffic_spike_validation_layer_READY py 23ee718871ad81408886e52c8518e73d_69AFE555.md",".md"
"D:\MAGIC\backups\QUARANTINE_20250912_142935\magic_file_tracker_export.csv\08X_inventory_based_strategy_adjuster_READY py 23ee718871ad8138aec6efece19b5a60.md","D:\MAGIC\scripts\phase00\INBOX\08X_inventory_based_strategy_adjuster_READY py 23ee718871ad8138aec6efece19b5a60_C473769D.md","08X_inventory_based_strategy_adjuster_READY py 23ee718871ad8138aec6efece19b5a60_C473769D.md",".md"
"D:\MAGIC\backups\QUARANTINE_20250912_142935\magic_file_tracker_export.csv\08X_rpm_forecasting_model_READY py 23ee718871ad814f937bed2ddf0425f2.md","D:\MAGIC\scripts\phase00\INBOX\08X_rpm_forecasting_model_READY py 23ee718871ad814f937bed2ddf0425f2_F0AD0EFF.md","08X_rpm_forecasting_model_READY py 23ee718871ad814f937bed2ddf0425f2_F0AD0EFF.md",".md"
"D:\MAGIC\backups\QUARANTINE_20250912_142935\magic_file_tracker_export.csv\08X_week_ahead_content_planner_READY py 23ee718871ad81f49b5cce752c7d9628.md","D:\MAGIC\scripts\phase00\INBOX\08X_week_ahead_content_planner_READY py 23ee718871ad81f49b5cce752c7d9628_14928F29.md","08X_week_ahead_content_planner_READY py 23ee718871ad81f49b5cce752c7d9628_14928F29.md",".md"
"D:\MAGIC\backups\QUARANTINE_20250912_142935\magic_file_tracker_export.csv\08Y_agent_knowledge_updater_READY py 23ee718871ad81a88618f7b768e27d70.md","D:\MAGIC\scripts\phase00\INBOX\08Y_agent_knowledge_updater_READY py 23ee718871ad81a88618f7b768e27d70_140555F6.md","08Y_agent_knowledge_updater_READY py 23ee718871ad81a88618f7b768e27d70_140555F6.md",".md"
"D:\MAGIC\backups\QUARANTINE_20250912_142935\magic_file_tracker_export.csv\08Y_agent_performance_scoring_system_READY py 23ee718871ad8102b6c8d2ca5e386236.md","D:\MAGIC\scripts\phase00\INBOX\08Y_agent_performance_scoring_system_READY py 23ee718871ad8102b6c8d2ca5e386236_FC0BA965.md","08Y_agent_performance_scoring_system_READY py 23ee718871ad8102b6c8d2ca5e386236_FC0BA965.md",".md"
"D:\MAGIC\backups\QUARANTINE_20250912_142935\magic_file_tracker_export.csv\08Y_auto_deprecate_outdated_agent_logic_READY py 23ee718871ad81d8935bd589ec2c7ca9.md","D:\MAGIC\scripts\phase00\INBOX\08Y_auto_deprecate_outdated_agent_logic_READY py 23ee718871ad81d8935bd589ec2c7ca9_A4295568.md","08Y_auto_deprecate_outdated_agent_logic_READY py 23ee718871ad81d8935bd589ec2c7ca9_A4295568.md",".md"
"D:\MAGIC\backups\QUARANTINE_20250912_142935\magic_file_tracker_export.csv\08Z_analytics_memory_reweighter_READY py 23ee718871ad8151afc1d2f8585b5f18.md","D:\MAGIC\scripts\phase00\INBOX\08Z_analytics_memory_reweighter_READY py 23ee718871ad8151afc1d2f8585b5f18_61BE40F8.md","08Z_analytics_memory_reweighter_READY py 23ee718871ad8151afc1d2f8585b5f18_61BE40F8.md",".md"
"D:\MAGIC\backups\QUARANTINE_20250912_142935\magic_file_tracker_export.csv\08Z_insight_memory_compactor_READY py 23ee718871ad81709213fbb8fb31195a.md","D:\MAGIC\scripts\phase00\INBOX\08Z_insight_memory_compactor_READY py 23ee718871ad81709213fbb8fb31195a_EF4AE8ED.md","08Z_insight_memory_compactor_READY py 23ee718871ad81709213fbb8fb31195a_EF4AE8ED.md",".md"
"D:\MAGIC\backups\QUARANTINE_20250912_142935\magic_file_tracker_export.csv\08Z_lifespan_tracking_engine_READY py 23ee718871ad818e815cdc0225b45648.md","D:\MAGIC\scripts\phase00\INBOX\08Z_lifespan_tracking_engine_READY py 23ee718871ad818e815cdc0225b45648_76C69595.md","08Z_lifespan_tracking_engine_READY py 23ee718871ad818e815cdc0225b45648_76C69595.md",".md"
"D:\MAGIC\backups\QUARANTINE_20250912_142935\magic_file_tracker_export.csv\09A_async_scheduling_engine_READY py 23ee718871ad810b96acec1e601d9c65.md","D:\MAGIC\scripts\phase00\INBOX\09A_async_scheduling_engine_READY py 23ee718871ad810b96acec1e601d9c65_3305F6C5.md","09A_async_scheduling_engine_READY py 23ee718871ad810b96acec1e601d9c65_3305F6C5.md",".md"
"D:\MAGIC\backups\QUARANTINE_20250912_142935\magic_file_tracker_export.csv\09A_central_script_orchestrator_READY py 23ee718871ad8159aa54e2693ff801c5.md","D:\MAGIC\scripts\phase00\INBOX\09A_central_script_orchestrator_READY py 23ee718871ad8159aa54e2693ff801c5_AA8DBED5.md","09A_central_script_orchestrator_READY py 23ee718871ad8159aa54e2693ff801c5_AA8DBED5.md",".md"
"D:\MAGIC\backups\QUARANTINE_20250912_142935\magic_file_tracker_export.csv\09A_execution_timeline_visualizer_READY py 23ee718871ad819ab165e66e6f5b4c73.md","D:\MAGIC\scripts\phase00\INBOX\09A_execution_timeline_visualizer_READY py 23ee718871ad819ab165e66e6f5b4c73_A984B40E.md","09A_execution_timeline_visualizer_READY py 23ee718871ad819ab165e66e6f5b4c73_A984B40E.md",".md"
"D:\MAGIC\backups\QUARANTINE_20250912_142935\magic_file_tracker_export.csv\09A_human_approval_toggles_READY py 23ee718871ad81eeb60ce8178429bb41.md","D:\MAGIC\scripts\phase00\INBOX\09A_human_approval_toggles_READY py 23ee718871ad81eeb60ce8178429bb41_08583C5F.md","09A_human_approval_toggles_READY py 23ee718871ad81eeb60ce8178429bb41_08583C5F.md",".md"
"D:\MAGIC\backups\QUARANTINE_20250912_142935\magic_file_tracker_export.csv\09B_api_quota_guard_READY py 23ee718871ad8179a390d0cbe7374a11.md","D:\MAGIC\scripts\phase00\INBOX\09B_api_quota_guard_READY py 23ee718871ad8179a390d0cbe7374a11_0569A333.md","09B_api_quota_guard_READY py 23ee718871ad8179a390d0cbe7374a11_0569A333.md",".md"
"D:\MAGIC\backups\QUARANTINE_20250912_142935\magic_file_tracker_export.csv\09B_budget_enforcement_system_READY py 23ee718871ad81ada3f8edfddbd0cdfc.md","D:\MAGIC\scripts\phase00\INBOX\09B_budget_enforcement_system_READY py 23ee718871ad81ada3f8edfddbd0cdfc_4AA801AE.md","09B_budget_enforcement_system_READY py 23ee718871ad81ada3f8edfddbd0cdfc_4AA801AE.md",".md"
"D:\MAGIC\backups\QUARANTINE_20250912_142935\magic_file_tracker_export.csv\09B_daily_weekly_cost_cap_enforcer_READY py 23ee718871ad8146a50ff1d2c49d667c.md","D:\MAGIC\scripts\phase00\INBOX\09B_daily_weekly_cost_cap_enforcer_READY py 23ee718871ad8146a50ff1d2c49d667c_063D1AF5.md","09B_daily_weekly_cost_cap_enforcer_READY py 23ee718871ad8146a50ff1d2c49d667c_063D1AF5.md",".md"
"D:\MAGIC\backups\QUARANTINE_20250912_142935\magic_file_tracker_export.csv\09B_rate_limiting_adapter_READY py 23ee718871ad81109ab3d7075b0b4818.md","D:\MAGIC\scripts\phase00\INBOX\09B_rate_limiting_adapter_READY py 23ee718871ad81109ab3d7075b0b4818_80DB5F9C.md","09B_rate_limiting_adapter_READY py 23ee718871ad81109ab3d7075b0b4818_80DB5F9C.md",".md"
"D:\MAGIC\backups\QUARANTINE_20250912_142935\magic_file_tracker_export.csv\09B_rolling_cost_caps_READY py 23ee718871ad8120ba6be1f8aa3c7407.md","D:\MAGIC\scripts\phase00\INBOX\09B_rolling_cost_caps_READY py 23ee718871ad8120ba6be1f8aa3c7407_343B3D70.md","09B_rolling_cost_caps_READY py 23ee718871ad8120ba6be1f8aa3c7407_343B3D70.md",".md"
"D:\MAGIC\backups\QUARANTINE_20250912_142935\magic_file_tracker_export.csv\09C_brand_consistency_enforcer_READY py 23ee718871ad8179acb1e3cbb753faee.md","D:\MAGIC\scripts\phase00\INBOX\09C_brand_consistency_enforcer_READY py 23ee718871ad8179acb1e3cbb753faee_52EE30D4.md","09C_brand_consistency_enforcer_READY py 23ee718871ad8179acb1e3cbb753faee_52EE30D4.md",".md"
"D:\MAGIC\backups\QUARANTINE_20250912_142935\magic_file_tracker_export.csv\09C_compliance_audit_dashboard_READY py 23ee718871ad81219c15d1ad0394dafd.md","D:\MAGIC\scripts\phase00\INBOX\09C_compliance_audit_dashboard_READY py 23ee718871ad81219c15d1ad0394dafd_1AAD57FD.md","09C_compliance_audit_dashboard_READY py 23ee718871ad81219c15d1ad0394dafd_1AAD57FD.md",".md"
"D:\MAGIC\backups\QUARANTINE_20250912_142935\magic_file_tracker_export.csv\09C_policy_monitoring_system_READY py 23ee718871ad816280a0d729c5dc9cc5.md","D:\MAGIC\scripts\phase00\INBOX\09C_policy_monitoring_system_READY py 23ee718871ad816280a0d729c5dc9cc5_6B948538.md","09C_policy_monitoring_system_READY py 23ee718871ad816280a0d729c5dc9cc5_6B948538.md",".md"
"D:\MAGIC\backups\QUARANTINE_20250912_142935\magic_file_tracker_export.csv\09C_privacy_compliance_scanner_READY py 23ee718871ad817a836bd979e14cefab.md","D:\MAGIC\scripts\phase00\INBOX\09C_privacy_compliance_scanner_READY py 23ee718871ad817a836bd979e14cefab_7F2D15FD.md","09C_privacy_compliance_scanner_READY py 23ee718871ad817a836bd979e14cefab_7F2D15FD.md",".md"
"D:\MAGIC\backups\QUARANTINE_20250912_142935\magic_file_tracker_export.csv\09D_central_logging_alert_hub_READY py 23ee718871ad81999c33dc9b3f813de3.md","D:\MAGIC\scripts\phase00\INBOX\09D_central_logging_alert_hub_READY py 23ee718871ad81999c33dc9b3f813de3_9FC82894.md","09D_central_logging_alert_hub_READY py 23ee718871ad81999c33dc9b3f813de3_9FC82894.md",".md"
"D:\MAGIC\backups\QUARANTINE_20250912_142935\magic_file_tracker_export.csv\09D_daily_health_check_bot_READY py 23ee718871ad81db8aa9d1db8d79883b.md","D:\MAGIC\scripts\phase00\INBOX\09D_daily_health_check_bot_READY py 23ee718871ad81db8aa9d1db8d79883b_6FAE8454.md","09D_daily_health_check_bot_READY py 23ee718871ad81db8aa9d1db8d79883b_6FAE8454.md",".md"
"D:\MAGIC\backups\QUARANTINE_20250912_142935\magic_file_tracker_export.csv\09D_process_crash_detection_READY py 23ee718871ad8157a791dbf395558cdd.md","D:\MAGIC\scripts\phase00\INBOX\09D_process_crash_detection_READY py 23ee718871ad8157a791dbf395558cdd_A3799D9B.md","09D_process_crash_detection_READY py 23ee718871ad8157a791dbf395558cdd_A3799D9B.md",".md"
"D:\MAGIC\backups\QUARANTINE_20250912_142935\magic_file_tracker_export.csv\09D_retry_logic_failure_recovery_READY py 23ee718871ad8129befef7e4120ad346.md","D:\MAGIC\scripts\phase00\INBOX\09D_retry_logic_failure_recovery_READY py 23ee718871ad8129befef7e4120ad346_5D665E53.md","09D_retry_logic_failure_recovery_READY py 23ee718871ad8129befef7e4120ad346_5D665E53.md",".md"
"D:\MAGIC\backups\QUARANTINE_20250912_142935\magic_file_tracker_export.csv\09D_versioned_logs_for_debugging_READY py 23ee718871ad810cb237d36ae16ac209.md","D:\MAGIC\scripts\phase00\INBOX\09D_versioned_logs_for_debugging_READY py 23ee718871ad810cb237d36ae16ac209_CA20B0C9.md","09D_versioned_logs_for_debugging_READY py 23ee718871ad810cb237d36ae16ac209_CA20B0C9.md",".md"
"D:\MAGIC\backups\QUARANTINE_20250912_142935\magic_file_tracker_export.csv\09E_central_credential_vault_READY py 23ee718871ad81b7bf4ede4d0ada33dd.md","D:\MAGIC\scripts\phase00\INBOX\09E_central_credential_vault_READY py 23ee718871ad81b7bf4ede4d0ada33dd_825908D5.md","09E_central_credential_vault_READY py 23ee718871ad81b7bf4ede4d0ada33dd_825908D5.md",".md"
"D:\MAGIC\backups\QUARANTINE_20250912_142935\magic_file_tracker_export.csv\09E_cloud_storage_lifecycle_manager_READY py 23ee718871ad81bebe3ecd69f66cf0c7.md","D:\MAGIC\scripts\phase00\INBOX\09E_cloud_storage_lifecycle_manager_READY py 23ee718871ad81bebe3ecd69f66cf0c7_0060619C.md","09E_cloud_storage_lifecycle_manager_READY py 23ee718871ad81bebe3ecd69f66cf0c7_0060619C.md",".md"
"D:\MAGIC\backups\QUARANTINE_20250912_142935\magic_file_tracker_export.csv\09E_infra_health_monitoring_READY py 23ee718871ad81b2a11ee49d64431c22.md","D:\MAGIC\scripts\phase00\INBOX\09E_infra_health_monitoring_READY py 23ee718871ad81b2a11ee49d64431c22_03B27BF6.md","09E_infra_health_monitoring_READY py 23ee718871ad81b2a11ee49d64431c22_03B27BF6.md",".md"
"D:\MAGIC\backups\QUARANTINE_20250912_142935\magic_file_tracker_export.csv\09E_load_balancing_manager_READY py 23ee718871ad812abe96ec3ef6788177.md","D:\MAGIC\scripts\phase00\INBOX\09E_load_balancing_manager_READY py 23ee718871ad812abe96ec3ef6788177_E068F00D.md","09E_load_balancing_manager_READY py 23ee718871ad812abe96ec3ef6788177_E068F00D.md",".md"
"D:\MAGIC\backups\QUARANTINE_20250912_142935\magic_file_tracker_export.csv\09E_version_control_locking_READY py 23ee718871ad8137b6b4eb593e498414.md","D:\MAGIC\scripts\phase00\INBOX\09E_version_control_locking_READY py 23ee718871ad8137b6b4eb593e498414_CDA5EB84.md","09E_version_control_locking_READY py 23ee718871ad8137b6b4eb593e498414_CDA5EB84.md",".md"
"D:\MAGIC\backups\QUARANTINE_20250912_142935\magic_file_tracker_export.csv\09F_api_fallback_handling_READY py 23ee718871ad8172af8df3d6cb376881.md","D:\MAGIC\scripts\phase00\INBOX\09F_api_fallback_handling_READY py 23ee718871ad8172af8df3d6cb376881_0DF074D2.md","09F_api_fallback_handling_READY py 23ee718871ad8172af8df3d6cb376881_0DF074D2.md",".md"
"D:\MAGIC\backups\QUARANTINE_20250912_142935\magic_file_tracker_export.csv\09F_backup_generation_strategy_READY py 23ee718871ad81dc83c6eb49203b8d8d.md","D:\MAGIC\scripts\phase00\INBOX\09F_backup_generation_strategy_READY py 23ee718871ad81dc83c6eb49203b8d8d_9B4FB223.md","09F_backup_generation_strategy_READY py 23ee718871ad81dc83c6eb49203b8d8d_9B4FB223.md",".md"
"D:\MAGIC\backups\QUARANTINE_20250912_142935\magic_file_tracker_export.csv\09F_redundant_script_paths_READY py 23ee718871ad8122a559ca24660d35dc.md","D:\MAGIC\scripts\phase00\INBOX\09F_redundant_script_paths_READY py 23ee718871ad8122a559ca24660d35dc_D877BB9C.md","09F_redundant_script_paths_READY py 23ee718871ad8122a559ca24660d35dc_D877BB9C.md",".md"
"D:\MAGIC\backups\QUARANTINE_20250912_142935\magic_file_tracker_export.csv\09G_consent_logging_system_READY py 23ee718871ad81bc935bffc86b67309d.md","D:\MAGIC\scripts\phase00\INBOX\09G_consent_logging_system_READY py 23ee718871ad81bc935bffc86b67309d_F01C280C.md","09G_consent_logging_system_READY py 23ee718871ad81bc935bffc86b67309d_F01C280C.md",".md"
"D:\MAGIC\backups\QUARANTINE_20250912_142935\magic_file_tracker_export.csv\09G_execution_permissions_manager_READY py 23ee718871ad8172b9d8eef40b5ec032.md","D:\MAGIC\scripts\phase00\INBOX\09G_execution_permissions_manager_READY py 23ee718871ad8172b9d8eef40b5ec032_453DD9AD.md","09G_execution_permissions_manager_READY py 23ee718871ad8172b9d8eef40b5ec032_453DD9AD.md",".md"
"D:\MAGIC\backups\QUARANTINE_20250912_142935\magic_file_tracker_export.csv\09G_human_oversight_dashboard_READY py 23ee718871ad816d8207f591cef92c4d.md","D:\MAGIC\scripts\phase00\INBOX\09G_human_oversight_dashboard_READY py 23ee718871ad816d8207f591cef92c4d_E194BAD3.md","09G_human_oversight_dashboard_READY py 23ee718871ad816d8207f591cef92c4d_E194BAD3.md",".md"
"D:\MAGIC\backups\QUARANTINE_20250912_142935\magic_file_tracker_export.csv\09H_ai_ethics_guardrails_READY py 23ee718871ad81be99dad47c06f12fbd.md","D:\MAGIC\scripts\phase00\INBOX\09H_ai_ethics_guardrails_READY py 23ee718871ad81be99dad47c06f12fbd_C489A9F8.md","09H_ai_ethics_guardrails_READY py 23ee718871ad81be99dad47c06f12fbd_C489A9F8.md",".md"
"D:\MAGIC\backups\QUARANTINE_20250912_142935\magic_file_tracker_export.csv\09H_critical_failure_kill_switch_READY py 23ee718871ad813e9862d467c4b2ddb9.md","D:\MAGIC\scripts\phase00\INBOX\09H_critical_failure_kill_switch_READY py 23ee718871ad813e9862d467c4b2ddb9_3FAF7A15.md","09H_critical_failure_kill_switch_READY py 23ee718871ad813e9862d467c4b2ddb9_3FAF7A15.md",".md"
"D:\MAGIC\backups\QUARANTINE_20250912_142935\magic_file_tracker_export.csv\09H_post_execution_validation_READY py 23ee718871ad81e8b88cfe1afc6fe3a5.md","D:\MAGIC\scripts\phase00\INBOX\09H_post_execution_validation_READY py 23ee718871ad81e8b88cfe1afc6fe3a5_29D5414C.md","09H_post_execution_validation_READY py 23ee718871ad81e8b88cfe1afc6fe3a5_29D5414C.md",".md"
"D:\MAGIC\backups\QUARANTINE_20250912_142935\magic_file_tracker_export.csv\09I_api_gateway_access_handler_READY py 23ee718871ad81ec94f3eb1248509b49.md","D:\MAGIC\scripts\phase00\INBOX\09I_api_gateway_access_handler_READY py 23ee718871ad81ec94f3eb1248509b49_89F0B629.md","09I_api_gateway_access_handler_READY py 23ee718871ad81ec94f3eb1248509b49_89F0B629.md",".md"
"D:\MAGIC\backups\QUARANTINE_20250912_142935\magic_file_tracker_export.csv\09I_remote_trigger_listener_READY py 23ee718871ad81d58522c32168978836.md","D:\MAGIC\scripts\phase00\INBOX\09I_remote_trigger_listener_READY py 23ee718871ad81d58522c32168978836_2F2798B0.md","09I_remote_trigger_listener_READY py 23ee718871ad81d58522c32168978836_2F2798B0.md",".md"
"D:\MAGIC\backups\QUARANTINE_20250912_142935\magic_file_tracker_export.csv\09I_slack_discord_notifications_READY py 23ee718871ad816bbd59c0b46c03265f.md","D:\MAGIC\scripts\phase00\INBOX\09I_slack_discord_notifications_READY py 23ee718871ad816bbd59c0b46c03265f_89950FF7.md","09I_slack_discord_notifications_READY py 23ee718871ad816bbd59c0b46c03265f_89950FF7.md",".md"
"D:\MAGIC\backups\QUARANTINE_20250912_142935\magic_file_tracker_export.csv\09J_ai_self_check_summary_generator_READY py 23ee718871ad815088f2d03746b62245.md","D:\MAGIC\scripts\phase00\INBOX\09J_ai_self_check_summary_generator_READY py 23ee718871ad815088f2d03746b62245_6A2A89FD.md","09J_ai_self_check_summary_generator_READY py 23ee718871ad815088f2d03746b62245_6A2A89FD.md",".md"
"D:\MAGIC\backups\QUARANTINE_20250912_142935\magic_file_tracker_export.csv\09J_autonomous_mode_toggle_READY py 23ee718871ad8179aa0cd36f13829cc6.md","D:\MAGIC\scripts\phase00\INBOX\09J_autonomous_mode_toggle_READY py 23ee718871ad8179aa0cd36f13829cc6_4D447554.md","09J_autonomous_mode_toggle_READY py 23ee718871ad8179aa0cd36f13829cc6_4D447554.md",".md"
"D:\MAGIC\backups\QUARANTINE_20250912_142935\magic_file_tracker_export.csv\09J_dynamic_decision_engine_READY py 23ee718871ad8179a542e2bf475abc88.md","D:\MAGIC\scripts\phase00\INBOX\09J_dynamic_decision_engine_READY py 23ee718871ad8179a542e2bf475abc88_035D81FA.md","09J_dynamic_decision_engine_READY py 23ee718871ad8179a542e2bf475abc88_035D81FA.md",".md"
"D:\MAGIC\backups\QUARANTINE_20250912_142935\magic_file_tracker_export.csv\09K_cron_time_trigger_support_READY py 23ee718871ad8108a5ffd9e4ca105877.md","D:\MAGIC\scripts\phase00\INBOX\09K_cron_time_trigger_support_READY py 23ee718871ad8108a5ffd9e4ca105877_5DCD2A4F.md","09K_cron_time_trigger_support_READY py 23ee718871ad8108a5ffd9e4ca105877_5DCD2A4F.md",".md"
"D:\MAGIC\backups\QUARANTINE_20250912_142935\magic_file_tracker_export.csv\09K_quiet_hours_enforcement_READY py 23ee718871ad816cbd9ad5e15a901d4f.md","D:\MAGIC\scripts\phase00\INBOX\09K_quiet_hours_enforcement_READY py 23ee718871ad816cbd9ad5e15a901d4f_991C7D96.md","09K_quiet_hours_enforcement_READY py 23ee718871ad816cbd9ad5e15a901d4f_991C7D96.md",".md"
"D:\MAGIC\backups\QUARANTINE_20250912_142935\magic_file_tracker_export.csv\09K_run_history_analytics_READY py 23ee718871ad81369fffe05d29d87311.md","D:\MAGIC\scripts\phase00\INBOX\09K_run_history_analytics_READY py 23ee718871ad81369fffe05d29d87311_47900C03.md","09K_run_history_analytics_READY py 23ee718871ad81369fffe05d29d87311_47900C03.md",".md"
"D:\MAGIC\backups\QUARANTINE_20250912_142935\magic_file_tracker_export.csv\10A_schema_opengraph_inserter_READY py 23ee718871ad81eea538e33c8a206876.md","D:\MAGIC\scripts\phase00\INBOX\10A_schema_opengraph_inserter_READY py 23ee718871ad81eea538e33c8a206876_D250464F.md","10A_schema_opengraph_inserter_READY py 23ee718871ad81eea538e33c8a206876_D250464F.md",".md"
"D:\MAGIC\backups\QUARANTINE_20250912_142935\magic_file_tracker_export.csv\10A_seo_keyword_engine_READY py 23ee718871ad8151a8c9ca5bf1cf083b.md","D:\MAGIC\scripts\phase00\INBOX\10A_seo_keyword_engine_READY py 23ee718871ad8151a8c9ca5bf1cf083b_CB240E47.md","10A_seo_keyword_engine_READY py 23ee718871ad8151a8c9ca5bf1cf083b_CB240E47.md",".md"
"D:\MAGIC\backups\QUARANTINE_20250912_142935\magic_file_tracker_export.csv\10A_title_meta_writer_READY py 23ee718871ad81cda4cdc304c179e0ed.md","D:\MAGIC\scripts\phase00\INBOX\10A_title_meta_writer_READY py 23ee718871ad81cda4cdc304c179e0ed_2329A2C3.md","10A_title_meta_writer_READY py 23ee718871ad81cda4cdc304c179e0ed_2329A2C3.md",".md"
"D:\MAGIC\backups\QUARANTINE_20250912_142935\magic_file_tracker_export.csv\10B_blog_formatter_publisher_READY py 23ee718871ad8179acc5e4c085e34786.md","D:\MAGIC\scripts\phase00\INBOX\10B_blog_formatter_publisher_READY py 23ee718871ad8179acc5e4c085e34786_6B0F94CE.md","10B_blog_formatter_publisher_READY py 23ee718871ad8179acc5e4c085e34786_6B0F94CE.md",".md"
"D:\MAGIC\backups\QUARANTINE_20250912_142935\magic_file_tracker_export.csv\10B_evergreen_vs_trending_split_READY py 23ee718871ad8131b4c3ce73855a7a4c.md","D:\MAGIC\scripts\phase00\INBOX\10B_evergreen_vs_trending_split_READY py 23ee718871ad8131b4c3ce73855a7a4c_455D890A.md","10B_evergreen_vs_trending_split_READY py 23ee718871ad8131b4c3ce73855a7a4c_455D890A.md",".md"
"D:\MAGIC\backups\QUARANTINE_20250912_142935\magic_file_tracker_export.csv\10B_rss_medium_syndicator_READY py 23ee718871ad8157a4cfd88b075c9b09.md","D:\MAGIC\scripts\phase00\INBOX\10B_rss_medium_syndicator_READY py 23ee718871ad8157a4cfd88b075c9b09_F7CC877A.md","10B_rss_medium_syndicator_READY py 23ee718871ad8157a4cfd88b075c9b09_F7CC877A.md",".md"
"D:\MAGIC\backups\QUARANTINE_20250912_142935\magic_file_tracker_export.csv\10C_backlink_outreach_manager_READY py 23ee718871ad81ec9f34c1c6123e0846.md","D:\MAGIC\scripts\phase00\INBOX\10C_backlink_outreach_manager_READY py 23ee718871ad81ec9f34c1c6123e0846_BD7CDE7E.md","10C_backlink_outreach_manager_READY py 23ee718871ad81ec9f34c1c6123e0846_BD7CDE7E.md",".md"
"D:\MAGIC\backups\QUARANTINE_20250912_142935\magic_file_tracker_export.csv\10C_backlink_tracker_READY py 23ee718871ad81d18a6adfb5d4b45dce.md","D:\MAGIC\scripts\phase00\INBOX\10C_backlink_tracker_READY py 23ee718871ad81d18a6adfb5d4b45dce_D4A85D10.md","10C_backlink_tracker_READY py 23ee718871ad81d18a6adfb5d4b45dce_D4A85D10.md",".md"
"D:\MAGIC\backups\QUARANTINE_20250912_142935\magic_file_tracker_export.csv\10D_google_search_console_bridge_READY py 23ee718871ad81d2b285eac421c93489.md","D:\MAGIC\scripts\phase00\INBOX\10D_google_search_console_bridge_READY py 23ee718871ad81d2b285eac421c93489_99F1FD83.md","10D_google_search_console_bridge_READY py 23ee718871ad81d2b285eac421c93489_99F1FD83.md",".md"
"D:\MAGIC\backups\QUARANTINE_20250912_142935\magic_file_tracker_export.csv\10D_seo_audit_reporter_READY py 23ee718871ad81fba5d4e7e86332c4bb.md","D:\MAGIC\scripts\phase00\INBOX\10D_seo_audit_reporter_READY py 23ee718871ad81fba5d4e7e86332c4bb_72B6FDF6.md","10D_seo_audit_reporter_READY py 23ee718871ad81fba5d4e7e86332c4bb_72B6FDF6.md",".md"
"D:\MAGIC\backups\QUARANTINE_20250912_142935\magic_file_tracker_export.csv\10D_serp_monitor_READY py 23ee718871ad8161a551d0c8060ad1f9.md","D:\MAGIC\scripts\phase00\INBOX\10D_serp_monitor_READY py 23ee718871ad8161a551d0c8060ad1f9_B37CF9C1.md","10D_serp_monitor_READY py 23ee718871ad8161a551d0c8060ad1f9_B37CF9C1.md",".md"
"D:\MAGIC\backups\QUARANTINE_20250912_142935\magic_file_tracker_export.csv\10D_utm_tag_builder_READY py 23ee718871ad818f8e88c2e06bbc36ef.md","D:\MAGIC\scripts\phase00\INBOX\10D_utm_tag_builder_READY py 23ee718871ad818f8e88c2e06bbc36ef_8175C9EF.md","10D_utm_tag_builder_READY py 23ee718871ad818f8e88c2e06bbc36ef_8175C9EF.md",".md"
"D:\MAGIC\backups\QUARANTINE_20250912_142935\magic_file_tracker_export.csv\10E_ad_budget_enforcer_READY py 23ee718871ad810bafe8d4f7533be3b4.md","D:\MAGIC\scripts\phase00\INBOX\10E_ad_budget_enforcer_READY py 23ee718871ad810bafe8d4f7533be3b4_73BFBA67.md","10E_ad_budget_enforcer_READY py 23ee718871ad810bafe8d4f7533be3b4_73BFBA67.md",".md"
"D:\MAGIC\backups\QUARANTINE_20250912_142935\magic_file_tracker_export.csv\10E_ad_strategy_simulator_READY py 23ee718871ad812aaf21f160aea81de4.md","D:\MAGIC\scripts\phase00\INBOX\10E_ad_strategy_simulator_READY py 23ee718871ad812aaf21f160aea81de4_8101FA1E.md","10E_ad_strategy_simulator_READY py 23ee718871ad812aaf21f160aea81de4_8101FA1E.md",".md"
"D:\MAGIC\backups\QUARANTINE_20250912_142935\magic_file_tracker_export.csv\10E_paid_traffic_tester_READY py 23ee718871ad81059ed9e0cfcc7996ca.md","D:\MAGIC\scripts\phase00\INBOX\10E_paid_traffic_tester_READY py 23ee718871ad81059ed9e0cfcc7996ca_9335D9ED.md","10E_paid_traffic_tester_READY py 23ee718871ad81059ed9e0cfcc7996ca_9335D9ED.md",".md"
"D:\MAGIC\backups\QUARANTINE_20250912_142935\magic_file_tracker_export.csv\10E_ppc_roi_calculator_READY py 23ee718871ad8106b0d1d411db193da4.md","D:\MAGIC\scripts\phase00\INBOX\10E_ppc_roi_calculator_READY py 23ee718871ad8106b0d1d411db193da4_8F09118C.md","10E_ppc_roi_calculator_READY py 23ee718871ad8106b0d1d411db193da4_8F09118C.md",".md"
"D:\MAGIC\backups\QUARANTINE_20250912_142935\magic_file_tracker_export.csv\10F_cross_channel_synergy_engine_READY py 23ee718871ad811c9142c9564e162787.md","D:\MAGIC\scripts\phase00\INBOX\10F_cross_channel_synergy_engine_READY py 23ee718871ad811c9142c9564e162787_1152EA0B.md","10F_cross_channel_synergy_engine_READY py 23ee718871ad811c9142c9564e162787_1152EA0B.md",".md"
"D:\MAGIC\backups\QUARANTINE_20250912_142935\magic_file_tracker_export.csv\10F_multilingual_seo_optimizer_READY py 23ee718871ad81ec8244f96c63165537.md","D:\MAGIC\scripts\phase00\INBOX\10F_multilingual_seo_optimizer_READY py 23ee718871ad81ec8244f96c63165537_CF9F4E50.md","10F_multilingual_seo_optimizer_READY py 23ee718871ad81ec8244f96c63165537_CF9F4E50.md",".md"
"D:\MAGIC\backups\QUARANTINE_20250912_142935\magic_file_tracker_export.csv\10F_traffic_source_mixer_READY py 23ee718871ad81ebbb3af3187f790276.md","D:\MAGIC\scripts\phase00\INBOX\10F_traffic_source_mixer_READY py 23ee718871ad81ebbb3af3187f790276_D9EB454E.md","10F_traffic_source_mixer_READY py 23ee718871ad81ebbb3af3187f790276_D9EB454E.md",".md"
"D:\MAGIC\backups\QUARANTINE_20250912_142935\magic_file_tracker_export.csv\10F_traffic_trend_visualizer_READY py 23ee718871ad8197bc61d449a5667054.md","D:\MAGIC\scripts\phase00\INBOX\10F_traffic_trend_visualizer_READY py 23ee718871ad8197bc61d449a5667054_B3AB3FBA.md","10F_traffic_trend_visualizer_READY py 23ee718871ad8197bc61d449a5667054_B3AB3FBA.md",".md"
"D:\MAGIC\backups\QUARANTINE_20250912_142935\magic_file_tracker_export.csv\10G_pinterest_auto_pinner_READY py 23ee718871ad816a8ee1d0370301c774.md","D:\MAGIC\scripts\phase00\INBOX\10G_pinterest_auto_pinner_READY py 23ee718871ad816a8ee1d0370301c774_11F0C139.md","10G_pinterest_auto_pinner_READY py 23ee718871ad816a8ee1d0370301c774_11F0C139.md",".md"
"D:\MAGIC\backups\QUARANTINE_20250912_142935\magic_file_tracker_export.csv\10G_youtube_chapter_inserter_READY py 23ee718871ad8104bdd7d5aceb0449ab.md","D:\MAGIC\scripts\phase00\INBOX\10G_youtube_chapter_inserter_READY py 23ee718871ad8104bdd7d5aceb0449ab_8F5BF1B2.md","10G_youtube_chapter_inserter_READY py 23ee718871ad8104bdd7d5aceb0449ab_8F5BF1B2.md",".md"
"D:\MAGIC\backups\QUARANTINE_20250912_142935\magic_file_tracker_export.csv\10H_competitor_content_mapper_READY py 23ee718871ad81e1913ad3ec16b298fb.md","D:\MAGIC\scripts\phase00\INBOX\10H_competitor_content_mapper_READY py 23ee718871ad81e1913ad3ec16b298fb_D1A4D367.md","10H_competitor_content_mapper_READY py 23ee718871ad81e1913ad3ec16b298fb_D1A4D367.md",".md"
"D:\MAGIC\backups\QUARANTINE_20250912_142935\magic_file_tracker_export.csv\10H_competitor_keyword_analyzer_READY py 23ee718871ad81669b41c470a02658e9.md","D:\MAGIC\scripts\phase00\INBOX\10H_competitor_keyword_analyzer_READY py 23ee718871ad81669b41c470a02658e9_7216EBFB.md","10H_competitor_keyword_analyzer_READY py 23ee718871ad81669b41c470a02658e9_7216EBFB.md",".md"
"D:\MAGIC\backups\QUARANTINE_20250912_142935\magic_file_tracker_export.csv\10I_indexation_simulator_READY py 23ee718871ad81ccb4e9f2d58afd4600.md","D:\MAGIC\scripts\phase00\INBOX\10I_indexation_simulator_READY py 23ee718871ad81ccb4e9f2d58afd4600_CE287FDD.md","10I_indexation_simulator_READY py 23ee718871ad81ccb4e9f2d58afd4600_CE287FDD.md",".md"
"D:\MAGIC\backups\QUARANTINE_20250912_142935\magic_file_tracker_export.csv\10I_seo_a_b_tester_READY py 23ee718871ad81228b82e1502651e147.md","D:\MAGIC\scripts\phase00\INBOX\10I_seo_a_b_tester_READY py 23ee718871ad81228b82e1502651e147_80300EA5.md","10I_seo_a_b_tester_READY py 23ee718871ad81228b82e1502651e147_80300EA5.md",".md"
"D:\MAGIC\backups\QUARANTINE_20250912_142935\magic_file_tracker_export.csv\10I_seo_click_heatmap_builder_READY py 23ee718871ad81db9af6dd3e21533039.md","D:\MAGIC\scripts\phase00\INBOX\10I_seo_click_heatmap_builder_READY py 23ee718871ad81db9af6dd3e21533039_1126211C.md","10I_seo_click_heatmap_builder_READY py 23ee718871ad81db9af6dd3e21533039_1126211C.md",".md"
"D:\MAGIC\backups\QUARANTINE_20250912_142935\magic_file_tracker_export.csv\10J_comment_sentiment_analyzer_READY py 23ee718871ad81b6938ad95ae4fe53e6.md","D:\MAGIC\scripts\phase00\INBOX\10J_comment_sentiment_analyzer_READY py 23ee718871ad81b6938ad95ae4fe53e6_CD6A7845.md","10J_comment_sentiment_analyzer_READY py 23ee718871ad81b6938ad95ae4fe53e6_CD6A7845.md",".md"
"D:\MAGIC\backups\QUARANTINE_20250912_142935\magic_file_tracker_export.csv\10J_reddit_twitter_hashtag_inserter_READY py 23ee718871ad81c09b57d5664e2795d7.md","D:\MAGIC\scripts\phase00\INBOX\10J_reddit_twitter_hashtag_inserter_READY py 23ee718871ad81c09b57d5664e2795d7_0364CAC8.md","10J_reddit_twitter_hashtag_inserter_READY py 23ee718871ad81c09b57d5664e2795d7_0364CAC8.md",".md"
"D:\MAGIC\backups\QUARANTINE_20250912_142935\magic_file_tracker_export.csv\10J_social_engagement_seo_booster_READY py 23ee718871ad81a98138f6223bda75b5.md","D:\MAGIC\scripts\phase00\INBOX\10J_social_engagement_seo_booster_READY py 23ee718871ad81a98138f6223bda75b5_9D12BC45.md","10J_social_engagement_seo_booster_READY py 23ee718871ad81a98138f6223bda75b5_9D12BC45.md",".md"
"D:\MAGIC\backups\QUARANTINE_20250912_142935\magic_file_tracker_export.csv\10K_auto_scheduler_for_seo_posts_READY py 23ee718871ad81f49725e7b1d4269076.md","D:\MAGIC\scripts\phase00\INBOX\10K_auto_scheduler_for_seo_posts_READY py 23ee718871ad81f49725e7b1d4269076_1A3BB38B.md","10K_auto_scheduler_for_seo_posts_READY py 23ee718871ad81f49725e7b1d4269076_1A3BB38B.md",".md"
"D:\MAGIC\backups\QUARANTINE_20250912_142935\magic_file_tracker_export.csv\10K_bulk_seo_deployment_tool_READY py 23ee718871ad81168b9dd55f479c43fe.md","D:\MAGIC\scripts\phase00\INBOX\10K_bulk_seo_deployment_tool_READY py 23ee718871ad81168b9dd55f479c43fe_3C678966.md","10K_bulk_seo_deployment_tool_READY py 23ee718871ad81168b9dd55f479c43fe_3C678966.md",".md"
"D:\MAGIC\backups\QUARANTINE_20250912_142935\magic_file_tracker_export.csv\10K_scalable_url_generator_READY py 23ee718871ad81a2a7cad2e8cbcd3a79.md","D:\MAGIC\scripts\phase00\INBOX\10K_scalable_url_generator_READY py 23ee718871ad81a2a7cad2e8cbcd3a79_3F9554EF.md","10K_scalable_url_generator_READY py 23ee718871ad81a2a7cad2e8cbcd3a79_3F9554EF.md",".md"
"D:\MAGIC\backups\QUARANTINE_20250912_142935\magic_file_tracker_export.csv\10L_historical_seo_tracker_READY py 23ee718871ad8155963ce979d6f9f43b.md","D:\MAGIC\scripts\phase00\INBOX\10L_historical_seo_tracker_READY py 23ee718871ad8155963ce979d6f9f43b_FF69A05A.md","10L_historical_seo_tracker_READY py 23ee718871ad8155963ce979d6f9f43b_FF69A05A.md",".md"
"D:\MAGIC\backups\QUARANTINE_20250912_142935\magic_file_tracker_export.csv\10L_platform_roi_comparer_READY py 23ee718871ad8172baaae761057bf0b7.md","D:\MAGIC\scripts\phase00\INBOX\10L_platform_roi_comparer_READY py 23ee718871ad8172baaae761057bf0b7_F67EAA44.md","10L_platform_roi_comparer_READY py 23ee718871ad8172baaae761057bf0b7_F67EAA44.md",".md"
"D:\MAGIC\backups\QUARANTINE_20250912_142935\magic_file_tracker_export.csv\10L_seo_forecast_engine_READY py 23ee718871ad81a8b4a4e10e3ad8bbd3.md","D:\MAGIC\scripts\phase00\INBOX\10L_seo_forecast_engine_READY py 23ee718871ad81a8b4a4e10e3ad8bbd3_1EEFD890.md","10L_seo_forecast_engine_READY py 23ee718871ad81a8b4a4e10e3ad8bbd3_1EEFD890.md",".md"
"D:\MAGIC\backups\QUARANTINE_20250912_142935\magic_file_tracker_export.csv\10M_ai_content_improver_READY py 23ee718871ad813d8f7bed470bdccc1b.md","D:\MAGIC\scripts\phase00\INBOX\10M_ai_content_improver_READY py 23ee718871ad813d8f7bed470bdccc1b_289C89AC.md","10M_ai_content_improver_READY py 23ee718871ad813d8f7bed470bdccc1b_289C89AC.md",".md"
"D:\MAGIC\backups\QUARANTINE_20250912_142935\magic_file_tracker_export.csv\10M_llm_powered_snippet_generator_READY py 23ee718871ad8195848adb1fb539b4f0.md","D:\MAGIC\scripts\phase00\INBOX\10M_llm_powered_snippet_generator_READY py 23ee718871ad8195848adb1fb539b4f0_322F903A.md","10M_llm_powered_snippet_generator_READY py 23ee718871ad8195848adb1fb539b4f0_322F903A.md",".md"
"D:\MAGIC\backups\QUARANTINE_20250912_142935\magic_file_tracker_export.csv\10M_multilingual_content_spinner_READY py 23ee718871ad81218708f6d122142b8b.md","D:\MAGIC\scripts\phase00\INBOX\10M_multilingual_content_spinner_READY py 23ee718871ad81218708f6d122142b8b_996E3703.md","10M_multilingual_content_spinner_READY py 23ee718871ad81218708f6d122142b8b_996E3703.md",".md"
"D:\MAGIC\backups\QUARANTINE_20250912_142935\magic_file_tracker_export.csv\10N_broken_link_checker_READY py 23ee718871ad8171b744f415a2e2552d.md","D:\MAGIC\scripts\phase00\INBOX\10N_broken_link_checker_READY py 23ee718871ad8171b744f415a2e2552d_14616AC8.md","10N_broken_link_checker_READY py 23ee718871ad8171b744f415a2e2552d_14616AC8.md",".md"
"D:\MAGIC\backups\QUARANTINE_20250912_142935\magic_file_tracker_export.csv\10N_robots_txt_manager_READY py 23ee718871ad81d68ca2c54212b77f26.md","D:\MAGIC\scripts\phase00\INBOX\10N_robots_txt_manager_READY py 23ee718871ad81d68ca2c54212b77f26_5F1B2AC2.md","10N_robots_txt_manager_READY py 23ee718871ad81d68ca2c54212b77f26_5F1B2AC2.md",".md"
"D:\MAGIC\backups\QUARANTINE_20250912_142935\magic_file_tracker_export.csv\10N_sitemap_auto_builder_READY py 23ee718871ad81bb8bfac581d3de4664.md","D:\MAGIC\scripts\phase00\INBOX\10N_sitemap_auto_builder_READY py 23ee718871ad81bb8bfac581d3de4664_DB7D7EED.md","10N_sitemap_auto_builder_READY py 23ee718871ad81bb8bfac581d3de4664_DB7D7EED.md",".md"
"D:\MAGIC\backups\QUARANTINE_20250912_142935\magic_file_tracker_export.csv\10O_featured_snippet_tracker_READY py 23ee718871ad81959939c0cff698d7b9.md","D:\MAGIC\scripts\phase00\INBOX\10O_featured_snippet_tracker_READY py 23ee718871ad81959939c0cff698d7b9_DEE67DA0.md","10O_featured_snippet_tracker_READY py 23ee718871ad81959939c0cff698d7b9_DEE67DA0.md",".md"
"D:\MAGIC\backups\QUARANTINE_20250912_142935\magic_file_tracker_export.csv\10O_people_also_ask_analyzer_READY py 23ee718871ad8195a14be0621d3333a9.md","D:\MAGIC\scripts\phase00\INBOX\10O_people_also_ask_analyzer_READY py 23ee718871ad8195a14be0621d3333a9_B989E785.md","10O_people_also_ask_analyzer_READY py 23ee718871ad8195a14be0621d3333a9_B989E785.md",".md"
"D:\MAGIC\backups\QUARANTINE_20250912_142935\magic_file_tracker_export.csv\10O_related_searches_miner_READY py 23ee718871ad81abb038e8509fcdc931.md","D:\MAGIC\scripts\phase00\INBOX\10O_related_searches_miner_READY py 23ee718871ad81abb038e8509fcdc931_C96FA74F.md","10O_related_searches_miner_READY py 23ee718871ad81abb038e8509fcdc931_C96FA74F.md",".md"
"D:\MAGIC\backups\QUARANTINE_20250912_142935\magic_file_tracker_export.csv\10P_ai_seo_prompt_formatter_READY py 23ee718871ad81529187ca186fd8727e.md","D:\MAGIC\scripts\phase00\INBOX\10P_ai_seo_prompt_formatter_READY py 23ee718871ad81529187ca186fd8727e_6FC831DB.md","10P_ai_seo_prompt_formatter_READY py 23ee718871ad81529187ca186fd8727e_6FC831DB.md",".md"
"D:\MAGIC\backups\QUARANTINE_20250912_142935\magic_file_tracker_export.csv\10P_search_engine_tag_generator_READY py 23ee718871ad81b189d3eb886fa8528a.md","D:\MAGIC\scripts\phase00\INBOX\10P_search_engine_tag_generator_READY py 23ee718871ad81b189d3eb886fa8528a_3CBE71FD.md","10P_search_engine_tag_generator_READY py 23ee718871ad81b189d3eb886fa8528a_3CBE71FD.md",".md"
"D:\MAGIC\backups\QUARANTINE_20250912_142935\magic_file_tracker_export.csv\10P_voice_search_optimization_engine_READY py 23ee718871ad81f08e2fee11cb4b29da.md","D:\MAGIC\scripts\phase00\INBOX\10P_voice_search_optimization_engine_READY py 23ee718871ad81f08e2fee11cb4b29da_BEA1589E.md","10P_voice_search_optimization_engine_READY py 23ee718871ad81f08e2fee11cb4b29da_BEA1589E.md",".md"
"D:\MAGIC\backups\QUARANTINE_20250912_142935\magic_file_tracker_export.csv\10Q_bounce_rate_tracker_READY py 23ee718871ad815fb0fdc6a1c968d116.md","D:\MAGIC\scripts\phase00\INBOX\10Q_bounce_rate_tracker_READY py 23ee718871ad815fb0fdc6a1c968d116_58FED57F.md","10Q_bounce_rate_tracker_READY py 23ee718871ad815fb0fdc6a1c968d116_58FED57F.md",".md"
"D:\MAGIC\backups\QUARANTINE_20250912_142935\magic_file_tracker_export.csv\10Q_dwell_time_monitor_READY py 23ee718871ad813ab2f2e649ff0a3d02.md","D:\MAGIC\scripts\phase00\INBOX\10Q_dwell_time_monitor_READY py 23ee718871ad813ab2f2e649ff0a3d02_617790E7.md","10Q_dwell_time_monitor_READY py 23ee718871ad813ab2f2e649ff0a3d02_617790E7.md",".md"
"D:\MAGIC\backups\QUARANTINE_20250912_142935\magic_file_tracker_export.csv\10Q_scroll_depth_analyzer_READY py 23ee718871ad81199c8cc32103dfca06.md","D:\MAGIC\scripts\phase00\INBOX\10Q_scroll_depth_analyzer_READY py 23ee718871ad81199c8cc32103dfca06_D081AE65.md","10Q_scroll_depth_analyzer_READY py 23ee718871ad81199c8cc32103dfca06_D081AE65.md",".md"
"D:\MAGIC\backups\QUARANTINE_20250912_142935\magic_file_tracker_export.csv\10R_automation_toggle_panel_READY py 23ee718871ad8132aa59c2c65d0049f8.md","D:\MAGIC\scripts\phase00\INBOX\10R_automation_toggle_panel_READY py 23ee718871ad8132aa59c2c65d0049f8_215E78AE.md","10R_automation_toggle_panel_READY py 23ee718871ad8132aa59c2c65d0049f8_215E78AE.md",".md"
"D:\MAGIC\backups\QUARANTINE_20250912_142935\magic_file_tracker_export.csv\10R_retry_failed_seo_actions_READY py 23ee718871ad816a9051f73c958c2256.md","D:\MAGIC\scripts\phase00\INBOX\10R_retry_failed_seo_actions_READY py 23ee718871ad816a9051f73c958c2256_12E8FEDD.md","10R_retry_failed_seo_actions_READY py 23ee718871ad816a9051f73c958c2256_12E8FEDD.md",".md"
"D:\MAGIC\backups\QUARANTINE_20250912_142935\magic_file_tracker_export.csv\10R_seo_quarantine_system_READY py 23ee718871ad81929f0cd16ac31d4815.md","D:\MAGIC\scripts\phase00\INBOX\10R_seo_quarantine_system_READY py 23ee718871ad81929f0cd16ac31d4815_D17A6692.md","10R_seo_quarantine_system_READY py 23ee718871ad81929f0cd16ac31d4815_D17A6692.md",".md"
"D:\MAGIC\backups\QUARANTINE_20250912_142935\magic_file_tracker_export.csv\10S_digital_pr_tracker_READY py 23ee718871ad81bdb138dba252b92322.md","D:\MAGIC\scripts\phase00\INBOX\10S_digital_pr_tracker_READY py 23ee718871ad81bdb138dba252b92322_AD270EB0.md","10S_digital_pr_tracker_READY py 23ee718871ad81bdb138dba252b92322_AD270EB0.md",".md"
"D:\MAGIC\backups\QUARANTINE_20250912_142935\magic_file_tracker_export.csv\10S_haro_pitch_automator_READY py 23ee718871ad818b9860ee1508889ada.md","D:\MAGIC\scripts\phase00\INBOX\10S_haro_pitch_automator_READY py 23ee718871ad818b9860ee1508889ada_B590E0D0.md","10S_haro_pitch_automator_READY py 23ee718871ad818b9860ee1508889ada_B590E0D0.md",".md"
"D:\MAGIC\backups\QUARANTINE_20250912_142935\magic_file_tracker_export.csv\10S_press_release_seo_formatter_READY py 23ee718871ad812d9dabf788a04dcd6d.md","D:\MAGIC\scripts\phase00\INBOX\10S_press_release_seo_formatter_READY py 23ee718871ad812d9dabf788a04dcd6d_FA54FB9E.md","10S_press_release_seo_formatter_READY py 23ee718871ad812d9dabf788a04dcd6d_FA54FB9E.md",".md"
"D:\MAGIC\backups\QUARANTINE_20250912_142935\magic_file_tracker_export.csv\10T_cta_heatmap_generator_READY py 23ee718871ad8130ac85e613d19bf2c3.md","D:\MAGIC\scripts\phase00\INBOX\10T_cta_heatmap_generator_READY py 23ee718871ad8130ac85e613d19bf2c3_04645580.md","10T_cta_heatmap_generator_READY py 23ee718871ad8130ac85e613d19bf2c3_04645580.md",".md"
"D:\MAGIC\backups\QUARANTINE_20250912_142935\magic_file_tracker_export.csv\10T_scroll_triggered_seo_opt_ins_READY py 23ee718871ad81c49d53dc9648f48e20.md","D:\MAGIC\scripts\phase00\INBOX\10T_scroll_triggered_seo_opt_ins_READY py 23ee718871ad81c49d53dc9648f48e20_73F2FF1E.md","10T_scroll_triggered_seo_opt_ins_READY py 23ee718871ad81c49d53dc9648f48e20_73F2FF1E.md",".md"
"D:\MAGIC\backups\QUARANTINE_20250912_142935\magic_file_tracker_export.csv\10T_seo_based_lead_magnet_builder_READY py 23ee718871ad814f956bfcac29f19386.md","D:\MAGIC\scripts\phase00\INBOX\10T_seo_based_lead_magnet_builder_READY py 23ee718871ad814f956bfcac29f19386_502D3ABE.md","10T_seo_based_lead_magnet_builder_READY py 23ee718871ad814f956bfcac29f19386_502D3ABE.md",".md"
"D:\MAGIC\backups\QUARANTINE_20250912_142935\magic_file_tracker_export.csv\10U_seo_based_youtube_title_spinner_READY py 23ee718871ad81d8b575e4994bd77797.md","D:\MAGIC\scripts\phase00\INBOX\10U_seo_based_youtube_title_spinner_READY py 23ee718871ad81d8b575e4994bd77797_E8A0B2C6.md","10U_seo_based_youtube_title_spinner_READY py 23ee718871ad81d8b575e4994bd77797_E8A0B2C6.md",".md"
"D:\MAGIC\backups\QUARANTINE_20250912_142935\magic_file_tracker_export.csv\10U_shorts_hashtag_auto_matcher_READY py 23ee718871ad813580d4d4a56ebb4ce3.md","D:\MAGIC\scripts\phase00\INBOX\10U_shorts_hashtag_auto_matcher_READY py 23ee718871ad813580d4d4a56ebb4ce3_594CDEBF.md","10U_shorts_hashtag_auto_matcher_READY py 23ee718871ad813580d4d4a56ebb4ce3_594CDEBF.md",".md"
"D:\MAGIC\backups\QUARANTINE_20250912_142935\magic_file_tracker_export.csv\10U_video_transcript_seo_optimizer_READY py 23ee718871ad81d488b0d251e44ac8af.md","D:\MAGIC\scripts\phase00\INBOX\10U_video_transcript_seo_optimizer_READY py 23ee718871ad81d488b0d251e44ac8af_E8E74AC3.md","10U_video_transcript_seo_optimizer_READY py 23ee718871ad81d488b0d251e44ac8af_E8E74AC3.md",".md"
"D:\MAGIC\backups\QUARANTINE_20250912_142935\magic_file_tracker_export.csv\10V_affiliate_keyword_rank_tracker_READY py 23ee718871ad81cb8435f716235b42f5.md","D:\MAGIC\scripts\phase00\INBOX\10V_affiliate_keyword_rank_tracker_READY py 23ee718871ad81cb8435f716235b42f5_4BA424F6.md","10V_affiliate_keyword_rank_tracker_READY py 23ee718871ad81cb8435f716235b42f5_4BA424F6.md",".md"
"D:\MAGIC\backups\QUARANTINE_20250912_142935\magic_file_tracker_export.csv\10V_monetization_opportunity_finder_READY py 23ee718871ad8191a4fed5285c341a4d.md","D:\MAGIC\scripts\phase00\INBOX\10V_monetization_opportunity_finder_READY py 23ee718871ad8191a4fed5285c341a4d_331495C9.md","10V_monetization_opportunity_finder_READY py 23ee718871ad8191a4fed5285c341a4d_331495C9.md",".md"
"D:\MAGIC\backups\QUARANTINE_20250912_142935\magic_file_tracker_export.csv\10V_seo_split_test_for_affiliate_ctas_READY py 23ee718871ad8172bdd8d84d70f89cf0.md","D:\MAGIC\scripts\phase00\INBOX\10V_seo_split_test_for_affiliate_ctas_READY py 23ee718871ad8172bdd8d84d70f89cf0_517BC13B.md","10V_seo_split_test_for_affiliate_ctas_READY py 23ee718871ad8172bdd8d84d70f89cf0_517BC13B.md",".md"
"D:\MAGIC\backups\QUARANTINE_20250912_142935\magic_file_tracker_export.csv\10W_collection_seo_auto_bundler_READY py 23ee718871ad813db6acd4f865a2d565.md","D:\MAGIC\scripts\phase00\INBOX\10W_collection_seo_auto_bundler_READY py 23ee718871ad813db6acd4f865a2d565_77C1AD36.md","10W_collection_seo_auto_bundler_READY py 23ee718871ad813db6acd4f865a2d565_77C1AD36.md",".md"
"D:\MAGIC\backups\QUARANTINE_20250912_142935\magic_file_tracker_export.csv\10W_product_page_keyword_optimizer_READY py 23ee718871ad81528417d1e511d810ea.md","D:\MAGIC\scripts\phase00\INBOX\10W_product_page_keyword_optimizer_READY py 23ee718871ad81528417d1e511d810ea_02BA1018.md","10W_product_page_keyword_optimizer_READY py 23ee718871ad81528417d1e511d810ea_02BA1018.md",".md"
"D:\MAGIC\backups\QUARANTINE_20250912_142935\magic_file_tracker_export.csv\10W_review_snippet_generator_READY py 23ee718871ad8131a83ac2e1767345f4.md","D:\MAGIC\scripts\phase00\INBOX\10W_review_snippet_generator_READY py 23ee718871ad8131a83ac2e1767345f4_337B21DC.md","10W_review_snippet_generator_READY py 23ee718871ad8131a83ac2e1767345f4_337B21DC.md",".md"
"D:\MAGIC\backups\QUARANTINE_20250912_142935\magic_file_tracker_export.csv\10X_ai_search_performance_analyzer_READY py 23ee718871ad81c88740e96366b5d5c8.md","D:\MAGIC\scripts\phase00\INBOX\10X_ai_search_performance_analyzer_READY py 23ee718871ad81c88740e96366b5d5c8_DCC41748.md","10X_ai_search_performance_analyzer_READY py 23ee718871ad81c88740e96366b5d5c8_DCC41748.md",".md"
"D:\MAGIC\backups\QUARANTINE_20250912_142935\magic_file_tracker_export.csv\10X_alexa_google_voice_seo_embedder_READY py 23ee718871ad81f2b8d0d224bd1d3d0a.md","D:\MAGIC\scripts\phase00\INBOX\10X_alexa_google_voice_seo_embedder_READY py 23ee718871ad81f2b8d0d224bd1d3d0a_1454E74B.md","10X_alexa_google_voice_seo_embedder_READY py 23ee718871ad81f2b8d0d224bd1d3d0a_1454E74B.md",".md"
"D:\MAGIC\backups\QUARANTINE_20250912_142935\magic_file_tracker_export.csv\10X_llm_visibility_tag_generator_READY py 23ee718871ad81c0811df4f3cec7f167.md","D:\MAGIC\scripts\phase00\INBOX\10X_llm_visibility_tag_generator_READY py 23ee718871ad81c0811df4f3cec7f167_B2D241FC.md","10X_llm_visibility_tag_generator_READY py 23ee718871ad81c0811df4f3cec7f167_B2D241FC.md",".md"
"D:\MAGIC\backups\QUARANTINE_20250912_142935\magic_file_tracker_export.csv\10Y_social_share_impact_tracker_READY py 23ee718871ad81b6a6f7da507793888a.md","D:\MAGIC\scripts\phase00\INBOX\10Y_social_share_impact_tracker_READY py 23ee718871ad81b6a6f7da507793888a_C25685CE.md","10Y_social_share_impact_tracker_READY py 23ee718871ad81b6a6f7da507793888a_C25685CE.md",".md"
"D:\MAGIC\backups\QUARANTINE_20250912_142935\magic_file_tracker_export.csv\10Y_testimonial_embed_builder_READY py 23ee718871ad81e48368fd39289830b8.md","D:\MAGIC\scripts\phase00\INBOX\10Y_testimonial_embed_builder_READY py 23ee718871ad81e48368fd39289830b8_47DAA009.md","10Y_testimonial_embed_builder_READY py 23ee718871ad81e48368fd39289830b8_47DAA009.md",".md"
"D:\MAGIC\backups\QUARANTINE_20250912_142935\magic_file_tracker_export.csv\10Y_user_generated_content_seo_indexer_READY py 23ee718871ad81caabf8ea95ca77719e.md","D:\MAGIC\scripts\phase00\INBOX\10Y_user_generated_content_seo_indexer_READY py 23ee718871ad81caabf8ea95ca77719e_87B0E5BC.md","10Y_user_generated_content_seo_indexer_READY py 23ee718871ad81caabf8ea95ca77719e_87B0E5BC.md",".md"
"D:\MAGIC\backups\QUARANTINE_20250912_142935\magic_file_tracker_export.csv\10Z_intelligent_prioritization_system_READY py 23ee718871ad8118a921fed7639a03b1.md","D:\MAGIC\scripts\phase00\INBOX\10Z_intelligent_prioritization_system_READY py 23ee718871ad8118a921fed7639a03b1_4E129316.md","10Z_intelligent_prioritization_system_READY py 23ee718871ad8118a921fed7639a03b1_4E129316.md",".md"
"D:\MAGIC\backups\QUARANTINE_20250912_142935\magic_file_tracker_export.csv\10Z_seo_cleanup_script_READY py 23ee718871ad81e39366fc267488124d.md","D:\MAGIC\scripts\phase00\INBOX\10Z_seo_cleanup_script_READY py 23ee718871ad81e39366fc267488124d_CBB73C21.md","10Z_seo_cleanup_script_READY py 23ee718871ad81e39366fc267488124d_CBB73C21.md",".md"
"D:\MAGIC\backups\QUARANTINE_20250912_142935\magic_file_tracker_export.csv\10Z__10_orchestration_trigger_READY py 23ee718871ad8148b08aea3981c6d923.md","D:\MAGIC\scripts\phase00\INBOX\10Z__10_orchestration_trigger_READY py 23ee718871ad8148b08aea3981c6d923_3825712A.md","10Z__10_orchestration_trigger_READY py 23ee718871ad8148b08aea3981c6d923_3825712A.md",".md"
"D:\MAGIC\backups\QUARANTINE_20250912_142935\magic_file_tracker_export.csv\11A_automation_flow_breakpoint_map_READY py 23ee718871ad81a9a267d74403db1361.md","D:\MAGIC\scripts\phase00\INBOX\11A_automation_flow_breakpoint_map_READY py 23ee718871ad81a9a267d74403db1361_0E3EA749.md","11A_automation_flow_breakpoint_map_READY py 23ee718871ad81a9a267d74403db1361_0E3EA749.md",".md"
"D:\MAGIC\backups\QUARANTINE_20250912_142935\magic_file_tracker_export.csv\11A_missing_module_detector_READY py 23ee718871ad81199cf4f8fb479adf19.md","D:\MAGIC\scripts\phase00\INBOX\11A_missing_module_detector_READY py 23ee718871ad81199cf4f8fb479adf19_E7E28901.md","11A_missing_module_detector_READY py 23ee718871ad81199cf4f8fb479adf19_E7E28901.md",".md"
"D:\MAGIC\backups\QUARANTINE_20250912_142935\magic_file_tracker_export.csv\11A_script_health_verifier_READY py 23ee718871ad81339ec7fa72a1c9fc30.md","D:\MAGIC\scripts\phase00\INBOX\11A_script_health_verifier_READY py 23ee718871ad81339ec7fa72a1c9fc30_9298BDAB.md","11A_script_health_verifier_READY py 23ee718871ad81339ec7fa72a1c9fc30_9298BDAB.md",".md"
"D:\MAGIC\backups\QUARANTINE_20250912_142935\magic_file_tracker_export.csv\11B_api_key_leak_checker_READY py 23ee718871ad8149a276c7ec3c694bf5.md","D:\MAGIC\scripts\phase00\INBOX\11B_api_key_leak_checker_READY py 23ee718871ad8149a276c7ec3c694bf5_8AC5A47D.md","11B_api_key_leak_checker_READY py 23ee718871ad8149a276c7ec3c694bf5_8AC5A47D.md",".md"
"D:\MAGIC\backups\QUARANTINE_20250912_142935\magic_file_tracker_export.csv\11B_credential_vault_manager_READY py 23ee718871ad81d1836cf0aad64e0d6b.md","D:\MAGIC\scripts\phase00\INBOX\11B_credential_vault_manager_READY py 23ee718871ad81d1836cf0aad64e0d6b_0A3B966E.md","11B_credential_vault_manager_READY py 23ee718871ad81d1836cf0aad64e0d6b_0A3B966E.md",".md"
"D:\MAGIC\backups\QUARANTINE_20250912_142935\magic_file_tracker_export.csv\11B_rate_limit_stress_test_READY py 23ee718871ad818f80fad3db1100217f.md","D:\MAGIC\scripts\phase00\INBOX\11B_rate_limit_stress_test_READY py 23ee718871ad818f80fad3db1100217f_7D187AC9.md","11B_rate_limit_stress_test_READY py 23ee718871ad818f80fad3db1100217f_7D187AC9.md",".md"
"D:\MAGIC\backups\QUARANTINE_20250912_142935\magic_file_tracker_export.csv\11C_corruption_recovery_agent_READY py 23ee718871ad81d2bfe3c91537847ca2.md","D:\MAGIC\scripts\phase00\INBOX\11C_corruption_recovery_agent_READY py 23ee718871ad81d2bfe3c91537847ca2_F669504A.md","11C_corruption_recovery_agent_READY py 23ee718871ad81d2bfe3c91537847ca2_F669504A.md",".md"
"D:\MAGIC\backups\QUARANTINE_20250912_142935\magic_file_tracker_export.csv\11C_data_quality_validator_READY py 23ee718871ad811a9ef9ca8eccbe04ed.md","D:\MAGIC\scripts\phase00\INBOX\11C_data_quality_validator_READY py 23ee718871ad811a9ef9ca8eccbe04ed_F88630C9.md","11C_data_quality_validator_READY py 23ee718871ad811a9ef9ca8eccbe04ed_F88630C9.md",".md"
"D:\MAGIC\backups\QUARANTINE_20250912_142935\magic_file_tracker_export.csv\11C_fail_safe_backup_system_READY py 23ee718871ad8169bf93c1318af1e240.md","D:\MAGIC\scripts\phase00\INBOX\11C_fail_safe_backup_system_READY py 23ee718871ad8169bf93c1318af1e240_BAB39314.md","11C_fail_safe_backup_system_READY py 23ee718871ad8169bf93c1318af1e240_BAB39314.md",".md"
"D:\MAGIC\backups\QUARANTINE_20250912_142935\magic_file_tracker_export.csv\11D_deployment_readiness_auditor_READY py 23ee718871ad81ca8517f093a1b0bec4.md","D:\MAGIC\scripts\phase00\INBOX\11D_deployment_readiness_auditor_READY py 23ee718871ad81ca8517f093a1b0bec4_7679D366.md","11D_deployment_readiness_auditor_READY py 23ee718871ad81ca8517f093a1b0bec4_7679D366.md",".md"
"D:\MAGIC\backups\QUARANTINE_20250912_142935\magic_file_tracker_export.csv\11D_failpoint_injection_simulator_READY py 23ee718871ad81619fe6d6ba64542aa1.md","D:\MAGIC\scripts\phase00\INBOX\11D_failpoint_injection_simulator_READY py 23ee718871ad81619fe6d6ba64542aa1_BF5A083E.md","11D_failpoint_injection_simulator_READY py 23ee718871ad81619fe6d6ba64542aa1_BF5A083E.md",".md"
"D:\MAGIC\backups\QUARANTINE_20250912_142935\magic_file_tracker_export.csv\11D_orchestration_consistency_check_READY py 23ee718871ad811da087dfec85efba55.md","D:\MAGIC\scripts\phase00\INBOX\11D_orchestration_consistency_check_READY py 23ee718871ad811da087dfec85efba55_72D4ABA6.md","11D_orchestration_consistency_check_READY py 23ee718871ad811da087dfec85efba55_72D4ABA6.md",".md"
"D:\MAGIC\backups\QUARANTINE_20250912_142935\magic_file_tracker_export.csv\11E_api_health_checker_READY py 23ee718871ad81fa84d8fe3c1a6b6268.md","D:\MAGIC\scripts\phase00\INBOX\11E_api_health_checker_READY py 23ee718871ad81fa84d8fe3c1a6b6268_2FE8446C.md","11E_api_health_checker_READY py 23ee718871ad81fa84d8fe3c1a6b6268_2FE8446C.md",".md"
"D:\MAGIC\backups\QUARANTINE_20250912_142935\magic_file_tracker_export.csv\11E_bottleneck_profiler_READY py 23ee718871ad81b4954ae971c6bd8532.md","D:\MAGIC\scripts\phase00\INBOX\11E_bottleneck_profiler_READY py 23ee718871ad81b4954ae971c6bd8532_D183625D.md","11E_bottleneck_profiler_READY py 23ee718871ad81b4954ae971c6bd8532_D183625D.md",".md"
"D:\MAGIC\backups\QUARANTINE_20250912_142935\magic_file_tracker_export.csv\11E_broken_script_detector_READY py 23ee718871ad818bb429cff094126434.md","D:\MAGIC\scripts\phase00\INBOX\11E_broken_script_detector_READY py 23ee718871ad818bb429cff094126434_62930B26.md","11E_broken_script_detector_READY py 23ee718871ad818bb429cff094126434_62930B26.md",".md"
"D:\MAGIC\backups\QUARANTINE_20250912_142935\magic_file_tracker_export.csv\11E_budget_burn_monitor_READY py 23ee718871ad811781a6f848945270a2.md","D:\MAGIC\scripts\phase00\INBOX\11E_budget_burn_monitor_READY py 23ee718871ad811781a6f848945270a2_ADE90F96.md","11E_budget_burn_monitor_READY py 23ee718871ad811781a6f848945270a2_ADE90F96.md",".md"
"D:\MAGIC\backups\QUARANTINE_20250912_142935\magic_file_tracker_export.csv\11E_file_folder_cleanup_READY py 23ee718871ad81ce8071c1435392ebaa.md","D:\MAGIC\scripts\phase00\INBOX\11E_file_folder_cleanup_READY py 23ee718871ad81ce8071c1435392ebaa_82FF118E.md","11E_file_folder_cleanup_READY py 23ee718871ad81ce8071c1435392ebaa_82FF118E.md",".md"
"D:\MAGIC\backups\QUARANTINE_20250912_142935\magic_file_tracker_export.csv\11F_agent_performance_log_READY py 23ee718871ad8128900bf28f537a7b3b.md","D:\MAGIC\scripts\phase00\INBOX\11F_agent_performance_log_READY py 23ee718871ad8128900bf28f537a7b3b_663B63F1.md","11F_agent_performance_log_READY py 23ee718871ad8128900bf28f537a7b3b_663B63F1.md",".md"
"D:\MAGIC\backups\QUARANTINE_20250912_142935\magic_file_tracker_export.csv\11F_error_pattern_analyzer_READY py 23ee718871ad810c8149e214197dd7b4.md","D:\MAGIC\scripts\phase00\INBOX\11F_error_pattern_analyzer_READY py 23ee718871ad810c8149e214197dd7b4_731B937D.md","11F_error_pattern_analyzer_READY py 23ee718871ad810c8149e214197dd7b4_731B937D.md",".md"
"D:\MAGIC\backups\QUARANTINE_20250912_142935\magic_file_tracker_export.csv\11F_redundancy_reducer_READY py 23ee718871ad8110b030fbd13851ae0f.md","D:\MAGIC\scripts\phase00\INBOX\11F_redundancy_reducer_READY py 23ee718871ad8110b030fbd13851ae0f_0A074F31.md","11F_redundancy_reducer_READY py 23ee718871ad8110b030fbd13851ae0f_0A074F31.md",".md"
"D:\MAGIC\backups\QUARANTINE_20250912_142935\magic_file_tracker_export.csv\11F_retry_dead_job_scanner_READY py 23ee718871ad816bae94dae6a4689925.md","D:\MAGIC\scripts\phase00\INBOX\11F_retry_dead_job_scanner_READY py 23ee718871ad816bae94dae6a4689925_2A4A0907.md","11F_retry_dead_job_scanner_READY py 23ee718871ad816bae94dae6a4689925_2A4A0907.md",".md"
"D:\MAGIC\backups\QUARANTINE_20250912_142935\magic_file_tracker_export.csv\11G_full_system_audit_report_READY py 23ee718871ad8100b5f2e44499bcdb3d.md","D:\MAGIC\scripts\phase00\INBOX\11G_full_system_audit_report_READY py 23ee718871ad8100b5f2e44499bcdb3d_E6F1795E.md","11G_full_system_audit_report_READY py 23ee718871ad8100b5f2e44499bcdb3d_E6F1795E.md",".md"
"D:\MAGIC\backups\QUARANTINE_20250912_142935\magic_file_tracker_export.csv\11H_dead_api_key_validator_READY py 23ee718871ad8103afeae79ddd1301fe.md","D:\MAGIC\scripts\phase00\INBOX\11H_dead_api_key_validator_READY py 23ee718871ad8103afeae79ddd1301fe_3F516782.md","11H_dead_api_key_validator_READY py 23ee718871ad8103afeae79ddd1301fe_3F516782.md",".md"
"D:\MAGIC\backups\QUARANTINE_20250912_142935\magic_file_tracker_export.csv\11H_dependency_graph_audit_READY py 23ee718871ad81c783f0c0ddd9b1b5a3.md","D:\MAGIC\scripts\phase00\INBOX\11H_dependency_graph_audit_READY py 23ee718871ad81c783f0c0ddd9b1b5a3_75742E04.md","11H_dependency_graph_audit_READY py 23ee718871ad81c783f0c0ddd9b1b5a3_75742E04.md",".md"
"D:\MAGIC\backups\QUARANTINE_20250912_142935\magic_file_tracker_export.csv\11H_logging_coverage_analyzer_READY py 23ee718871ad817d93edd187ca97aee6.md","D:\MAGIC\scripts\phase00\INBOX\11H_logging_coverage_analyzer_READY py 23ee718871ad817d93edd187ca97aee6_0B8F72B9.md","11H_logging_coverage_analyzer_READY py 23ee718871ad817d93edd187ca97aee6_0B8F72B9.md",".md"
"D:\MAGIC\backups\QUARANTINE_20250912_142935\magic_file_tracker_export.csv\11H_orphan_file_detector_READY py 23ee718871ad81b898facb1d6b65d230.md","D:\MAGIC\scripts\phase00\INBOX\11H_orphan_file_detector_READY py 23ee718871ad81b898facb1d6b65d230_5ABCE1A2.md","11H_orphan_file_detector_READY py 23ee718871ad81b898facb1d6b65d230_5ABCE1A2.md",".md"
"D:\MAGIC\backups\QUARANTINE_20250912_142935\magic_file_tracker_export.csv\11H_output_file_validator_READY py 23ee718871ad8141a7ebdefd535ad69f.md","D:\MAGIC\scripts\phase00\INBOX\11H_output_file_validator_READY py 23ee718871ad8141a7ebdefd535ad69f_687AF0C5.md","11H_output_file_validator_READY py 23ee718871ad8141a7ebdefd535ad69f_687AF0C5.md",".md"
"D:\MAGIC\backups\QUARANTINE_20250912_142935\magic_file_tracker_export.csv\11H_retry_logic_tester_READY py 23ee718871ad8133bf60fecdbbc63e35.md","D:\MAGIC\scripts\phase00\INBOX\11H_retry_logic_tester_READY py 23ee718871ad8133bf60fecdbbc63e35_02A4E0D6.md","11H_retry_logic_tester_READY py 23ee718871ad8133bf60fecdbbc63e35_02A4E0D6.md",".md"
"D:\MAGIC\backups\QUARANTINE_20250912_142935\magic_file_tracker_export.csv\11I_ai_decision_watchdog_READY py 23ee718871ad81d8910bd73bfa0b2d69.md","D:\MAGIC\scripts\phase00\INBOX\11I_ai_decision_watchdog_READY py 23ee718871ad81d8910bd73bfa0b2d69_EF6681A2.md","11I_ai_decision_watchdog_READY py 23ee718871ad81d8910bd73bfa0b2d69_EF6681A2.md",".md"
"D:\MAGIC\backups\QUARANTINE_20250912_142935\magic_file_tracker_export.csv\11I_broken_link_embed_fixer_READY py 23ee718871ad81df99cfdb9e91560688.md","D:\MAGIC\scripts\phase00\INBOX\11I_broken_link_embed_fixer_READY py 23ee718871ad81df99cfdb9e91560688_9CF21036.md","11I_broken_link_embed_fixer_READY py 23ee718871ad81df99cfdb9e91560688_9CF21036.md",".md"
"D:\MAGIC\backups\QUARANTINE_20250912_142935\magic_file_tracker_export.csv\11I_central_config_migration_READY py 23ee718871ad81c88326f0373c769176.md","D:\MAGIC\scripts\phase00\INBOX\11I_central_config_migration_READY py 23ee718871ad81c88326f0373c769176_6A831644.md","11I_central_config_migration_READY py 23ee718871ad81c88326f0373c769176_6A831644.md",".md"
"D:\MAGIC\backups\QUARANTINE_20250912_142935\magic_file_tracker_export.csv\11I_cost_overflow_stopper_READY py 23ee718871ad8116a0f6d8646afe907e.md","D:\MAGIC\scripts\phase00\INBOX\11I_cost_overflow_stopper_READY py 23ee718871ad8116a0f6d8646afe907e_36089574.md","11I_cost_overflow_stopper_READY py 23ee718871ad8116a0f6d8646afe907e_36089574.md",".md"
"D:\MAGIC\backups\QUARANTINE_20250912_142935\magic_file_tracker_export.csv\11I_fallback_agent_builder_READY py 23ee718871ad8103bef9c9d6815986bb.md","D:\MAGIC\scripts\phase00\INBOX\11I_fallback_agent_builder_READY py 23ee718871ad8103bef9c9d6815986bb_51AB6003.md","11I_fallback_agent_builder_READY py 23ee718871ad8103bef9c9d6815986bb_51AB6003.md",".md"
"D:\MAGIC\backups\QUARANTINE_20250912_142935\magic_file_tracker_export.csv\11I_modularize_orchestration_READY py 23ee718871ad81bcb8c6df6020ecc56f.md","D:\MAGIC\scripts\phase00\INBOX\11I_modularize_orchestration_READY py 23ee718871ad81bcb8c6df6020ecc56f_C6910A50.md","11I_modularize_orchestration_READY py 23ee718871ad81bcb8c6df6020ecc56f_C6910A50.md",".md"
"D:\MAGIC\backups\QUARANTINE_20250912_142935\magic_file_tracker_export.csv\11I_rate_limit_guard_READY py 23ee718871ad814fbbe9de30874d2c74.md","D:\MAGIC\scripts\phase00\INBOX\11I_rate_limit_guard_READY py 23ee718871ad814fbbe9de30874d2c74_271C0529.md","11I_rate_limit_guard_READY py 23ee718871ad814fbbe9de30874d2c74_271C0529.md",".md"
"D:\MAGIC\backups\QUARANTINE_20250912_142935\magic_file_tracker_export.csv\11I_regression_test_runner_READY py 23ee718871ad81f786d0ef94bd1d22f2.md","D:\MAGIC\scripts\phase00\INBOX\11I_regression_test_runner_READY py 23ee718871ad81f786d0ef94bd1d22f2_3FF547D6.md","11I_regression_test_runner_READY py 23ee718871ad81f786d0ef94bd1d22f2_3FF547D6.md",".md"
"D:\MAGIC\backups\QUARANTINE_20250912_142935\magic_file_tracker_export.csv\11I_system_wide_retry_limiter_READY py 23ee718871ad8118bc72e96f62dc6537.md","D:\MAGIC\scripts\phase00\INBOX\11I_system_wide_retry_limiter_READY py 23ee718871ad8118bc72e96f62dc6537_BAF74186.md","11I_system_wide_retry_limiter_READY py 23ee718871ad8118bc72e96f62dc6537_BAF74186.md",".md"
"D:\MAGIC\backups\QUARANTINE_20250912_142935\magic_file_tracker_export.csv\11J_load_spike_simulator_READY py 23ee718871ad81db8fd7c1f9d3ff56ef.md","D:\MAGIC\scripts\phase00\INBOX\11J_load_spike_simulator_READY py 23ee718871ad81db8fd7c1f9d3ff56ef_4FA398FD.md","11J_load_spike_simulator_READY py 23ee718871ad81db8fd7c1f9d3ff56ef_4FA398FD.md",".md"
"D:\MAGIC\backups\QUARANTINE_20250912_142935\magic_file_tracker_export.csv\11J_memory_leak_detector_READY py 23ee718871ad813d882cee2b75e5426f.md","D:\MAGIC\scripts\phase00\INBOX\11J_memory_leak_detector_READY py 23ee718871ad813d882cee2b75e5426f_31893D64.md","11J_memory_leak_detector_READY py 23ee718871ad813d882cee2b75e5426f_31893D64.md",".md"
"D:\MAGIC\backups\QUARANTINE_20250912_142935\magic_file_tracker_export.csv\11J_random_failure_injector_READY py 23ee718871ad81a4b0e0dec9953fe88c.md","D:\MAGIC\scripts\phase00\INBOX\11J_random_failure_injector_READY py 23ee718871ad81a4b0e0dec9953fe88c_20931C7A.md","11J_random_failure_injector_READY py 23ee718871ad81a4b0e0dec9953fe88c_20931C7A.md",".md"
"D:\MAGIC\backups\QUARANTINE_20250912_142935\magic_file_tracker_export.csv\11K_admin_access_checker_READY py 23ee718871ad810d9403def1f902d756.md","D:\MAGIC\scripts\phase00\INBOX\11K_admin_access_checker_READY py 23ee718871ad810d9403def1f902d756_FF0FC3A2.md","11K_admin_access_checker_READY py 23ee718871ad810d9403def1f902d756_FF0FC3A2.md",".md"
"D:\MAGIC\backups\QUARANTINE_20250912_142935\magic_file_tracker_export.csv\11K_config_tamper_detector_READY py 23ee718871ad81ab9c6ad1058db51c16.md","D:\MAGIC\scripts\phase00\INBOX\11K_config_tamper_detector_READY py 23ee718871ad81ab9c6ad1058db51c16_B6226080.md","11K_config_tamper_detector_READY py 23ee718871ad81ab9c6ad1058db51c16_B6226080.md",".md"
"D:\MAGIC\backups\QUARANTINE_20250912_142935\magic_file_tracker_export.csv\11K_directory_write_lock_verifier_READY py 23ee718871ad81189df3c39a225bb81e.md","D:\MAGIC\scripts\phase00\INBOX\11K_directory_write_lock_verifier_READY py 23ee718871ad81189df3c39a225bb81e_32FD6B76.md","11K_directory_write_lock_verifier_READY py 23ee718871ad81189df3c39a225bb81e_32FD6B76.md",".md"
"D:\MAGIC\backups\QUARANTINE_20250912_142935\magic_file_tracker_export.csv\11L_output_change_diff_checker_READY py 23ee718871ad811c9515f10535930edc.md","D:\MAGIC\scripts\phase00\INBOX\11L_output_change_diff_checker_READY py 23ee718871ad811c9515f10535930edc_62FEE078.md","11L_output_change_diff_checker_READY py 23ee718871ad811c9515f10535930edc_62FEE078.md",".md"
"D:\MAGIC\backups\QUARANTINE_20250912_142935\magic_file_tracker_export.csv\11L_time_stamped_run_archiver_READY py 23ee718871ad818baeecc5b99e04ce30.md","D:\MAGIC\scripts\phase00\INBOX\11L_time_stamped_run_archiver_READY py 23ee718871ad818baeecc5b99e04ce30_51D6E0EA.md","11L_time_stamped_run_archiver_READY py 23ee718871ad818baeecc5b99e04ce30_51D6E0EA.md",".md"
"D:\MAGIC\backups\QUARANTINE_20250912_142935\magic_file_tracker_export.csv\11L_version_drift_detector_READY py 23ee718871ad81b08d2dc205ef40394b.md","D:\MAGIC\scripts\phase00\INBOX\11L_version_drift_detector_READY py 23ee718871ad81b08d2dc205ef40394b_4ACBA80A.md","11L_version_drift_detector_READY py 23ee718871ad81b08d2dc205ef40394b_4ACBA80A.md",".md"
"D:\MAGIC\backups\QUARANTINE_20250912_142935\magic_file_tracker_export.csv\11M_api_abuse_detector_READY py 23ee718871ad81b29ac6d6dea68ead81.md","D:\MAGIC\scripts\phase00\INBOX\11M_api_abuse_detector_READY py 23ee718871ad81b29ac6d6dea68ead81_232BE65A.md","11M_api_abuse_detector_READY py 23ee718871ad81b29ac6d6dea68ead81_232BE65A.md",".md"
"D:\MAGIC\backups\QUARANTINE_20250912_142935\magic_file_tracker_export.csv\11M_input_sanitizer_READY py 23ee718871ad81f3961ff41577daae28.md","D:\MAGIC\scripts\phase00\INBOX\11M_input_sanitizer_READY py 23ee718871ad81f3961ff41577daae28_24F73D49.md","11M_input_sanitizer_READY py 23ee718871ad81f3961ff41577daae28_24F73D49.md",".md"
"D:\MAGIC\backups\QUARANTINE_20250912_142935\magic_file_tracker_export.csv\11M_prompt_injection_tester_READY py 23ee718871ad81ca8289f8d3ed30c4da.md","D:\MAGIC\scripts\phase00\INBOX\11M_prompt_injection_tester_READY py 23ee718871ad81ca8289f8d3ed30c4da_4315DFBD.md","11M_prompt_injection_tester_READY py 23ee718871ad81ca8289f8d3ed30c4da_4315DFBD.md",".md"
"D:\MAGIC\backups\QUARANTINE_20250912_142935\magic_file_tracker_export.csv\11N_approval_gate_for_high_risk_ops_READY py 23ee718871ad81da8f82fbdd73d5482c.md","D:\MAGIC\scripts\phase00\INBOX\11N_approval_gate_for_high_risk_ops_READY py 23ee718871ad81da8f82fbdd73d5482c_FCF7B86A.md","11N_approval_gate_for_high_risk_ops_READY py 23ee718871ad81da8f82fbdd73d5482c_FCF7B86A.md",".md"
"D:\MAGIC\backups\QUARANTINE_20250912_142935\magic_file_tracker_export.csv\11N_manual_override_toggle_READY py 23ee718871ad81899a89f25a6c950041.md","D:\MAGIC\scripts\phase00\INBOX\11N_manual_override_toggle_READY py 23ee718871ad81899a89f25a6c950041_C03879B7.md","11N_manual_override_toggle_READY py 23ee718871ad81899a89f25a6c950041_C03879B7.md",".md"
"D:\MAGIC\backups\QUARANTINE_20250912_142935\magic_file_tracker_export.csv\11N_slack_email_alert_system_READY py 23ee718871ad812b9c63e0379631a2ab.md","D:\MAGIC\scripts\phase00\INBOX\11N_slack_email_alert_system_READY py 23ee718871ad812b9c63e0379631a2ab_3272B125.md","11N_slack_email_alert_system_READY py 23ee718871ad812b9c63e0379631a2ab_3272B125.md",".md"
"D:\MAGIC\backups\QUARANTINE_20250912_142935\magic_file_tracker_export.csv\11O_real_time_log_streamer_READY py 23ee718871ad811db919e6f042b6b05c.md","D:\MAGIC\scripts\phase00\INBOX\11O_real_time_log_streamer_READY py 23ee718871ad811db919e6f042b6b05c_DF4BC989.md","11O_real_time_log_streamer_READY py 23ee718871ad811db919e6f042b6b05c_DF4BC989.md",".md"
"D:\MAGIC\backups\QUARANTINE_20250912_142935\magic_file_tracker_export.csv\11O_telemetry_exporter_READY py 23ee718871ad8107abf3e8a3c9de138e.md","D:\MAGIC\scripts\phase00\INBOX\11O_telemetry_exporter_READY py 23ee718871ad8107abf3e8a3c9de138e_FB7A706D.md","11O_telemetry_exporter_READY py 23ee718871ad8107abf3e8a3c9de138e_FB7A706D.md",".md"
"D:\MAGIC\backups\QUARANTINE_20250912_142935\magic_file_tracker_export.csv\11O_unified_log_aggregator_READY py 23ee718871ad81ed8acbfc6b5fa89474.md","D:\MAGIC\scripts\phase00\INBOX\11O_unified_log_aggregator_READY py 23ee718871ad81ed8acbfc6b5fa89474_ED334E5F.md","11O_unified_log_aggregator_READY py 23ee718871ad81ed8acbfc6b5fa89474_ED334E5F.md",".md"
"D:\MAGIC\backups\QUARANTINE_20250912_142935\magic_file_tracker_export.csv\11P_api_terms_compliance_checker_READY py 23ee718871ad8160af4ef66aab4fa210.md","D:\MAGIC\scripts\phase00\INBOX\11P_api_terms_compliance_checker_READY py 23ee718871ad8160af4ef66aab4fa210_AE40E92F.md","11P_api_terms_compliance_checker_READY py 23ee718871ad8160af4ef66aab4fa210_AE40E92F.md",".md"
"D:\MAGIC\backups\QUARANTINE_20250912_142935\magic_file_tracker_export.csv\11P_attribution_inserter_READY py 23ee718871ad811da3a5d775e021ae21.md","D:\MAGIC\scripts\phase00\INBOX\11P_attribution_inserter_READY py 23ee718871ad811da3a5d775e021ae21_7B54AB23.md","11P_attribution_inserter_READY py 23ee718871ad811da3a5d775e021ae21_7B54AB23.md",".md"
"D:\MAGIC\backups\QUARANTINE_20250912_142935\magic_file_tracker_export.csv\11P_license_file_auditor_READY py 23ee718871ad81fcab8ac535665b7906.md","D:\MAGIC\scripts\phase00\INBOX\11P_license_file_auditor_READY py 23ee718871ad81fcab8ac535665b7906_EB16AFC7.md","11P_license_file_auditor_READY py 23ee718871ad81fcab8ac535665b7906_EB16AFC7.md",".md"
"D:\MAGIC\backups\QUARANTINE_20250912_142935\magic_file_tracker_export.csv\11Q_dependency_version_pin_checker_READY py 23ee718871ad817a9a0bebccd2f18b13.md","D:\MAGIC\scripts\phase00\INBOX\11Q_dependency_version_pin_checker_READY py 23ee718871ad817a9a0bebccd2f18b13_C762AD01.md","11Q_dependency_version_pin_checker_READY py 23ee718871ad817a9a0bebccd2f18b13_C762AD01.md",".md"
"D:\MAGIC\backups\QUARANTINE_20250912_142935\magic_file_tracker_export.csv\11Q_python_environment_verifier_READY py 23ee718871ad81ecb74fe2f1709053e4.md","D:\MAGIC\scripts\phase00\INBOX\11Q_python_environment_verifier_READY py 23ee718871ad81ecb74fe2f1709053e4_0259EA0A.md","11Q_python_environment_verifier_READY py 23ee718871ad81ecb74fe2f1709053e4_0259EA0A.md",".md"
"D:\MAGIC\backups\QUARANTINE_20250912_142935\magic_file_tracker_export.csv\11Q_virtualenv_isolation_enforcer_READY py 23ee718871ad816ca520fedb3770ba16.md","D:\MAGIC\scripts\phase00\INBOX\11Q_virtualenv_isolation_enforcer_READY py 23ee718871ad816ca520fedb3770ba16_6AFD6521.md","11Q_virtualenv_isolation_enforcer_READY py 23ee718871ad816ca520fedb3770ba16_6AFD6521.md",".md"
"D:\MAGIC\backups\QUARANTINE_20250912_142935\magic_file_tracker_export.csv\11R_shadow_run_mode_READY py 23ee718871ad810d8331c8c3007799cd.md","D:\MAGIC\scripts\phase00\INBOX\11R_shadow_run_mode_READY py 23ee718871ad810d8331c8c3007799cd_B0C7B93D.md","11R_shadow_run_mode_READY py 23ee718871ad810d8331c8c3007799cd_B0C7B93D.md",".md"
"D:\MAGIC\backups\QUARANTINE_20250912_142935\magic_file_tracker_export.csv\11R_silent_error_logger_READY py 23ee718871ad8139845bffe09c2a70b6.md","D:\MAGIC\scripts\phase00\INBOX\11R_silent_error_logger_READY py 23ee718871ad8139845bffe09c2a70b6_3C1A401D.md","11R_silent_error_logger_READY py 23ee718871ad8139845bffe09c2a70b6_3C1A401D.md",".md"
"D:\MAGIC\backups\QUARANTINE_20250912_142935\magic_file_tracker_export.csv\11R_sneak_audit_agent_READY py 23ee718871ad81f7a993d912bdfdbbf9.md","D:\MAGIC\scripts\phase00\INBOX\11R_sneak_audit_agent_READY py 23ee718871ad81f7a993d912bdfdbbf9_38EB916A.md","11R_sneak_audit_agent_READY py 23ee718871ad81f7a993d912bdfdbbf9_38EB916A.md",".md"
"D:\MAGIC\backups\QUARANTINE_20250912_142935\magic_file_tracker_export.csv\11S_ai_risk_classifier_READY py 23ee718871ad816ab3afdc13e9c9d33d.md","D:\MAGIC\scripts\phase00\INBOX\11S_ai_risk_classifier_READY py 23ee718871ad816ab3afdc13e9c9d33d_38D5D699.md","11S_ai_risk_classifier_READY py 23ee718871ad816ab3afdc13e9c9d33d_38D5D699.md",".md"
"D:\MAGIC\backups\QUARANTINE_20250912_142935\magic_file_tracker_export.csv\11S_mitigation_suggestion_engine_READY py 23ee718871ad81d2977bc1bd23d7f231.md","D:\MAGIC\scripts\phase00\INBOX\11S_mitigation_suggestion_engine_READY py 23ee718871ad81d2977bc1bd23d7f231_93DD9021.md","11S_mitigation_suggestion_engine_READY py 23ee718871ad81d2977bc1bd23d7f231_93DD9021.md",".md"
"D:\MAGIC\backups\QUARANTINE_20250912_142935\magic_file_tracker_export.csv\11S_risk_score_dashboard_READY py 23ee718871ad819e9e4ad05a9635f117.md","D:\MAGIC\scripts\phase00\INBOX\11S_risk_score_dashboard_READY py 23ee718871ad819e9e4ad05a9635f117_531D35C4.md","11S_risk_score_dashboard_READY py 23ee718871ad819e9e4ad05a9635f117_531D35C4.md",".md"
"D:\MAGIC\backups\QUARANTINE_20250912_142935\magic_file_tracker_export.csv\11T_audit_trail_renderer_READY py 23ee718871ad81d99fb2d37b3da60ee5.md","D:\MAGIC\scripts\phase00\INBOX\11T_audit_trail_renderer_READY py 23ee718871ad81d99fb2d37b3da60ee5_05AE4B71.md","11T_audit_trail_renderer_READY py 23ee718871ad81d99fb2d37b3da60ee5_05AE4B71.md",".md"
"D:\MAGIC\backups\QUARANTINE_20250912_142935\magic_file_tracker_export.csv\11T_decision_chain_visualizer_READY py 23ee718871ad81c79f7dd7466c3573ce.md","D:\MAGIC\scripts\phase00\INBOX\11T_decision_chain_visualizer_READY py 23ee718871ad81c79f7dd7466c3573ce_D711E712.md","11T_decision_chain_visualizer_READY py 23ee718871ad81c79f7dd7466c3573ce_D711E712.md",".md"
"D:\MAGIC\backups\QUARANTINE_20250912_142935\magic_file_tracker_export.csv\11T_output_attribution_tracer_READY py 23ee718871ad81e78348d43c9e05ba41.md","D:\MAGIC\scripts\phase00\INBOX\11T_output_attribution_tracer_READY py 23ee718871ad81e78348d43c9e05ba41_B467B4F3.md","11T_output_attribution_tracer_READY py 23ee718871ad81e78348d43c9e05ba41_B467B4F3.md",".md"
"D:\MAGIC\backups\QUARANTINE_20250912_142935\magic_file_tracker_export.csv\11U_agent_voting_system_READY py 23ee718871ad81f1915ded7bc4a15828.md","D:\MAGIC\scripts\phase00\INBOX\11U_agent_voting_system_READY py 23ee718871ad81f1915ded7bc4a15828_7EA43395.md","11U_agent_voting_system_READY py 23ee718871ad81f1915ded7bc4a15828_7EA43395.md",".md"
"D:\MAGIC\backups\QUARANTINE_20250912_142935\magic_file_tracker_export.csv\11U_chain_of_responsibility_resolver_READY py 23ee718871ad813589dad4d7d24b52a3.md","D:\MAGIC\scripts\phase00\INBOX\11U_chain_of_responsibility_resolver_READY py 23ee718871ad813589dad4d7d24b52a3_6EFADB15.md","11U_chain_of_responsibility_resolver_READY py 23ee718871ad813589dad4d7d24b52a3_6EFADB15.md",".md"
"D:\MAGIC\backups\QUARANTINE_20250912_142935\magic_file_tracker_export.csv\11U_conflict_detector_between_agents_READY py 23ee718871ad81948759f115a70284d2.md","D:\MAGIC\scripts\phase00\INBOX\11U_conflict_detector_between_agents_READY py 23ee718871ad81948759f115a70284d2_DEB073EC.md","11U_conflict_detector_between_agents_READY py 23ee718871ad81948759f115a70284d2_DEB073EC.md",".md"
"D:\MAGIC\backups\QUARANTINE_20250912_142935\magic_file_tracker_export.csv\11V_maintece_nudger_READY py 23ee718871ad81d598effafd95946428.md","D:\MAGIC\scripts\phase00\INBOX\11V_maintece_nudger_READY py 23ee718871ad81d598effafd95946428_073B1B28.md","11V_maintece_nudger_READY py 23ee718871ad81d598effafd95946428_073B1B28.md",".md"
"D:\MAGIC\backups\QUARANTINE_20250912_142935\magic_file_tracker_export.csv\11V_output_drift_detector_READY py 23ee718871ad8193ba3af50717c118d1.md","D:\MAGIC\scripts\phase00\INBOX\11V_output_drift_detector_READY py 23ee718871ad8193ba3af50717c118d1_2C542FBC.md","11V_output_drift_detector_READY py 23ee718871ad8193ba3af50717c118d1_2C542FBC.md",".md"
"D:\MAGIC\backups\QUARANTINE_20250912_142935\magic_file_tracker_export.csv\11V_unused_agent_scanner_READY py 23ee718871ad81f08036ec1c60b91afb.md","D:\MAGIC\scripts\phase00\INBOX\11V_unused_agent_scanner_READY py 23ee718871ad81f08036ec1c60b91afb_1F16266D.md","11V_unused_agent_scanner_READY py 23ee718871ad81f08036ec1c60b91afb_1F16266D.md",".md"
"D:\MAGIC\backups\QUARANTINE_20250912_142935\magic_file_tracker_export.csv\11W_ethical_decision_flagger_READY py 23ee718871ad81c7ac7ee32ea8f48226.md","D:\MAGIC\scripts\phase00\INBOX\11W_ethical_decision_flagger_READY py 23ee718871ad81c7ac7ee32ea8f48226_31987E33.md","11W_ethical_decision_flagger_READY py 23ee718871ad81c7ac7ee32ea8f48226_31987E33.md",".md"
"D:\MAGIC\backups\QUARANTINE_20250912_142935\magic_file_tracker_export.csv\11W_hallucination_catcher_READY py 23ee718871ad81469574d192bbd43aa6.md","D:\MAGIC\scripts\phase00\INBOX\11W_hallucination_catcher_READY py 23ee718871ad81469574d192bbd43aa6_2CEB6875.md","11W_hallucination_catcher_READY py 23ee718871ad81469574d192bbd43aa6_2CEB6875.md",".md"
"D:\MAGIC\backups\QUARANTINE_20250912_142935\magic_file_tracker_export.csv\11W_toxicity_bias_filter_READY py 23ee718871ad81818044c54b91f5eba0.md","D:\MAGIC\scripts\phase00\INBOX\11W_toxicity_bias_filter_READY py 23ee718871ad81818044c54b91f5eba0_86D7C3D8.md","11W_toxicity_bias_filter_READY py 23ee718871ad81818044c54b91f5eba0_86D7C3D8.md",".md"
"D:\MAGIC\backups\QUARANTINE_20250912_142935\magic_file_tracker_export.csv\11X_agent_sabotage_replay_detector_READY py 23ee718871ad8126a4cfefab43d650a5.md","D:\MAGIC\scripts\phase00\INBOX\11X_agent_sabotage_replay_detector_READY py 23ee718871ad8126a4cfefab43d650a5_98C16AEC.md","11X_agent_sabotage_replay_detector_READY py 23ee718871ad8126a4cfefab43d650a5_98C16AEC.md",".md"
"D:\MAGIC\backups\QUARANTINE_20250912_142935\magic_file_tracker_export.csv\11X_llm_jailbreak_resistance_tester_READY py 23ee718871ad817c9cb2da52b4d166a1.md","D:\MAGIC\scripts\phase00\INBOX\11X_llm_jailbreak_resistance_tester_READY py 23ee718871ad817c9cb2da52b4d166a1_36ECDD85.md","11X_llm_jailbreak_resistance_tester_READY py 23ee718871ad817c9cb2da52b4d166a1_36ECDD85.md",".md"
"D:\MAGIC\backups\QUARANTINE_20250912_142935\magic_file_tracker_export.csv\11X_red_team_threat_simulator_READY py 23ee718871ad815fa0a8d36ea660ca9e.md","D:\MAGIC\scripts\phase00\INBOX\11X_red_team_threat_simulator_READY py 23ee718871ad815fa0a8d36ea660ca9e_6E55E87E.md","11X_red_team_threat_simulator_READY py 23ee718871ad815fa0a8d36ea660ca9e_6E55E87E.md",".md"
"D:\MAGIC\backups\QUARANTINE_20250912_142935\magic_file_tracker_export.csv\11Y_agent_uptime_monitor_READY py 23ee718871ad81cd83e4d3ed8117d470.md","D:\MAGIC\scripts\phase00\INBOX\11Y_agent_uptime_monitor_READY py 23ee718871ad81cd83e4d3ed8117d470_7758D3C2.md","11Y_agent_uptime_monitor_READY py 23ee718871ad81cd83e4d3ed8117d470_7758D3C2.md",".md"
"D:\MAGIC\backups\QUARANTINE_20250912_142935\magic_file_tracker_export.csv\11Y_multi_tier_auto_restarter_READY py 23ee718871ad81f5a15ed3ad384956fb.md","D:\MAGIC\scripts\phase00\INBOX\11Y_multi_tier_auto_restarter_READY py 23ee718871ad81f5a15ed3ad384956fb_BAF34332.md","11Y_multi_tier_auto_restarter_READY py 23ee718871ad81f5a15ed3ad384956fb_BAF34332.md",".md"
"D:\MAGIC\backups\QUARANTINE_20250912_142935\magic_file_tracker_export.csv\11Y_sla_violation_logger_READY py 23ee718871ad81bb80a6c4b8f6ed9c3d.md","D:\MAGIC\scripts\phase00\INBOX\11Y_sla_violation_logger_READY py 23ee718871ad81bb80a6c4b8f6ed9c3d_D76CE775.md","11Y_sla_violation_logger_READY py 23ee718871ad81bb80a6c4b8f6ed9c3d_D76CE775.md",".md"
"D:\MAGIC\backups\QUARANTINE_20250912_142935\magic_file_tracker_export.csv\11Z_auto_rollback_controller_READY py 23ee718871ad8190a718d928400f111f.md","D:\MAGIC\scripts\phase00\INBOX\11Z_auto_rollback_controller_READY py 23ee718871ad8190a718d928400f111f_9D52A087.md","11Z_auto_rollback_controller_READY py 23ee718871ad8190a718d928400f111f_9D52A087.md",".md"
"D:\MAGIC\backups\QUARANTINE_20250912_142935\magic_file_tracker_export.csv\11Z_snapshot_creation_diff_engine_READY py 23ee718871ad81388617c2c3bea6fc6e.md","D:\MAGIC\scripts\phase00\INBOX\11Z_snapshot_creation_diff_engine_READY py 23ee718871ad81388617c2c3bea6fc6e_B1CB14A5.md","11Z_snapshot_creation_diff_engine_READY py 23ee718871ad81388617c2c3bea6fc6e_B1CB14A5.md",".md"
"D:\MAGIC\backups\QUARANTINE_20250912_142935\magic_file_tracker_export.csv\11Z_step_by_step_time_travel_debugger_READY py 23ee718871ad8145832ae0abc286acde.md","D:\MAGIC\scripts\phase00\INBOX\11Z_step_by_step_time_travel_debugger_READY py 23ee718871ad8145832ae0abc286acde_F6118F00.md","11Z_step_by_step_time_travel_debugger_READY py 23ee718871ad8145832ae0abc286acde_F6118F00.md",".md"
"D:\MAGIC\backups\QUARANTINE_20250912_142935\magic_file_tracker_export.csv\12A_auto_upload_with_reaction_sync_READY py 23ee718871ad8145a0aedb3af6102579.md","D:\MAGIC\scripts\phase00\INBOX\12A_auto_upload_with_reaction_sync_READY py 23ee718871ad8145a0aedb3af6102579_1C13CCA3.md","12A_auto_upload_with_reaction_sync_READY py 23ee718871ad8145a0aedb3af6102579_1C13CCA3.md",".md"
"D:\MAGIC\backups\QUARANTINE_20250912_142935\magic_file_tracker_export.csv\12A_comment_collector_READY py 23ee718871ad819d9436eb41b197f82d.md","D:\MAGIC\scripts\phase00\INBOX\12A_comment_collector_READY py 23ee718871ad819d9436eb41b197f82d_E8600425.md","12A_comment_collector_READY py 23ee718871ad819d9436eb41b197f82d_E8600425.md",".md"
"D:\MAGIC\backups\QUARANTINE_20250912_142935\magic_file_tracker_export.csv\12A_comment_sentiment_analyzer_READY py 23ee718871ad81f0ac30c7fc2cc8f124.md","D:\MAGIC\scripts\phase00\INBOX\12A_comment_sentiment_analyzer_READY py 23ee718871ad81f0ac30c7fc2cc8f124_CADD9DF2.md","12A_comment_sentiment_analyzer_READY py 23ee718871ad81f0ac30c7fc2cc8f124_CADD9DF2.md",".md"
"D:\MAGIC\backups\QUARANTINE_20250912_142935\magic_file_tracker_export.csv\12A_mention_tracker_READY py 23ee718871ad813bae0bc79f3b99cc00.md","D:\MAGIC\scripts\phase00\INBOX\12A_mention_tracker_READY py 23ee718871ad813bae0bc79f3b99cc00_9674EB38.md","12A_mention_tracker_READY py 23ee718871ad813bae0bc79f3b99cc00_9674EB38.md",".md"
"D:\MAGIC\backups\QUARANTINE_20250912_142935\magic_file_tracker_export.csv\12A_ugc_feedback_sentiment_READY py 23ee718871ad8107b1b2ebc502ceba43.md","D:\MAGIC\scripts\phase00\INBOX\12A_ugc_feedback_sentiment_READY py 23ee718871ad8107b1b2ebc502ceba43_6F5ECBC2.md","12A_ugc_feedback_sentiment_READY py 23ee718871ad8107b1b2ebc502ceba43_6F5ECBC2.md",".md"
"D:\MAGIC\backups\QUARANTINE_20250912_142935\magic_file_tracker_export.csv\12A_ugc_metrics_extractor_READY py 23ee718871ad81599a7ccbbe031b3229.md","D:\MAGIC\scripts\phase00\INBOX\12A_ugc_metrics_extractor_READY py 23ee718871ad81599a7ccbbe031b3229_6B8718F9.md","12A_ugc_metrics_extractor_READY py 23ee718871ad81599a7ccbbe031b3229_6B8718F9.md",".md"
"D:\MAGIC\backups\QUARANTINE_20250912_142935\magic_file_tracker_export.csv\12B_comment_summarizer_READY py 23ee718871ad81a1afbfe0edb8e1c9d9.md","D:\MAGIC\scripts\phase00\INBOX\12B_comment_summarizer_READY py 23ee718871ad81a1afbfe0edb8e1c9d9_975C1574.md","12B_comment_summarizer_READY py 23ee718871ad81a1afbfe0edb8e1c9d9_975C1574.md",".md"
"D:\MAGIC\backups\QUARANTINE_20250912_142935\magic_file_tracker_export.csv\12B_engagement_predictor_READY py 23ee718871ad81f2a2f3e12bdd3699a8.md","D:\MAGIC\scripts\phase00\INBOX\12B_engagement_predictor_READY py 23ee718871ad81f2a2f3e12bdd3699a8_65763369.md","12B_engagement_predictor_READY py 23ee718871ad81f2a2f3e12bdd3699a8_65763369.md",".md"
"D:\MAGIC\backups\QUARANTINE_20250912_142935\magic_file_tracker_export.csv\12B_highlight_great_ugc_READY py 23ee718871ad8103a8cad456885a1714.md","D:\MAGIC\scripts\phase00\INBOX\12B_highlight_great_ugc_READY py 23ee718871ad8103a8cad456885a1714_AB1C5F43.md","12B_highlight_great_ugc_READY py 23ee718871ad8103a8cad456885a1714_AB1C5F43.md",".md"
"D:\MAGIC\backups\QUARANTINE_20250912_142935\magic_file_tracker_export.csv\12B_reply_funnel_scorer_READY py 23ee718871ad815ab93be2f4ee6644c3.md","D:\MAGIC\scripts\phase00\INBOX\12B_reply_funnel_scorer_READY py 23ee718871ad815ab93be2f4ee6644c3_D8223801.md","12B_reply_funnel_scorer_READY py 23ee718871ad815ab93be2f4ee6644c3_D8223801.md",".md"
"D:\MAGIC\backups\QUARANTINE_20250912_142935\magic_file_tracker_export.csv\12B_toxicity_spam_filter_READY py 23ee718871ad814dbad8c8055cf30c4c.md","D:\MAGIC\scripts\phase00\INBOX\12B_toxicity_spam_filter_READY py 23ee718871ad814dbad8c8055cf30c4c_B22D7E8F.md","12B_toxicity_spam_filter_READY py 23ee718871ad814dbad8c8055cf30c4c_B22D7E8F.md",".md"
"D:\MAGIC\backups\QUARANTINE_20250912_142935\magic_file_tracker_export.csv\12B_ugc_impact_dashboard_READY py 23ee718871ad815e8d27d6328fbb90da.md","D:\MAGIC\scripts\phase00\INBOX\12B_ugc_impact_dashboard_READY py 23ee718871ad815e8d27d6328fbb90da_37154D60.md","12B_ugc_impact_dashboard_READY py 23ee718871ad815e8d27d6328fbb90da_37154D60.md",".md"
"D:\MAGIC\backups\QUARANTINE_20250912_142935\magic_file_tracker_export.csv\12C_auto_comment_generator_READY py 23ee718871ad811f8cf8db5d0f30c85d.md","D:\MAGIC\scripts\phase00\INBOX\12C_auto_comment_generator_READY py 23ee718871ad811f8cf8db5d0f30c85d_F3605728.md","12C_auto_comment_generator_READY py 23ee718871ad811f8cf8db5d0f30c85d_F3605728.md",".md"
"D:\MAGIC\backups\QUARANTINE_20250912_142935\magic_file_tracker_export.csv\12C_auto_response_to_comments_READY py 23ee718871ad8168b7eadcfa324453f3.md","D:\MAGIC\scripts\phase00\INBOX\12C_auto_response_to_comments_READY py 23ee718871ad8168b7eadcfa324453f3_F920437E.md","12C_auto_response_to_comments_READY py 23ee718871ad8168b7eadcfa324453f3_F920437E.md",".md"
"D:\MAGIC\backups\QUARANTINE_20250912_142935\magic_file_tracker_export.csv\12C_dm_response_recommender_READY py 23ee718871ad81c1a0a6d5c7a1948cb8.md","D:\MAGIC\scripts\phase00\INBOX\12C_dm_response_recommender_READY py 23ee718871ad81c1a0a6d5c7a1948cb8_64AC09DB.md","12C_dm_response_recommender_READY py 23ee718871ad81c1a0a6d5c7a1948cb8_64AC09DB.md",".md"
"D:\MAGIC\backups\QUARANTINE_20250912_142935\magic_file_tracker_export.csv\12C_repost_remix_detection_READY py 23ee718871ad814ca766f831f363810e.md","D:\MAGIC\scripts\phase00\INBOX\12C_repost_remix_detection_READY py 23ee718871ad814ca766f831f363810e_CD02C415.md","12C_repost_remix_detection_READY py 23ee718871ad814ca766f831f363810e_CD02C415.md",".md"
"D:\MAGIC\backups\QUARANTINE_20250912_142935\magic_file_tracker_export.csv\12C_user_request_detector_READY py 23ee718871ad812684d8f8386d65f3a8.md","D:\MAGIC\scripts\phase00\INBOX\12C_user_request_detector_READY py 23ee718871ad812684d8f8386d65f3a8_F5F2A9FC.md","12C_user_request_detector_READY py 23ee718871ad812684d8f8386d65f3a8_F5F2A9FC.md",".md"
"D:\MAGIC\backups\QUARANTINE_20250912_142935\magic_file_tracker_export.csv\12D_notion_ugc_summary_export_READY py 23ee718871ad81ddac19d4a6bbca56f2.md","D:\MAGIC\scripts\phase00\INBOX\12D_notion_ugc_summary_export_READY py 23ee718871ad81ddac19d4a6bbca56f2_318A48B1.md","12D_notion_ugc_summary_export_READY py 23ee718871ad81ddac19d4a6bbca56f2_318A48B1.md",".md"
"D:\MAGIC\backups\QUARANTINE_20250912_142935\magic_file_tracker_export.csv\12D_ugc_funnel_visualizer_READY py 23ee718871ad81f0ac4ac6aa2a42cf81.md","D:\MAGIC\scripts\phase00\INBOX\12D_ugc_funnel_visualizer_READY py 23ee718871ad81f0ac4ac6aa2a42cf81_393AE204.md","12D_ugc_funnel_visualizer_READY py 23ee718871ad81f0ac4ac6aa2a42cf81_393AE204.md",".md"
"D:\MAGIC\backups\QUARANTINE_20250912_142935\magic_file_tracker_export.csv\12D_ugc_into_content_repurposing_READY py 23ee718871ad81479429c4ad415165e7.md","D:\MAGIC\scripts\phase00\INBOX\12D_ugc_into_content_repurposing_READY py 23ee718871ad81479429c4ad415165e7_00EE26D3.md","12D_ugc_into_content_repurposing_READY py 23ee718871ad81479429c4ad415165e7_00EE26D3.md",".md"
"D:\MAGIC\backups\QUARANTINE_20250912_142935\magic_file_tracker_export.csv\12E_creator_attribution_tracker_READY py 23ee718871ad810db1a3dfc683a12f66.md","D:\MAGIC\scripts\phase00\INBOX\12E_creator_attribution_tracker_READY py 23ee718871ad810db1a3dfc683a12f66_37040775.md","12E_creator_attribution_tracker_READY py 23ee718871ad810db1a3dfc683a12f66_37040775.md",".md"
"D:\MAGIC\backups\QUARANTINE_20250912_142935\magic_file_tracker_export.csv\12E_gdpr_data_privacy_filter_READY py 23ee718871ad818cb5ccdc3b68288351.md","D:\MAGIC\scripts\phase00\INBOX\12E_gdpr_data_privacy_filter_READY py 23ee718871ad818cb5ccdc3b68288351_A8E8AA67.md","12E_gdpr_data_privacy_filter_READY py 23ee718871ad818cb5ccdc3b68288351_A8E8AA67.md",".md"
"D:\MAGIC\backups\QUARANTINE_20250912_142935\magic_file_tracker_export.csv\12E_platform_policy_filter_READY py 23ee718871ad8131a1dde521ed852f7f.md","D:\MAGIC\scripts\phase00\INBOX\12E_platform_policy_filter_READY py 23ee718871ad8131a1dde521ed852f7f_24D64DBE.md","12E_platform_policy_filter_READY py 23ee718871ad8131a1dde521ed852f7f_24D64DBE.md",".md"
"D:\MAGIC\backups\QUARANTINE_20250912_142935\magic_file_tracker_export.csv\12E_ugc_legal_risk_assessor_READY py 23ee718871ad81a8975af7cee835dc42.md","D:\MAGIC\scripts\phase00\INBOX\12E_ugc_legal_risk_assessor_READY py 23ee718871ad81a8975af7cee835dc42_38033EA7.md","12E_ugc_legal_risk_assessor_READY py 23ee718871ad81a8975af7cee835dc42_38033EA7.md",".md"
"D:\MAGIC\backups\QUARANTINE_20250912_142935\magic_file_tracker_export.csv\12E_ugc_permission_validator_READY py 23ee718871ad81d1b4ddc9024648ccfe.md","D:\MAGIC\scripts\phase00\INBOX\12E_ugc_permission_validator_READY py 23ee718871ad81d1b4ddc9024648ccfe_35C41CB1.md","12E_ugc_permission_validator_READY py 23ee718871ad81d1b4ddc9024648ccfe_35C41CB1.md",".md"
"D:\MAGIC\backups\QUARANTINE_20250912_142935\magic_file_tracker_export.csv\12F_historical_impact_analysis_READY py 23ee718871ad810aba7cd16961bc3c74.md","D:\MAGIC\scripts\phase00\INBOX\12F_historical_impact_analysis_READY py 23ee718871ad810aba7cd16961bc3c74_543FC20A.md","12F_historical_impact_analysis_READY py 23ee718871ad810aba7cd16961bc3c74_543FC20A.md",".md"
"D:\MAGIC\backups\QUARANTINE_20250912_142935\magic_file_tracker_export.csv\12F_lifespan_estimator_READY py 23ee718871ad818b9663f281a75094b7.md","D:\MAGIC\scripts\phase00\INBOX\12F_lifespan_estimator_READY py 23ee718871ad818b9663f281a75094b7_799EFA79.md","12F_lifespan_estimator_READY py 23ee718871ad818b9663f281a75094b7_799EFA79.md",".md"
"D:\MAGIC\backups\QUARANTINE_20250912_142935\magic_file_tracker_export.csv\12F_retrieval_augmented_response_READY py 23ee718871ad8138bc20cc2cb85fe7fb.md","D:\MAGIC\scripts\phase00\INBOX\12F_retrieval_augmented_response_READY py 23ee718871ad8138bc20cc2cb85fe7fb_B20F25F6.md","12F_retrieval_augmented_response_READY py 23ee718871ad8138bc20cc2cb85fe7fb_B20F25F6.md",".md"
"D:\MAGIC\backups\QUARANTINE_20250912_142935\magic_file_tracker_export.csv\12F_ugc_memory_indexer_READY py 23ee718871ad8125b59dd526eedc4bcf.md","D:\MAGIC\scripts\phase00\INBOX\12F_ugc_memory_indexer_READY py 23ee718871ad8125b59dd526eedc4bcf_411BEFED.md","12F_ugc_memory_indexer_READY py 23ee718871ad8125b59dd526eedc4bcf_411BEFED.md",".md"
"D:\MAGIC\backups\QUARANTINE_20250912_142935\magic_file_tracker_export.csv\12G_accessibility_validator_READY py 23ee718871ad812d970ee8194cef0ff8.md","D:\MAGIC\scripts\phase00\INBOX\12G_accessibility_validator_READY py 23ee718871ad812d970ee8194cef0ff8_1B04B4ED.md","12G_accessibility_validator_READY py 23ee718871ad812d970ee8194cef0ff8_1B04B4ED.md",".md"
"D:\MAGIC\backups\QUARANTINE_20250912_142935\magic_file_tracker_export.csv\12G_auto_translate_comment_READY py 23ee718871ad81e8abc7c9967c523436.md","D:\MAGIC\scripts\phase00\INBOX\12G_auto_translate_comment_READY py 23ee718871ad81e8abc7c9967c523436_75FCD174.md","12G_auto_translate_comment_READY py 23ee718871ad81e8abc7c9967c523436_75FCD174.md",".md"
"D:\MAGIC\backups\QUARANTINE_20250912_142935\magic_file_tracker_export.csv\12G_comment_language_detector_READY py 23ee718871ad81c182bfcf8d73fa928d.md","D:\MAGIC\scripts\phase00\INBOX\12G_comment_language_detector_READY py 23ee718871ad81c182bfcf8d73fa928d_29D3BB63.md","12G_comment_language_detector_READY py 23ee718871ad81c182bfcf8d73fa928d_29D3BB63.md",".md"
"D:\MAGIC\backups\QUARANTINE_20250912_142935\magic_file_tracker_export.csv\12H_popular_phrase_miner_READY py 23ee718871ad812ba7fcdf121041825c.md","D:\MAGIC\scripts\phase00\INBOX\12H_popular_phrase_miner_READY py 23ee718871ad812ba7fcdf121041825c_0B46F936.md","12H_popular_phrase_miner_READY py 23ee718871ad812ba7fcdf121041825c_0B46F936.md",".md"
"D:\MAGIC\backups\QUARANTINE_20250912_142935\magic_file_tracker_export.csv\12H_style_format_reinforcer_READY py 23ee718871ad813997eade322147fd89.md","D:\MAGIC\scripts\phase00\INBOX\12H_style_format_reinforcer_READY py 23ee718871ad813997eade322147fd89_2ED841EB.md","12H_style_format_reinforcer_READY py 23ee718871ad813997eade322147fd89_2ED841EB.md",".md"
"D:\MAGIC\backups\QUARANTINE_20250912_142935\magic_file_tracker_export.csv\12H_ugc_driven_prompt_finetuner_READY py 23ee718871ad81f3a1f5de3be096613c.md","D:\MAGIC\scripts\phase00\INBOX\12H_ugc_driven_prompt_finetuner_READY py 23ee718871ad81f3a1f5de3be096613c_30FFE91E.md","12H_ugc_driven_prompt_finetuner_READY py 23ee718871ad81f3a1f5de3be096613c_30FFE91E.md",".md"
"D:\MAGIC\backups\QUARANTINE_20250912_142935\magic_file_tracker_export.csv\12H_ugc_feedback_looper_READY py 23ee718871ad81728910f779e546d6ff.md","D:\MAGIC\scripts\phase00\INBOX\12H_ugc_feedback_looper_READY py 23ee718871ad81728910f779e546d6ff_FDD23B3D.md","12H_ugc_feedback_looper_READY py 23ee718871ad81728910f779e546d6ff_FDD23B3D.md",".md"
"D:\MAGIC\backups\QUARANTINE_20250912_142935\magic_file_tracker_export.csv\12I_engagement_badge_engine_READY py 23ee718871ad81088e0ad2e209c7de0c.md","D:\MAGIC\scripts\phase00\INBOX\12I_engagement_badge_engine_READY py 23ee718871ad81088e0ad2e209c7de0c_C7C043FD.md","12I_engagement_badge_engine_READY py 23ee718871ad81088e0ad2e209c7de0c_C7C043FD.md",".md"
"D:\MAGIC\backups\QUARANTINE_20250912_142935\magic_file_tracker_export.csv\12I_giveaway_trigger_from_ugc_READY py 23ee718871ad81dd8f7fcbfa7840ca8f.md","D:\MAGIC\scripts\phase00\INBOX\12I_giveaway_trigger_from_ugc_READY py 23ee718871ad81dd8f7fcbfa7840ca8f_079241DA.md","12I_giveaway_trigger_from_ugc_READY py 23ee718871ad81dd8f7fcbfa7840ca8f_079241DA.md",".md"
"D:\MAGIC\backups\QUARANTINE_20250912_142935\magic_file_tracker_export.csv\12I_referral_tracker_for_ugc_shares_READY py 23ee718871ad81998811ea667072765e.md","D:\MAGIC\scripts\phase00\INBOX\12I_referral_tracker_for_ugc_shares_READY py 23ee718871ad81998811ea667072765e_19267DF8.md","12I_referral_tracker_for_ugc_shares_READY py 23ee718871ad81998811ea667072765e_19267DF8.md",".md"
"D:\MAGIC\backups\QUARANTINE_20250912_142935\magic_file_tracker_export.csv\12I_ugc_leaderboard_generator_READY py 23ee718871ad81569b87f22d77b38f74.md","D:\MAGIC\scripts\phase00\INBOX\12I_ugc_leaderboard_generator_READY py 23ee718871ad81569b87f22d77b38f74_B94EFDA1.md","12I_ugc_leaderboard_generator_READY py 23ee718871ad81569b87f22d77b38f74_B94EFDA1.md",".md"
"D:\MAGIC\backups\QUARANTINE_20250912_142935\magic_file_tracker_export.csv\12J_context_aware_escalation_READY py 23ee718871ad81f6b1e0fb8bc7c1eb57.md","D:\MAGIC\scripts\phase00\INBOX\12J_context_aware_escalation_READY py 23ee718871ad81f6b1e0fb8bc7c1eb57_6C5D0668.md","12J_context_aware_escalation_READY py 23ee718871ad81f6b1e0fb8bc7c1eb57_6C5D0668.md",".md"
"D:\MAGIC\backups\QUARANTINE_20250912_142935\magic_file_tracker_export.csv\12J_funnel_fit_matcher_READY py 23ee718871ad81c5b85fe872fe89919a.md","D:\MAGIC\scripts\phase00\INBOX\12J_funnel_fit_matcher_READY py 23ee718871ad81c5b85fe872fe89919a_C25E07D7.md","12J_funnel_fit_matcher_READY py 23ee718871ad81c5b85fe872fe89919a_C25E07D7.md",".md"
"D:\MAGIC\backups\QUARANTINE_20250912_142935\magic_file_tracker_export.csv\12J_smart_ugc_routing_engine_READY py 23ee718871ad81a48748d46435f9b6ff.md","D:\MAGIC\scripts\phase00\INBOX\12J_smart_ugc_routing_engine_READY py 23ee718871ad81a48748d46435f9b6ff_46B29E34.md","12J_smart_ugc_routing_engine_READY py 23ee718871ad81a48748d46435f9b6ff_46B29E34.md",".md"
"D:\MAGIC\backups\QUARANTINE_20250912_142935\magic_file_tracker_export.csv\12J_workflow_delay_detector_READY py 23ee718871ad8172a5acd485ca294cc5.md","D:\MAGIC\scripts\phase00\INBOX\12J_workflow_delay_detector_READY py 23ee718871ad8172a5acd485ca294cc5_57E123D5.md","12J_workflow_delay_detector_READY py 23ee718871ad8172a5acd485ca294cc5_57E123D5.md",".md"
"D:\MAGIC\backups\QUARANTINE_20250912_142935\magic_file_tracker_export.csv\12K_multi_account_uploader_READY py 23ee718871ad81ce940dcc0519fde519.md","D:\MAGIC\scripts\phase00\INBOX\12K_multi_account_uploader_READY py 23ee718871ad81ce940dcc0519fde519_C638FEBA.md","12K_multi_account_uploader_READY py 23ee718871ad81ce940dcc0519fde519_C638FEBA.md",".md"
"D:\MAGIC\backups\QUARANTINE_20250912_142935\magic_file_tracker_export.csv\12K_multi_platform_sync_engine_READY py 23ee718871ad8129bea6ee6bef0fdae5.md","D:\MAGIC\scripts\phase00\INBOX\12K_multi_platform_sync_engine_READY py 23ee718871ad8129bea6ee6bef0fdae5_CFB8C460.md","12K_multi_platform_sync_engine_READY py 23ee718871ad8129bea6ee6bef0fdae5_CFB8C460.md",".md"
"D:\MAGIC\backups\QUARANTINE_20250912_142935\magic_file_tracker_export.csv\12K_platform_specific_format_adapter_READY py 23ee718871ad819ca6c4f6e1e7444b91.md","D:\MAGIC\scripts\phase00\INBOX\12K_platform_specific_format_adapter_READY py 23ee718871ad819ca6c4f6e1e7444b91_1C55E0DE.md","12K_platform_specific_format_adapter_READY py 23ee718871ad819ca6c4f6e1e7444b91_1C55E0DE.md",".md"
"D:\MAGIC\backups\QUARANTINE_20250912_142935\magic_file_tracker_export.csv\12K_ugc_duplication_guard_READY py 23ee718871ad813bb036f1f7dbf972bc.md","D:\MAGIC\scripts\phase00\INBOX\12K_ugc_duplication_guard_READY py 23ee718871ad813bb036f1f7dbf972bc_ABDDC8EA.md","12K_ugc_duplication_guard_READY py 23ee718871ad813bb036f1f7dbf972bc_ABDDC8EA.md",".md"
"D:\MAGIC\backups\QUARANTINE_20250912_142935\magic_file_tracker_export.csv\12L_agent_collaboration_bridge_READY py 23ee718871ad81ca9be4db629747cbb8.md","D:\MAGIC\scripts\phase00\INBOX\12L_agent_collaboration_bridge_READY py 23ee718871ad81ca9be4db629747cbb8_BA2BEB60.md","12L_agent_collaboration_bridge_READY py 23ee718871ad81ca9be4db629747cbb8_BA2BEB60.md",".md"
"D:\MAGIC\backups\QUARANTINE_20250912_142935\magic_file_tracker_export.csv\12L_comment_thread_mapper_READY py 23ee718871ad81f7b525de4b5ab0a0fa.md","D:\MAGIC\scripts\phase00\INBOX\12L_comment_thread_mapper_READY py 23ee718871ad81f7b525de4b5ab0a0fa_ED04B864.md","12L_comment_thread_mapper_READY py 23ee718871ad81f7b525de4b5ab0a0fa_ED04B864.md",".md"
"D:\MAGIC\backups\QUARANTINE_20250912_142935\magic_file_tracker_export.csv\12L_feedback_notification_bot_READY py 23ee718871ad81858b3ffdeb0deba9c9.md","D:\MAGIC\scripts\phase00\INBOX\12L_feedback_notification_bot_READY py 23ee718871ad81858b3ffdeb0deba9c9_565F5BCA.md","12L_feedback_notification_bot_READY py 23ee718871ad81858b3ffdeb0deba9c9_565F5BCA.md",".md"
"D:\MAGIC\backups\QUARANTINE_20250912_142935\magic_file_tracker_export.csv\12L_notifier_for_viral_ugc_spikes_READY py 23ee718871ad819dbb5febd790736f46.md","D:\MAGIC\scripts\phase00\INBOX\12L_notifier_for_viral_ugc_spikes_READY py 23ee718871ad819dbb5febd790736f46_B03BABC0.md","12L_notifier_for_viral_ugc_spikes_READY py 23ee718871ad819dbb5febd790736f46_B03BABC0.md",".md"
"D:\MAGIC\backups\QUARANTINE_20250912_142935\magic_file_tracker_export.csv\12M_lip_sync_reaction_match_classifier_READY py 23ee718871ad8186b4cacb12eba10503.md","D:\MAGIC\scripts\phase00\INBOX\12M_lip_sync_reaction_match_classifier_READY py 23ee718871ad8186b4cacb12eba10503_896E8250.md","12M_lip_sync_reaction_match_classifier_READY py 23ee718871ad8186b4cacb12eba10503_896E8250.md",".md"
"D:\MAGIC\backups\QUARANTINE_20250912_142935\magic_file_tracker_export.csv\12M_ugc_video_extractor_READY py 23ee718871ad813898b8dac50f1310e5.md","D:\MAGIC\scripts\phase00\INBOX\12M_ugc_video_extractor_READY py 23ee718871ad813898b8dac50f1310e5_8E53A71C.md","12M_ugc_video_extractor_READY py 23ee718871ad813898b8dac50f1310e5_8E53A71C.md",".md"
"D:\MAGIC\backups\QUARANTINE_20250912_142935\magic_file_tracker_export.csv\12M_voice_comment_transcriber_READY py 23ee718871ad8162b5a4cdf408eae287.md","D:\MAGIC\scripts\phase00\INBOX\12M_voice_comment_transcriber_READY py 23ee718871ad8162b5a4cdf408eae287_7FA05117.md","12M_voice_comment_transcriber_READY py 23ee718871ad8162b5a4cdf408eae287_7FA05117.md",".md"
"D:\MAGIC\backups\QUARANTINE_20250912_142935\magic_file_tracker_export.csv\12M_voice_sentiment_classifier_READY py 23ee718871ad81718a42d03376fca1df.md","D:\MAGIC\scripts\phase00\INBOX\12M_voice_sentiment_classifier_READY py 23ee718871ad81718a42d03376fca1df_6E8284B6.md","12M_voice_sentiment_classifier_READY py 23ee718871ad81718a42d03376fca1df_6E8284B6.md",".md"
"D:\MAGIC\backups\QUARANTINE_20250912_142935\magic_file_tracker_export.csv\12N_airtable_sheets_sync_READY py 23ee718871ad814b83dddd6ba0c5a36f.md","D:\MAGIC\scripts\phase00\INBOX\12N_airtable_sheets_sync_READY py 23ee718871ad814b83dddd6ba0c5a36f_58D5A98E.md","12N_airtable_sheets_sync_READY py 23ee718871ad814b83dddd6ba0c5a36f_58D5A98E.md",".md"
"D:\MAGIC\backups\QUARANTINE_20250912_142935\magic_file_tracker_export.csv\12N_notion_ugc_board_updater_READY py 23ee718871ad81f9aa27c2548286e767.md","D:\MAGIC\scripts\phase00\INBOX\12N_notion_ugc_board_updater_READY py 23ee718871ad81f9aa27c2548286e767_0BE67198.md","12N_notion_ugc_board_updater_READY py 23ee718871ad81f9aa27c2548286e767_0BE67198.md",".md"
"D:\MAGIC\backups\QUARANTINE_20250912_142935\magic_file_tracker_export.csv\12N_slack_discord_hook_integrator_READY py 23ee718871ad81458e7ec6920c837fe5.md","D:\MAGIC\scripts\phase00\INBOX\12N_slack_discord_hook_integrator_READY py 23ee718871ad81458e7ec6920c837fe5_02D9C541.md","12N_slack_discord_hook_integrator_READY py 23ee718871ad81458e7ec6920c837fe5_02D9C541.md",".md"
"D:\MAGIC\backups\QUARANTINE_20250912_142935\magic_file_tracker_export.csv\12N_ugc_to_bigquery_export_READY py 23ee718871ad81178148f6abbc89b2fb.md","D:\MAGIC\scripts\phase00\INBOX\12N_ugc_to_bigquery_export_READY py 23ee718871ad81178148f6abbc89b2fb_087F1CC7.md","12N_ugc_to_bigquery_export_READY py 23ee718871ad81178148f6abbc89b2fb_087F1CC7.md",".md"
"D:\MAGIC\backups\QUARANTINE_20250912_142935\magic_file_tracker_export.csv\12O_influencer_amplification_logger_READY py 23ee718871ad8193a53eed334ebc31a8.md","D:\MAGIC\scripts\phase00\INBOX\12O_influencer_amplification_logger_READY py 23ee718871ad8193a53eed334ebc31a8_F7713746.md","12O_influencer_amplification_logger_READY py 23ee718871ad8193a53eed334ebc31a8_F7713746.md",".md"
"D:\MAGIC\backups\QUARANTINE_20250912_142935\magic_file_tracker_export.csv\12O_originator_tracer_READY py 23ee718871ad819a999ed2b7a053134a.md","D:\MAGIC\scripts\phase00\INBOX\12O_originator_tracer_READY py 23ee718871ad819a999ed2b7a053134a_4C7CB62F.md","12O_originator_tracer_READY py 23ee718871ad819a999ed2b7a053134a_4C7CB62F.md",".md"
"D:\MAGIC\backups\QUARANTINE_20250912_142935\magic_file_tracker_export.csv\12O_secondary_wave_detector_READY py 23ee718871ad810989defa7aab57c33f.md","D:\MAGIC\scripts\phase00\INBOX\12O_secondary_wave_detector_READY py 23ee718871ad810989defa7aab57c33f_596F428B.md","12O_secondary_wave_detector_READY py 23ee718871ad810989defa7aab57c33f_596F428B.md",".md"
"D:\MAGIC\backups\QUARANTINE_20250912_142935\magic_file_tracker_export.csv\12O_ugc_influence_graph_builder_READY py 23ee718871ad81b7b1a9ce0cb547e11b.md","D:\MAGIC\scripts\phase00\INBOX\12O_ugc_influence_graph_builder_READY py 23ee718871ad81b7b1a9ce0cb547e11b_C6C87ACE.md","12O_ugc_influence_graph_builder_READY py 23ee718871ad81b7b1a9ce0cb547e11b_C6C87ACE.md",".md"
"D:\MAGIC\backups\QUARANTINE_20250912_142935\magic_file_tracker_export.csv\12P_comment_thread_resurfacer_READY py 23ee718871ad81e7ae84c9fee6a0b7b0.md","D:\MAGIC\scripts\phase00\INBOX\12P_comment_thread_resurfacer_READY py 23ee718871ad81e7ae84c9fee6a0b7b0_2569DBA0.md","12P_comment_thread_resurfacer_READY py 23ee718871ad81e7ae84c9fee6a0b7b0_2569DBA0.md",".md"
"D:\MAGIC\backups\QUARANTINE_20250912_142935\magic_file_tracker_export.csv\12P_evergreen_ugc_highlighter_READY py 23ee718871ad81a3b454ca9439f3193c.md","D:\MAGIC\scripts\phase00\INBOX\12P_evergreen_ugc_highlighter_READY py 23ee718871ad81a3b454ca9439f3193c_2AF6543D.md","12P_evergreen_ugc_highlighter_READY py 23ee718871ad81a3b454ca9439f3193c_2AF6543D.md",".md"
"D:\MAGIC\backups\QUARANTINE_20250912_142935\magic_file_tracker_export.csv\12P_seasonal_ugc_tagger_READY py 23ee718871ad81fe8913c93d49409e5c.md","D:\MAGIC\scripts\phase00\INBOX\12P_seasonal_ugc_tagger_READY py 23ee718871ad81fe8913c93d49409e5c_0020FC21.md","12P_seasonal_ugc_tagger_READY py 23ee718871ad81fe8913c93d49409e5c_0020FC21.md",".md"
"D:\MAGIC\backups\QUARANTINE_20250912_142935\magic_file_tracker_export.csv\12P_ugc_lifecycle_tracker_READY py 23ee718871ad81f294e4c50602f18dbf.md","D:\MAGIC\scripts\phase00\INBOX\12P_ugc_lifecycle_tracker_READY py 23ee718871ad81f294e4c50602f18dbf_68E45594.md","12P_ugc_lifecycle_tracker_READY py 23ee718871ad81f294e4c50602f18dbf_68E45594.md",".md"
"D:\MAGIC\backups\QUARANTINE_20250912_142935\magic_file_tracker_export.csv\12Q_internal_feedback_collector_READY py 23ee718871ad810599a2d9c13f61799c.md","D:\MAGIC\scripts\phase00\INBOX\12Q_internal_feedback_collector_READY py 23ee718871ad810599a2d9c13f61799c_A48A19BD.md","12Q_internal_feedback_collector_READY py 23ee718871ad810599a2d9c13f61799c_A48A19BD.md",".md"
"D:\MAGIC\backups\QUARANTINE_20250912_142935\magic_file_tracker_export.csv\12Q_moderator_interface_integrator_READY py 23ee718871ad81a8b5a7ce777966c95a.md","D:\MAGIC\scripts\phase00\INBOX\12Q_moderator_interface_integrator_READY py 23ee718871ad81a8b5a7ce777966c95a_0E369911.md","12Q_moderator_interface_integrator_READY py 23ee718871ad81a8b5a7ce777966c95a_0E369911.md",".md"
"D:\MAGIC\backups\QUARANTINE_20250912_142935\magic_file_tracker_export.csv\12Q_semi_manual_content_repurpose_tool_READY py 23ee718871ad81aaa350d9016be555c5.md","D:\MAGIC\scripts\phase00\INBOX\12Q_semi_manual_content_repurpose_tool_READY py 23ee718871ad81aaa350d9016be555c5_62D15DA9.md","12Q_semi_manual_content_repurpose_tool_READY py 23ee718871ad81aaa350d9016be555c5_62D15DA9.md",".md"
"D:\MAGIC\backups\QUARANTINE_20250912_142935\magic_file_tracker_export.csv\12Q_ugc_approval_queue_READY py 23ee718871ad8174a074c9ff2521bf06.md","D:\MAGIC\scripts\phase00\INBOX\12Q_ugc_approval_queue_READY py 23ee718871ad8174a074c9ff2521bf06_884297C9.md","12Q_ugc_approval_queue_READY py 23ee718871ad8174a074c9ff2521bf06_884297C9.md",".md"
"D:\MAGIC\backups\QUARANTINE_20250912_142935\magic_file_tracker_export.csv\12R_comment_labeling_feedback_READY py 23ee718871ad8186a64af3abb1fb15c0.md","D:\MAGIC\scripts\phase00\INBOX\12R_comment_labeling_feedback_READY py 23ee718871ad8186a64af3abb1fb15c0_6502C16B.md","12R_comment_labeling_feedback_READY py 23ee718871ad8186a64af3abb1fb15c0_6502C16B.md",".md"
"D:\MAGIC\backups\QUARANTINE_20250912_142935\magic_file_tracker_export.csv\12R_confidence_scoring_system_READY py 23ee718871ad81e5a335fc6811e5213c.md","D:\MAGIC\scripts\phase00\INBOX\12R_confidence_scoring_system_READY py 23ee718871ad81e5a335fc6811e5213c_573C6504.md","12R_confidence_scoring_system_READY py 23ee718871ad81e5a335fc6811e5213c_573C6504.md",".md"
"D:\MAGIC\backups\QUARANTINE_20250912_142935\magic_file_tracker_export.csv\12R_fine_tune_ai_comment_agent_READY py 23ee718871ad812aab45d9d266e9c28c.md","D:\MAGIC\scripts\phase00\INBOX\12R_fine_tune_ai_comment_agent_READY py 23ee718871ad812aab45d9d266e9c28c_F3D973C7.md","12R_fine_tune_ai_comment_agent_READY py 23ee718871ad812aab45d9d266e9c28c_F3D973C7.md",".md"
"D:\MAGIC\backups\QUARANTINE_20250912_142935\magic_file_tracker_export.csv\12R_ugc_ai_mismatch_detector_READY py 23ee718871ad815cb172ce31b429c2ae.md","D:\MAGIC\scripts\phase00\INBOX\12R_ugc_ai_mismatch_detector_READY py 23ee718871ad815cb172ce31b429c2ae_9E045CE3.md","12R_ugc_ai_mismatch_detector_READY py 23ee718871ad815cb172ce31b429c2ae_9E045CE3.md",".md"
"D:\MAGIC\backups\QUARANTINE_20250912_142935\magic_file_tracker_export.csv\12S_agi_ready_trend_feedback_loop_READY py 23ee718871ad8194a6d9f81f3008c449.md","D:\MAGIC\scripts\phase00\INBOX\12S_agi_ready_trend_feedback_loop_READY py 23ee718871ad8194a6d9f81f3008c449_135B02FF.md","12S_agi_ready_trend_feedback_loop_READY py 23ee718871ad8194a6d9f81f3008c449_135B02FF.md",".md"
"D:\MAGIC\backups\QUARANTINE_20250912_142935\magic_file_tracker_export.csv\12S_decentralized_ugc_logging_READY py 23ee718871ad813ab5d1edd39be849f0.md","D:\MAGIC\scripts\phase00\INBOX\12S_decentralized_ugc_logging_READY py 23ee718871ad813ab5d1edd39be849f0_8DEF4061.md","12S_decentralized_ugc_logging_READY py 23ee718871ad813ab5d1edd39be849f0_8DEF4061.md",".md"
"D:\MAGIC\backups\QUARANTINE_20250912_142935\magic_file_tracker_export.csv\12S_llm_memory_integration_engine_READY py 23ee718871ad8179843afebd32e1b654.md","D:\MAGIC\scripts\phase00\INBOX\12S_llm_memory_integration_engine_READY py 23ee718871ad8179843afebd32e1b654_76947757.md","12S_llm_memory_integration_engine_READY py 23ee718871ad8179843afebd32e1b654_76947757.md",".md"
"D:\MAGIC\backups\QUARANTINE_20250912_142935\magic_file_tracker_export.csv\12S_multimodal_ugc_router_READY py 23ee718871ad814283afe5bed286abf5.md","D:\MAGIC\scripts\phase00\INBOX\12S_multimodal_ugc_router_READY py 23ee718871ad814283afe5bed286abf5_24D48239.md","12S_multimodal_ugc_router_READY py 23ee718871ad814283afe5bed286abf5_24D48239.md",".md"
"D:\MAGIC\backups\QUARANTINE_20250912_142935\magic_file_tracker_export.csv\13A_affiliate_click_tracker_READY py 23ee718871ad817b80b9fcc39539cc95.md","D:\MAGIC\scripts\phase00\INBOX\13A_affiliate_click_tracker_READY py 23ee718871ad817b80b9fcc39539cc95_B24862A9.md","13A_affiliate_click_tracker_READY py 23ee718871ad817b80b9fcc39539cc95_B24862A9.md",".md"
"D:\MAGIC\backups\QUARANTINE_20250912_142935\magic_file_tracker_export.csv\13A_affiliate_roi_calculator_READY py 23ee718871ad81c3b1b4c38c15a1662b.md","D:\MAGIC\scripts\phase00\INBOX\13A_affiliate_roi_calculator_READY py 23ee718871ad81c3b1b4c38c15a1662b_99408814.md","13A_affiliate_roi_calculator_READY py 23ee718871ad81c3b1b4c38c15a1662b_99408814.md",".md"
"D:\MAGIC\backups\QUARANTINE_20250912_142935\magic_file_tracker_export.csv\13A_bitly_click_tracker_integration_READY py 23ee718871ad814797f0d867ffca0ecc.md","D:\MAGIC\scripts\phase00\INBOX\13A_bitly_click_tracker_integration_READY py 23ee718871ad814797f0d867ffca0ecc_63DF6391.md","13A_bitly_click_tracker_integration_READY py 23ee718871ad814797f0d867ffca0ecc_63DF6391.md",".md"
"D:\MAGIC\backups\QUARANTINE_20250912_142935\magic_file_tracker_export.csv\13A_bitly_link_grouping_tags_READY py 23ee718871ad8157b27cd0d8d54bbb74.md","D:\MAGIC\scripts\phase00\INBOX\13A_bitly_link_grouping_tags_READY py 23ee718871ad8157b27cd0d8d54bbb74_21A4AE24.md","13A_bitly_link_grouping_tags_READY py 23ee718871ad8157b27cd0d8d54bbb74_21A4AE24.md",".md"
"D:\MAGIC\backups\QUARANTINE_20250912_142935\magic_file_tracker_export.csv\13A_bitly_roi_exporter_READY py 23ee718871ad8105bf87eb35bddef2f7.md","D:\MAGIC\scripts\phase00\INBOX\13A_bitly_roi_exporter_READY py 23ee718871ad8105bf87eb35bddef2f7_1B35E6B0.md","13A_bitly_roi_exporter_READY py 23ee718871ad8105bf87eb35bddef2f7_1B35E6B0.md",".md"
"D:\MAGIC\backups\QUARANTINE_20250912_142935\magic_file_tracker_export.csv\13A_product_level_roi_calculator_READY py 23ee718871ad81df8695e6c77ca2cf35.md","D:\MAGIC\scripts\phase00\INBOX\13A_product_level_roi_calculator_READY py 23ee718871ad81df8695e6c77ca2cf35_704CC7CA.md","13A_product_level_roi_calculator_READY py 23ee718871ad81df8695e6c77ca2cf35_704CC7CA.md",".md"
"D:\MAGIC\backups\QUARANTINE_20250912_142935\magic_file_tracker_export.csv\13B_auto_cta_replacement_engine_READY py 23ee718871ad8169bd89ecd7ebee718f.md","D:\MAGIC\scripts\phase00\INBOX\13B_auto_cta_replacement_engine_READY py 23ee718871ad8169bd89ecd7ebee718f_4BBC8FCA.md","13B_auto_cta_replacement_engine_READY py 23ee718871ad8169bd89ecd7ebee718f_4BBC8FCA.md",".md"
"D:\MAGIC\backups\QUARANTINE_20250912_142935\magic_file_tracker_export.csv\13B_a_b_funnel_variant_manager_READY py 23ee718871ad81ba9558d160305c8b32.md","D:\MAGIC\scripts\phase00\INBOX\13B_a_b_funnel_variant_manager_READY py 23ee718871ad81ba9558d160305c8b32_0EC031BD.md","13B_a_b_funnel_variant_manager_READY py 23ee718871ad81ba9558d160305c8b32_0EC031BD.md",".md"
"D:\MAGIC\backups\QUARANTINE_20250912_142935\magic_file_tracker_export.csv\13B_cta_performance_scorer_READY py 23ee718871ad81c8a676cb653357cf03.md","D:\MAGIC\scripts\phase00\INBOX\13B_cta_performance_scorer_READY py 23ee718871ad81c8a676cb653357cf03_2B1A95A8.md","13B_cta_performance_scorer_READY py 23ee718871ad81c8a676cb653357cf03_2B1A95A8.md",".md"
"D:\MAGIC\backups\QUARANTINE_20250912_142935\magic_file_tracker_export.csv\13B_high_performer_rewriter_READY py 23ee718871ad81109553d4910f7b4a32.md","D:\MAGIC\scripts\phase00\INBOX\13B_high_performer_rewriter_READY py 23ee718871ad81109553d4910f7b4a32_E47696CB.md","13B_high_performer_rewriter_READY py 23ee718871ad81109553d4910f7b4a32_E47696CB.md",".md"
"D:\MAGIC\backups\QUARANTINE_20250912_142935\magic_file_tracker_export.csv\13B_product_cta_matching_engine_READY py 23ee718871ad8103b2cffda9269fbd78.md","D:\MAGIC\scripts\phase00\INBOX\13B_product_cta_matching_engine_READY py 23ee718871ad8103b2cffda9269fbd78_0ADE861F.md","13B_product_cta_matching_engine_READY py 23ee718871ad8103b2cffda9269fbd78_0ADE861F.md",".md"
"D:\MAGIC\backups\QUARANTINE_20250912_142935\magic_file_tracker_export.csv\13B_smart_cta_split_tester_READY py 23ee718871ad81e98020e9e0fe83c7ba.md","D:\MAGIC\scripts\phase00\INBOX\13B_smart_cta_split_tester_READY py 23ee718871ad81e98020e9e0fe83c7ba_DEBC5ADF.md","13B_smart_cta_split_tester_READY py 23ee718871ad81e98020e9e0fe83c7ba_DEBC5ADF.md",".md"
"D:\MAGIC\backups\QUARANTINE_20250912_142935\magic_file_tracker_export.csv\13C_auto_dm_to_email_funnel_trigger_READY py 23ee718871ad816f87efd048248aec2f.md","D:\MAGIC\scripts\phase00\INBOX\13C_auto_dm_to_email_funnel_trigger_READY py 23ee718871ad816f87efd048248aec2f_203B3743.md","13C_auto_dm_to_email_funnel_trigger_READY py 23ee718871ad816f87efd048248aec2f_203B3743.md",".md"
"D:\MAGIC\backups\QUARANTINE_20250912_142935\magic_file_tracker_export.csv\13C_conversion_path_analyzer_READY py 23ee718871ad81e8b355d90fd61c9168.md","D:\MAGIC\scripts\phase00\INBOX\13C_conversion_path_analyzer_READY py 23ee718871ad81e8b355d90fd61c9168_7122E656.md","13C_conversion_path_analyzer_READY py 23ee718871ad81e8b355d90fd61c9168_7122E656.md",".md"
"D:\MAGIC\backups\QUARANTINE_20250912_142935\magic_file_tracker_export.csv\13C_crm_auto_sync_bot_READY py 23ee718871ad812fa236e109058bfe0f.md","D:\MAGIC\scripts\phase00\INBOX\13C_crm_auto_sync_bot_READY py 23ee718871ad812fa236e109058bfe0f_5EDDCB96.md","13C_crm_auto_sync_bot_READY py 23ee718871ad812fa236e109058bfe0f_5EDDCB96.md",".md"
"D:\MAGIC\backups\QUARANTINE_20250912_142935\magic_file_tracker_export.csv\13C_crm_conversion_exporter_READY py 23ee718871ad811aaabaf0088f1a5d46.md","D:\MAGIC\scripts\phase00\INBOX\13C_crm_conversion_exporter_READY py 23ee718871ad811aaabaf0088f1a5d46_2DFFC1EC.md","13C_crm_conversion_exporter_READY py 23ee718871ad811aaabaf0088f1a5d46_2DFFC1EC.md",".md"
"D:\MAGIC\backups\QUARANTINE_20250912_142935\magic_file_tracker_export.csv\13C_crm_integration_module_READY py 23ee718871ad81579132dada354ee2c5.md","D:\MAGIC\scripts\phase00\INBOX\13C_crm_integration_module_READY py 23ee718871ad81579132dada354ee2c5_81DDED6D.md","13C_crm_integration_module_READY py 23ee718871ad81579132dada354ee2c5_81DDED6D.md",".md"
"D:\MAGIC\backups\QUARANTINE_20250912_142935\magic_file_tracker_export.csv\13C_lead_source_profiler_READY py 23ee718871ad8134b6f2ea065668eacd.md","D:\MAGIC\scripts\phase00\INBOX\13C_lead_source_profiler_READY py 23ee718871ad8134b6f2ea065668eacd_19F7EB3D.md","13C_lead_source_profiler_READY py 23ee718871ad8134b6f2ea065668eacd_19F7EB3D.md",".md"
"D:\MAGIC\backups\QUARANTINE_20250912_142935\magic_file_tracker_export.csv\13C_subscriber_funnel_mapper_READY py 23ee718871ad818aaae4e81830bc126e.md","D:\MAGIC\scripts\phase00\INBOX\13C_subscriber_funnel_mapper_READY py 23ee718871ad818aaae4e81830bc126e_32E623D2.md","13C_subscriber_funnel_mapper_READY py 23ee718871ad818aaae4e81830bc126e_32E623D2.md",".md"
"D:\MAGIC\backups\QUARANTINE_20250912_142935\magic_file_tracker_export.csv\13D_affiliate_funnel_tester_READY py 23ee718871ad81aeab77dcad7cf03de0.md","D:\MAGIC\scripts\phase00\INBOX\13D_affiliate_funnel_tester_READY py 23ee718871ad81aeab77dcad7cf03de0_416DD6AB.md","13D_affiliate_funnel_tester_READY py 23ee718871ad81aeab77dcad7cf03de0_416DD6AB.md",".md"
"D:\MAGIC\backups\QUARANTINE_20250912_142935\magic_file_tracker_export.csv\13D_affiliate_roi_dashboard_READY py 23ee718871ad81118f33e05c1238c91a.md","D:\MAGIC\scripts\phase00\INBOX\13D_affiliate_roi_dashboard_READY py 23ee718871ad81118f33e05c1238c91a_389ED079.md","13D_affiliate_roi_dashboard_READY py 23ee718871ad81118f33e05c1238c91a_389ED079.md",".md"
"D:\MAGIC\backups\QUARANTINE_20250912_142935\magic_file_tracker_export.csv\13D_funnel_performance_dashboard_READY py 23ee718871ad81178131d31c3becdd08.md","D:\MAGIC\scripts\phase00\INBOX\13D_funnel_performance_dashboard_READY py 23ee718871ad81178131d31c3becdd08_1A91D95D.md","13D_funnel_performance_dashboard_READY py 23ee718871ad81178131d31c3becdd08_1A91D95D.md",".md"
"D:\MAGIC\backups\QUARANTINE_20250912_142935\magic_file_tracker_export.csv\13E_dynamic_affiliate_recommender_READY py 23ee718871ad8129bab5e032ef311da1.md","D:\MAGIC\scripts\phase00\INBOX\13E_dynamic_affiliate_recommender_READY py 23ee718871ad8129bab5e032ef311da1_A931F24C.md","13E_dynamic_affiliate_recommender_READY py 23ee718871ad8129bab5e032ef311da1_A931F24C.md",".md"
"D:\MAGIC\backups\QUARANTINE_20250912_142935\magic_file_tracker_export.csv\13E_intent_signal_analyzer_READY py 23ee718871ad8145b981ffca79f4ae10.md","D:\MAGIC\scripts\phase00\INBOX\13E_intent_signal_analyzer_READY py 23ee718871ad8145b981ffca79f4ae10_C6CB6A7F.md","13E_intent_signal_analyzer_READY py 23ee718871ad8145b981ffca79f4ae10_C6CB6A7F.md",".md"
"D:\MAGIC\backups\QUARANTINE_20250912_142935\magic_file_tracker_export.csv\13E_smart_link_personalizer_READY py 23ee718871ad81cebee3e6baff0e8e50.md","D:\MAGIC\scripts\phase00\INBOX\13E_smart_link_personalizer_READY py 23ee718871ad81cebee3e6baff0e8e50_E1F3569C.md","13E_smart_link_personalizer_READY py 23ee718871ad81cebee3e6baff0e8e50_E1F3569C.md",".md"
"D:\MAGIC\backups\QUARANTINE_20250912_142935\magic_file_tracker_export.csv\13F_funnel_drop_off_detector_READY py 23ee718871ad817a9287e3553a8fb331.md","D:\MAGIC\scripts\phase00\INBOX\13F_funnel_drop_off_detector_READY py 23ee718871ad817a9287e3553a8fb331_3BFD47BE.md","13F_funnel_drop_off_detector_READY py 23ee718871ad817a9287e3553a8fb331_3BFD47BE.md",".md"
"D:\MAGIC\backups\QUARANTINE_20250912_142935\magic_file_tracker_export.csv\13F_reactivation_email_generator_READY py 23ee718871ad81fb9cb1e8dc7a284036.md","D:\MAGIC\scripts\phase00\INBOX\13F_reactivation_email_generator_READY py 23ee718871ad81fb9cb1e8dc7a284036_AC5EFF03.md","13F_reactivation_email_generator_READY py 23ee718871ad81fb9cb1e8dc7a284036_AC5EFF03.md",".md"
"D:\MAGIC\backups\QUARANTINE_20250912_142935\magic_file_tracker_export.csv\13F_retargeting_list_builder_READY py 23ee718871ad8100bb5bc23ff6207927.md","D:\MAGIC\scripts\phase00\INBOX\13F_retargeting_list_builder_READY py 23ee718871ad8100bb5bc23ff6207927_9AB5282D.md","13F_retargeting_list_builder_READY py 23ee718871ad8100bb5bc23ff6207927_9AB5282D.md",".md"
"D:\MAGIC\backups\QUARANTINE_20250912_142935\magic_file_tracker_export.csv\13G_affiliate_policy_violation_scanner_READY py 23ee718871ad81729894f9f0e325068e.md","D:\MAGIC\scripts\phase00\INBOX\13G_affiliate_policy_violation_scanner_READY py 23ee718871ad81729894f9f0e325068e_19708D5E.md","13G_affiliate_policy_violation_scanner_READY py 23ee718871ad81729894f9f0e325068e_19708D5E.md",".md"
"D:\MAGIC\backups\QUARANTINE_20250912_142935\magic_file_tracker_export.csv\13G_country_level_compliance_filter_READY py 23ee718871ad81e481b0cdd0505d5579.md","D:\MAGIC\scripts\phase00\INBOX\13G_country_level_compliance_filter_READY py 23ee718871ad81e481b0cdd0505d5579_BAB4A89A.md","13G_country_level_compliance_filter_READY py 23ee718871ad81e481b0cdd0505d5579_BAB4A89A.md",".md"
"D:\MAGIC\backups\QUARANTINE_20250912_142935\magic_file_tracker_export.csv\13G_duplicate_click_filter_READY py 23ee718871ad8158b305e500be663c32.md","D:\MAGIC\scripts\phase00\INBOX\13G_duplicate_click_filter_READY py 23ee718871ad8158b305e500be663c32_57F2DB38.md","13G_duplicate_click_filter_READY py 23ee718871ad8158b305e500be663c32_57F2DB38.md",".md"
"D:\MAGIC\backups\QUARANTINE_20250912_142935\magic_file_tracker_export.csv\13H_auto_link_rotation_engine_READY py 23ee718871ad814a8c1bc628eed0997a.md","D:\MAGIC\scripts\phase00\INBOX\13H_auto_link_rotation_engine_READY py 23ee718871ad814a8c1bc628eed0997a_EFF8FAED.md","13H_auto_link_rotation_engine_READY py 23ee718871ad814a8c1bc628eed0997a_EFF8FAED.md",".md"
"D:\MAGIC\backups\QUARANTINE_20250912_142935\magic_file_tracker_export.csv\13H_bulk_link_health_checker_READY py 23ee718871ad81d98c3cdbe2d1effa47.md","D:\MAGIC\scripts\phase00\INBOX\13H_bulk_link_health_checker_READY py 23ee718871ad81d98c3cdbe2d1effa47_BE1A9B6D.md","13H_bulk_link_health_checker_READY py 23ee718871ad81d98c3cdbe2d1effa47_BE1A9B6D.md",".md"
"D:\MAGIC\backups\QUARANTINE_20250912_142935\magic_file_tracker_export.csv\13H_multi_campaign_deployment_bot_READY py 23ee718871ad815d8df5dd75fa3c55c8.md","D:\MAGIC\scripts\phase00\INBOX\13H_multi_campaign_deployment_bot_READY py 23ee718871ad815d8df5dd75fa3c55c8_882650D7.md","13H_multi_campaign_deployment_bot_READY py 23ee718871ad815d8df5dd75fa3c55c8_882650D7.md",".md"
"D:\MAGIC\backups\QUARANTINE_20250912_142935\magic_file_tracker_export.csv\13H_platform_specific_link_formatter_READY py 23ee718871ad81beba26c1e7b6efdac0.md","D:\MAGIC\scripts\phase00\INBOX\13H_platform_specific_link_formatter_READY py 23ee718871ad81beba26c1e7b6efdac0_0010273C.md","13H_platform_specific_link_formatter_READY py 23ee718871ad81beba26c1e7b6efdac0_0010273C.md",".md"
"D:\MAGIC\backups\QUARANTINE_20250912_142935\magic_file_tracker_export.csv\13I_affiliate_performance_anomaly_detector_READY p 23ee718871ad815baa04efb11367bb87.md","D:\MAGIC\scripts\phase00\INBOX\13I_affiliate_performance_anomaly_detector_READY p 23ee718871ad815baa04efb11367bb87_834E006A.md","13I_affiliate_performance_anomaly_detector_READY p 23ee718871ad815baa04efb11367bb87_834E006A.md",".md"
"D:\MAGIC\backups\QUARANTINE_20250912_142935\magic_file_tracker_export.csv\13I_affiliate_roi_forecaster_READY py 23ee718871ad819b83add8ead1d04818.md","D:\MAGIC\scripts\phase00\INBOX\13I_affiliate_roi_forecaster_READY py 23ee718871ad819b83add8ead1d04818_FA43727C.md","13I_affiliate_roi_forecaster_READY py 23ee718871ad819b83add8ead1d04818_FA43727C.md",".md"
"D:\MAGIC\backups\QUARANTINE_20250912_142935\magic_file_tracker_export.csv\13I_content_affiliate_matchmaker_ai_READY py 23ee718871ad815e8c4cdd1490e6ae22.md","D:\MAGIC\scripts\phase00\INBOX\13I_content_affiliate_matchmaker_ai_READY py 23ee718871ad815e8c4cdd1490e6ae22_DCF6CAE0.md","13I_content_affiliate_matchmaker_ai_READY py 23ee718871ad815e8c4cdd1490e6ae22_DCF6CAE0.md",".md"
"D:\MAGIC\backups\QUARANTINE_20250912_142935\magic_file_tracker_export.csv\13J_affiliate_offer_whitelist_manager_READY py 23ee718871ad817ba05bc75a675422aa.md","D:\MAGIC\scripts\phase00\INBOX\13J_affiliate_offer_whitelist_manager_READY py 23ee718871ad817ba05bc75a675422aa_9F1CCF81.md","13J_affiliate_offer_whitelist_manager_READY py 23ee718871ad817ba05bc75a675422aa_9F1CCF81.md",".md"
"D:\MAGIC\backups\QUARANTINE_20250912_142935\magic_file_tracker_export.csv\13J_approval_gate_for_high_spend_funnels_READY py 23ee718871ad815ab674da73cb9187ac.md","D:\MAGIC\scripts\phase00\INBOX\13J_approval_gate_for_high_spend_funnels_READY py 23ee718871ad815ab674da73cb9187ac_1E3806C6.md","13J_approval_gate_for_high_spend_funnels_READY py 23ee718871ad815ab674da73cb9187ac_1E3806C6.md",".md"
"D:\MAGIC\backups\QUARANTINE_20250912_142935\magic_file_tracker_export.csv\13J_human_override_cta_selector_READY py 23ee718871ad81468ca8c25225742c4a.md","D:\MAGIC\scripts\phase00\INBOX\13J_human_override_cta_selector_READY py 23ee718871ad81468ca8c25225742c4a_45F3967B.md","13J_human_override_cta_selector_READY py 23ee718871ad81468ca8c25225742c4a_45F3967B.md",".md"
"D:\MAGIC\backups\QUARANTINE_20250912_142935\magic_file_tracker_export.csv\13K_affiliate_performance_heatmap_READY py 23ee718871ad81eeb9e2c88731cc2b09.md","D:\MAGIC\scripts\phase00\INBOX\13K_affiliate_performance_heatmap_READY py 23ee718871ad81eeb9e2c88731cc2b09_F6F62D92.md","13K_affiliate_performance_heatmap_READY py 23ee718871ad81eeb9e2c88731cc2b09_F6F62D92.md",".md"
"D:\MAGIC\backups\QUARANTINE_20250912_142935\magic_file_tracker_export.csv\13K_cross_platform_roi_dashboard_READY py 23ee718871ad81c2be52dc3fe2cf4689.md","D:\MAGIC\scripts\phase00\INBOX\13K_cross_platform_roi_dashboard_READY py 23ee718871ad81c2be52dc3fe2cf4689_FF950A92.md","13K_cross_platform_roi_dashboard_READY py 23ee718871ad81c2be52dc3fe2cf4689_FF950A92.md",".md"
"D:\MAGIC\backups\QUARANTINE_20250912_142935\magic_file_tracker_export.csv\13K_funnel_drop_off_chart_READY py 23ee718871ad8169b81cd32bb268846d.md","D:\MAGIC\scripts\phase00\INBOX\13K_funnel_drop_off_chart_READY py 23ee718871ad8169b81cd32bb268846d_AE1882B7.md","13K_funnel_drop_off_chart_READY py 23ee718871ad8169b81cd32bb268846d_AE1882B7.md",".md"
"D:\MAGIC\backups\QUARANTINE_20250912_142935\magic_file_tracker_export.csv\13K_live_funnel_monitor_READY py 23ee718871ad8175aa05fd91708bf632.md","D:\MAGIC\scripts\phase00\INBOX\13K_live_funnel_monitor_READY py 23ee718871ad8175aa05fd91708bf632_CC53A6D7.md","13K_live_funnel_monitor_READY py 23ee718871ad8175aa05fd91708bf632_CC53A6D7.md",".md"
"D:\MAGIC\backups\QUARANTINE_20250912_142935\magic_file_tracker_export.csv\13L_affiliate_lead_memory_graph_READY py 23ee718871ad81df8250dbd1cf7ddc09.md","D:\MAGIC\scripts\phase00\INBOX\13L_affiliate_lead_memory_graph_READY py 23ee718871ad81df8250dbd1cf7ddc09_6649DE10.md","13L_affiliate_lead_memory_graph_READY py 23ee718871ad81df8250dbd1cf7ddc09_6649DE10.md",".md"
"D:\MAGIC\backups\QUARANTINE_20250912_142935\magic_file_tracker_export.csv\13L_affiliate_purchase_attribution_READY py 23ee718871ad815ea72df9da44e17123.md","D:\MAGIC\scripts\phase00\INBOX\13L_affiliate_purchase_attribution_READY py 23ee718871ad815ea72df9da44e17123_262310A7.md","13L_affiliate_purchase_attribution_READY py 23ee718871ad815ea72df9da44e17123_262310A7.md",".md"
"D:\MAGIC\backups\QUARANTINE_20250912_142935\magic_file_tracker_export.csv\13L_crm_event_replayer_READY py 23ee718871ad81fb9cb7d958f5e429c0.md","D:\MAGIC\scripts\phase00\INBOX\13L_crm_event_replayer_READY py 23ee718871ad81fb9cb7d958f5e429c0_E96C7479.md","13L_crm_event_replayer_READY py 23ee718871ad81fb9cb7d958f5e429c0_E96C7479.md",".md"
"D:\MAGIC\backups\QUARANTINE_20250912_142935\magic_file_tracker_export.csv\13L_funnel_abandonment_re_engager_READY py 23ee718871ad813d93c6dda86995bf51.md","D:\MAGIC\scripts\phase00\INBOX\13L_funnel_abandonment_re_engager_READY py 23ee718871ad813d93c6dda86995bf51_36A1BF2E.md","13L_funnel_abandonment_re_engager_READY py 23ee718871ad813d93c6dda86995bf51_36A1BF2E.md",".md"
"D:\MAGIC\backups\QUARANTINE_20250912_142935\magic_file_tracker_export.csv\13M_country_level_affiliate_gate_READY py 23ee718871ad8179b09cd69d3a61bd38.md","D:\MAGIC\scripts\phase00\INBOX\13M_country_level_affiliate_gate_READY py 23ee718871ad8179b09cd69d3a61bd38_D000F8BA.md","13M_country_level_affiliate_gate_READY py 23ee718871ad8179b09cd69d3a61bd38_D000F8BA.md",".md"
"D:\MAGIC\backups\QUARANTINE_20250912_142935\magic_file_tracker_export.csv\13M_ftc_disclosure_checker_READY py 23ee718871ad816d84d4c09d0f0eb5d9.md","D:\MAGIC\scripts\phase00\INBOX\13M_ftc_disclosure_checker_READY py 23ee718871ad816d84d4c09d0f0eb5d9_FB7BE3ED.md","13M_ftc_disclosure_checker_READY py 23ee718871ad816d84d4c09d0f0eb5d9_FB7BE3ED.md",".md"
"D:\MAGIC\backups\QUARANTINE_20250912_142935\magic_file_tracker_export.csv\13M_terms_conditions_injector_READY py 23ee718871ad817fbdc4f2f534291c19.md","D:\MAGIC\scripts\phase00\INBOX\13M_terms_conditions_injector_READY py 23ee718871ad817fbdc4f2f534291c19_E8ED7444.md","13M_terms_conditions_injector_READY py 23ee718871ad817fbdc4f2f534291c19_E8ED7444.md",".md"
"D:\MAGIC\backups\QUARANTINE_20250912_142935\magic_file_tracker_export.csv\13N_broken_funnel_catcher_READY py 23ee718871ad81a5a17ddbe432fe2d08.md","D:\MAGIC\scripts\phase00\INBOX\13N_broken_funnel_catcher_READY py 23ee718871ad81a5a17ddbe432fe2d08_FA62BC1F.md","13N_broken_funnel_catcher_READY py 23ee718871ad81a5a17ddbe432fe2d08_FA62BC1F.md",".md"
"D:\MAGIC\backups\QUARANTINE_20250912_142935\magic_file_tracker_export.csv\13N_cta_variant_click_tester_READY py 23ee718871ad8133bcdcf8929d81488f.md","D:\MAGIC\scripts\phase00\INBOX\13N_cta_variant_click_tester_READY py 23ee718871ad8133bcdcf8929d81488f_A2D1B0F6.md","13N_cta_variant_click_tester_READY py 23ee718871ad8133bcdcf8929d81488f_A2D1B0F6.md",".md"
"D:\MAGIC\backups\QUARANTINE_20250912_142935\magic_file_tracker_export.csv\13N_funnel_a_b_simulator_READY py 23ee718871ad81af91fed0b31a621b15.md","D:\MAGIC\scripts\phase00\INBOX\13N_funnel_a_b_simulator_READY py 23ee718871ad81af91fed0b31a621b15_DCA5A917.md","13N_funnel_a_b_simulator_READY py 23ee718871ad81af91fed0b31a621b15_DCA5A917.md",".md"
"D:\MAGIC\backups\QUARANTINE_20250912_142935\magic_file_tracker_export.csv\14A_engagement_predictor_READY py 23ee718871ad81e68451d04d26d01492.md","D:\MAGIC\scripts\phase00\INBOX\14A_engagement_predictor_READY py 23ee718871ad81e68451d04d26d01492_2D543FF5.md","14A_engagement_predictor_READY py 23ee718871ad81e68451d04d26d01492_2D543FF5.md",".md"
"D:\MAGIC\backups\QUARANTINE_20250912_142935\magic_file_tracker_export.csv\14A_trend_roi_predictor_READY py 23ee718871ad8110a540d38006b48c02.md","D:\MAGIC\scripts\phase00\INBOX\14A_trend_roi_predictor_READY py 23ee718871ad8110a540d38006b48c02_FFD52B1A.md","14A_trend_roi_predictor_READY py 23ee718871ad8110a540d38006b48c02_FFD52B1A.md",".md"
"D:\MAGIC\backups\QUARANTINE_20250912_142935\magic_file_tracker_export.csv\14A_trend_scoring_engine_READY py 23ee718871ad815fafc5ce8ddc0c749d.md","D:\MAGIC\scripts\phase00\INBOX\14A_trend_scoring_engine_READY py 23ee718871ad815fafc5ce8ddc0c749d_A39896C6.md","14A_trend_scoring_engine_READY py 23ee718871ad815fafc5ce8ddc0c749d_A39896C6.md",".md"
"D:\MAGIC\backups\QUARANTINE_20250912_142935\magic_file_tracker_export.csv\14A_virality_likelihood_scorer_READY py 23ee718871ad818ca636ef1934263e74.md","D:\MAGIC\scripts\phase00\INBOX\14A_virality_likelihood_scorer_READY py 23ee718871ad818ca636ef1934263e74_52EF0B26.md","14A_virality_likelihood_scorer_READY py 23ee718871ad818ca636ef1934263e74_52EF0B26.md",".md"
"D:\MAGIC\backups\QUARANTINE_20250912_142935\magic_file_tracker_export.csv\14B_cost_benefit_ranker_READY py 23ee718871ad81b583f4cb2e393d7e9a.md","D:\MAGIC\scripts\phase00\INBOX\14B_cost_benefit_ranker_READY py 23ee718871ad81b583f4cb2e393d7e9a_DC9B251F.md","14B_cost_benefit_ranker_READY py 23ee718871ad81b583f4cb2e393d7e9a_DC9B251F.md",".md"
"D:\MAGIC\backups\QUARANTINE_20250912_142935\magic_file_tracker_export.csv\14B_cta_optimizer_READY py 23ee718871ad81afa320f3d862f3a1fb.md","D:\MAGIC\scripts\phase00\INBOX\14B_cta_optimizer_READY py 23ee718871ad81afa320f3d862f3a1fb_7DEA0678.md","14B_cta_optimizer_READY py 23ee718871ad81afa320f3d862f3a1fb_7DEA0678.md",".md"
"D:\MAGIC\backups\QUARANTINE_20250912_142935\magic_file_tracker_export.csv\14B_platform_posting_selector_READY py 23ee718871ad81bfbbc8d3fa410e9109.md","D:\MAGIC\scripts\phase00\INBOX\14B_platform_posting_selector_READY py 23ee718871ad81bfbbc8d3fa410e9109_C8A6A9AD.md","14B_platform_posting_selector_READY py 23ee718871ad81bfbbc8d3fa410e9109_C8A6A9AD.md",".md"
"D:\MAGIC\backups\QUARANTINE_20250912_142935\magic_file_tracker_export.csv\14B_production_decision_engine_READY py 23ee718871ad81809859eb5f303fb598.md","D:\MAGIC\scripts\phase00\INBOX\14B_production_decision_engine_READY py 23ee718871ad81809859eb5f303fb598_D067CDBA.md","14B_production_decision_engine_READY py 23ee718871ad81809859eb5f303fb598_D067CDBA.md",".md"
"D:\MAGIC\backups\QUARANTINE_20250912_142935\magic_file_tracker_export.csv\14B_production_priority_queue_READY py 23ee718871ad8147a003ce332b06cb77.md","D:\MAGIC\scripts\phase00\INBOX\14B_production_priority_queue_READY py 23ee718871ad8147a003ce332b06cb77_1BBFC960.md","14B_production_priority_queue_READY py 23ee718871ad8147a003ce332b06cb77_1BBFC960.md",".md"
"D:\MAGIC\backups\QUARANTINE_20250912_142935\magic_file_tracker_export.csv\14C_best_format_recommender_READY py 23ee718871ad8165bf3ed4ac3d20219d.md","D:\MAGIC\scripts\phase00\INBOX\14C_best_format_recommender_READY py 23ee718871ad8165bf3ed4ac3d20219d_EFC4A849.md","14C_best_format_recommender_READY py 23ee718871ad8165bf3ed4ac3d20219d_EFC4A849.md",".md"
"D:\MAGIC\backups\QUARANTINE_20250912_142935\magic_file_tracker_export.csv\14C_feedback_signal_combiner_READY py 23ee718871ad81d487d7f47d4f623345.md","D:\MAGIC\scripts\phase00\INBOX\14C_feedback_signal_combiner_READY py 23ee718871ad81d487d7f47d4f623345_B3AA77C8.md","14C_feedback_signal_combiner_READY py 23ee718871ad81d487d7f47d4f623345_B3AA77C8.md",".md"
"D:\MAGIC\backups\QUARANTINE_20250912_142935\magic_file_tracker_export.csv\14C_high_impact_trend_ranker_READY py 23ee718871ad81439e31cafcf6569c1a.md","D:\MAGIC\scripts\phase00\INBOX\14C_high_impact_trend_ranker_READY py 23ee718871ad81439e31cafcf6569c1a_0A477753.md","14C_high_impact_trend_ranker_READY py 23ee718871ad81439e31cafcf6569c1a_0A477753.md",".md"
"D:\MAGIC\backups\QUARANTINE_20250912_142935\magic_file_tracker_export.csv\14C_roi_based_script_prioritization_READY py 23ee718871ad81d1bfb6c5e8a05b956f.md","D:\MAGIC\scripts\phase00\INBOX\14C_roi_based_script_prioritization_READY py 23ee718871ad81d1bfb6c5e8a05b956f_78D3A8F9.md","14C_roi_based_script_prioritization_READY py 23ee718871ad81d1bfb6c5e8a05b956f_78D3A8F9.md",".md"
"D:\MAGIC\backups\QUARANTINE_20250912_142935\magic_file_tracker_export.csv\14C_smart_backlog_sorter_READY py 23ee718871ad81cb80a4fa6f1fa39fb2.md","D:\MAGIC\scripts\phase00\INBOX\14C_smart_backlog_sorter_READY py 23ee718871ad81cb80a4fa6f1fa39fb2_9D47EDD1.md","14C_smart_backlog_sorter_READY py 23ee718871ad81cb80a4fa6f1fa39fb2_9D47EDD1.md",".md"
"D:\MAGIC\backups\QUARANTINE_20250912_142935\magic_file_tracker_export.csv\14D_channel_goal_alignment_engine_READY py 23ee718871ad81489fc8e2200a769a47.md","D:\MAGIC\scripts\phase00\INBOX\14D_channel_goal_alignment_engine_READY py 23ee718871ad81489fc8e2200a769a47_39C32A64.md","14D_channel_goal_alignment_engine_READY py 23ee718871ad81489fc8e2200a769a47_39C32A64.md",".md"
"D:\MAGIC\backups\QUARANTINE_20250912_142935\magic_file_tracker_export.csv\14D_cold_start_fallback_logic_READY py 23ee718871ad8189aa85c50ccbb5c867.md","D:\MAGIC\scripts\phase00\INBOX\14D_cold_start_fallback_logic_READY py 23ee718871ad8189aa85c50ccbb5c867_002B46B5.md","14D_cold_start_fallback_logic_READY py 23ee718871ad8189aa85c50ccbb5c867_002B46B5.md",".md"
"D:\MAGIC\backups\QUARANTINE_20250912_142935\magic_file_tracker_export.csv\14D_decision_audit_log_READY py 23ee718871ad8162a3f5e3b7390b6840.md","D:\MAGIC\scripts\phase00\INBOX\14D_decision_audit_log_READY py 23ee718871ad8162a3f5e3b7390b6840_7E330FE0.md","14D_decision_audit_log_READY py 23ee718871ad8162a3f5e3b7390b6840_7E330FE0.md",".md"
"D:\MAGIC\backups\QUARANTINE_20250912_142935\magic_file_tracker_export.csv\14D_multi_source_decision_controller_READY py 23ee718871ad810c8403d57750d475a1.md","D:\MAGIC\scripts\phase00\INBOX\14D_multi_source_decision_controller_READY py 23ee718871ad810c8403d57750d475a1_93E2DE94.md","14D_multi_source_decision_controller_READY py 23ee718871ad810c8403d57750d475a1_93E2DE94.md",".md"
"D:\MAGIC\backups\QUARANTINE_20250912_142935\magic_file_tracker_export.csv\14E_autonomous_theme_selector_READY py 23ee718871ad8181a929e8adb25b8452.md","D:\MAGIC\scripts\phase00\INBOX\14E_autonomous_theme_selector_READY py 23ee718871ad8181a929e8adb25b8452_5B79093F.md","14E_autonomous_theme_selector_READY py 23ee718871ad8181a929e8adb25b8452_5B79093F.md",".md"
"D:\MAGIC\backups\QUARANTINE_20250912_142935\magic_file_tracker_export.csv\14E_content_lifecycle_advisor_READY py 23ee718871ad818c9d2dead7b62a8507.md","D:\MAGIC\scripts\phase00\INBOX\14E_content_lifecycle_advisor_READY py 23ee718871ad818c9d2dead7b62a8507_9D4CF7DE.md","14E_content_lifecycle_advisor_READY py 23ee718871ad818c9d2dead7b62a8507_9D4CF7DE.md",".md"
"D:\MAGIC\backups\QUARANTINE_20250912_142935\magic_file_tracker_export.csv\14E_cta_heatmap_visualizer_READY py 23ee718871ad81a5be4cea10241cef96.md","D:\MAGIC\scripts\phase00\INBOX\14E_cta_heatmap_visualizer_READY py 23ee718871ad81a5be4cea10241cef96_E3DB65E5.md","14E_cta_heatmap_visualizer_READY py 23ee718871ad81a5be4cea10241cef96_E3DB65E5.md",".md"
"D:\MAGIC\backups\QUARANTINE_20250912_142935\magic_file_tracker_export.csv\14E_evergreen_identifier_READY py 23ee718871ad819ab1cff3bed423f54d.md","D:\MAGIC\scripts\phase00\INBOX\14E_evergreen_identifier_READY py 23ee718871ad819ab1cff3bed423f54d_8A37CED3.md","14E_evergreen_identifier_READY py 23ee718871ad819ab1cff3bed423f54d_8A37CED3.md",".md"
"D:\MAGIC\backups\QUARANTINE_20250912_142935\magic_file_tracker_export.csv\14E_failed_content_analyzer_READY py 23ee718871ad81778f60d8dca9304502.md","D:\MAGIC\scripts\phase00\INBOX\14E_failed_content_analyzer_READY py 23ee718871ad81778f60d8dca9304502_45FF34A6.md","14E_failed_content_analyzer_READY py 23ee718871ad81778f60d8dca9304502_45FF34A6.md",".md"
"D:\MAGIC\backups\QUARANTINE_20250912_142935\magic_file_tracker_export.csv\14E_retention_drop_off_analyzer_READY py 23ee718871ad81d1a3eaee0ec2b34c7d.md","D:\MAGIC\scripts\phase00\INBOX\14E_retention_drop_off_analyzer_READY py 23ee718871ad81d1a3eaee0ec2b34c7d_44F029E6.md","14E_retention_drop_off_analyzer_READY py 23ee718871ad81d1a3eaee0ec2b34c7d_44F029E6.md",".md"
"D:\MAGIC\backups\QUARANTINE_20250912_142935\magic_file_tracker_export.csv\14E_thumbnail_hook_tester_READY py 23ee718871ad81a38502d4626c60c9a7.md","D:\MAGIC\scripts\phase00\INBOX\14E_thumbnail_hook_tester_READY py 23ee718871ad81a38502d4626c60c9a7_7B8BA1D7.md","14E_thumbnail_hook_tester_READY py 23ee718871ad81a38502d4626c60c9a7_7B8BA1D7.md",".md"
"D:\MAGIC\backups\QUARANTINE_20250912_142935\magic_file_tracker_export.csv\14E_title_rewrite_recommender_READY py 23ee718871ad81b5bef8c20df69ca2a0.md","D:\MAGIC\scripts\phase00\INBOX\14E_title_rewrite_recommender_READY py 23ee718871ad81b5bef8c20df69ca2a0_36742089.md","14E_title_rewrite_recommender_READY py 23ee718871ad81b5bef8c20df69ca2a0_36742089.md",".md"
"D:\MAGIC\backups\QUARANTINE_20250912_142935\magic_file_tracker_export.csv\14F_cost_benefit_ranker_READY py 23ee718871ad81bda004d1d0e8b23d33.md","D:\MAGIC\scripts\phase00\INBOX\14F_cost_benefit_ranker_READY py 23ee718871ad81bda004d1d0e8b23d33_A9D39FD3.md","14F_cost_benefit_ranker_READY py 23ee718871ad81bda004d1d0e8b23d33_A9D39FD3.md",".md"
"D:\MAGIC\backups\QUARANTINE_20250912_142935\magic_file_tracker_export.csv\14F_multi_agent_decision_controller_READY py 23ee718871ad81f6b09beb0d494fe040.md","D:\MAGIC\scripts\phase00\INBOX\14F_multi_agent_decision_controller_READY py 23ee718871ad81f6b09beb0d494fe040_18CAFB61.md","14F_multi_agent_decision_controller_READY py 23ee718871ad81f6b09beb0d494fe040_18CAFB61.md",".md"
"D:\MAGIC\backups\QUARANTINE_20250912_142935\magic_file_tracker_export.csv\14F_production_priority_queue_READY py 23ee718871ad8103822bc1c1bad3f7cb.md","D:\MAGIC\scripts\phase00\INBOX\14F_production_priority_queue_READY py 23ee718871ad8103822bc1c1bad3f7cb_009275DB.md","14F_production_priority_queue_READY py 23ee718871ad8103822bc1c1bad3f7cb_009275DB.md",".md"
"D:\MAGIC\backups\QUARANTINE_20250912_142935\magic_file_tracker_export.csv\14F_roi_based_script_prioritization_READY py 23ee718871ad81ceb3fff48a73af9d6b.md","D:\MAGIC\scripts\phase00\INBOX\14F_roi_based_script_prioritization_READY py 23ee718871ad81ceb3fff48a73af9d6b_9AB31CAE.md","14F_roi_based_script_prioritization_READY py 23ee718871ad81ceb3fff48a73af9d6b_9AB31CAE.md",".md"
"D:\MAGIC\backups\QUARANTINE_20250912_142935\magic_file_tracker_export.csv\14G_channel_goal_alignment_engine_READY py 23ee718871ad81d0ba9be379404c22a3.md","D:\MAGIC\scripts\phase00\INBOX\14G_channel_goal_alignment_engine_READY py 23ee718871ad81d0ba9be379404c22a3_E1A64015.md","14G_channel_goal_alignment_engine_READY py 23ee718871ad81d0ba9be379404c22a3_E1A64015.md",".md"
"D:\MAGIC\backups\QUARANTINE_20250912_142935\magic_file_tracker_export.csv\14G_decision_audit_log_READY py 23ee718871ad8120b1e1d0b66a002509.md","D:\MAGIC\scripts\phase00\INBOX\14G_decision_audit_log_READY py 23ee718871ad8120b1e1d0b66a002509_7E880F49.md","14G_decision_audit_log_READY py 23ee718871ad8120b1e1d0b66a002509_7E880F49.md",".md"
"D:\MAGIC\backups\QUARANTINE_20250912_142935\magic_file_tracker_export.csv\14G_feedback_signal_combiner_READY py 23ee718871ad81d9a0b9ce37d9f331c0.md","D:\MAGIC\scripts\phase00\INBOX\14G_feedback_signal_combiner_READY py 23ee718871ad81d9a0b9ce37d9f331c0_A2F47F93.md","14G_feedback_signal_combiner_READY py 23ee718871ad81d9a0b9ce37d9f331c0_A2F47F93.md",".md"
"D:\MAGIC\backups\QUARANTINE_20250912_142935\magic_file_tracker_export.csv\14H_autonomous_theme_selector_READY py 23ee718871ad81658458fae51afb3352.md","D:\MAGIC\scripts\phase00\INBOX\14H_autonomous_theme_selector_READY py 23ee718871ad81658458fae51afb3352_D85A20BA.md","14H_autonomous_theme_selector_READY py 23ee718871ad81658458fae51afb3352_D85A20BA.md",".md"
"D:\MAGIC\backups\QUARANTINE_20250912_142935\magic_file_tracker_export.csv\14H_cold_start_fallback_logic_READY py 23ee718871ad81a2afd7c09aa4fd7261.md","D:\MAGIC\scripts\phase00\INBOX\14H_cold_start_fallback_logic_READY py 23ee718871ad81a2afd7c09aa4fd7261_37FC72D0.md","14H_cold_start_fallback_logic_READY py 23ee718871ad81a2afd7c09aa4fd7261_37FC72D0.md",".md"
"D:\MAGIC\backups\QUARANTINE_20250912_142935\magic_file_tracker_export.csv\14I_ai_executive_override_logic_READY py 23ee718871ad81a78ec0f21d06902039.md","D:\MAGIC\scripts\phase00\INBOX\14I_ai_executive_override_logic_READY py 23ee718871ad81a78ec0f21d06902039_C71BF365.md","14I_ai_executive_override_logic_READY py 23ee718871ad81a78ec0f21d06902039_C71BF365.md",".md"
"D:\MAGIC\backups\QUARANTINE_20250912_142935\magic_file_tracker_export.csv\14I_decision_feedback_integrator_READY py 23ee718871ad818aa0faca9f97044066.md","D:\MAGIC\scripts\phase00\INBOX\14I_decision_feedback_integrator_READY py 23ee718871ad818aa0faca9f97044066_4FC26DBE.md","14I_decision_feedback_integrator_READY py 23ee718871ad818aa0faca9f97044066_4FC26DBE.md",".md"
"D:\MAGIC\backups\QUARANTINE_20250912_142935\magic_file_tracker_export.csv\14I_trend_scoring_engine_READY py 23ee718871ad812cb2ecec29724de3d2.md","D:\MAGIC\scripts\phase00\INBOX\14I_trend_scoring_engine_READY py 23ee718871ad812cb2ecec29724de3d2_88FA0D6D.md","14I_trend_scoring_engine_READY py 23ee718871ad812cb2ecec29724de3d2_88FA0D6D.md",".md"
"D:\MAGIC\backups\QUARANTINE_20250912_142935\magic_file_tracker_export.csv\14J_content_fatigue_detector_READY py 23ee718871ad8130a65dcdd1725bd98e.md","D:\MAGIC\scripts\phase00\INBOX\14J_content_fatigue_detector_READY py 23ee718871ad8130a65dcdd1725bd98e_C9EB6BD9.md","14J_content_fatigue_detector_READY py 23ee718871ad8130a65dcdd1725bd98e_C9EB6BD9.md",".md"
"D:\MAGIC\backups\QUARANTINE_20250912_142935\magic_file_tracker_export.csv\14J_cross_content_signal_tracker_READY py 23ee718871ad81588d1ffc7dfb441e81.md","D:\MAGIC\scripts\phase00\INBOX\14J_cross_content_signal_tracker_READY py 23ee718871ad81588d1ffc7dfb441e81_BA6D106A.md","14J_cross_content_signal_tracker_READY py 23ee718871ad81588d1ffc7dfb441e81_BA6D106A.md",".md"
"D:\MAGIC\backups\QUARANTINE_20250912_142935\magic_file_tracker_export.csv\14J_post_publish_optimization_suggester_READY py 23ee718871ad819d9ee3c6b9714939e6.md","D:\MAGIC\scripts\phase00\INBOX\14J_post_publish_optimization_suggester_READY py 23ee718871ad819d9ee3c6b9714939e6_D68324A0.md","14J_post_publish_optimization_suggester_READY py 23ee718871ad819d9ee3c6b9714939e6_D68324A0.md",".md"
"D:\MAGIC\backups\QUARANTINE_20250912_142935\magic_file_tracker_export.csv\14J_real_time_performance_watcher_READY py 23ee718871ad81fa800cfe31d8bd3eb3.md","D:\MAGIC\scripts\phase00\INBOX\14J_real_time_performance_watcher_READY py 23ee718871ad81fa800cfe31d8bd3eb3_062A8AA7.md","14J_real_time_performance_watcher_READY py 23ee718871ad81fa800cfe31d8bd3eb3_062A8AA7.md",".md"
"D:\MAGIC\backups\QUARANTINE_20250912_142935\magic_file_tracker_export.csv\14K_content_rpm_forecaster_READY py 23ee718871ad818b8000f483959bc169.md","D:\MAGIC\scripts\phase00\INBOX\14K_content_rpm_forecaster_READY py 23ee718871ad818b8000f483959bc169_1545484F.md","14K_content_rpm_forecaster_READY py 23ee718871ad818b8000f483959bc169_1545484F.md",".md"
"D:\MAGIC\backups\QUARANTINE_20250912_142935\magic_file_tracker_export.csv\14K_multi_channel_profit_projection_READY py 23ee718871ad816f893fcdc61e042096.md","D:\MAGIC\scripts\phase00\INBOX\14K_multi_channel_profit_projection_READY py 23ee718871ad816f893fcdc61e042096_32D25139.md","14K_multi_channel_profit_projection_READY py 23ee718871ad816f893fcdc61e042096_32D25139.md",".md"
"D:\MAGIC\backups\QUARANTINE_20250912_142935\magic_file_tracker_export.csv\14K_smart_budget_allocator_READY py 23ee718871ad81c3a033ec4ebbdd9198.md","D:\MAGIC\scripts\phase00\INBOX\14K_smart_budget_allocator_READY py 23ee718871ad81c3a033ec4ebbdd9198_D4C17229.md","14K_smart_budget_allocator_READY py 23ee718871ad81c3a033ec4ebbdd9198_D4C17229.md",".md"
"D:\MAGIC\backups\QUARANTINE_20250912_142935\magic_file_tracker_export.csv\14L_adaptive_decision_refiner_READY py 23ee718871ad81728522c3cc52c2285d.md","D:\MAGIC\scripts\phase00\INBOX\14L_adaptive_decision_refiner_READY py 23ee718871ad81728522c3cc52c2285d_45DCDA97.md","14L_adaptive_decision_refiner_READY py 23ee718871ad81728522c3cc52c2285d_45DCDA97.md",".md"
"D:\MAGIC\backups\QUARANTINE_20250912_142935\magic_file_tracker_export.csv\14L_agent_performance_feedback_loop_READY py 23ee718871ad8141bbaed279e100ee00.md","D:\MAGIC\scripts\phase00\INBOX\14L_agent_performance_feedback_loop_READY py 23ee718871ad8141bbaed279e100ee00_DF023ED0.md","14L_agent_performance_feedback_loop_READY py 23ee718871ad8141bbaed279e100ee00_DF023ED0.md",".md"
"D:\MAGIC\backups\QUARANTINE_20250912_142935\magic_file_tracker_export.csv\14L_llm_choice_rebalancer_READY py 23ee718871ad814e9661f4eb3e9831ce.md","D:\MAGIC\scripts\phase00\INBOX\14L_llm_choice_rebalancer_READY py 23ee718871ad814e9661f4eb3e9831ce_0DF46CF9.md","14L_llm_choice_rebalancer_READY py 23ee718871ad814e9661f4eb3e9831ce_0DF46CF9.md",".md"
"D:\MAGIC\backups\QUARANTINE_20250912_142935\magic_file_tracker_export.csv\14M_human_override_portal_READY py 23ee718871ad81fb9367e26bf3ef4adc.md","D:\MAGIC\scripts\phase00\INBOX\14M_human_override_portal_READY py 23ee718871ad81fb9367e26bf3ef4adc_A6339FD3.md","14M_human_override_portal_READY py 23ee718871ad81fb9367e26bf3ef4adc_A6339FD3.md",".md"
"D:\MAGIC\backups\QUARANTINE_20250912_142935\magic_file_tracker_export.csv\14M_internal_qa_checklist_validator_READY py 23ee718871ad81d2a7aadb86d9c3155a.md","D:\MAGIC\scripts\phase00\INBOX\14M_internal_qa_checklist_validator_READY py 23ee718871ad81d2a7aadb86d9c3155a_60D70C4B.md","14M_internal_qa_checklist_validator_READY py 23ee718871ad81d2a7aadb86d9c3155a_60D70C4B.md",".md"
"D:\MAGIC\backups\QUARANTINE_20250912_142935\magic_file_tracker_export.csv\14M_weekly_decision_digest_generator_READY py 23ee718871ad814d8ee5f34c75e5987b.md","D:\MAGIC\scripts\phase00\INBOX\14M_weekly_decision_digest_generator_READY py 23ee718871ad814d8ee5f34c75e5987b_183EC2F6.md","14M_weekly_decision_digest_generator_READY py 23ee718871ad814d8ee5f34c75e5987b_183EC2F6.md",".md"
"D:\MAGIC\backups\QUARANTINE_20250912_142935\magic_file_tracker_export.csv\15A_ai_trend_signal_amplifier_READY py 23ee718871ad81ac850ef895b7dd53e2.md","D:\MAGIC\scripts\phase00\INBOX\15A_ai_trend_signal_amplifier_READY py 23ee718871ad81ac850ef895b7dd53e2_33E372B6.md","15A_ai_trend_signal_amplifier_READY py 23ee718871ad81ac850ef895b7dd53e2_33E372B6.md",".md"
"D:\MAGIC\backups\QUARANTINE_20250912_142935\magic_file_tracker_export.csv\15A_breaking_news_detector_READY py 23ee718871ad8180847ae5b05427308a.md","D:\MAGIC\scripts\phase00\INBOX\15A_breaking_news_detector_READY py 23ee718871ad8180847ae5b05427308a_5957297D.md","15A_breaking_news_detector_READY py 23ee718871ad8180847ae5b05427308a_5957297D.md",".md"
"D:\MAGIC\backups\QUARANTINE_20250912_142935\magic_file_tracker_export.csv\15A_hashtag_surge_tracker_READY py 23ee718871ad818aa39ddc58f219fea1.md","D:\MAGIC\scripts\phase00\INBOX\15A_hashtag_surge_tracker_READY py 23ee718871ad818aa39ddc58f219fea1_D79AE8A5.md","15A_hashtag_surge_tracker_READY py 23ee718871ad818aa39ddc58f219fea1_D79AE8A5.md",".md"
"D:\MAGIC\backups\QUARANTINE_20250912_142935\magic_file_tracker_export.csv\15A_trending_topic_monitor_READY py 23ee718871ad81b8a52cecbd10d1820c.md","D:\MAGIC\scripts\phase00\INBOX\15A_trending_topic_monitor_READY py 23ee718871ad81b8a52cecbd10d1820c_ED00F8D9.md","15A_trending_topic_monitor_READY py 23ee718871ad81b8a52cecbd10d1820c_ED00F8D9.md",".md"
"D:\MAGIC\backups\QUARANTINE_20250912_142935\magic_file_tracker_export.csv\15A_trend_webhook_listener_READY py 23ee718871ad814b9d23c0f4bc54ca3d.md","D:\MAGIC\scripts\phase00\INBOX\15A_trend_webhook_listener_READY py 23ee718871ad814b9d23c0f4bc54ca3d_22B25F96.md","15A_trend_webhook_listener_READY py 23ee718871ad814b9d23c0f4bc54ca3d_22B25F96.md",".md"
"D:\MAGIC\backups\QUARANTINE_20250912_142935\magic_file_tracker_export.csv\15B_auto_tag_real_time_trends_READY py 23ee718871ad817e878feeeebc00a1ae.md","D:\MAGIC\scripts\phase00\INBOX\15B_auto_tag_real_time_trends_READY py 23ee718871ad817e878feeeebc00a1ae_B8325E8D.md","15B_auto_tag_real_time_trends_READY py 23ee718871ad817e878feeeebc00a1ae_B8325E8D.md",".md"
"D:\MAGIC\backups\QUARANTINE_20250912_142935\magic_file_tracker_export.csv\15B_emergency_publish_override_READY py 23ee718871ad81ed9305f1978b254832.md","D:\MAGIC\scripts\phase00\INBOX\15B_emergency_publish_override_READY py 23ee718871ad81ed9305f1978b254832_69D0AB84.md","15B_emergency_publish_override_READY py 23ee718871ad81ed9305f1978b254832_69D0AB84.md",".md"
"D:\MAGIC\backups\QUARANTINE_20250912_142935\magic_file_tracker_export.csv\15B_live_response_content_agent_READY py 23ee718871ad818bae40c1c459bff8bc.md","D:\MAGIC\scripts\phase00\INBOX\15B_live_response_content_agent_READY py 23ee718871ad818bae40c1c459bff8bc_8F324022.md","15B_live_response_content_agent_READY py 23ee718871ad818bae40c1c459bff8bc_8F324022.md",".md"
"D:\MAGIC\backups\QUARANTINE_20250912_142935\magic_file_tracker_export.csv\15B_peak_engagement_prediction_READY py 23ee718871ad81278168e63d5109ec88.md","D:\MAGIC\scripts\phase00\INBOX\15B_peak_engagement_prediction_READY py 23ee718871ad81278168e63d5109ec88_799D8F00.md","15B_peak_engagement_prediction_READY py 23ee718871ad81278168e63d5109ec88_799D8F00.md",".md"
"D:\MAGIC\backups\QUARANTINE_20250912_142935\magic_file_tracker_export.csv\15B_social_listening_api_bridge_READY py 23ee718871ad81b5a32acfb2f2741b2f.md","D:\MAGIC\scripts\phase00\INBOX\15B_social_listening_api_bridge_READY py 23ee718871ad81b5a32acfb2f2741b2f_388DD279.md","15B_social_listening_api_bridge_READY py 23ee718871ad81b5a32acfb2f2741b2f_388DD279.md",".md"
"D:\MAGIC\backups\QUARANTINE_20250912_142935\magic_file_tracker_export.csv\15C_cross_platform_trend_aligner_READY py 23ee718871ad811e83e3e4959feeffbe.md","D:\MAGIC\scripts\phase00\INBOX\15C_cross_platform_trend_aligner_READY py 23ee718871ad811e83e3e4959feeffbe_C38A9552.md","15C_cross_platform_trend_aligner_READY py 23ee718871ad811e83e3e4959feeffbe_C38A9552.md",".md"
"D:\MAGIC\backups\QUARANTINE_20250912_142935\magic_file_tracker_export.csv\15C_latency_aware_response_tuner_READY py 23ee718871ad81b68babc367179d6f14.md","D:\MAGIC\scripts\phase00\INBOX\15C_latency_aware_response_tuner_READY py 23ee718871ad81b68babc367179d6f14_57888FD0.md","15C_latency_aware_response_tuner_READY py 23ee718871ad81b68babc367179d6f14_57888FD0.md",".md"
"D:\MAGIC\backups\QUARANTINE_20250912_142935\magic_file_tracker_export.csv\15C_multi_agent_conflict_resolver_READY py 23ee718871ad814eb09cc32b9d38193e.md","D:\MAGIC\scripts\phase00\INBOX\15C_multi_agent_conflict_resolver_READY py 23ee718871ad814eb09cc32b9d38193e_C4DFD8A4.md","15C_multi_agent_conflict_resolver_READY py 23ee718871ad814eb09cc32b9d38193e_C4DFD8A4.md",".md"
"D:\MAGIC\backups\QUARANTINE_20250912_142935\magic_file_tracker_export.csv\15C_reactive_thumbnail_generator_READY py 23ee718871ad81a194b7de23250905f0.md","D:\MAGIC\scripts\phase00\INBOX\15C_reactive_thumbnail_generator_READY py 23ee718871ad81a194b7de23250905f0_E87EABB4.md","15C_reactive_thumbnail_generator_READY py 23ee718871ad81a194b7de23250905f0_E87EABB4.md",".md"
"D:\MAGIC\backups\QUARANTINE_20250912_142935\magic_file_tracker_export.csv\15C_real_time_throttling_controller_READY py 23ee718871ad8173ba52e18d45a5e873.md","D:\MAGIC\scripts\phase00\INBOX\15C_real_time_throttling_controller_READY py 23ee718871ad8173ba52e18d45a5e873_E59B3B68.md","15C_real_time_throttling_controller_READY py 23ee718871ad8173ba52e18d45a5e873_E59B3B68.md",".md"
"D:\MAGIC\backups\QUARANTINE_20250912_142935\magic_file_tracker_export.csv\15D_instant_meme_generator_READY py 23ee718871ad81a89e3bc9e36f9bb480.md","D:\MAGIC\scripts\phase00\INBOX\15D_instant_meme_generator_READY py 23ee718871ad81a89e3bc9e36f9bb480_22F0BADA.md","15D_instant_meme_generator_READY py 23ee718871ad81a89e3bc9e36f9bb480_22F0BADA.md",".md"
"D:\MAGIC\backups\QUARANTINE_20250912_142935\magic_file_tracker_export.csv\15D_platform_specific_formatter_READY py 23ee718871ad81a8a4b1c7f3f299f68b.md","D:\MAGIC\scripts\phase00\INBOX\15D_platform_specific_formatter_READY py 23ee718871ad81a8a4b1c7f3f299f68b_09F9FC1F.md","15D_platform_specific_formatter_READY py 23ee718871ad81a8a4b1c7f3f299f68b_09F9FC1F.md",".md"
"D:\MAGIC\backups\QUARANTINE_20250912_142935\magic_file_tracker_export.csv\15D_real_time_voiceover_generator_READY py 23ee718871ad81beb6dfeaa8384c33ea.md","D:\MAGIC\scripts\phase00\INBOX\15D_real_time_voiceover_generator_READY py 23ee718871ad81beb6dfeaa8384c33ea_D7F939DF.md","15D_real_time_voiceover_generator_READY py 23ee718871ad81beb6dfeaa8384c33ea_D7F939DF.md",".md"
"D:\MAGIC\backups\QUARANTINE_20250912_142935\magic_file_tracker_export.csv\15D_trend_based_music_selector_READY py 23ee718871ad815bbd8ee6ed71b63612.md","D:\MAGIC\scripts\phase00\INBOX\15D_trend_based_music_selector_READY py 23ee718871ad815bbd8ee6ed71b63612_D842B91B.md","15D_trend_based_music_selector_READY py 23ee718871ad815bbd8ee6ed71b63612_D842B91B.md",".md"
"D:\MAGIC\backups\QUARANTINE_20250912_142935\magic_file_tracker_export.csv\15D_trend_thumbnail_captioner_READY py 23ee718871ad817799ecc424e10df58d.md","D:\MAGIC\scripts\phase00\INBOX\15D_trend_thumbnail_captioner_READY py 23ee718871ad817799ecc424e10df58d_757982B1.md","15D_trend_thumbnail_captioner_READY py 23ee718871ad817799ecc424e10df58d_757982B1.md",".md"
"D:\MAGIC\backups\QUARANTINE_20250912_142935\magic_file_tracker_export.csv\15E_explainable_ai_justification_log_READY py 23ee718871ad813d9dd4c77e9b0e3fce.md","D:\MAGIC\scripts\phase00\INBOX\15E_explainable_ai_justification_log_READY py 23ee718871ad813d9dd4c77e9b0e3fce_4EF7D5B3.md","15E_explainable_ai_justification_log_READY py 23ee718871ad813d9dd4c77e9b0e3fce_4EF7D5B3.md",".md"
"D:\MAGIC\backups\QUARANTINE_20250912_142935\magic_file_tracker_export.csv\15E_human_moderator_notification_READY py 23ee718871ad810580b1cfa062c9e300.md","D:\MAGIC\scripts\phase00\INBOX\15E_human_moderator_notification_READY py 23ee718871ad810580b1cfa062c9e300_77CFE6DF.md","15E_human_moderator_notification_READY py 23ee718871ad810580b1cfa062c9e300_77CFE6DF.md",".md"
"D:\MAGIC\backups\QUARANTINE_20250912_142935\magic_file_tracker_export.csv\15E_multi_language_live_responder_READY py 23ee718871ad8136b82ef3fcaa0eefa0.md","D:\MAGIC\scripts\phase00\INBOX\15E_multi_language_live_responder_READY py 23ee718871ad8136b82ef3fcaa0eefa0_2336FA53.md","15E_multi_language_live_responder_READY py 23ee718871ad8136b82ef3fcaa0eefa0_2336FA53.md",".md"
"D:\MAGIC\backups\QUARANTINE_20250912_142935\magic_file_tracker_export.csv\15E_one_click_approve_publish_gui_READY py 23ee718871ad81da9d5ddef33165608e.md","D:\MAGIC\scripts\phase00\INBOX\15E_one_click_approve_publish_gui_READY py 23ee718871ad81da9d5ddef33165608e_93FD5325.md","15E_one_click_approve_publish_gui_READY py 23ee718871ad81da9d5ddef33165608e_93FD5325.md",".md"
"D:\MAGIC\backups\QUARANTINE_20250912_142935\magic_file_tracker_export.csv\15E_trend_content_pause_resume_READY py 23ee718871ad814fb3fec58df3bf6316.md","D:\MAGIC\scripts\phase00\INBOX\15E_trend_content_pause_resume_READY py 23ee718871ad814fb3fec58df3bf6316_31448B5D.md","15E_trend_content_pause_resume_READY py 23ee718871ad814fb3fec58df3bf6316_31448B5D.md",".md"
"D:\MAGIC\backups\QUARANTINE_20250912_142935\magic_file_tracker_export.csv\15F_contradictory_signal_suppressor_READY py 23ee718871ad817db049d775bbad2d65.md","D:\MAGIC\scripts\phase00\INBOX\15F_contradictory_signal_suppressor_READY py 23ee718871ad817db049d775bbad2d65_2E97DA6F.md","15F_contradictory_signal_suppressor_READY py 23ee718871ad817db049d775bbad2d65_2E97DA6F.md",".md"
"D:\MAGIC\backups\QUARANTINE_20250912_142935\magic_file_tracker_export.csv\15F_external_authority_override_READY py 23ee718871ad81698485ec777813cd0d.md","D:\MAGIC\scripts\phase00\INBOX\15F_external_authority_override_READY py 23ee718871ad81698485ec777813cd0d_E1C4351A.md","15F_external_authority_override_READY py 23ee718871ad81698485ec777813cd0d_E1C4351A.md",".md"
"D:\MAGIC\backups\QUARANTINE_20250912_142935\magic_file_tracker_export.csv\15F_multi_trend_priority_arbiter_READY py 23ee718871ad810d92fff49509052e04.md","D:\MAGIC\scripts\phase00\INBOX\15F_multi_trend_priority_arbiter_READY py 23ee718871ad810d92fff49509052e04_85C23F28.md","15F_multi_trend_priority_arbiter_READY py 23ee718871ad810d92fff49509052e04_85C23F28.md",".md"
"D:\MAGIC\backups\QUARANTINE_20250912_142935\magic_file_tracker_export.csv\15F_trend_sentiment_reconciler_READY py 23ee718871ad81b08a02e7b5d4e96d57.md","D:\MAGIC\scripts\phase00\INBOX\15F_trend_sentiment_reconciler_READY py 23ee718871ad81b08a02e7b5d4e96d57_DCBE4BAF.md","15F_trend_sentiment_reconciler_READY py 23ee718871ad81b08a02e7b5d4e96d57_DCBE4BAF.md",".md"
"D:\MAGIC\backups\QUARANTINE_20250912_142935\magic_file_tracker_export.csv\15F_trend_vote_weighting_system_READY py 23ee718871ad81c4b2eac5a5571a4c38.md","D:\MAGIC\scripts\phase00\INBOX\15F_trend_vote_weighting_system_READY py 23ee718871ad81c4b2eac5a5571a4c38_634F27CD.md","15F_trend_vote_weighting_system_READY py 23ee718871ad81c4b2eac5a5571a4c38_634F27CD.md",".md"
"D:\MAGIC\backups\QUARANTINE_20250912_142935\magic_file_tracker_export.csv\15G_negative_feedback_blocker_READY py 23ee718871ad81a49bcff27d9779d52c.md","D:\MAGIC\scripts\phase00\INBOX\15G_negative_feedback_blocker_READY py 23ee718871ad81a49bcff27d9779d52c_B4D22193.md","15G_negative_feedback_blocker_READY py 23ee718871ad81a49bcff27d9779d52c_B4D22193.md",".md"
"D:\MAGIC\backups\QUARANTINE_20250912_142935\magic_file_tracker_export.csv\15G_performance_based_self_retuner_READY py 23ee718871ad81e9b84ec37e1184d247.md","D:\MAGIC\scripts\phase00\INBOX\15G_performance_based_self_retuner_READY py 23ee718871ad81e9b84ec37e1184d247_AC3DE9E0.md","15G_performance_based_self_retuner_READY py 23ee718871ad81e9b84ec37e1184d247_AC3DE9E0.md",".md"
"D:\MAGIC\backups\QUARANTINE_20250912_142935\magic_file_tracker_export.csv\15G_post_trend_deactivation_signaler_READY py 23ee718871ad8119aa2fd7c30ac42932.md","D:\MAGIC\scripts\phase00\INBOX\15G_post_trend_deactivation_signaler_READY py 23ee718871ad8119aa2fd7c30ac42932_3DF87135.md","15G_post_trend_deactivation_signaler_READY py 23ee718871ad8119aa2fd7c30ac42932_3DF87135.md",".md"
"D:\MAGIC\backups\QUARANTINE_20250912_142935\magic_file_tracker_export.csv\15G_real_time_a_b_variation_switcher_READY py 23ee718871ad81ee816cc4a1e18a1e3d.md","D:\MAGIC\scripts\phase00\INBOX\15G_real_time_a_b_variation_switcher_READY py 23ee718871ad81ee816cc4a1e18a1e3d_0FCBEA32.md","15G_real_time_a_b_variation_switcher_READY py 23ee718871ad81ee816cc4a1e18a1e3d_0FCBEA32.md",".md"
"D:\MAGIC\backups\QUARANTINE_20250912_142935\magic_file_tracker_export.csv\15G_real_time_engagement_delta_tracker_READY py 23ee718871ad8100a9b0d53e3ce3efb6.md","D:\MAGIC\scripts\phase00\INBOX\15G_real_time_engagement_delta_tracker_READY py 23ee718871ad8100a9b0d53e3ce3efb6_E9885CC8.md","15G_real_time_engagement_delta_tracker_READY py 23ee718871ad8100a9b0d53e3ce3efb6_E9885CC8.md",".md"
"D:\MAGIC\backups\QUARANTINE_20250912_142935\magic_file_tracker_export.csv\15H_api_quota_aware_throttler_READY py 23ee718871ad81778aa3f501220a60f7.md","D:\MAGIC\scripts\phase00\INBOX\15H_api_quota_aware_throttler_READY py 23ee718871ad81778aa3f501220a60f7_40F273D1.md","15H_api_quota_aware_throttler_READY py 23ee718871ad81778aa3f501220a60f7_40F273D1.md",".md"
"D:\MAGIC\backups\QUARANTINE_20250912_142935\magic_file_tracker_export.csv\15H_platform_priority_queue_manager_READY py 23ee718871ad817abd6dc36aeee33a67.md","D:\MAGIC\scripts\phase00\INBOX\15H_platform_priority_queue_manager_READY py 23ee718871ad817abd6dc36aeee33a67_270C0523.md","15H_platform_priority_queue_manager_READY py 23ee718871ad817abd6dc36aeee33a67_270C0523.md",".md"
"D:\MAGIC\backups\QUARANTINE_20250912_142935\magic_file_tracker_export.csv\15H_real_time_multi_platform_scheduler_READY py 23ee718871ad81699a48eeec32be0d20.md","D:\MAGIC\scripts\phase00\INBOX\15H_real_time_multi_platform_scheduler_READY py 23ee718871ad81699a48eeec32be0d20_CCF3E10A.md","15H_real_time_multi_platform_scheduler_READY py 23ee718871ad81699a48eeec32be0d20_CCF3E10A.md",".md"
"D:\MAGIC\backups\QUARANTINE_20250912_142935\magic_file_tracker_export.csv\15H_time_zone_aware_trend_replication_READY py 23ee718871ad8157ac6ee4f911119ac0.md","D:\MAGIC\scripts\phase00\INBOX\15H_time_zone_aware_trend_replication_READY py 23ee718871ad8157ac6ee4f911119ac0_C4F9AE0B.md","15H_time_zone_aware_trend_replication_READY py 23ee718871ad8157ac6ee4f911119ac0_C4F9AE0B.md",".md"
"D:\MAGIC\backups\QUARANTINE_20250912_142935\magic_file_tracker_export.csv\15H_trend_repurposer_across_formats_READY py 23ee718871ad8193b09fc869f6ea03cd.md","D:\MAGIC\scripts\phase00\INBOX\15H_trend_repurposer_across_formats_READY py 23ee718871ad8193b09fc869f6ea03cd_3715C277.md","15H_trend_repurposer_across_formats_READY py 23ee718871ad8193b09fc869f6ea03cd_3715C277.md",".md"
"D:\MAGIC\backups\QUARANTINE_20250912_142935\magic_file_tracker_export.csv\15I_annotated_feedback_dashboard_READY py 23ee718871ad814db776c5a1891acdaf.md","D:\MAGIC\scripts\phase00\INBOX\15I_annotated_feedback_dashboard_READY py 23ee718871ad814db776c5a1891acdaf_8F19DF22.md","15I_annotated_feedback_dashboard_READY py 23ee718871ad814db776c5a1891acdaf_8F19DF22.md",".md"
"D:\MAGIC\backups\QUARANTINE_20250912_142935\magic_file_tracker_export.csv\15I_escalation_alert_system_READY py 23ee718871ad81fba5d0fb086b12b775.md","D:\MAGIC\scripts\phase00\INBOX\15I_escalation_alert_system_READY py 23ee718871ad81fba5d0fb086b12b775_1186C4F9.md","15I_escalation_alert_system_READY py 23ee718871ad81fba5d0fb086b12b775_1186C4F9.md",".md"
"D:\MAGIC\backups\QUARANTINE_20250912_142935\magic_file_tracker_export.csv\15I_override_reason_logger_READY py 23ee718871ad8174a43ec389863a88ea.md","D:\MAGIC\scripts\phase00\INBOX\15I_override_reason_logger_READY py 23ee718871ad8174a43ec389863a88ea_549E528F.md","15I_override_reason_logger_READY py 23ee718871ad8174a43ec389863a88ea_549E528F.md",".md"
"D:\MAGIC\backups\QUARANTINE_20250912_142935\magic_file_tracker_export.csv\15I_reviewer_load_balancer_READY py 23ee718871ad8107afe2e809a9abe11f.md","D:\MAGIC\scripts\phase00\INBOX\15I_reviewer_load_balancer_READY py 23ee718871ad8107afe2e809a9abe11f_B2D13CA9.md","15I_reviewer_load_balancer_READY py 23ee718871ad8107afe2e809a9abe11f_B2D13CA9.md",".md"
"D:\MAGIC\backups\QUARANTINE_20250912_142935\magic_file_tracker_export.csv\15I_trend_confirmation_ui_READY py 23ee718871ad81439390dce0ae0914a1.md","D:\MAGIC\scripts\phase00\INBOX\15I_trend_confirmation_ui_READY py 23ee718871ad81439390dce0ae0914a1_B802EE7D.md","15I_trend_confirmation_ui_READY py 23ee718871ad81439390dce0ae0914a1_B802EE7D.md",".md"
"D:\MAGIC\backups\QUARANTINE_20250912_142935\magic_file_tracker_export.csv\15J_community_reaction_comparator_READY py 23ee718871ad81dd8d1dd5097e49766c.md","D:\MAGIC\scripts\phase00\INBOX\15J_community_reaction_comparator_READY py 23ee718871ad81dd8d1dd5097e49766c_9918208E.md","15J_community_reaction_comparator_READY py 23ee718871ad81dd8d1dd5097e49766c_9918208E.md",".md"
"D:\MAGIC\backups\QUARANTINE_20250912_142935\magic_file_tracker_export.csv\15J_feedback_informed_decision_tuning_READY py 23ee718871ad817689a6eff75c28ffff.md","D:\MAGIC\scripts\phase00\INBOX\15J_feedback_informed_decision_tuning_READY py 23ee718871ad817689a6eff75c28ffff_9CC47DC3.md","15J_feedback_informed_decision_tuning_READY py 23ee718871ad817689a6eff75c28ffff_9CC47DC3.md",".md"
"D:\MAGIC\backups\QUARANTINE_20250912_142935\magic_file_tracker_export.csv\15J_post_failure_root_cause_analyzer_READY py 23ee718871ad81008ab7fbd4a4d396b3.md","D:\MAGIC\scripts\phase00\INBOX\15J_post_failure_root_cause_analyzer_READY py 23ee718871ad81008ab7fbd4a4d396b3_9FE8B7E7.md","15J_post_failure_root_cause_analyzer_READY py 23ee718871ad81008ab7fbd4a4d396b3_9FE8B7E7.md",".md"
"D:\MAGIC\backups\QUARANTINE_20250912_142935\magic_file_tracker_export.csv\15J_reinforcement_learning_trigger_agent_READY py 23ee718871ad81ea8d23d1946daf1c29.md","D:\MAGIC\scripts\phase00\INBOX\15J_reinforcement_learning_trigger_agent_READY py 23ee718871ad81ea8d23d1946daf1c29_E089483E.md","15J_reinforcement_learning_trigger_agent_READY py 23ee718871ad81ea8d23d1946daf1c29_E089483E.md",".md"
"D:\MAGIC\backups\QUARANTINE_20250912_142935\magic_file_tracker_export.csv\15J_trend_recall_training_engine_READY py 23ee718871ad81eca35defe8ed309649.md","D:\MAGIC\scripts\phase00\INBOX\15J_trend_recall_training_engine_READY py 23ee718871ad81eca35defe8ed309649_9CB488AD.md","15J_trend_recall_training_engine_READY py 23ee718871ad81eca35defe8ed309649_9CB488AD.md",".md"
"D:\MAGIC\backups\QUARANTINE_20250912_142935\magic_file_tracker_export.csv\16A_comment_alert_pusher_READY py 23ee718871ad81599fefd1ef6c1c788d.md","D:\MAGIC\scripts\phase00\INBOX\16A_comment_alert_pusher_READY py 23ee718871ad81599fefd1ef6c1c788d_75C11A98.md","16A_comment_alert_pusher_READY py 23ee718871ad81599fefd1ef6c1c788d_75C11A98.md",".md"
"D:\MAGIC\backups\QUARANTINE_20250912_142935\magic_file_tracker_export.csv\16A_comment_sentiment_tracker_READY py 23ee718871ad81959caffade718a9875.md","D:\MAGIC\scripts\phase00\INBOX\16A_comment_sentiment_tracker_READY py 23ee718871ad81959caffade718a9875_C3DBDC96.md","16A_comment_sentiment_tracker_READY py 23ee718871ad81959caffade718a9875_C3DBDC96.md",".md"
"D:\MAGIC\backups\QUARANTINE_20250912_142935\magic_file_tracker_export.csv\16A_faq_extractor_from_comments_READY py 23ee718871ad813eace1eb861c5d6b94.md","D:\MAGIC\scripts\phase00\INBOX\16A_faq_extractor_from_comments_READY py 23ee718871ad813eace1eb861c5d6b94_DF746220.md","16A_faq_extractor_from_comments_READY py 23ee718871ad813eace1eb861c5d6b94_DF746220.md",".md"
"D:\MAGIC\backups\QUARANTINE_20250912_142935\magic_file_tracker_export.csv\16B_auto_dm_responder_READY py 23ee718871ad81d992afe188e4165bf1.md","D:\MAGIC\scripts\phase00\INBOX\16B_auto_dm_responder_READY py 23ee718871ad81d992afe188e4165bf1_60280F99.md","16B_auto_dm_responder_READY py 23ee718871ad81d992afe188e4165bf1_60280F99.md",".md"
"D:\MAGIC\backups\QUARANTINE_20250912_142935\magic_file_tracker_export.csv\16B_loyalty_point_tracker_READY py 23ee718871ad8145ad03fb30a67845b4.md","D:\MAGIC\scripts\phase00\INBOX\16B_loyalty_point_tracker_READY py 23ee718871ad8145ad03fb30a67845b4_F7BCFE33.md","16B_loyalty_point_tracker_READY py 23ee718871ad8145ad03fb30a67845b4_F7BCFE33.md",".md"
"D:\MAGIC\backups\QUARANTINE_20250912_142935\magic_file_tracker_export.csv\16B_warm_lead_tagger_READY py 23ee718871ad81968ca4fba59b2e05f4.md","D:\MAGIC\scripts\phase00\INBOX\16B_warm_lead_tagger_READY py 23ee718871ad81968ca4fba59b2e05f4_D757AD2A.md","16B_warm_lead_tagger_READY py 23ee718871ad81968ca4fba59b2e05f4_D757AD2A.md",".md"
"D:\MAGIC\backups\QUARANTINE_20250912_142935\magic_file_tracker_export.csv\16C_community_drop_announcer_READY py 23ee718871ad810a8321ee1968d04795.md","D:\MAGIC\scripts\phase00\INBOX\16C_community_drop_announcer_READY py 23ee718871ad810a8321ee1968d04795_D4DED382.md","16C_community_drop_announcer_READY py 23ee718871ad810a8321ee1968d04795_D4DED382.md",".md"
"D:\MAGIC\backups\QUARANTINE_20250912_142935\magic_file_tracker_export.csv\16C_giveaway_trigger_READY py 23ee718871ad81e3aef0e6d5cb84a0e3.md","D:\MAGIC\scripts\phase00\INBOX\16C_giveaway_trigger_READY py 23ee718871ad81e3aef0e6d5cb84a0e3_04C3EF6E.md","16C_giveaway_trigger_READY py 23ee718871ad81e3aef0e6d5cb84a0e3_04C3EF6E.md",".md"
"D:\MAGIC\backups\QUARANTINE_20250912_142935\magic_file_tracker_export.csv\16C_tiered_access_gater_READY py 23ee718871ad817493d4e09a0565b9aa.md","D:\MAGIC\scripts\phase00\INBOX\16C_tiered_access_gater_READY py 23ee718871ad817493d4e09a0565b9aa_9F0E4263.md","16C_tiered_access_gater_READY py 23ee718871ad817493d4e09a0565b9aa_9F0E4263.md",".md"
"D:\MAGIC\backups\QUARANTINE_20250912_142935\magic_file_tracker_export.csv\16D_engagement_leaderboard_READY py 23ee718871ad81d795b2c61221ce2864.md","D:\MAGIC\scripts\phase00\INBOX\16D_engagement_leaderboard_READY py 23ee718871ad81d795b2c61221ce2864_A4E19E21.md","16D_engagement_leaderboard_READY py 23ee718871ad81d795b2c61221ce2864_A4E19E21.md",".md"
"D:\MAGIC\backups\QUARANTINE_20250912_142935\magic_file_tracker_export.csv\16D_fan_feedback_collector_READY py 23ee718871ad81a5b8e5cb5ed10c0229.md","D:\MAGIC\scripts\phase00\INBOX\16D_fan_feedback_collector_READY py 23ee718871ad81a5b8e5cb5ed10c0229_B3BA58DA.md","16D_fan_feedback_collector_READY py 23ee718871ad81a5b8e5cb5ed10c0229_B3BA58DA.md",".md"
"D:\MAGIC\backups\QUARANTINE_20250912_142935\magic_file_tracker_export.csv\16D_public_thank_you_generator_READY py 23ee718871ad8164b836ed9cf0a65c3e.md","D:\MAGIC\scripts\phase00\INBOX\16D_public_thank_you_generator_READY py 23ee718871ad8164b836ed9cf0a65c3e_41FA980D.md","16D_public_thank_you_generator_READY py 23ee718871ad8164b836ed9cf0a65c3e_41FA980D.md",".md"
"D:\MAGIC\backups\QUARANTINE_20250912_142935\magic_file_tracker_export.csv\16E_engagement_funnel_visualizer_READY py 23ee718871ad811197d4f8e69e255857.md","D:\MAGIC\scripts\phase00\INBOX\16E_engagement_funnel_visualizer_READY py 23ee718871ad811197d4f8e69e255857_1C90F4B5.md","16E_engagement_funnel_visualizer_READY py 23ee718871ad811197d4f8e69e255857_1C90F4B5.md",".md"
"D:\MAGIC\backups\QUARANTINE_20250912_142935\magic_file_tracker_export.csv\16E_retention_heatmap_READY py 23ee718871ad81d09b44c0969148106b.md","D:\MAGIC\scripts\phase00\INBOX\16E_retention_heatmap_READY py 23ee718871ad81d09b44c0969148106b_65C58965.md","16E_retention_heatmap_READY py 23ee718871ad81d09b44c0969148106b_65C58965.md",".md"
"D:\MAGIC\backups\QUARANTINE_20250912_142935\magic_file_tracker_export.csv\16E_sentiment_over_time_chart_READY py 23ee718871ad8167a31de67d89dfbb81.md","D:\MAGIC\scripts\phase00\INBOX\16E_sentiment_over_time_chart_READY py 23ee718871ad8167a31de67d89dfbb81_19FDCDC7.md","16E_sentiment_over_time_chart_READY py 23ee718871ad8167a31de67d89dfbb81_19FDCDC7.md",".md"
"D:\MAGIC\backups\QUARANTINE_20250912_142935\magic_file_tracker_export.csv\17A_api_failover_router_READY py 23ee718871ad8114a67cf5ff776dbe8f.md","D:\MAGIC\scripts\phase00\INBOX\17A_api_failover_router_READY py 23ee718871ad8114a67cf5ff776dbe8f_CECAC487.md","17A_api_failover_router_READY py 23ee718871ad8114a67cf5ff776dbe8f_CECAC487.md",".md"
"D:\MAGIC\backups\QUARANTINE_20250912_142935\magic_file_tracker_export.csv\17A_platform_status_watchdog_READY py 23ee718871ad8112b797e9b1df83931a.md","D:\MAGIC\scripts\phase00\INBOX\17A_platform_status_watchdog_READY py 23ee718871ad8112b797e9b1df83931a_9659F830.md","17A_platform_status_watchdog_READY py 23ee718871ad8112b797e9b1df83931a_9659F830.md",".md"
"D:\MAGIC\backups\QUARANTINE_20250912_142935\magic_file_tracker_export.csv\17A_retry_queue_manager_READY py 23ee718871ad811091bae08c20c0d996.md","D:\MAGIC\scripts\phase00\INBOX\17A_retry_queue_manager_READY py 23ee718871ad811091bae08c20c0d996_8E4FDA64.md","17A_retry_queue_manager_READY py 23ee718871ad811091bae08c20c0d996_8E4FDA64.md",".md"
"D:\MAGIC\backups\QUARANTINE_20250912_142935\magic_file_tracker_export.csv\17A_scraping_fallback_engine_READY py 23ee718871ad81f796bbe94a937a8165.md","D:\MAGIC\scripts\phase00\INBOX\17A_scraping_fallback_engine_READY py 23ee718871ad81f796bbe94a937a8165_D99E9EF1.md","17A_scraping_fallback_engine_READY py 23ee718871ad81f796bbe94a937a8165_D99E9EF1.md",".md"
"D:\MAGIC\backups\QUARANTINE_20250912_142935\magic_file_tracker_export.csv\17B_auto_pr_crisis_manager_READY py 23ee718871ad814e9ac9f4af1c1cfb1e.md","D:\MAGIC\scripts\phase00\INBOX\17B_auto_pr_crisis_manager_READY py 23ee718871ad814e9ac9f4af1c1cfb1e_B11ABB64.md","17B_auto_pr_crisis_manager_READY py 23ee718871ad814e9ac9f4af1c1cfb1e_B11ABB64.md",".md"
"D:\MAGIC\backups\QUARANTINE_20250912_142935\magic_file_tracker_export.csv\17B_black_swan_event_detector_READY py 23ee718871ad81f4a06cec17d9cdc55b.md","D:\MAGIC\scripts\phase00\INBOX\17B_black_swan_event_detector_READY py 23ee718871ad81f4a06cec17d9cdc55b_DDC13933.md","17B_black_swan_event_detector_READY py 23ee718871ad81f4a06cec17d9cdc55b_DDC13933.md",".md"
"D:\MAGIC\backups\QUARANTINE_20250912_142935\magic_file_tracker_export.csv\17B_creator_blacklist_watch_READY py 23ee718871ad81a98e9ed6faa65022ce.md","D:\MAGIC\scripts\phase00\INBOX\17B_creator_blacklist_watch_READY py 23ee718871ad81a98e9ed6faa65022ce_09D243C5.md","17B_creator_blacklist_watch_READY py 23ee718871ad81a98e9ed6faa65022ce_09D243C5.md",".md"
"D:\MAGIC\backups\QUARANTINE_20250912_142935\magic_file_tracker_export.csv\17B_emergency_shutdown_switch_READY py 23ee718871ad812283e2d96775f738b0.md","D:\MAGIC\scripts\phase00\INBOX\17B_emergency_shutdown_switch_READY py 23ee718871ad812283e2d96775f738b0_EBC59488.md","17B_emergency_shutdown_switch_READY py 23ee718871ad812283e2d96775f738b0_EBC59488.md",".md"
"D:\MAGIC\backups\QUARANTINE_20250912_142935\magic_file_tracker_export.csv\17C_automation_self_healing_layer_READY py 23ee718871ad810db051fe5d6300f38d.md","D:\MAGIC\scripts\phase00\INBOX\17C_automation_self_healing_layer_READY py 23ee718871ad810db051fe5d6300f38d_3CD111D5.md","17C_automation_self_healing_layer_READY py 23ee718871ad810db051fe5d6300f38d_3CD111D5.md",".md"
"D:\MAGIC\backups\QUARANTINE_20250912_142935\magic_file_tracker_export.csv\17C_backup_configuration_sync_READY py 23ee718871ad812fbe1ad1f347b99c0f.md","D:\MAGIC\scripts\phase00\INBOX\17C_backup_configuration_sync_READY py 23ee718871ad812fbe1ad1f347b99c0f_5EBAF6DF.md","17C_backup_configuration_sync_READY py 23ee718871ad812fbe1ad1f347b99c0f_5EBAF6DF.md",".md"
"D:\MAGIC\backups\QUARANTINE_20250912_142935\magic_file_tracker_export.csv\17C_diagnostic_snapshot_exporter_READY py 23ee718871ad81a2b942e226a4058c85.md","D:\MAGIC\scripts\phase00\INBOX\17C_diagnostic_snapshot_exporter_READY py 23ee718871ad81a2b942e226a4058c85_0AA99C35.md","17C_diagnostic_snapshot_exporter_READY py 23ee718871ad81a2b942e226a4058c85_0AA99C35.md",".md"
"D:\MAGIC\backups\QUARANTINE_20250912_142935\magic_file_tracker_export.csv\17C_escalation_notifier_READY py 23ee718871ad81f0a5f0c4acc27f7cdb.md","D:\MAGIC\scripts\phase00\INBOX\17C_escalation_notifier_READY py 23ee718871ad81f0a5f0c4acc27f7cdb_29FB3F35.md","17C_escalation_notifier_READY py 23ee718871ad81f0a5f0c4acc27f7cdb_29FB3F35.md",".md"
"D:\MAGIC\backups\QUARANTINE_20250912_142935\magic_file_tracker_export.csv\17D_age_restricted_content_filter_READY py 23ee718871ad81f49f0eecb91aa42f55.md","D:\MAGIC\scripts\phase00\INBOX\17D_age_restricted_content_filter_READY py 23ee718871ad81f49f0eecb91aa42f55_9452F4AE.md","17D_age_restricted_content_filter_READY py 23ee718871ad81f49f0eecb91aa42f55_9452F4AE.md",".md"
"D:\MAGIC\backups\QUARANTINE_20250912_142935\magic_file_tracker_export.csv\17D_copyright_takedown_watcher_READY py 23ee718871ad81b6be84e4e674c55b80.md","D:\MAGIC\scripts\phase00\INBOX\17D_copyright_takedown_watcher_READY py 23ee718871ad81b6be84e4e674c55b80_A1FB2019.md","17D_copyright_takedown_watcher_READY py 23ee718871ad81b6be84e4e674c55b80_A1FB2019.md",".md"
"D:\MAGIC\backups\QUARANTINE_20250912_142935\magic_file_tracker_export.csv\17D_policy_violation_auto_flagger_READY py 23ee718871ad8134b870c4ebd1d66d54.md","D:\MAGIC\scripts\phase00\INBOX\17D_policy_violation_auto_flagger_READY py 23ee718871ad8134b870c4ebd1d66d54_219ADBBA.md","17D_policy_violation_auto_flagger_READY py 23ee718871ad8134b870c4ebd1d66d54_219ADBBA.md",".md"
"D:\MAGIC\backups\QUARANTINE_20250912_142935\magic_file_tracker_export.csv\17D_shadowban_detection_radar_READY py 23ee718871ad81d78ab1d3d87517e4b8.md","D:\MAGIC\scripts\phase00\INBOX\17D_shadowban_detection_radar_READY py 23ee718871ad81d78ab1d3d87517e4b8_077CCD58.md","17D_shadowban_detection_radar_READY py 23ee718871ad81d78ab1d3d87517e4b8_077CCD58.md",".md"
"D:\MAGIC\backups\QUARANTINE_20250912_142935\magic_file_tracker_export.csv\17E_cold_backup_upload_agent_READY py 23ee718871ad81e89af4c3932d65e3dc.md","D:\MAGIC\scripts\phase00\INBOX\17E_cold_backup_upload_agent_READY py 23ee718871ad81e89af4c3932d65e3dc_B28DBF78.md","17E_cold_backup_upload_agent_READY py 23ee718871ad81e89af4c3932d65e3dc_B28DBF78.md",".md"
"D:\MAGIC\backups\QUARANTINE_20250912_142935\magic_file_tracker_export.csv\17E_content_vault_checkpoint_manager_READY py 23ee718871ad816e9554e4e1e866bfea.md","D:\MAGIC\scripts\phase00\INBOX\17E_content_vault_checkpoint_manager_READY py 23ee718871ad816e9554e4e1e866bfea_D78FE506.md","17E_content_vault_checkpoint_manager_READY py 23ee718871ad816e9554e4e1e866bfea_D78FE506.md",".md"
"D:\MAGIC\backups\QUARANTINE_20250912_142935\magic_file_tracker_export.csv\17E_local_drafts_backup_queue_READY py 23ee718871ad81899be7e839337981f2.md","D:\MAGIC\scripts\phase00\INBOX\17E_local_drafts_backup_queue_READY py 23ee718871ad81899be7e839337981f2_2AD4EA1E.md","17E_local_drafts_backup_queue_READY py 23ee718871ad81899be7e839337981f2_2AD4EA1E.md",".md"
"D:\MAGIC\backups\QUARANTINE_20250912_142935\magic_file_tracker_export.csv\17E_sync_to_git_auto_recovery_logs_READY py 23ee718871ad81a4af82eefad29cedb5.md","D:\MAGIC\scripts\phase00\INBOX\17E_sync_to_git_auto_recovery_logs_READY py 23ee718871ad81a4af82eefad29cedb5_35D93349.md","17E_sync_to_git_auto_recovery_logs_READY py 23ee718871ad81a4af82eefad29cedb5_35D93349.md",".md"
"D:\MAGIC\backups\QUARANTINE_20250912_142935\magic_file_tracker_export.csv\18A_cost_of_acquisition_estimator_READY py 23ee718871ad817cb1def7f67b085b39.md","D:\MAGIC\scripts\phase00\INBOX\18A_cost_of_acquisition_estimator_READY py 23ee718871ad817cb1def7f67b085b39_BDACD4E3.md","18A_cost_of_acquisition_estimator_READY py 23ee718871ad817cb1def7f67b085b39_BDACD4E3.md",".md"
"D:\MAGIC\backups\QUARANTINE_20250912_142935\magic_file_tracker_export.csv\18A_earnings_estimator_READY py 23ee718871ad8102aa3bfe5c7eafed07.md","D:\MAGIC\scripts\phase00\INBOX\18A_earnings_estimator_READY py 23ee718871ad8102aa3bfe5c7eafed07_45B7CCB6.md","18A_earnings_estimator_READY py 23ee718871ad8102aa3bfe5c7eafed07_45B7CCB6.md",".md"
"D:\MAGIC\backups\QUARANTINE_20250912_142935\magic_file_tracker_export.csv\18A_rpm_data_manager_READY py 23ee718871ad8123916dc0300df26290.md","D:\MAGIC\scripts\phase00\INBOX\18A_rpm_data_manager_READY py 23ee718871ad8123916dc0300df26290_F6F9CCE3.md","18A_rpm_data_manager_READY py 23ee718871ad8123916dc0300df26290_F6F9CCE3.md",".md"
"D:\MAGIC\backups\QUARANTINE_20250912_142935\magic_file_tracker_export.csv\18A_uncertainty_visualizer_READY py 23ee718871ad8142aed3e9b91adabfff.md","D:\MAGIC\scripts\phase00\INBOX\18A_uncertainty_visualizer_READY py 23ee718871ad8142aed3e9b91adabfff_7FAAA049.md","18A_uncertainty_visualizer_READY py 23ee718871ad8142aed3e9b91adabfff_7FAAA049.md",".md"
"D:\MAGIC\backups\QUARANTINE_20250912_142935\magic_file_tracker_export.csv\18B_affiliate_click_tracking_READY py 23ee718871ad819d8daad951d52b8ac0.md","D:\MAGIC\scripts\phase00\INBOX\18B_affiliate_click_tracking_READY py 23ee718871ad819d8daad951d52b8ac0_BEED57B6.md","18B_affiliate_click_tracking_READY py 23ee718871ad819d8daad951d52b8ac0_BEED57B6.md",".md"
"D:\MAGIC\backups\QUARANTINE_20250912_142935\magic_file_tracker_export.csv\18B_affiliate_link_auto_placer_READY py 23ee718871ad81e68db2fa8e04492519.md","D:\MAGIC\scripts\phase00\INBOX\18B_affiliate_link_auto_placer_READY py 23ee718871ad81e68db2fa8e04492519_BE90FBB7.md","18B_affiliate_link_auto_placer_READY py 23ee718871ad81e68db2fa8e04492519_BE90FBB7.md",".md"
"D:\MAGIC\backups\QUARANTINE_20250912_142935\magic_file_tracker_export.csv\18B_affiliate_program_directory_READY py 23ee718871ad81dd81b6c35568090a65.md","D:\MAGIC\scripts\phase00\INBOX\18B_affiliate_program_directory_READY py 23ee718871ad81dd81b6c35568090a65_32671AF4.md","18B_affiliate_program_directory_READY py 23ee718871ad81dd81b6c35568090a65_32671AF4.md",".md"
"D:\MAGIC\backups\QUARANTINE_20250912_142935\magic_file_tracker_export.csv\18B_affiliate_tracking_id_generator_READY py 23ee718871ad8178b8dee585dec4a231.md","D:\MAGIC\scripts\phase00\INBOX\18B_affiliate_tracking_id_generator_READY py 23ee718871ad8178b8dee585dec4a231_623D1B4E.md","18B_affiliate_tracking_id_generator_READY py 23ee718871ad8178b8dee585dec4a231_623D1B4E.md",".md"
"D:\MAGIC\backups\QUARANTINE_20250912_142935\magic_file_tracker_export.csv\18B_link_cloaking_bitly_integration_READY py 23ee718871ad81b7a3b2e17f0d852bbe.md","D:\MAGIC\scripts\phase00\INBOX\18B_link_cloaking_bitly_integration_READY py 23ee718871ad81b7a3b2e17f0d852bbe_F1378954.md","18B_link_cloaking_bitly_integration_READY py 23ee718871ad81b7a3b2e17f0d852bbe_F1378954.md",".md"
"D:\MAGIC\backups\QUARANTINE_20250912_142935\magic_file_tracker_export.csv\18B_link_level_revenue_mapping_READY py 23ee718871ad81879a7edda01d60d19f.md","D:\MAGIC\scripts\phase00\INBOX\18B_link_level_revenue_mapping_READY py 23ee718871ad81879a7edda01d60d19f_B2361675.md","18B_link_level_revenue_mapping_READY py 23ee718871ad81879a7edda01d60d19f_B2361675.md",".md"
"D:\MAGIC\backups\QUARANTINE_20250912_142935\magic_file_tracker_export.csv\18B_trend_to_affiliate_matcher_READY py 23ee718871ad81e982ebca8da5e2a784.md","D:\MAGIC\scripts\phase00\INBOX\18B_trend_to_affiliate_matcher_READY py 23ee718871ad81e982ebca8da5e2a784_34E79003.md","18B_trend_to_affiliate_matcher_READY py 23ee718871ad81e982ebca8da5e2a784_34E79003.md",".md"
"D:\MAGIC\backups\QUARANTINE_20250912_142935\magic_file_tracker_export.csv\18C_auto_create_notion_template_READY py 23ee718871ad812d88a1ef35790339ef.md","D:\MAGIC\scripts\phase00\INBOX\18C_auto_create_notion_template_READY py 23ee718871ad812d88a1ef35790339ef_5B7198D1.md","18C_auto_create_notion_template_READY py 23ee718871ad812d88a1ef35790339ef_5B7198D1.md",".md"
"D:\MAGIC\backups\QUARANTINE_20250912_142935\magic_file_tracker_export.csv\18C_digital_product_generator_READY py 23ee718871ad8107b15bfe5a4b9a1346.md","D:\MAGIC\scripts\phase00\INBOX\18C_digital_product_generator_READY py 23ee718871ad8107b15bfe5a4b9a1346_B2A7E06B.md","18C_digital_product_generator_READY py 23ee718871ad8107b15bfe5a4b9a1346_B2A7E06B.md",".md"
"D:\MAGIC\backups\QUARANTINE_20250912_142935\magic_file_tracker_export.csv\18C_giveaway_trigger_bot_READY py 23ee718871ad816295c3d0a139ef2320.md","D:\MAGIC\scripts\phase00\INBOX\18C_giveaway_trigger_bot_READY py 23ee718871ad816295c3d0a139ef2320_2925CF80.md","18C_giveaway_trigger_bot_READY py 23ee718871ad816295c3d0a139ef2320_2925CF80.md",".md"
"D:\MAGIC\backups\QUARANTINE_20250912_142935\magic_file_tracker_export.csv\18C_gumroad_exporter_READY py 23ee718871ad8195a9fed7f51f92d9f2.md","D:\MAGIC\scripts\phase00\INBOX\18C_gumroad_exporter_READY py 23ee718871ad8195a9fed7f51f92d9f2_A1B9AD48.md","18C_gumroad_exporter_READY py 23ee718871ad8195a9fed7f51f92d9f2_A1B9AD48.md",".md"
"D:\MAGIC\backups\QUARANTINE_20250912_142935\magic_file_tracker_export.csv\18C_licensing_deal_detector_READY py 23ee718871ad81aeb1a1c380981d822f.md","D:\MAGIC\scripts\phase00\INBOX\18C_licensing_deal_detector_READY py 23ee718871ad81aeb1a1c380981d822f_11F12DB4.md","18C_licensing_deal_detector_READY py 23ee718871ad81aeb1a1c380981d822f_11F12DB4.md",".md"
"D:\MAGIC\backups\QUARANTINE_20250912_142935\magic_file_tracker_export.csv\18C_outreach_script_generator_READY py 23ee718871ad818c82b3d0b16af801fe.md","D:\MAGIC\scripts\phase00\INBOX\18C_outreach_script_generator_READY py 23ee718871ad818c82b3d0b16af801fe_124C65B3.md","18C_outreach_script_generator_READY py 23ee718871ad818c82b3d0b16af801fe_124C65B3.md",".md"
"D:\MAGIC\backups\QUARANTINE_20250912_142935\magic_file_tracker_export.csv\18C_sponsorship_opportunity_scanner_READY py 23ee718871ad81fcb69ceca49bfdf663.md","D:\MAGIC\scripts\phase00\INBOX\18C_sponsorship_opportunity_scanner_READY py 23ee718871ad81fcb69ceca49bfdf663_49EA66B4.md","18C_sponsorship_opportunity_scanner_READY py 23ee718871ad81fcb69ceca49bfdf663_49EA66B4.md",".md"
"D:\MAGIC\backups\QUARANTINE_20250912_142935\magic_file_tracker_export.csv\18D_auto_legal_disclaimer_inserter_READY py 23ee718871ad8138ab2cd2629a073736.md","D:\MAGIC\scripts\phase00\INBOX\18D_auto_legal_disclaimer_inserter_READY py 23ee718871ad8138ab2cd2629a073736_02D5639F.md","18D_auto_legal_disclaimer_inserter_READY py 23ee718871ad8138ab2cd2629a073736_02D5639F.md",".md"
"D:\MAGIC\backups\QUARANTINE_20250912_142935\magic_file_tracker_export.csv\18D_no_earnings_detector_READY py 23ee718871ad81a4b1bffe1f4c8f7e5a.md","D:\MAGIC\scripts\phase00\INBOX\18D_no_earnings_detector_READY py 23ee718871ad81a4b1bffe1f4c8f7e5a_3B63D95C.md","18D_no_earnings_detector_READY py 23ee718871ad81a4b1bffe1f4c8f7e5a_3B63D95C.md",".md"
"D:\MAGIC\backups\QUARANTINE_20250912_142935\magic_file_tracker_export.csv\18D_sponsored_content_flagger_READY py 23ee718871ad8163bfe5d11235435e85.md","D:\MAGIC\scripts\phase00\INBOX\18D_sponsored_content_flagger_READY py 23ee718871ad8163bfe5d11235435e85_DE2094CC.md","18D_sponsored_content_flagger_READY py 23ee718871ad8163bfe5d11235435e85_DE2094CC.md",".md"
"D:\MAGIC\backups\QUARANTINE_20250912_142935\magic_file_tracker_export.csv\18E_google_sheets_exporter_READY py 23ee718871ad81078d66dca6174d7b31.md","D:\MAGIC\scripts\phase00\INBOX\18E_google_sheets_exporter_READY py 23ee718871ad81078d66dca6174d7b31_2073B1CF.md","18E_google_sheets_exporter_READY py 23ee718871ad81078d66dca6174d7b31_2073B1CF.md",".md"
"D:\MAGIC\backups\QUARANTINE_20250912_142935\magic_file_tracker_export.csv\18E_midas_roi_dashboard_READY py 23ee718871ad81fe9f2af830f62a4328.md","D:\MAGIC\scripts\phase00\INBOX\18E_midas_roi_dashboard_READY py 23ee718871ad81fe9f2af830f62a4328_2AC3DBDB.md","18E_midas_roi_dashboard_READY py 23ee718871ad81fe9f2af830f62a4328_2AC3DBDB.md",".md"
"D:\MAGIC\backups\QUARANTINE_20250912_142935\magic_file_tracker_export.csv\18E_notion_earnings_sync_READY py 23ee718871ad81b480f0efc260d29f66.md","D:\MAGIC\scripts\phase00\INBOX\18E_notion_earnings_sync_READY py 23ee718871ad81b480f0efc260d29f66_C9014142.md","18E_notion_earnings_sync_READY py 23ee718871ad81b480f0efc260d29f66_C9014142.md",".md"
"D:\MAGIC\backups\QUARANTINE_20250912_142935\magic_file_tracker_export.csv\18E_profit_vs_cost_analyzer_READY py 23ee718871ad811a8c5be79b1292274d.md","D:\MAGIC\scripts\phase00\INBOX\18E_profit_vs_cost_analyzer_READY py 23ee718871ad811a8c5be79b1292274d_940F7EF4.md","18E_profit_vs_cost_analyzer_READY py 23ee718871ad811a8c5be79b1292274d_940F7EF4.md",".md"
"D:\MAGIC\backups\QUARANTINE_20250912_142935\magic_file_tracker_export.csv\18E_roi_tracker_READY py 23ee718871ad81a29424f3096552cbf0.md","D:\MAGIC\scripts\phase00\INBOX\18E_roi_tracker_READY py 23ee718871ad81a29424f3096552cbf0_03730725.md","18E_roi_tracker_READY py 23ee718871ad81a29424f3096552cbf0_03730725.md",".md"
"D:\MAGIC\backups\QUARANTINE_20250912_142935\magic_file_tracker_export.csv\18F_convertkit_funnel_linker_READY py 23ee718871ad81988d0fd91a5a7606d4.md","D:\MAGIC\scripts\phase00\INBOX\18F_convertkit_funnel_linker_READY py 23ee718871ad81988d0fd91a5a7606d4_822EC2EF.md","18F_convertkit_funnel_linker_READY py 23ee718871ad81988d0fd91a5a7606d4_822EC2EF.md",".md"
"D:\MAGIC\backups\QUARANTINE_20250912_142935\magic_file_tracker_export.csv\18F_crm_tag_syncer_READY py 23ee718871ad81fdab59cd1e37461933.md","D:\MAGIC\scripts\phase00\INBOX\18F_crm_tag_syncer_READY py 23ee718871ad81fdab59cd1e37461933_DCE70ECC.md","18F_crm_tag_syncer_READY py 23ee718871ad81fdab59cd1e37461933_DCE70ECC.md",".md"
"D:\MAGIC\backups\QUARANTINE_20250912_142935\magic_file_tracker_export.csv\18G_dynamic_cta_tester_READY py 23ee718871ad81098823c1aefe2625a1.md","D:\MAGIC\scripts\phase00\INBOX\18G_dynamic_cta_tester_READY py 23ee718871ad81098823c1aefe2625a1_3BB5505E.md","18G_dynamic_cta_tester_READY py 23ee718871ad81098823c1aefe2625a1_3BB5505E.md",".md"
"D:\MAGIC\backups\QUARANTINE_20250912_142935\magic_file_tracker_export.csv\18G_dynamic_profit_split_tracker_READY py 23ee718871ad81a3aafafa2b9fbdfcd5.md","D:\MAGIC\scripts\phase00\INBOX\18G_dynamic_profit_split_tracker_READY py 23ee718871ad81a3aafafa2b9fbdfcd5_C8F8ABD4.md","18G_dynamic_profit_split_tracker_READY py 23ee718871ad81a3aafafa2b9fbdfcd5_C8F8ABD4.md",".md"
"D:\MAGIC\backups\QUARANTINE_20250912_142935\magic_file_tracker_export.csv\18G_midas_controller_READY py 23ee718871ad818085cff1fa0d5e93f9.md","D:\MAGIC\scripts\phase00\INBOX\18G_midas_controller_READY py 23ee718871ad818085cff1fa0d5e93f9_36B81C1D.md","18G_midas_controller_READY py 23ee718871ad818085cff1fa0d5e93f9_36B81C1D.md",".md"
"D:\MAGIC\backups\QUARANTINE_20250912_142935\magic_file_tracker_export.csv\18G_pricing_recommender_ai_READY py 23ee718871ad8156b2c4ff3d0b848c7f.md","D:\MAGIC\scripts\phase00\INBOX\18G_pricing_recommender_ai_READY py 23ee718871ad8156b2c4ff3d0b848c7f_D5AED607.md","18G_pricing_recommender_ai_READY py 23ee718871ad8156b2c4ff3d0b848c7f_D5AED607.md",".md"
"D:\MAGIC\backups\QUARANTINE_20250912_142935\magic_file_tracker_export.csv\18H_auto_platform_roi_rebalancer_READY py 23ee718871ad816c82a6d529ca734a45.md","D:\MAGIC\scripts\phase00\INBOX\18H_auto_platform_roi_rebalancer_READY py 23ee718871ad816c82a6d529ca734a45_BAD5A82D.md","18H_auto_platform_roi_rebalancer_READY py 23ee718871ad816c82a6d529ca734a45_BAD5A82D.md",".md"
"D:\MAGIC\backups\QUARANTINE_20250912_142935\magic_file_tracker_export.csv\18H_platform_revenue_gap_finder_READY py 23ee718871ad819e8fe8d0a86bc51e38.md","D:\MAGIC\scripts\phase00\INBOX\18H_platform_revenue_gap_finder_READY py 23ee718871ad819e8fe8d0a86bc51e38_8513719A.md","18H_platform_revenue_gap_finder_READY py 23ee718871ad819e8fe8d0a86bc51e38_8513719A.md",".md"
"D:\MAGIC\backups\QUARANTINE_20250912_142935\magic_file_tracker_export.csv\18H_platform_rpm_benchmark_visualizer_READY py 23ee718871ad81b0b3dad40675d2d7a3.md","D:\MAGIC\scripts\phase00\INBOX\18H_platform_rpm_benchmark_visualizer_READY py 23ee718871ad81b0b3dad40675d2d7a3_23BA8155.md","18H_platform_rpm_benchmark_visualizer_READY py 23ee718871ad81b0b3dad40675d2d7a3_23BA8155.md",".md"
"D:\MAGIC\backups\QUARANTINE_20250912_142935\magic_file_tracker_export.csv\18I_conversion_optimizer_ai_READY py 23ee718871ad81cca885da3c39168011.md","D:\MAGIC\scripts\phase00\INBOX\18I_conversion_optimizer_ai_READY py 23ee718871ad81cca885da3c39168011_329E344E.md","18I_conversion_optimizer_ai_READY py 23ee718871ad81cca885da3c39168011_329E344E.md",".md"
"D:\MAGIC\backups\QUARANTINE_20250912_142935\magic_file_tracker_export.csv\18I_geo_based_offer_redirector_READY py 23ee718871ad811aba36f213bbdfe1c5.md","D:\MAGIC\scripts\phase00\INBOX\18I_geo_based_offer_redirector_READY py 23ee718871ad811aba36f213bbdfe1c5_9A3099C0.md","18I_geo_based_offer_redirector_READY py 23ee718871ad811aba36f213bbdfe1c5_9A3099C0.md",".md"
"D:\MAGIC\backups\QUARANTINE_20250912_142935\magic_file_tracker_export.csv\18I_split_test_affiliate_cta_generator_READY py 23ee718871ad81028212f47e30a116b5.md","D:\MAGIC\scripts\phase00\INBOX\18I_split_test_affiliate_cta_generator_READY py 23ee718871ad81028212f47e30a116b5_0178E251.md","18I_split_test_affiliate_cta_generator_READY py 23ee718871ad81028212f47e30a116b5_0178E251.md",".md"
"D:\MAGIC\backups\QUARANTINE_20250912_142935\magic_file_tracker_export.csv\18J_affiliate_product_cross_list_ai_READY py 23ee718871ad81a981bde7aa83fa29d4.md","D:\MAGIC\scripts\phase00\INBOX\18J_affiliate_product_cross_list_ai_READY py 23ee718871ad81a981bde7aa83fa29d4_1ACE36C7.md","18J_affiliate_product_cross_list_ai_READY py 23ee718871ad81a981bde7aa83fa29d4_1ACE36C7.md",".md"
"D:\MAGIC\backups\QUARANTINE_20250912_142935\magic_file_tracker_export.csv\18J_upload_product_to_gumroad_READY py 23ee718871ad81b7a774fa748fd84494.md","D:\MAGIC\scripts\phase00\INBOX\18J_upload_product_to_gumroad_READY py 23ee718871ad81b7a774fa748fd84494_273CCC7C.md","18J_upload_product_to_gumroad_READY py 23ee718871ad81b7a774fa748fd84494_273CCC7C.md",".md"
"D:\MAGIC\backups\QUARANTINE_20250912_142935\magic_file_tracker_export.csv\18J_upload_product_to_payhip_READY py 23ee718871ad817dadc3ef90c0eeaf8e.md","D:\MAGIC\scripts\phase00\INBOX\18J_upload_product_to_payhip_READY py 23ee718871ad817dadc3ef90c0eeaf8e_65A3E6F9.md","18J_upload_product_to_payhip_READY py 23ee718871ad817dadc3ef90c0eeaf8e_65A3E6F9.md",".md"
"D:\MAGIC\backups\QUARANTINE_20250912_142935\magic_file_tracker_export.csv\18K_email_upsell_detector_READY py 23ee718871ad8121a7d7e460b160fa5c.md","D:\MAGIC\scripts\phase00\INBOX\18K_email_upsell_detector_READY py 23ee718871ad8121a7d7e460b160fa5c_A2DA3F94.md","18K_email_upsell_detector_READY py 23ee718871ad8121a7d7e460b160fa5c_A2DA3F94.md",".md"
"D:\MAGIC\backups\QUARANTINE_20250912_142935\magic_file_tracker_export.csv\18K_post_purchase_offer_trigger_READY py 23ee718871ad815780dcee5ccf9f1078.md","D:\MAGIC\scripts\phase00\INBOX\18K_post_purchase_offer_trigger_READY py 23ee718871ad815780dcee5ccf9f1078_820E82C5.md","18K_post_purchase_offer_trigger_READY py 23ee718871ad815780dcee5ccf9f1078_820E82C5.md",".md"
"D:\MAGIC\backups\QUARANTINE_20250912_142935\magic_file_tracker_export.csv\18K_upsell_chain_planner_READY py 23ee718871ad81ad8e2fd36580ff52ff.md","D:\MAGIC\scripts\phase00\INBOX\18K_upsell_chain_planner_READY py 23ee718871ad81ad8e2fd36580ff52ff_3360464F.md","18K_upsell_chain_planner_READY py 23ee718871ad81ad8e2fd36580ff52ff_3360464F.md",".md"
"D:\MAGIC\backups\QUARANTINE_20250912_142935\magic_file_tracker_export.csv\18L_customer_ltv_estimator_READY py 23ee718871ad81e8be23c96fb824c96f.md","D:\MAGIC\scripts\phase00\INBOX\18L_customer_ltv_estimator_READY py 23ee718871ad81e8be23c96fb824c96f_DF213956.md","18L_customer_ltv_estimator_READY py 23ee718871ad81e8be23c96fb824c96f_DF213956.md",".md"
"D:\MAGIC\backups\QUARANTINE_20250912_142935\magic_file_tracker_export.csv\18L_forecasting_ai_30_90_180_days__READY py 23ee718871ad815a9fb3c66cc9e701d8.md","D:\MAGIC\scripts\phase00\INBOX\18L_forecasting_ai_30_90_180_days__READY py 23ee718871ad815a9fb3c66cc9e701d8_544CEEE7.md","18L_forecasting_ai_30_90_180_days__READY py 23ee718871ad815a9fb3c66cc9e701d8_544CEEE7.md",".md"
"D:\MAGIC\backups\QUARANTINE_20250912_142935\magic_file_tracker_export.csv\18L_funnel_drop_off_analyzer_READY py 23ee718871ad81138ac3ea36941b7d20.md","D:\MAGIC\scripts\phase00\INBOX\18L_funnel_drop_off_analyzer_READY py 23ee718871ad81138ac3ea36941b7d20_5E89F136.md","18L_funnel_drop_off_analyzer_READY py 23ee718871ad81138ac3ea36941b7d20_5E89F136.md",".md"
"D:\MAGIC\backups\QUARANTINE_20250912_142935\magic_file_tracker_export.csv\18M_affiliate_link_failure_detector_READY py 23ee718871ad815dabc9f03c3d54db08.md","D:\MAGIC\scripts\phase00\INBOX\18M_affiliate_link_failure_detector_READY py 23ee718871ad815dabc9f03c3d54db08_5269321F.md","18M_affiliate_link_failure_detector_READY py 23ee718871ad815dabc9f03c3d54db08_5269321F.md",".md"
"D:\MAGIC\backups\QUARANTINE_20250912_142935\magic_file_tracker_export.csv\18M_sponsorship_offer_expiry_notifier_READY py 23ee718871ad8150a9e9ee051ed42de7.md","D:\MAGIC\scripts\phase00\INBOX\18M_sponsorship_offer_expiry_notifier_READY py 23ee718871ad8150a9e9ee051ed42de7_6342BFC1.md","18M_sponsorship_offer_expiry_notifier_READY py 23ee718871ad8150a9e9ee051ed42de7_6342BFC1.md",".md"
"D:\MAGIC\backups\QUARANTINE_20250912_142935\magic_file_tracker_export.csv\18M_zero_earnings_alert_system_READY py 23ee718871ad81f88010c42bb267e5ca.md","D:\MAGIC\scripts\phase00\INBOX\18M_zero_earnings_alert_system_READY py 23ee718871ad81f88010c42bb267e5ca_C974BA48.md","18M_zero_earnings_alert_system_READY py 23ee718871ad81f88010c42bb267e5ca_C974BA48.md",".md"
"D:\MAGIC\backups\QUARANTINE_20250912_142935\magic_file_tracker_export.csv\18N_midas_summary_report_generator_READY py 23ee718871ad81e08be7cb840529894b.md","D:\MAGIC\scripts\phase00\INBOX\18N_midas_summary_report_generator_READY py 23ee718871ad81e08be7cb840529894b_7523E311.md","18N_midas_summary_report_generator_READY py 23ee718871ad81e08be7cb840529894b_7523E311.md",".md"
"D:\MAGIC\backups\QUARANTINE_20250912_142935\magic_file_tracker_export.csv\18N_monetization_audit_log_READY py 23ee718871ad815884a0d4c34ff068af.md","D:\MAGIC\scripts\phase00\INBOX\18N_monetization_audit_log_READY py 23ee718871ad815884a0d4c34ff068af_8DAD749E.md","18N_monetization_audit_log_READY py 23ee718871ad815884a0d4c34ff068af_8DAD749E.md",".md"
"D:\MAGIC\backups\QUARANTINE_20250912_142935\magic_file_tracker_export.csv\18O_affiliate_journey_map_generator_READY py 23ee718871ad8118999ccb368b70f3ef.md","D:\MAGIC\scripts\phase00\INBOX\18O_affiliate_journey_map_generator_READY py 23ee718871ad8118999ccb368b70f3ef_DC5285C4.md","18O_affiliate_journey_map_generator_READY py 23ee718871ad8118999ccb368b70f3ef_DC5285C4.md",".md"
"D:\MAGIC\backups\QUARANTINE_20250912_142935\magic_file_tracker_export.csv\18O_crm_conversion_timeline_analyzer_READY py 23ee718871ad8107a12fd496ecaa9339.md","D:\MAGIC\scripts\phase00\INBOX\18O_crm_conversion_timeline_analyzer_READY py 23ee718871ad8107a12fd496ecaa9339_5AD25F71.md","18O_crm_conversion_timeline_analyzer_READY py 23ee718871ad8107a12fd496ecaa9339_5AD25F71.md",".md"
"D:\MAGIC\backups\QUARANTINE_20250912_142935\magic_file_tracker_export.csv\18O_crm_lead_tag_syncer_READY py 23ee718871ad8149a02cd6c1b3b38135.md","D:\MAGIC\scripts\phase00\INBOX\18O_crm_lead_tag_syncer_READY py 23ee718871ad8149a02cd6c1b3b38135_FFAB8383.md","18O_crm_lead_tag_syncer_READY py 23ee718871ad8149a02cd6c1b3b38135_FFAB8383.md",".md"
"D:\MAGIC\backups\QUARANTINE_20250912_142935\magic_file_tracker_export.csv\18P_format_specific_roi_splitter_READY py 23ee718871ad81128eead6b15f21a721.md","D:\MAGIC\scripts\phase00\INBOX\18P_format_specific_roi_splitter_READY py 23ee718871ad81128eead6b15f21a721_91E920F8.md","18P_format_specific_roi_splitter_READY py 23ee718871ad81128eead6b15f21a721_91E920F8.md",".md"
"D:\MAGIC\backups\QUARANTINE_20250912_142935\magic_file_tracker_export.csv\18P_title_based_rpm_adjuster_READY py 23ee718871ad81e4970ce910d80181df.md","D:\MAGIC\scripts\phase00\INBOX\18P_title_based_rpm_adjuster_READY py 23ee718871ad81e4970ce910d80181df_5ECB6016.md","18P_title_based_rpm_adjuster_READY py 23ee718871ad81e4970ce910d80181df_5ECB6016.md",".md"
"D:\MAGIC\backups\QUARANTINE_20250912_142935\magic_file_tracker_export.csv\18P_topic??_earnings_multiplier_mapper_READY py 23ee718871ad810db876e8beba6e6b7b.md","D:\MAGIC\scripts\phase00\INBOX\18P_topic??_earnings_multiplier_mapper_READY py 23ee718871ad810db876e8beba6e6b7b_71FF3AA6.md","18P_topic??_earnings_multiplier_mapper_READY py 23ee718871ad810db876e8beba6e6b7b_71FF3AA6.md",".md"
"D:\MAGIC\backups\QUARANTINE_20250912_142935\magic_file_tracker_export.csv\18Q_outreach_email_personalizer_READY py 23ee718871ad8178aaf8c58fb562c9ac.md","D:\MAGIC\scripts\phase00\INBOX\18Q_outreach_email_personalizer_READY py 23ee718871ad8178aaf8c58fb562c9ac_D927B4D6.md","18Q_outreach_email_personalizer_READY py 23ee718871ad8178aaf8c58fb562c9ac_D927B4D6.md",".md"
"D:\MAGIC\backups\QUARANTINE_20250912_142935\magic_file_tracker_export.csv\18Q_sponsored_video_roi_tracker_READY py 23ee718871ad81d39e23eb7897608a44.md","D:\MAGIC\scripts\phase00\INBOX\18Q_sponsored_video_roi_tracker_READY py 23ee718871ad81d39e23eb7897608a44_83150A5E.md","18Q_sponsored_video_roi_tracker_READY py 23ee718871ad81d39e23eb7897608a44_83150A5E.md",".md"
"D:\MAGIC\backups\QUARANTINE_20250912_142935\magic_file_tracker_export.csv\18Q_sponsor_type_categorizer_READY py 23ee718871ad813386e0ead5e546f125.md","D:\MAGIC\scripts\phase00\INBOX\18Q_sponsor_type_categorizer_READY py 23ee718871ad813386e0ead5e546f125_8C685481.md","18Q_sponsor_type_categorizer_READY py 23ee718871ad813386e0ead5e546f125_8C685481.md",".md"
"D:\MAGIC\backups\QUARANTINE_20250912_142935\magic_file_tracker_export.csv\18R_affiliate_link_expiration_watcher_READY py 23ee718871ad8146b33de6ee6ee09748.md","D:\MAGIC\scripts\phase00\INBOX\18R_affiliate_link_expiration_watcher_READY py 23ee718871ad8146b33de6ee6ee09748_189538B1.md","18R_affiliate_link_expiration_watcher_READY py 23ee718871ad8146b33de6ee6ee09748_189538B1.md",".md"
"D:\MAGIC\backups\QUARANTINE_20250912_142935\magic_file_tracker_export.csv\18R_link_redirect_manager_READY py 23ee718871ad818eb544c479607ce2c8.md","D:\MAGIC\scripts\phase00\INBOX\18R_link_redirect_manager_READY py 23ee718871ad818eb544c479607ce2c8_B8C126D5.md","18R_link_redirect_manager_READY py 23ee718871ad818eb544c479607ce2c8_B8C126D5.md",".md"
"D:\MAGIC\backups\QUARANTINE_20250912_142935\magic_file_tracker_export.csv\18R_link_tracker_pixel_injector_READY py 23ee718871ad81498cedf0b5f8f0bfbc.md","D:\MAGIC\scripts\phase00\INBOX\18R_link_tracker_pixel_injector_READY py 23ee718871ad81498cedf0b5f8f0bfbc_5841AF62.md","18R_link_tracker_pixel_injector_READY py 23ee718871ad81498cedf0b5f8f0bfbc_5841AF62.md",".md"
"D:\MAGIC\backups\QUARANTINE_20250912_142935\magic_file_tracker_export.csv\18S_dynamic_monetization_optimizer_READY py 23ee718871ad8112a76bdc8d2ad08849.md","D:\MAGIC\scripts\phase00\INBOX\18S_dynamic_monetization_optimizer_READY py 23ee718871ad8112a76bdc8d2ad08849_868AB058.md","18S_dynamic_monetization_optimizer_READY py 23ee718871ad8112a76bdc8d2ad08849_868AB058.md",".md"
"D:\MAGIC\backups\QUARANTINE_20250912_142935\magic_file_tracker_export.csv\18S_earnings_opportunity_predictor_READY py 23ee718871ad8197949beb8261fdcc32.md","D:\MAGIC\scripts\phase00\INBOX\18S_earnings_opportunity_predictor_READY py 23ee718871ad8197949beb8261fdcc32_98679CB5.md","18S_earnings_opportunity_predictor_READY py 23ee718871ad8197949beb8261fdcc32_98679CB5.md",".md"
"D:\MAGIC\backups\QUARANTINE_20250912_142935\magic_file_tracker_export.csv\18S_monetization_strength_scorer_READY py 23ee718871ad8133b0aff83298f6fc85.md","D:\MAGIC\scripts\phase00\INBOX\18S_monetization_strength_scorer_READY py 23ee718871ad8133b0aff83298f6fc85_4D09B76D.md","18S_monetization_strength_scorer_READY py 23ee718871ad8133b0aff83298f6fc85_4D09B76D.md",".md"
"D:\MAGIC\backups\QUARANTINE_20250912_142935\magic_file_tracker_export.csv\18T_nexus??_midas_auto_publish_planner_READY py 23ee718871ad818698ecfb99c4ceb59d.md","D:\MAGIC\scripts\phase00\INBOX\18T_nexus??_midas_auto_publish_planner_READY py 23ee718871ad818698ecfb99c4ceb59d_D6D62056.md","18T_nexus??_midas_auto_publish_planner_READY py 23ee718871ad818698ecfb99c4ceb59d_D6D62056.md",".md"
"D:\MAGIC\backups\QUARANTINE_20250912_142935\magic_file_tracker_export.csv\18T_scribe??_midas_link_generator_READY py 23ee718871ad8140a93ed4edd854187e.md","D:\MAGIC\scripts\phase00\INBOX\18T_scribe??_midas_link_generator_READY py 23ee718871ad8140a93ed4edd854187e_713B69EC.md","18T_scribe??_midas_link_generator_READY py 23ee718871ad8140a93ed4edd854187e_713B69EC.md",".md"
"D:\MAGIC\backups\QUARANTINE_20250912_142935\magic_file_tracker_export.csv\18T_zephyr??_midas_trend_revenue_sync_READY py 23ee718871ad81e0bee9f33d2b4421e9.md","D:\MAGIC\scripts\phase00\INBOX\18T_zephyr??_midas_trend_revenue_sync_READY py 23ee718871ad81e0bee9f33d2b4421e9_51DB5579.md","18T_zephyr??_midas_trend_revenue_sync_READY py 23ee718871ad81e0bee9f33d2b4421e9_51DB5579.md",".md"
"D:\MAGIC\backups\QUARANTINE_20250912_142935\magic_file_tracker_export.csv\18U_google_sheets_earnings_exporter_READY py 23ee718871ad81a8b0ebff33004d1fcf.md","D:\MAGIC\scripts\phase00\INBOX\18U_google_sheets_earnings_exporter_READY py 23ee718871ad81a8b0ebff33004d1fcf_E681B2C6.md","18U_google_sheets_earnings_exporter_READY py 23ee718871ad81a8b0ebff33004d1fcf_E681B2C6.md",".md"
"D:\MAGIC\backups\QUARANTINE_20250912_142935\magic_file_tracker_export.csv\18U_notion_funnel_link_inserter_READY py 23ee718871ad8141b634cfed0efea41c.md","D:\MAGIC\scripts\phase00\INBOX\18U_notion_funnel_link_inserter_READY py 23ee718871ad8141b634cfed0efea41c_21113990.md","18U_notion_funnel_link_inserter_READY py 23ee718871ad8141b634cfed0efea41c_21113990.md",".md"
"D:\MAGIC\backups\QUARANTINE_20250912_142935\magic_file_tracker_export.csv\18U_notion_paywall_status_tracker_READY py 23ee718871ad8165b55be5f6d9b02b69.md","D:\MAGIC\scripts\phase00\INBOX\18U_notion_paywall_status_tracker_READY py 23ee718871ad8165b55be5f6d9b02b69_438B6C39.md","18U_notion_paywall_status_tracker_READY py 23ee718871ad8165b55be5f6d9b02b69_438B6C39.md",".md"
"D:\MAGIC\backups\QUARANTINE_20250912_142935\magic_file_tracker_export.csv\18U_notion_revenue_syncer_READY py 23ee718871ad8137a0dbd0d07e387e0d.md","D:\MAGIC\scripts\phase00\INBOX\18U_notion_revenue_syncer_READY py 23ee718871ad8137a0dbd0d07e387e0d_50DA10CE.md","18U_notion_revenue_syncer_READY py 23ee718871ad8137a0dbd0d07e387e0d_50DA10CE.md",".md"
"D:\MAGIC\backups\QUARANTINE_20250912_142935\magic_file_tracker_export.csv\18V_auto_legal_disclaimer_inserter_READY py 23ee718871ad8189bbe7f8067b31183c.md","D:\MAGIC\scripts\phase00\INBOX\18V_auto_legal_disclaimer_inserter_READY py 23ee718871ad8189bbe7f8067b31183c_CF3782C3.md","18V_auto_legal_disclaimer_inserter_READY py 23ee718871ad8189bbe7f8067b31183c_CF3782C3.md",".md"
"D:\MAGIC\backups\QUARANTINE_20250912_142935\magic_file_tracker_export.csv\18V_region_based_monetization_rules_READY py 23ee718871ad812c8f50ef5a1257f7d2.md","D:\MAGIC\scripts\phase00\INBOX\18V_region_based_monetization_rules_READY py 23ee718871ad812c8f50ef5a1257f7d2_7EAFDBCD.md","18V_region_based_monetization_rules_READY py 23ee718871ad812c8f50ef5a1257f7d2_7EAFDBCD.md",".md"
"D:\MAGIC\backups\QUARANTINE_20250912_142935\magic_file_tracker_export.csv\18V_revenue_split_compliance_checker_READY py 23ee718871ad815fb4ddd3ecc14aba4a.md","D:\MAGIC\scripts\phase00\INBOX\18V_revenue_split_compliance_checker_READY py 23ee718871ad815fb4ddd3ecc14aba4a_857BA4D4.md","18V_revenue_split_compliance_checker_READY py 23ee718871ad815fb4ddd3ecc14aba4a_857BA4D4.md",".md"
"D:\MAGIC\backups\QUARANTINE_20250912_142935\magic_file_tracker_export.csv\18V_sponsored_tag_auto_flagger_READY py 23ee718871ad81afb4ddd3c043179bdc.md","D:\MAGIC\scripts\phase00\INBOX\18V_sponsored_tag_auto_flagger_READY py 23ee718871ad81afb4ddd3c043179bdc_297605C1.md","18V_sponsored_tag_auto_flagger_READY py 23ee718871ad81afb4ddd3c043179bdc_297605C1.md",".md"
"D:\MAGIC\backups\QUARANTINE_20250912_142935\magic_file_tracker_export.csv\18W_no_earnings_content_detector_READY py 23ee718871ad8161a248c896dbfc042c.md","D:\MAGIC\scripts\phase00\INBOX\18W_no_earnings_content_detector_READY py 23ee718871ad8161a248c896dbfc042c_49D8709B.md","18W_no_earnings_content_detector_READY py 23ee718871ad8161a248c896dbfc042c_49D8709B.md",".md"
"D:\MAGIC\backups\QUARANTINE_20250912_142935\magic_file_tracker_export.csv\18W_shadowban_monetization_impact_watch_READY py 23ee718871ad8167914df6199aa87c2f.md","D:\MAGIC\scripts\phase00\INBOX\18W_shadowban_monetization_impact_watch_READY py 23ee718871ad8167914df6199aa87c2f_C81733CD.md","18W_shadowban_monetization_impact_watch_READY py 23ee718871ad8167914df6199aa87c2f_C81733CD.md",".md"
"D:\MAGIC\backups\QUARANTINE_20250912_142935\magic_file_tracker_export.csv\18W_traffic_spike_monetization_trigger_READY py 23ee718871ad8126812de58b54decec7.md","D:\MAGIC\scripts\phase00\INBOX\18W_traffic_spike_monetization_trigger_READY py 23ee718871ad8126812de58b54decec7_2FC13AEF.md","18W_traffic_spike_monetization_trigger_READY py 23ee718871ad8126812de58b54decec7_2FC13AEF.md",".md"
"D:\MAGIC\backups\QUARANTINE_20250912_142935\magic_file_tracker_export.csv\18X_content_??_product_recommendation_ai_READY py 23ee718871ad81358e58fc2ddee9ef2c.md","D:\MAGIC\scripts\phase00\INBOX\18X_content_??_product_recommendation_ai_READY py 23ee718871ad81358e58fc2ddee9ef2c_242FDAE0.md","18X_content_??_product_recommendation_ai_READY py 23ee718871ad81358e58fc2ddee9ef2c_242FDAE0.md",".md"
"D:\MAGIC\backups\QUARANTINE_20250912_142935\magic_file_tracker_export.csv\18X_funnel_stage_content_matcher_READY py 23ee718871ad818da05fc57ba03d52b7.md","D:\MAGIC\scripts\phase00\INBOX\18X_funnel_stage_content_matcher_READY py 23ee718871ad818da05fc57ba03d52b7_25973287.md","18X_funnel_stage_content_matcher_READY py 23ee718871ad818da05fc57ba03d52b7_25973287.md",".md"
"D:\MAGIC\backups\QUARANTINE_20250912_142935\magic_file_tracker_export.csv\18X_product_??_content_expansion_ai_READY py 23ee718871ad81fabf14df4e431d4969.md","D:\MAGIC\scripts\phase00\INBOX\18X_product_??_content_expansion_ai_READY py 23ee718871ad81fabf14df4e431d4969_16F2C5F0.md","18X_product_??_content_expansion_ai_READY py 23ee718871ad81fabf14df4e431d4969_16F2C5F0.md",".md"
"D:\MAGIC\backups\QUARANTINE_20250912_142935\magic_file_tracker_export.csv\18Y_cpm_optimized_upload_scheduler_READY py 23ee718871ad810c8498ef9b34f4d90b.md","D:\MAGIC\scripts\phase00\INBOX\18Y_cpm_optimized_upload_scheduler_READY py 23ee718871ad810c8498ef9b34f4d90b_3EF096FA.md","18Y_cpm_optimized_upload_scheduler_READY py 23ee718871ad810c8498ef9b34f4d90b_3EF096FA.md",".md"
"D:\MAGIC\backups\QUARANTINE_20250912_142935\magic_file_tracker_export.csv\18Y_dynamic_platform_earnings_comparator_READY py 23ee718871ad81948527df882a9f92d7.md","D:\MAGIC\scripts\phase00\INBOX\18Y_dynamic_platform_earnings_comparator_READY py 23ee718871ad81948527df882a9f92d7_1BD20FC9.md","18Y_dynamic_platform_earnings_comparator_READY py 23ee718871ad81948527df882a9f92d7_1BD20FC9.md",".md"
"D:\MAGIC\backups\QUARANTINE_20250912_142935\magic_file_tracker_export.csv\18Y_seasonal_trend_monetization_mapper_READY py 23ee718871ad81fdbb41c9a11173b62f.md","D:\MAGIC\scripts\phase00\INBOX\18Y_seasonal_trend_monetization_mapper_READY py 23ee718871ad81fdbb41c9a11173b62f_A1A2746A.md","18Y_seasonal_trend_monetization_mapper_READY py 23ee718871ad81fdbb41c9a11173b62f_A1A2746A.md",".md"
"D:\MAGIC\backups\QUARANTINE_20250912_142935\magic_file_tracker_export.csv\18Z_midas_cli_tool_READY py 23ee718871ad81a19916c12573c6fd2f.md","D:\MAGIC\scripts\phase00\INBOX\18Z_midas_cli_tool_READY py 23ee718871ad81a19916c12573c6fd2f_0600C604.md","18Z_midas_cli_tool_READY py 23ee718871ad81a19916c12573c6fd2f_0600C604.md",".md"
"D:\MAGIC\backups\QUARANTINE_20250912_142935\magic_file_tracker_export.csv\18Z_midas_controller_orchestrator_READY py 23ee718871ad818ca741cc90d8f88650.md","D:\MAGIC\scripts\phase00\INBOX\18Z_midas_controller_orchestrator_READY py 23ee718871ad818ca741cc90d8f88650_94C0C8DD.md","18Z_midas_controller_orchestrator_READY py 23ee718871ad818ca741cc90d8f88650_94C0C8DD.md",".md"
"D:\MAGIC\backups\QUARANTINE_20250912_142935\magic_file_tracker_export.csv\18Z_midas_watchdog_failsafe_READY py 23ee718871ad81bb9f09f9246946166a.md","D:\MAGIC\scripts\phase00\INBOX\18Z_midas_watchdog_failsafe_READY py 23ee718871ad81bb9f09f9246946166a_0F986D25.md","18Z_midas_watchdog_failsafe_READY py 23ee718871ad81bb9f09f9246946166a_0F986D25.md",".md"
"D:\MAGIC\backups\QUARANTINE_20250912_142935\magic_file_tracker_export.csv\Sample_01A_script_READY py 23ee718871ad8141b1e3dd9b2a5f75b5.md","D:\MAGIC\scripts\phase00\INBOX\Sample_01A_script_READY py 23ee718871ad8141b1e3dd9b2a5f75b5_F13DB768.md","Sample_01A_script_READY py 23ee718871ad8141b1e3dd9b2a5f75b5_F13DB768.md",".md"
"D:\MAGIC\backups\QUARANTINE_20250912_142935\magic_file_tracker_export.csv\Untitled 23ee718871ad800abe56d99e75835027.md","D:\MAGIC\scripts\phase00\INBOX\Untitled 23ee718871ad800abe56d99e75835027_E3282917.md","Untitled 23ee718871ad800abe56d99e75835027_E3282917.md",".md"
"D:\MAGIC\backups\QUARANTINE_20250912_142935\magic_file_tracker_export.csv\Untitled 23ee718871ad805a98e8c1216bf2a481.md","D:\MAGIC\scripts\phase00\INBOX\Untitled 23ee718871ad805a98e8c1216bf2a481_E3282917.md","Untitled 23ee718871ad805a98e8c1216bf2a481_E3282917.md",".md"
"D:\MAGIC\backups\QUARANTINE_20250912_142935\magic_file_tracker_export.csv\Untitled 23ee718871ad80f2ae9de5f9c04d10ff.md","D:\MAGIC\scripts\phase00\INBOX\Untitled 23ee718871ad80f2ae9de5f9c04d10ff_E3282917.md","Untitled 23ee718871ad80f2ae9de5f9c04d10ff_E3282917.md",".md"
"D:\MAGIC\backups\QUARANTINE_20250912_142935\magic_file_tracker_export.csv\Untitled 23ee718871ad80f4bd50df2fb176e47c.md","D:\MAGIC\scripts\phase00\INBOX\Untitled 23ee718871ad80f4bd50df2fb176e47c_E3282917.md","Untitled 23ee718871ad80f4bd50df2fb176e47c_E3282917.md",".md"
"D:\MAGIC\backups\QUARANTINE_20250912_142935\outputs\dashboard\dashboard_summary.json","D:\MAGIC\scripts\phase00\INBOX\dashboard_summary_FDAAD2A7.json","dashboard_summary_FDAAD2A7.json",".json"
"D:\MAGIC\backups\QUARANTINE_20250912_142935\outputs\dashboard\module_success_rate.tsv","D:\MAGIC\scripts\phase00\INBOX\module_success_rate_53ED3FC6.tsv","module_success_rate_53ED3FC6.tsv",".tsv"
"D:\MAGIC\backups\QUARANTINE_20250912_142935\outputs\dashboard\top_failing_scripts.tsv","D:\MAGIC\scripts\phase00\INBOX\top_failing_scripts_E1197EEA.tsv","top_failing_scripts_E1197EEA.tsv",".tsv"
"D:\MAGIC\backups\QUARANTINE_20250912_142935\outputs\rediscover\project_index.json","D:\MAGIC\scripts\phase00\INBOX\project_index_C392F42C.json","project_index_C392F42C.json",".json"
"D:\MAGIC\backups\QUARANTINE_20250912_142935\outputs\rediscover\project_index.md","D:\MAGIC\scripts\phase00\INBOX\project_index_34677484.md","project_index_34677484.md",".md"
"D:\MAGIC\backups\QUARANTINE_20250912_142935\outputs\repo_doctor\repo_doctor_report.md","D:\MAGIC\scripts\phase00\INBOX\repo_doctor_report_D2968593.md","repo_doctor_report_D2968593.md",".md"
"D:\MAGIC\backups\QUARANTINE_20250912_142935\outputs\summaries\phase_master_summary.tsv","D:\MAGIC\scripts\phase00\INBOX\phase_master_summary_1584A8C5.tsv","phase_master_summary_1584A8C5.tsv",".tsv"
"D:\MAGIC\backups\QUARANTINE_20250912_142935\scripts\budget.json","D:\MAGIC\scripts\phase00\INBOX\budget_EF9BAA10.json","budget_EF9BAA10.json",".json"
"D:\MAGIC\backups\QUARANTINE_20250912_142935\scripts\vault.json","D:\MAGIC\scripts\phase00\INBOX\vault_C6FEC87A.json","vault_C6FEC87A.json",".json"
"D:\MAGIC\backups\QUARANTINE_20250912_142935\scripts\data\user_prefs\username.json","D:\MAGIC\scripts\phase00\INBOX\username_3CC03D06.json","username_3CC03D06.json",".json"
"D:\MAGIC\backups\QUARANTINE_20250912_142935\scripts\phase11\module_B\reports\summary_module_b.tsv","D:\MAGIC\scripts\phase00\INBOX\summary_module_b_321D411B.tsv","summary_module_b_321D411B.tsv",".tsv"
"D:\MAGIC\backups\QUARANTINE_20250912_142935\tools\scan_reports\magic_scan_report.md","D:\MAGIC\scripts\phase00\INBOX\magic_scan_report_B926210A.md","magic_scan_report_B926210A.md",".md"
"D:\MAGIC\backups\QUARANTINE_staleLogs_20250912_161218\INDEX.tsv","D:\MAGIC\scripts\phase00\INBOX\INDEX_4DF1BB88.tsv","INDEX_4DF1BB88.tsv",".tsv"
"D:\MAGIC\data\xhr_log.txt","D:\MAGIC\scripts\phase00\INBOX\xhr_log_D8FEBCF6.txt","xhr_log_D8FEBCF6.txt",".txt"
"D:\MAGIC\docs\phase_module_plan.csv","D:\MAGIC\scripts\phase00\INBOX\phase_module_plan_8F954FF7.csv","phase_module_plan_8F954FF7.csv",".csv"
"D:\MAGIC\docs\PRODUCTION_HANDOFF.md","D:\MAGIC\scripts\phase00\INBOX\PRODUCTION_HANDOFF_B35A8EF1.md","PRODUCTION_HANDOFF_B35A8EF1.md",".md"
"D:\MAGIC\docs\demos\ops_handoff.md","D:\MAGIC\scripts\phase00\INBOX\ops_handoff_084400C2.md","ops_handoff_084400C2.md",".md"
"D:\MAGIC\docs\demos\slides.txt","D:\MAGIC\scripts\phase00\INBOX\slides_7CE09921.txt","slides_7CE09921.txt",".txt"
"D:\MAGIC\docs\demos\week8_demo.md","D:\MAGIC\scripts\phase00\INBOX\week8_demo_87BDB37E.md","week8_demo_87BDB37E.md",".md"
"D:\MAGIC\docs\flows\self_repair_flow.json","D:\MAGIC\scripts\phase00\INBOX\self_repair_flow_3EC28CA7.json","self_repair_flow_3EC28CA7.json",".json"
"D:\MAGIC\inbox\1A_sample_READY.py","D:\MAGIC\scripts\phase00\INBOX\1A_sample_READY_E3B0C442.py","1A_sample_READY_E3B0C442.py",".py"
"D:\MAGIC\inbox\2A_sample_READY.py","D:\MAGIC\scripts\phase00\INBOX\2A_sample_READY_E3B0C442.py","2A_sample_READY_E3B0C442.py",".py"
"D:\MAGIC\inbox\3A_sample_READY.py","D:\MAGIC\scripts\phase00\INBOX\3A_sample_READY_E3B0C442.py","3A_sample_READY_E3B0C442.py",".py"
"D:\MAGIC\inbox\4A_sample_READY.py","D:\MAGIC\scripts\phase00\INBOX\4A_sample_READY_E3B0C442.py","4A_sample_READY_E3B0C442.py",".py"
"D:\MAGIC\inbox\5A_sample_READY.py","D:\MAGIC\scripts\phase00\INBOX\5A_sample_READY_E3B0C442.py","5A_sample_READY_E3B0C442.py",".py"
"D:\MAGIC\inbox\6A_sample_READY.py","D:\MAGIC\scripts\phase00\INBOX\6A_sample_READY_E3B0C442.py","6A_sample_READY_E3B0C442.py",".py"
"D:\MAGIC\inbox\7A_sample_READY.py","D:\MAGIC\scripts\phase00\INBOX\7A_sample_READY_E3B0C442.py","7A_sample_READY_E3B0C442.py",".py"
"D:\MAGIC\inbox\8A_sample_READY.py","D:\MAGIC\scripts\phase00\INBOX\8A_sample_READY_E3B0C442.py","8A_sample_READY_E3B0C442.py",".py"
"D:\MAGIC\inbox\9A_sample_READY.py","D:\MAGIC\scripts\phase00\INBOX\9A_sample_READY_E3B0C442.py","9A_sample_READY_E3B0C442.py",".py"
"D:\MAGIC\logs\auto_recover_log.txt","D:\MAGIC\scripts\phase00\INBOX\auto_recover_log_68C05AF9.txt","auto_recover_log_68C05AF9.txt",".txt"
"D:\MAGIC\magic_file_tracker_export.csv\magic_file_tracker 23ee718871ad80d49bbdde18ac777aec.csv","D:\MAGIC\scripts\phase00\INBOX\magic_file_tracker 23ee718871ad80d49bbdde18ac777aec_EFD13B8F.csv","magic_file_tracker 23ee718871ad80d49bbdde18ac777aec_EFD13B8F.csv",".csv"
"D:\MAGIC\magic_file_tracker_export.csv\magic_file_tracker 23ee718871ad80d49bbdde18ac777aec_all.csv","D:\MAGIC\scripts\phase00\INBOX\magic_file_tracker 23ee718871ad80d49bbdde18ac777aec_all_EFD13B8F.csv","magic_file_tracker 23ee718871ad80d49bbdde18ac777aec_all_EFD13B8F.csv",".csv"
"D:\MAGIC\notion_export\magic_file_tracker 23ee718871ad80d49bbdde18ac777aec.csv","D:\MAGIC\scripts\phase00\INBOX\magic_file_tracker 23ee718871ad80d49bbdde18ac777aec_EFD13B8F.csv","magic_file_tracker 23ee718871ad80d49bbdde18ac777aec_EFD13B8F.csv",".csv"
"D:\MAGIC\notion_export\magic_file_tracker_export.csv","D:\MAGIC\scripts\phase00\INBOX\magic_file_tracker_export_EFD13B8F.csv","magic_file_tracker_export_EFD13B8F.csv",".csv"
"D:\MAGIC\orchestration\create_and_run_orchestrator.ps1","D:\MAGIC\scripts\phase00\INBOX\create_and_run_orchestrator_D38C801B.ps1","create_and_run_orchestrator_D38C801B.ps1",".ps1"
"D:\MAGIC\orchestration\run_all.ps1","D:\MAGIC\scripts\phase00\INBOX\run_all_BDBFFC30.ps1","run_all_BDBFFC30.ps1",".ps1"
"D:\MAGIC\orchestration\update_and_run_orchestrator.ps1","D:\MAGIC\scripts\phase00\INBOX\update_and_run_orchestrator_C057BD7A.ps1","update_and_run_orchestrator_C057BD7A.ps1",".ps1"
"D:\MAGIC\orchestration\update_orchestrator.ps1","D:\MAGIC\scripts\phase00\INBOX\update_orchestrator_70C17E9D.ps1","update_orchestrator_70C17E9D.ps1",".ps1"
"D:\MAGIC\other_folder\script1.py","D:\MAGIC\scripts\phase00\INBOX\script1_E3B0C442.py","script1_E3B0C442.py",".py"
"D:\MAGIC\other_folder\script2.py","D:\MAGIC\scripts\phase00\INBOX\script2_E3B0C442.py","script2_E3B0C442.py",".py"
"D:\MAGIC\outputs\dashboard\index.html","D:\MAGIC\scripts\phase00\INBOX\index_E5096CD2.html","index_E5096CD2.html",".html"
"D:\MAGIC\outputs\logs\week11_wrap_20250910_100710.log","D:\MAGIC\scripts\phase00\INBOX\week11_wrap_20250910_100710_1FE6B9DF.log","week11_wrap_20250910_100710_1FE6B9DF.log",".log"
"D:\MAGIC\outputs\logs\week11_wrap_20250910_101329.log","D:\MAGIC\scripts\phase00\INBOX\week11_wrap_20250910_101329_1FE6B9DF.log","week11_wrap_20250910_101329_1FE6B9DF.log",".log"
"D:\MAGIC\outputs\logs\notion_sync\last_sync.txt","D:\MAGIC\scripts\phase00\INBOX\last_sync_E99BD772.txt","last_sync_E99BD772.txt",".txt"
"D:\MAGIC\outputs\rediscover\project_index.csv","D:\MAGIC\scripts\phase00\INBOX\project_index_69FACCDB.csv","project_index_69FACCDB.csv",".csv"
"D:\MAGIC\outputs\reports\ai_remediation_log.txt","D:\MAGIC\scripts\phase00\INBOX\ai_remediation_log_15AA18F4.txt","ai_remediation_log_15AA18F4.txt",".txt"
"D:\MAGIC\outputs\reports\alerts_last.txt","D:\MAGIC\scripts\phase00\INBOX\alerts_last_8090E3A8.txt","alerts_last_8090E3A8.txt",".txt"
"D:\MAGIC\outputs\reports\ALL_WEEKS_COMPLETE.txt","D:\MAGIC\scripts\phase00\INBOX\ALL_WEEKS_COMPLETE_DABE07EF.txt","ALL_WEEKS_COMPLETE_DABE07EF.txt",".txt"
"D:\MAGIC\outputs\reports\cleanup_last_run.txt","D:\MAGIC\scripts\phase00\INBOX\cleanup_last_run_D3B40DC3.txt","cleanup_last_run_D3B40DC3.txt",".txt"
"D:\MAGIC\outputs\reports\cleanup_plan.md","D:\MAGIC\scripts\phase00\INBOX\cleanup_plan_C8BF6C88.md","cleanup_plan_C8BF6C88.md",".md"
"D:\MAGIC\outputs\reports\cleanup_plan.tsv","D:\MAGIC\scripts\phase00\INBOX\cleanup_plan_B2B4E3CE.tsv","cleanup_plan_B2B4E3CE.tsv",".tsv"
"D:\MAGIC\outputs\reports\compile_summary.tsv","D:\MAGIC\scripts\phase00\INBOX\compile_summary_2CF07970.tsv","compile_summary_2CF07970.tsv",".tsv"
"D:\MAGIC\outputs\reports\deps_graph.json","D:\MAGIC\scripts\phase00\INBOX\deps_graph_2ECEABF4.json","deps_graph_2ECEABF4.json",".json"
"D:\MAGIC\outputs\reports\duplicate_files.json","D:\MAGIC\scripts\phase00\INBOX\duplicate_files_8048D2FB.json","duplicate_files_8048D2FB.json",".json"
"D:\MAGIC\outputs\reports\duplicate_files.tsv","D:\MAGIC\scripts\phase00\INBOX\duplicate_files_5BF013DA.tsv","duplicate_files_5BF013DA.tsv",".tsv"
"D:\MAGIC\outputs\reports\empty_dirs.json","D:\MAGIC\scripts\phase00\INBOX\empty_dirs_5E4F5D8B.json","empty_dirs_5E4F5D8B.json",".json"
"D:\MAGIC\outputs\reports\empty_dirs.tsv","D:\MAGIC\scripts\phase00\INBOX\empty_dirs_B7BC9D93.tsv","empty_dirs_B7BC9D93.tsv",".tsv"
"D:\MAGIC\outputs\reports\ext_breakdown.json","D:\MAGIC\scripts\phase00\INBOX\ext_breakdown_6CCB16A6.json","ext_breakdown_6CCB16A6.json",".json"
"D:\MAGIC\outputs\reports\ext_breakdown.tsv","D:\MAGIC\scripts\phase00\INBOX\ext_breakdown_50492DA3.tsv","ext_breakdown_50492DA3.tsv",".tsv"
"D:\MAGIC\outputs\reports\inventory_full.json","D:\MAGIC\scripts\phase00\INBOX\inventory_full_8AF664A8.json","inventory_full_8AF664A8.json",".json"
"D:\MAGIC\outputs\reports\inventory_full.tsv","D:\MAGIC\scripts\phase00\INBOX\inventory_full_2735A796.tsv","inventory_full_2735A796.tsv",".tsv"
"D:\MAGIC\outputs\reports\largest_files.json","D:\MAGIC\scripts\phase00\INBOX\largest_files_5FE65D94.json","largest_files_5FE65D94.json",".json"
"D:\MAGIC\outputs\reports\largest_files.tsv","D:\MAGIC\scripts\phase00\INBOX\largest_files_A559C17C.tsv","largest_files_A559C17C.tsv",".tsv"
"D:\MAGIC\outputs\reports\magic_full_audit.json","D:\MAGIC\scripts\phase00\INBOX\magic_full_audit_1C3BAA1F.json","magic_full_audit_1C3BAA1F.json",".json"
"D:\MAGIC\outputs\reports\magic_full_audit.tsv","D:\MAGIC\scripts\phase00\INBOX\magic_full_audit_8EE64E7B.tsv","magic_full_audit_8EE64E7B.tsv",".tsv"
"D:\MAGIC\outputs\reports\magic_full_scan.tsv","D:\MAGIC\scripts\phase00\INBOX\magic_full_scan_0DB0F3BC.tsv","magic_full_scan_0DB0F3BC.tsv",".tsv"
"D:\MAGIC\outputs\reports\magic_full_scan_summary.txt","D:\MAGIC\scripts\phase00\INBOX\magic_full_scan_summary_671292D8.txt","magic_full_scan_summary_671292D8.txt",".txt"
"D:\MAGIC\outputs\reports\magic_phase_scorecard.json","D:\MAGIC\scripts\phase00\INBOX\magic_phase_scorecard_EBD2E6C4.json","magic_phase_scorecard_EBD2E6C4.json",".json"
"D:\MAGIC\outputs\reports\magic_phase_scorecard.tsv","D:\MAGIC\scripts\phase00\INBOX\magic_phase_scorecard_CF227674.tsv","magic_phase_scorecard_CF227674.tsv",".tsv"
"D:\MAGIC\outputs\reports\magic_scan_summary.json","D:\MAGIC\scripts\phase00\INBOX\magic_scan_summary_E269D540.json","magic_scan_summary_E269D540.json",".json"
"D:\MAGIC\outputs\reports\magic_scan_summary.md","D:\MAGIC\scripts\phase00\INBOX\magic_scan_summary_47746163.md","magic_scan_summary_47746163.md",".md"
"D:\MAGIC\outputs\reports\magic_scan_summary.tsv","D:\MAGIC\scripts\phase00\INBOX\magic_scan_summary_0B1711B5.tsv","magic_scan_summary_0B1711B5.tsv",".tsv"
"D:\MAGIC\outputs\reports\magic_todo_audit.md","D:\MAGIC\scripts\phase00\INBOX\magic_todo_audit_2406CC35.md","magic_todo_audit_2406CC35.md",".md"
"D:\MAGIC\outputs\reports\magic_todo_audit.tsv","D:\MAGIC\scripts\phase00\INBOX\magic_todo_audit_5C6C3C86.tsv","magic_todo_audit_5C6C3C86.tsv",".tsv"
"D:\MAGIC\outputs\reports\manifest_backup.json","D:\MAGIC\scripts\phase00\INBOX\manifest_backup_4FE2616E.json","manifest_backup_4FE2616E.json",".json"
"D:\MAGIC\outputs\reports\metrics.tsv","D:\MAGIC\scripts\phase00\INBOX\metrics_789CEC5D.tsv","metrics_789CEC5D.tsv",".tsv"
"D:\MAGIC\outputs\reports\missing_dirs.json","D:\MAGIC\scripts\phase00\INBOX\missing_dirs_C937F0E4.json","missing_dirs_C937F0E4.json",".json"
"D:\MAGIC\outputs\reports\missing_dirs.tsv","D:\MAGIC\scripts\phase00\INBOX\missing_dirs_F3B8DC0D.tsv","missing_dirs_F3B8DC0D.tsv",".tsv"
"D:\MAGIC\outputs\reports\missing_files.json","D:\MAGIC\scripts\phase00\INBOX\missing_files_9CA72C6F.json","missing_files_9CA72C6F.json",".json"
"D:\MAGIC\outputs\reports\missing_files.tsv","D:\MAGIC\scripts\phase00\INBOX\missing_files_4B3CA4F7.tsv","missing_files_4B3CA4F7.tsv",".tsv"
"D:\MAGIC\outputs\reports\nightly_20250911.txt","D:\MAGIC\scripts\phase00\INBOX\nightly_20250911_9E1D42C2.txt","nightly_20250911_9E1D42C2.txt",".txt"
"D:\MAGIC\outputs\reports\nonconforming_scripts.csv","D:\MAGIC\scripts\phase00\INBOX\nonconforming_scripts_A55F789E.csv","nonconforming_scripts_A55F789E.csv",".csv"
"D:\MAGIC\outputs\reports\orphans.json","D:\MAGIC\scripts\phase00\INBOX\orphans_44F298B0.json","orphans_44F298B0.json",".json"
"D:\MAGIC\outputs\reports\orphans.tsv","D:\MAGIC\scripts\phase00\INBOX\orphans_8CEFC608.tsv","orphans_8CEFC608.tsv",".tsv"
"D:\MAGIC\outputs\reports\orphans_by_dir.tsv","D:\MAGIC\scripts\phase00\INBOX\orphans_by_dir_7D25A279.tsv","orphans_by_dir_7D25A279.tsv",".tsv"
"D:\MAGIC\outputs\reports\orphans_scripts.txt","D:\MAGIC\scripts\phase00\INBOX\orphans_scripts_12B9E483.txt","orphans_scripts_12B9E483.txt",".txt"
"D:\MAGIC\outputs\reports\orphan_lib_review.tsv","D:\MAGIC\scripts\phase00\INBOX\orphan_lib_review_E7CE7214.tsv","orphan_lib_review_E7CE7214.tsv",".tsv"
"D:\MAGIC\outputs\reports\perf_delta.tsv","D:\MAGIC\scripts\phase00\INBOX\perf_delta_E12488A0.tsv","perf_delta_E12488A0.tsv",".tsv"
"D:\MAGIC\outputs\reports\perf_profile.md","D:\MAGIC\scripts\phase00\INBOX\perf_profile_1BF4E5A4.md","perf_profile_1BF4E5A4.md",".md"
"D:\MAGIC\outputs\reports\phase11_summary_MANUAL.tsv","D:\MAGIC\scripts\phase00\INBOX\phase11_summary_MANUAL_651B8DA5.tsv","phase11_summary_MANUAL_651B8DA5.tsv",".tsv"
"D:\MAGIC\outputs\reports\phase_module_readiness.json","D:\MAGIC\scripts\phase00\INBOX\phase_module_readiness_1C3BAA1F.json","phase_module_readiness_1C3BAA1F.json",".json"
"D:\MAGIC\outputs\reports\phase_module_readiness.tsv","D:\MAGIC\scripts\phase00\INBOX\phase_module_readiness_8EE64E7B.tsv","phase_module_readiness_8EE64E7B.tsv",".tsv"
"D:\MAGIC\outputs\reports\phase_scorecard.json","D:\MAGIC\scripts\phase00\INBOX\phase_scorecard_EBD2E6C4.json","phase_scorecard_EBD2E6C4.json",".json"
"D:\MAGIC\outputs\reports\phase_scorecard.tsv","D:\MAGIC\scripts\phase00\INBOX\phase_scorecard_CF227674.tsv","phase_scorecard_CF227674.tsv",".tsv"
"D:\MAGIC\outputs\reports\post_mortem_example.md","D:\MAGIC\scripts\phase00\INBOX\post_mortem_example_69891323.md","post_mortem_example_69891323.md",".md"
"D:\MAGIC\outputs\reports\priority_order.tsv","D:\MAGIC\scripts\phase00\INBOX\priority_order_B3D5B674.tsv","priority_order_B3D5B674.tsv",".tsv"
"D:\MAGIC\outputs\reports\projects_discovered.csv","D:\MAGIC\scripts\phase00\INBOX\projects_discovered_CB0E9D22.csv","projects_discovered_CB0E9D22.csv",".csv"
"D:\MAGIC\outputs\reports\projects_discovered.md","D:\MAGIC\scripts\phase00\INBOX\projects_discovered_8AB4C592.md","projects_discovered_8AB4C592.md",".md"
"D:\MAGIC\outputs\reports\projects_discovered.tsv","D:\MAGIC\scripts\phase00\INBOX\projects_discovered_F1945CD6.tsv","projects_discovered_F1945CD6.tsv",".tsv"
"D:\MAGIC\outputs\reports\PR_failover_MERGED.txt","D:\MAGIC\scripts\phase00\INBOX\PR_failover_MERGED_C252B7C0.txt","PR_failover_MERGED_C252B7C0.txt",".txt"
"D:\MAGIC\outputs\reports\PR_scale_prep_MERGED.txt","D:\MAGIC\scripts\phase00\INBOX\PR_scale_prep_MERGED_D8A2DA52.txt","PR_scale_prep_MERGED_D8A2DA52.txt",".txt"
"D:\MAGIC\outputs\reports\pytest_last.txt","D:\MAGIC\scripts\phase00\INBOX\pytest_last_0F050BD3.txt","pytest_last_0F050BD3.txt",".txt"
"D:\MAGIC\outputs\reports\quick_scan.tsv","D:\MAGIC\scripts\phase00\INBOX\quick_scan_BFA950C3.tsv","quick_scan_BFA950C3.tsv",".tsv"
"D:\MAGIC\outputs\reports\requirements.lock.txt","D:\MAGIC\scripts\phase00\INBOX\requirements.lock_779065B1.txt","requirements.lock_779065B1.txt",".txt"
"D:\MAGIC\outputs\reports\restore_smoke_ok.txt","D:\MAGIC\scripts\phase00\INBOX\restore_smoke_ok_CA3A3D5C.txt","restore_smoke_ok_CA3A3D5C.txt",".txt"
"D:\MAGIC\outputs\reports\retry_queue_receipt.txt","D:\MAGIC\scripts\phase00\INBOX\retry_queue_receipt_80474901.txt","retry_queue_receipt_80474901.txt",".txt"
"D:\MAGIC\outputs\reports\size_by_dir.json","D:\MAGIC\scripts\phase00\INBOX\size_by_dir_5A9CBE8A.json","size_by_dir_5A9CBE8A.json",".json"
"D:\MAGIC\outputs\reports\size_by_dir.tsv","D:\MAGIC\scripts\phase00\INBOX\size_by_dir_F9A81207.tsv","size_by_dir_F9A81207.tsv",".tsv"
"D:\MAGIC\outputs\reports\stress_test_1000.tsv","D:\MAGIC\scripts\phase00\INBOX\stress_test_1000_456443DA.tsv","stress_test_1000_456443DA.tsv",".tsv"
"D:\MAGIC\outputs\reports\TAG_v1.0-stable_OK.txt","D:\MAGIC\scripts\phase00\INBOX\TAG_v1.0-stable_OK_AF9BB9AE.txt","TAG_v1.0-stable_OK_AF9BB9AE.txt",".txt"
"D:\MAGIC\outputs\reports\week11_audit.md","D:\MAGIC\scripts\phase00\INBOX\week11_audit_1D57B92D.md","week11_audit_1D57B92D.md",".md"
"D:\MAGIC\outputs\reports\week11_history.tsv","D:\MAGIC\scripts\phase00\INBOX\week11_history_56EF6F8D.tsv","week11_history_56EF6F8D.tsv",".tsv"
"D:\MAGIC\outputs\reports\week_status_auto.md","D:\MAGIC\scripts\phase00\INBOX\week_status_auto_DABBD70A.md","week_status_auto_DABBD70A.md",".md"
"D:\MAGIC\outputs\reports\week_status_auto.tsv","D:\MAGIC\scripts\phase00\INBOX\week_status_auto_6B49D874.tsv","week_status_auto_6B49D874.tsv",".tsv"
"D:\MAGIC\outputs\reports\week_status_auto_v2.md","D:\MAGIC\scripts\phase00\INBOX\week_status_auto_v2_05F09DE5.md","week_status_auto_v2_05F09DE5.md",".md"
"D:\MAGIC\outputs\reports\week_status_auto_v2.tsv","D:\MAGIC\scripts\phase00\INBOX\week_status_auto_v2_1A85D73B.tsv","week_status_auto_v2_1A85D73B.tsv",".tsv"
"D:\MAGIC\outputs\reports\logs\audit_20250914_185620.log","D:\MAGIC\scripts\phase00\INBOX\audit_20250914_185620_151D1797.log","audit_20250914_185620_151D1797.log",".log"
"D:\MAGIC\outputs\reports\self_test\duplicates_by_hash.tsv","D:\MAGIC\scripts\phase00\INBOX\duplicates_by_hash_D7BD6B7D.tsv","duplicates_by_hash_D7BD6B7D.tsv",".tsv"
"D:\MAGIC\outputs\reports\self_test\env_checks.tsv","D:\MAGIC\scripts\phase00\INBOX\env_checks_1DCC1A25.tsv","env_checks_1DCC1A25.tsv",".tsv"
"D:\MAGIC\outputs\reports\self_test\inventory_full.json","D:\MAGIC\scripts\phase00\INBOX\inventory_full_462497A3.json","inventory_full_462497A3.json",".json"
"D:\MAGIC\outputs\reports\self_test\inventory_full.tsv","D:\MAGIC\scripts\phase00\INBOX\inventory_full_CDECF0CF.tsv","inventory_full_CDECF0CF.tsv",".tsv"
"D:\MAGIC\outputs\reports\self_test\large_files.tsv","D:\MAGIC\scripts\phase00\INBOX\large_files_F01A374E.tsv","large_files_F01A374E.tsv",".tsv"
"D:\MAGIC\outputs\reports\self_test\old_files.tsv","D:\MAGIC\scripts\phase00\INBOX\old_files_F01A374E.tsv","old_files_F01A374E.tsv",".tsv"
"D:\MAGIC\outputs\reports\self_test\orphans.tsv","D:\MAGIC\scripts\phase00\INBOX\orphans_2E2BFD85.tsv","orphans_2E2BFD85.tsv",".tsv"
"D:\MAGIC\outputs\reports\self_test\phase_scorecard.tsv","D:\MAGIC\scripts\phase00\INBOX\phase_scorecard_3EFEE02B.tsv","phase_scorecard_3EFEE02B.tsv",".tsv"
"D:\MAGIC\outputs\reports\self_test\selftest_scorecard.json","D:\MAGIC\scripts\phase00\INBOX\selftest_scorecard_F1945CD6.json","selftest_scorecard_F1945CD6.json",".json"
"D:\MAGIC\outputs\reports\self_test\selftest_scorecard.tsv","D:\MAGIC\scripts\phase00\INBOX\selftest_scorecard_F01A374E.tsv","selftest_scorecard_F01A374E.tsv",".tsv"
"D:\MAGIC\outputs\reports\self_test\structure_gaps.tsv","D:\MAGIC\scripts\phase00\INBOX\structure_gaps_974483D7.tsv","structure_gaps_974483D7.tsv",".tsv"
"D:\MAGIC\outputs\reports\self_test\logs\selftest_20250914_190409.log","D:\MAGIC\scripts\phase00\INBOX\selftest_20250914_190409_63575913.log","selftest_20250914_190409_63575913.log",".log"
"D:\MAGIC\outputs\repo_doctor\repo_doctor_report.csv","D:\MAGIC\scripts\phase00\INBOX\repo_doctor_report_A11138F7.csv","repo_doctor_report_A11138F7.csv",".csv"
"D:\MAGIC\outputs\repo_doctor\autofix_backups\20250910_120537\self_healing_runner_v5_parallel.py","D:\MAGIC\scripts\phase00\INBOX\self_healing_runner_v5_parallel_5D750427.py","self_healing_runner_v5_parallel_5D750427.py",".py"
"D:\MAGIC\outputs\repo_doctor\autofix_backups\20250910_120537\scripts\cost_guard_2.py","D:\MAGIC\scripts\phase00\INBOX\cost_guard_2_BBD04B0F.py","cost_guard_2_BBD04B0F.py",".py"
"D:\MAGIC\outputs\repo_doctor\autofix_backups\20250910_120537\scripts\tests.py","D:\MAGIC\scripts\phase00\INBOX\tests_905D69CF.py","tests_905D69CF.py",".py"
"D:\MAGIC\outputs\repo_doctor\autofix_backups\20250910_120537\scripts\test_dammit.py","D:\MAGIC\scripts\phase00\INBOX\test_dammit_8A2B36C3.py","test_dammit_8A2B36C3.py",".py"
"D:\MAGIC\outputs\repo_doctor\autofix_backups\20250910_120537\scripts\test_dammit_2.py","D:\MAGIC\scripts\phase00\INBOX\test_dammit_2_8A2B36C3.py","test_dammit_2_8A2B36C3.py",".py"
"D:\MAGIC\outputs\repo_doctor\autofix_backups\20250910_120537\tools\rediscover_magic.py","D:\MAGIC\scripts\phase00\INBOX\rediscover_magic_4FC6B185.py","rediscover_magic_4FC6B185.py",".py"
"D:\MAGIC\outputs\repo_doctor\hotfix_backups\20250910_121743\.pre-commit-config.yaml","D:\MAGIC\scripts\phase00\INBOX\.pre-commit-config_FF59146C.yaml",".pre-commit-config_FF59146C.yaml",".yaml"
"D:\MAGIC\outputs\repo_doctor\hotfix_backups\20250910_121743\self_healing_runner_v5_parallel.py","D:\MAGIC\scripts\phase00\INBOX\self_healing_runner_v5_parallel_EBF97484.py","self_healing_runner_v5_parallel_EBF97484.py",".py"
"D:\MAGIC\outputs\repo_doctor\hotfix_backups\20250910_121743\scripts\cost_guard_2.py","D:\MAGIC\scripts\phase00\INBOX\cost_guard_2_6A1ED0F0.py","cost_guard_2_6A1ED0F0.py",".py"
"D:\MAGIC\outputs\repo_doctor\hotfix_backups\20250910_121743\scripts\reddit_api_2.py","D:\MAGIC\scripts\phase00\INBOX\reddit_api_2_175C2348.py","reddit_api_2_175C2348.py",".py"
"D:\MAGIC\outputs\repo_doctor\hotfix_backups\20250910_121743\scripts\reddit_api_final.py","D:\MAGIC\scripts\phase00\INBOX\reddit_api_final_175C2348.py","reddit_api_final_175C2348.py",".py"
"D:\MAGIC\outputs\repo_doctor\hotfix_backups\20250910_121743\scripts\reddit_api_fixed.py","D:\MAGIC\scripts\phase00\INBOX\reddit_api_fixed_175C2348.py","reddit_api_fixed_175C2348.py",".py"
"D:\MAGIC\outputs\repo_doctor\hotfix_backups\20250910_121743\tools\build_dashboard.py","D:\MAGIC\scripts\phase00\INBOX\build_dashboard_481FE2CB.py","build_dashboard_481FE2CB.py",".py"
"D:\MAGIC\outputs\repo_doctor\hotfix_backups\20250910_121743\tools\fix_log_writer_agent.py","D:\MAGIC\scripts\phase00\INBOX\fix_log_writer_agent_95BE0A34.py","fix_log_writer_agent_95BE0A34.py",".py"
"D:\MAGIC\outputs\repo_doctor\hotfix_backups\20250910_121743\tools\rediscover_magic.py","D:\MAGIC\scripts\phase00\INBOX\rediscover_magic_C6203B7C.py","rediscover_magic_C6203B7C.py",".py"
"D:\MAGIC\outputs\repo_doctor\hotfix_backups\20250910_121824\.pre-commit-config.yaml","D:\MAGIC\scripts\phase00\INBOX\.pre-commit-config_53ED79A2.yaml",".pre-commit-config_53ED79A2.yaml",".yaml"
"D:\MAGIC\outputs\repo_doctor\hotfix_backups\20250910_121824\self_healing_runner_v5_parallel.py","D:\MAGIC\scripts\phase00\INBOX\self_healing_runner_v5_parallel_EBF97484.py","self_healing_runner_v5_parallel_EBF97484.py",".py"
"D:\MAGIC\outputs\repo_doctor\hotfix_backups\20250910_121824\tools\build_dashboard.py","D:\MAGIC\scripts\phase00\INBOX\build_dashboard_481FE2CB.py","build_dashboard_481FE2CB.py",".py"
"D:\MAGIC\outputs\repo_doctor\hotfix_backups\20250910_121824\tools\fix_log_writer_agent.py","D:\MAGIC\scripts\phase00\INBOX\fix_log_writer_agent_95BE0A34.py","fix_log_writer_agent_95BE0A34.py",".py"
"D:\MAGIC\outputs\repo_doctor\hotfix_backups\20250910_121824\tools\rediscover_magic.py","D:\MAGIC\scripts\phase00\INBOX\rediscover_magic_C6203B7C.py","rediscover_magic_C6203B7C.py",".py"
"D:\MAGIC\outputs\repo_doctor\hotfix_backups\20250910_122614\.pre-commit-config.yaml","D:\MAGIC\scripts\phase00\INBOX\.pre-commit-config_53ED79A2.yaml",".pre-commit-config_53ED79A2.yaml",".yaml"
"D:\MAGIC\outputs\repo_doctor\hotfix_backups\20250910_122614\self_healing_runner_v5_parallel.py","D:\MAGIC\scripts\phase00\INBOX\self_healing_runner_v5_parallel_817C56B4.py","self_healing_runner_v5_parallel_817C56B4.py",".py"
"D:\MAGIC\outputs\repo_doctor\hotfix_backups\20250910_122614\tools\build_dashboard.py","D:\MAGIC\scripts\phase00\INBOX\build_dashboard_481FE2CB.py","build_dashboard_481FE2CB.py",".py"
"D:\MAGIC\outputs\repo_doctor\hotfix_backups\20250910_122614\tools\fix_log_writer_agent.py","D:\MAGIC\scripts\phase00\INBOX\fix_log_writer_agent_A623933B.py","fix_log_writer_agent_A623933B.py",".py"
"D:\MAGIC\outputs\repo_doctor\hotfix_backups\20250910_122614\tools\rediscover_magic.py","D:\MAGIC\scripts\phase00\INBOX\rediscover_magic_19B34654.py","rediscover_magic_19B34654.py",".py"
"D:\MAGIC\rclone-v1.70.3-windows-amd64\git-log.txt","D:\MAGIC\scripts\phase00\INBOX\git-log_DA2163BF.txt","git-log_DA2163BF.txt",".txt"
"D:\MAGIC\rclone-v1.70.3-windows-amd64\README.html","D:\MAGIC\scripts\phase00\INBOX\README_9041D4C7.html","README_9041D4C7.html",".html"
"D:\MAGIC\rclone-v1.70.3-windows-amd64\README.txt","D:\MAGIC\scripts\phase00\INBOX\README_67D73E70.txt","README_67D73E70.txt",".txt"
"D:\MAGIC\scripts\phase0\module_A\0A_placeholder_READY.py","D:\MAGIC\scripts\phase00\INBOX\0A_placeholder_READY_9F56E761.py","0A_placeholder_READY_9F56E761.py",".py"
"D:\MAGIC\scripts\phase0\module_B\0B_placeholder_READY.py","D:\MAGIC\scripts\phase00\INBOX\0B_placeholder_READY_F843FFE3.py","0B_placeholder_READY_F843FFE3.py",".py"
"D:\MAGIC\scripts\phase0\module_C\0C_placeholder_READY.py","D:\MAGIC\scripts\phase00\INBOX\0C_placeholder_READY_FF030501.py","0C_placeholder_READY_FF030501.py",".py"
"D:\MAGIC\scripts\phase0\module_D\0D_placeholder_READY.py","D:\MAGIC\scripts\phase00\INBOX\0D_placeholder_READY_9E3D7F7A.py","0D_placeholder_READY_9E3D7F7A.py",".py"
"D:\MAGIC\scripts\phase0\module_E\0E_placeholder_READY.py","D:\MAGIC\scripts\phase00\INBOX\0E_placeholder_READY_1B95726C.py","0E_placeholder_READY_1B95726C.py",".py"
"D:\MAGIC\scripts\phase0\module_F\0F_placeholder_READY.py","D:\MAGIC\scripts\phase00\INBOX\0F_placeholder_READY_A3C63887.py","0F_placeholder_READY_A3C63887.py",".py"
"D:\MAGIC\scripts\phase0\module_G\0G_placeholder_READY.py","D:\MAGIC\scripts\phase00\INBOX\0G_placeholder_READY_F9BE717A.py","0G_placeholder_READY_F9BE717A.py",".py"
"D:\MAGIC\scripts\phase0\module_H\0H_placeholder_READY.py","D:\MAGIC\scripts\phase00\INBOX\0H_placeholder_READY_BBF88A76.py","0H_placeholder_READY_BBF88A76.py",".py"
"D:\MAGIC\scripts\phase0\module_I\0I_placeholder_READY.py","D:\MAGIC\scripts\phase00\INBOX\0I_placeholder_READY_120F1DB9.py","0I_placeholder_READY_120F1DB9.py",".py"
"D:\MAGIC\scripts\phase0\module_J\0J_placeholder_READY.py","D:\MAGIC\scripts\phase00\INBOX\0J_placeholder_READY_0CD234ED.py","0J_placeholder_READY_0CD234ED.py",".py"
"D:\MAGIC\scripts\phase0\module_K\0K_placeholder_READY.py","D:\MAGIC\scripts\phase00\INBOX\0K_placeholder_READY_7038A2D2.py","0K_placeholder_READY_7038A2D2.py",".py"
"D:\MAGIC\scripts\phase0\module_L\0L_placeholder_READY.py","D:\MAGIC\scripts\phase00\INBOX\0L_placeholder_READY_10BC4CC0.py","0L_placeholder_READY_10BC4CC0.py",".py"
"D:\MAGIC\scripts\phase0\module_M\0M_placeholder_READY.py","D:\MAGIC\scripts\phase00\INBOX\0M_placeholder_READY_CC860794.py","0M_placeholder_READY_CC860794.py",".py"
"D:\MAGIC\scripts\phase0\module_N\0N_placeholder_READY.py","D:\MAGIC\scripts\phase00\INBOX\0N_placeholder_READY_EA68F8FE.py","0N_placeholder_READY_EA68F8FE.py",".py"
"D:\MAGIC\scripts\phase0\module_O\0O_placeholder_READY.py","D:\MAGIC\scripts\phase00\INBOX\0O_placeholder_READY_961AD13F.py","0O_placeholder_READY_961AD13F.py",".py"
"D:\MAGIC\scripts\phase0\module_P\0P_placeholder_READY.py","D:\MAGIC\scripts\phase00\INBOX\0P_placeholder_READY_681D00CB.py","0P_placeholder_READY_681D00CB.py",".py"
"D:\MAGIC\scripts\phase0\module_Q\0Q_placeholder_READY.py","D:\MAGIC\scripts\phase00\INBOX\0Q_placeholder_READY_9DBAD392.py","0Q_placeholder_READY_9DBAD392.py",".py"
"D:\MAGIC\scripts\phase0\module_R\0R_placeholder_READY.py","D:\MAGIC\scripts\phase00\INBOX\0R_placeholder_READY_C2019A74.py","0R_placeholder_READY_C2019A74.py",".py"
"D:\MAGIC\scripts\phase0\module_S\0S_placeholder_READY.py","D:\MAGIC\scripts\phase00\INBOX\0S_placeholder_READY_2124501C.py","0S_placeholder_READY_2124501C.py",".py"
"D:\MAGIC\scripts\phase0\module_T\0T_placeholder_READY.py","D:\MAGIC\scripts\phase00\INBOX\0T_placeholder_READY_548664B9.py","0T_placeholder_READY_548664B9.py",".py"
"D:\MAGIC\scripts\phase0\module_U\0U_placeholder_READY.py","D:\MAGIC\scripts\phase00\INBOX\0U_placeholder_READY_6E83B585.py","0U_placeholder_READY_6E83B585.py",".py"
"D:\MAGIC\scripts\phase0\module_V\0V_placeholder_READY.py","D:\MAGIC\scripts\phase00\INBOX\0V_placeholder_READY_694BB500.py","0V_placeholder_READY_694BB500.py",".py"
"D:\MAGIC\scripts\phase0\module_W\0W_placeholder_READY.py","D:\MAGIC\scripts\phase00\INBOX\0W_placeholder_READY_7D012CE2.py","0W_placeholder_READY_7D012CE2.py",".py"
"D:\MAGIC\scripts\phase0\module_X\0X_placeholder_READY.py","D:\MAGIC\scripts\phase00\INBOX\0X_placeholder_READY_B22F5216.py","0X_placeholder_READY_B22F5216.py",".py"
"D:\MAGIC\scripts\phase0\module_Y\0Y_placeholder_READY.py","D:\MAGIC\scripts\phase00\INBOX\0Y_placeholder_READY_3851C118.py","0Y_placeholder_READY_3851C118.py",".py"
"D:\MAGIC\scripts\phase0\module_Z\0Z_placeholder_READY.py","D:\MAGIC\scripts\phase00\INBOX\0Z_placeholder_READY_CE09E9AC.py","0Z_placeholder_READY_CE09E9AC.py",".py"
"D:\MAGIC\scripts\phase00\INBOX\# test_scripts_status_EBDCDECF_EBDCDECF_EBDCDECF.ps1","D:\MAGIC\scripts\phase00\INBOX\# test_scripts_status_EBDCDECF_EBDCDECF_EBDCDECF_EBDCDECF.ps1","# test_scripts_status_EBDCDECF_EBDCDECF_EBDCDECF_EBDCDECF.ps1",".ps1"
"D:\MAGIC\scripts\phase00\INBOX\#!usrbinenv python3_65014862_65014862.txt","D:\MAGIC\scripts\phase00\INBOX\#!usrbinenv python3_65014862_65014862_65014862.txt","#!usrbinenv python3_65014862_65014862_65014862.txt",".txt"
"D:\MAGIC\scripts\phase00\INBOX\#suppress_chrome_warnings_D7A61E9A_D7A61E9A_D7A61E9A.ps1","D:\MAGIC\scripts\phase00\INBOX\#suppress_chrome_warnings_D7A61E9A_D7A61E9A_D7A61E9A_D7A61E9A.ps1","#suppress_chrome_warnings_D7A61E9A_D7A61E9A_D7A61E9A_D7A61E9A.ps1",".ps1"
"D:\MAGIC\scripts\phase00\INBOX\analyze_youtube_autocomplete_F7888C3C_F7888C3C.ps1","D:\MAGIC\scripts\phase00\INBOX\analyze_youtube_autocomplete_F7888C3C_F7888C3C_F7888C3C.ps1","analyze_youtube_autocomplete_F7888C3C_F7888C3C_F7888C3C.ps1",".ps1"
"D:\MAGIC\scripts\phase00\INBOX\apply_all_fixes_70896742_70896742_70896742.ps1","D:\MAGIC\scripts\phase00\INBOX\apply_all_fixes_70896742_70896742_70896742_70896742.ps1","apply_all_fixes_70896742_70896742_70896742_70896742.ps1",".ps1"
"D:\MAGIC\scripts\phase00\INBOX\auto_prune_excludes_46171099_46171099_46171099.ps1","D:\MAGIC\scripts\phase00\INBOX\auto_prune_excludes_46171099_46171099_46171099_46171099.ps1","auto_prune_excludes_46171099_46171099_46171099_46171099.ps1",".ps1"
"D:\MAGIC\scripts\phase00\INBOX\ci_14F53F5E_14F53F5E_14F53F5E.yml","D:\MAGIC\scripts\phase00\INBOX\ci_14F53F5E_14F53F5E_14F53F5E_14F53F5E.yml","ci_14F53F5E_14F53F5E_14F53F5E_14F53F5E.yml",".yml"
"D:\MAGIC\scripts\phase00\INBOX\correlation_engine.py_B5F4DECE_B5F4DECE.txt","D:\MAGIC\scripts\phase00\INBOX\correlation_engine.py_B5F4DECE_B5F4DECE_B5F4DECE.txt","correlation_engine.py_B5F4DECE_B5F4DECE_B5F4DECE.txt",".txt"
"D:\MAGIC\scripts\phase00\INBOX\cost_overflow_alerts_C29ED783_C29ED783.txt","D:\MAGIC\scripts\phase00\INBOX\cost_overflow_alerts_C29ED783_C29ED783_C29ED783.txt","cost_overflow_alerts_C29ED783_C29ED783_C29ED783.txt",".txt"
"D:\MAGIC\scripts\phase00\INBOX\create_next_scripts_F5FCEEFF_F5FCEEFF_F5FCEEFF.ps1","D:\MAGIC\scripts\phase00\INBOX\create_next_scripts_F5FCEEFF_F5FCEEFF_F5FCEEFF_F5FCEEFF.ps1","create_next_scripts_F5FCEEFF_F5FCEEFF_F5FCEEFF_F5FCEEFF.ps1",".ps1"
"D:\MAGIC\scripts\phase00\INBOX\data_quality_0B35737A_0B35737A_0B35737A.ps1","D:\MAGIC\scripts\phase00\INBOX\data_quality_0B35737A_0B35737A_0B35737A_0B35737A.ps1","data_quality_0B35737A_0B35737A_0B35737A_0B35737A.ps1",".ps1"
"D:\MAGIC\scripts\phase00\INBOX\deploy_to_github_028D9076_028D9076_028D9076.ps1","D:\MAGIC\scripts\phase00\INBOX\deploy_to_github_028D9076_028D9076_028D9076_028D9076.ps1","deploy_to_github_028D9076_028D9076_028D9076_028D9076.ps1",".ps1"
"D:\MAGIC\scripts\phase00\INBOX\discover_tiktok_selectors_767FF158_767FF158.ps1","D:\MAGIC\scripts\phase00\INBOX\discover_tiktok_selectors_767FF158_767FF158_767FF158.ps1","discover_tiktok_selectors_767FF158_767FF158_767FF158.ps1",".ps1"
"D:\MAGIC\scripts\phase00\INBOX\dummy_input_backup_E3B0C442_E3B0C442.txt","D:\MAGIC\scripts\phase00\INBOX\dummy_input_backup_E3B0C442_E3B0C442_E3B0C442.txt","dummy_input_backup_E3B0C442_E3B0C442_E3B0C442.txt",".txt"
"D:\MAGIC\scripts\phase00\INBOX\dummy_input_E3B0C442_E3B0C442.txt","D:\MAGIC\scripts\phase00\INBOX\dummy_input_E3B0C442_E3B0C442_E3B0C442.txt","dummy_input_E3B0C442_E3B0C442_E3B0C442.txt",".txt"
"D:\MAGIC\scripts\phase00\INBOX\embed_dashboard_4321D64D_4321D64D_4321D64D.html","D:\MAGIC\scripts\phase00\INBOX\embed_dashboard_4321D64D_4321D64D_4321D64D_4321D64D.html","embed_dashboard_4321D64D_4321D64D_4321D64D_4321D64D.html",".html"
"D:\MAGIC\scripts\phase00\INBOX\enable_utf8_output_4CC4DF97_4CC4DF97_4CC4DF97.ps1","D:\MAGIC\scripts\phase00\INBOX\enable_utf8_output_4CC4DF97_4CC4DF97_4CC4DF97_4CC4DF97.ps1","enable_utf8_output_4CC4DF97_4CC4DF97_4CC4DF97_4CC4DF97.ps1",".ps1"
"D:\MAGIC\scripts\phase00\INBOX\fix_and_run_pipeline_664DBCC8_664DBCC8_664DBCC8.ps1","D:\MAGIC\scripts\phase00\INBOX\fix_and_run_pipeline_664DBCC8_664DBCC8_664DBCC8_664DBCC8.ps1","fix_and_run_pipeline_664DBCC8_664DBCC8_664DBCC8_664DBCC8.ps1",".ps1"
"D:\MAGIC\scripts\phase00\INBOX\fix_reddit_5F42739B_5F42739B.ps1","D:\MAGIC\scripts\phase00\INBOX\fix_reddit_5F42739B_5F42739B_5F42739B.ps1","fix_reddit_5F42739B_5F42739B_5F42739B.ps1",".ps1"
"D:\MAGIC\scripts\phase00\INBOX\fix_reddit_docstrings_88144B15_88144B15.ps1","D:\MAGIC\scripts\phase00\INBOX\fix_reddit_docstrings_88144B15_88144B15_88144B15.ps1","fix_reddit_docstrings_88144B15_88144B15_88144B15.ps1",".ps1"
"D:\MAGIC\scripts\phase00\INBOX\fix_reddit_import_008FBCBD_008FBCBD.ps1","D:\MAGIC\scripts\phase00\INBOX\fix_reddit_import_008FBCBD_008FBCBD_008FBCBD.ps1","fix_reddit_import_008FBCBD_008FBCBD_008FBCBD.ps1",".ps1"
"D:\MAGIC\scripts\phase00\INBOX\fix_vault_8C79BC95_8C79BC95_8C79BC95.ps1","D:\MAGIC\scripts\phase00\INBOX\fix_vault_8C79BC95_8C79BC95_8C79BC95_8C79BC95.ps1","fix_vault_8C79BC95_8C79BC95_8C79BC95_8C79BC95.ps1",".ps1"
"D:\MAGIC\scripts\phase00\INBOX\fix_vault_and_reddit_E2BB942C_E2BB942C.ps1","D:\MAGIC\scripts\phase00\INBOX\fix_vault_and_reddit_E2BB942C_E2BB942C_E2BB942C.ps1","fix_vault_and_reddit_E2BB942C_E2BB942C_E2BB942C.ps1",".ps1"
"D:\MAGIC\scripts\phase00\INBOX\Fulfinal_File_CLEANED_B2AD7EA5_B2AD7EA5_B2AD7EA5.csv","D:\MAGIC\scripts\phase00\INBOX\Fulfinal_File_CLEANED_B2AD7EA5_B2AD7EA5_B2AD7EA5_B2AD7EA5.csv","Fulfinal_File_CLEANED_B2AD7EA5_B2AD7EA5_B2AD7EA5_B2AD7EA5.csv",".csv"
"D:\MAGIC\scripts\phase00\INBOX\full_pipeline_9CB10E26_9CB10E26_9CB10E26.ps1","D:\MAGIC\scripts\phase00\INBOX\full_pipeline_9CB10E26_9CB10E26_9CB10E26_9CB10E26.ps1","full_pipeline_9CB10E26_9CB10E26_9CB10E26_9CB10E26.ps1",".ps1"
"D:\MAGIC\scripts\phase00\INBOX\my_clean_exclude_list_3EECC5DF_3EECC5DF_3EECC5DF.txt","D:\MAGIC\scripts\phase00\INBOX\my_clean_exclude_list_3EECC5DF_3EECC5DF_3EECC5DF_3EECC5DF.txt","my_clean_exclude_list_3EECC5DF_3EECC5DF_3EECC5DF_3EECC5DF.txt",".txt"
"D:\MAGIC\scripts\phase00\INBOX\my_exclude_list_84A583CD_84A583CD_84A583CD.txt","D:\MAGIC\scripts\phase00\INBOX\my_exclude_list_84A583CD_84A583CD_84A583CD_84A583CD.txt","my_exclude_list_84A583CD_84A583CD_84A583CD_84A583CD.txt",".txt"
"D:\MAGIC\scripts\phase00\INBOX\New Text Document_E3B0C442_E3B0C442.txt","D:\MAGIC\scripts\phase00\INBOX\New Text Document_E3B0C442_E3B0C442_E3B0C442.txt","New Text Document_E3B0C442_E3B0C442_E3B0C442.txt",".txt"
"D:\MAGIC\scripts\phase00\INBOX\notify_summary_D6FEA3B1_D6FEA3B1_D6FEA3B1.ps1","D:\MAGIC\scripts\phase00\INBOX\notify_summary_D6FEA3B1_D6FEA3B1_D6FEA3B1_D6FEA3B1.ps1","notify_summary_D6FEA3B1_D6FEA3B1_D6FEA3B1_D6FEA3B1.ps1",".ps1"
"D:\MAGIC\scripts\phase00\INBOX\one_time_organizer.py._730A8F71_730A8F71_730A8F71.txt","D:\MAGIC\scripts\phase00\INBOX\one_time_organizer.py._730A8F71_730A8F71_730A8F71_730A8F71.txt","one_time_organizer.py._730A8F71_730A8F71_730A8F71_730A8F71.txt",".txt"
"D:\MAGIC\scripts\phase00\INBOX\patch_and_run_pipeline_7E9058DC_7E9058DC_7E9058DC.ps1","D:\MAGIC\scripts\phase00\INBOX\patch_and_run_pipeline_7E9058DC_7E9058DC_7E9058DC_7E9058DC.ps1","patch_and_run_pipeline_7E9058DC_7E9058DC_7E9058DC_7E9058DC.ps1",".ps1"
"D:\MAGIC\scripts\phase00\INBOX\patch_dashboard_DED3944F_DED3944F_DED3944F.ps1","D:\MAGIC\scripts\phase00\INBOX\patch_dashboard_DED3944F_DED3944F_DED3944F_DED3944F.ps1","patch_dashboard_DED3944F_DED3944F_DED3944F_DED3944F.ps1",".ps1"
"D:\MAGIC\scripts\phase00\INBOX\patch_reddit_scraper_DAA34CE3_DAA34CE3.ps1","D:\MAGIC\scripts\phase00\INBOX\patch_reddit_scraper_DAA34CE3_DAA34CE3_DAA34CE3.ps1","patch_reddit_scraper_DAA34CE3_DAA34CE3_DAA34CE3.ps1",".ps1"
"D:\MAGIC\scripts\phase00\INBOX\requirements_ADEE2793_ADEE2793_ADEE2793.txt","D:\MAGIC\scripts\phase00\INBOX\requirements_ADEE2793_ADEE2793_ADEE2793_ADEE2793.txt","requirements_ADEE2793_ADEE2793_ADEE2793_ADEE2793.txt",".txt"
"D:\MAGIC\scripts\phase00\INBOX\run_all_scripts_923070E8_923070E8_923070E8.ps1","D:\MAGIC\scripts\phase00\INBOX\run_all_scripts_923070E8_923070E8_923070E8_923070E8.ps1","run_all_scripts_923070E8_923070E8_923070E8_923070E8.ps1",".ps1"
"D:\MAGIC\scripts\phase00\INBOX\run_and_update_readme.ps1_76F720CD_76F720CD_76F720CD.txt","D:\MAGIC\scripts\phase00\INBOX\run_and_update_readme.ps1_76F720CD_76F720CD_76F720CD_76F720CD.txt","run_and_update_readme.ps1_76F720CD_76F720CD_76F720CD_76F720CD.txt",".txt"
"D:\MAGIC\scripts\phase00\INBOX\run_multi_keywords_7F910559_7F910559_7F910559.ps1","D:\MAGIC\scripts\phase00\INBOX\run_multi_keywords_7F910559_7F910559_7F910559_7F910559.ps1","run_multi_keywords_7F910559_7F910559_7F910559_7F910559.ps1",".ps1"
"D:\MAGIC\scripts\phase00\INBOX\schedule_pipeline_17EB6CF5_17EB6CF5_17EB6CF5.ps1","D:\MAGIC\scripts\phase00\INBOX\schedule_pipeline_17EB6CF5_17EB6CF5_17EB6CF5_17EB6CF5.ps1","schedule_pipeline_17EB6CF5_17EB6CF5_17EB6CF5_17EB6CF5.ps1",".ps1"
"D:\MAGIC\scripts\phase00\INBOX\scrape_log_05BFF61D_05BFF61D_05BFF61D.txt","D:\MAGIC\scripts\phase00\INBOX\scrape_log_05BFF61D_05BFF61D_05BFF61D_05BFF61D.txt","scrape_log_05BFF61D_05BFF61D_05BFF61D_05BFF61D.txt",".txt"
"D:\MAGIC\scripts\phase00\INBOX\setup_reddit_patch_28C19E6C_28C19E6C_28C19E6C.ps1","D:\MAGIC\scripts\phase00\INBOX\setup_reddit_patch_28C19E6C_28C19E6C_28C19E6C_28C19E6C.ps1","setup_reddit_patch_28C19E6C_28C19E6C_28C19E6C_28C19E6C.ps1",".ps1"
"D:\MAGIC\scripts\phase00\INBOX\setup_zephyr_env_29075C50_29075C50_29075C50.ps1","D:\MAGIC\scripts\phase00\INBOX\setup_zephyr_env_29075C50_29075C50_29075C50_29075C50.ps1","setup_zephyr_env_29075C50_29075C50_29075C50_29075C50.ps1",".ps1"
"D:\MAGIC\scripts\phase00\INBOX\suppress_chrome_warnings_D7A61E9A_D7A61E9A_D7A61E9A.ps1","D:\MAGIC\scripts\phase00\INBOX\suppress_chrome_warnings_D7A61E9A_D7A61E9A_D7A61E9A_D7A61E9A.ps1","suppress_chrome_warnings_D7A61E9A_D7A61E9A_D7A61E9A_D7A61E9A.ps1",".ps1"
"D:\MAGIC\scripts\phase00\INBOX\tiktok_page_source_EC5F2972_EC5F2972.html","D:\MAGIC\scripts\phase00\INBOX\tiktok_page_source_EC5F2972_EC5F2972_EC5F2972.html","tiktok_page_source_EC5F2972_EC5F2972_EC5F2972.html",".html"
"D:\MAGIC\scripts\phase00\INBOX\update_files_00B90E2F_00B90E2F_00B90E2F.ps1","D:\MAGIC\scripts\phase00\INBOX\update_files_00B90E2F_00B90E2F_00B90E2F_00B90E2F.ps1","update_files_00B90E2F_00B90E2F_00B90E2F_00B90E2F.ps1",".ps1"
"D:\MAGIC\scripts\phase00\INBOX\youtube_scraper_3ED192AF_3ED192AF.ps1","D:\MAGIC\scripts\phase00\INBOX\youtube_scraper_3ED192AF_3ED192AF_3ED192AF.ps1","youtube_scraper_3ED192AF_3ED192AF_3ED192AF.ps1",".ps1"
"D:\MAGIC\scripts\phase1\module_A\1A_placeholder_READY.py","D:\MAGIC\scripts\phase00\INBOX\1A_placeholder_READY_C79E9EC3.py","1A_placeholder_READY_C79E9EC3.py",".py"
"D:\MAGIC\scripts\phase1\module_B\1B_placeholder_READY.py","D:\MAGIC\scripts\phase00\INBOX\1B_placeholder_READY_12671F3E.py","1B_placeholder_READY_12671F3E.py",".py"
"D:\MAGIC\scripts\phase1\module_C\1C_placeholder_READY.py","D:\MAGIC\scripts\phase00\INBOX\1C_placeholder_READY_3C5FA6A2.py","1C_placeholder_READY_3C5FA6A2.py",".py"
"D:\MAGIC\scripts\phase1\module_D\1D_placeholder_READY.py","D:\MAGIC\scripts\phase00\INBOX\1D_placeholder_READY_69CCD83D.py","1D_placeholder_READY_69CCD83D.py",".py"
"D:\MAGIC\scripts\phase1\module_E\1E_placeholder_READY.py","D:\MAGIC\scripts\phase00\INBOX\1E_placeholder_READY_6AF652E4.py","1E_placeholder_READY_6AF652E4.py",".py"
"D:\MAGIC\scripts\phase1\module_F\1F_placeholder_READY.py","D:\MAGIC\scripts\phase00\INBOX\1F_placeholder_READY_1B1759DE.py","1F_placeholder_READY_1B1759DE.py",".py"
"D:\MAGIC\scripts\phase1\module_G\1G_placeholder_READY.py","D:\MAGIC\scripts\phase00\INBOX\1G_placeholder_READY_7919E5FB.py","1G_placeholder_READY_7919E5FB.py",".py"
"D:\MAGIC\scripts\phase1\module_H\1H_placeholder_READY.py","D:\MAGIC\scripts\phase00\INBOX\1H_placeholder_READY_406F91D1.py","1H_placeholder_READY_406F91D1.py",".py"
"D:\MAGIC\scripts\phase1\module_I\1I_placeholder_READY.py","D:\MAGIC\scripts\phase00\INBOX\1I_placeholder_READY_A0315278.py","1I_placeholder_READY_A0315278.py",".py"
"D:\MAGIC\scripts\phase1\module_J\1J_placeholder_READY.py","D:\MAGIC\scripts\phase00\INBOX\1J_placeholder_READY_0D72575A.py","1J_placeholder_READY_0D72575A.py",".py"
"D:\MAGIC\scripts\phase1\module_K\1K_placeholder_READY.py","D:\MAGIC\scripts\phase00\INBOX\1K_placeholder_READY_B0BE4141.py","1K_placeholder_READY_B0BE4141.py",".py"
"D:\MAGIC\scripts\phase1\module_L\1L_placeholder_READY.py","D:\MAGIC\scripts\phase00\INBOX\1L_placeholder_READY_B56E096F.py","1L_placeholder_READY_B56E096F.py",".py"
"D:\MAGIC\scripts\phase1\module_M\1M_placeholder_READY.py","D:\MAGIC\scripts\phase00\INBOX\1M_placeholder_READY_07E34D12.py","1M_placeholder_READY_07E34D12.py",".py"
"D:\MAGIC\scripts\phase1\module_N\1N_placeholder_READY.py","D:\MAGIC\scripts\phase00\INBOX\1N_placeholder_READY_66C3A5DC.py","1N_placeholder_READY_66C3A5DC.py",".py"
"D:\MAGIC\scripts\phase1\module_O\1O_placeholder_READY.py","D:\MAGIC\scripts\phase00\INBOX\1O_placeholder_READY_3DA93E28.py","1O_placeholder_READY_3DA93E28.py",".py"
"D:\MAGIC\scripts\phase1\module_P\1P_placeholder_READY.py","D:\MAGIC\scripts\phase00\INBOX\1P_placeholder_READY_65364D16.py","1P_placeholder_READY_65364D16.py",".py"
"D:\MAGIC\scripts\phase1\module_Q\1Q_placeholder_READY.py","D:\MAGIC\scripts\phase00\INBOX\1Q_placeholder_READY_A53A575F.py","1Q_placeholder_READY_A53A575F.py",".py"
"D:\MAGIC\scripts\phase1\module_R\1R_placeholder_READY.py","D:\MAGIC\scripts\phase00\INBOX\1R_placeholder_READY_993DEA3A.py","1R_placeholder_READY_993DEA3A.py",".py"
"D:\MAGIC\scripts\phase1\module_S\1S_placeholder_READY.py","D:\MAGIC\scripts\phase00\INBOX\1S_placeholder_READY_F978C30F.py","1S_placeholder_READY_F978C30F.py",".py"
"D:\MAGIC\scripts\phase1\module_T\1T_placeholder_READY.py","D:\MAGIC\scripts\phase00\INBOX\1T_placeholder_READY_07D1DAE2.py","1T_placeholder_READY_07D1DAE2.py",".py"
"D:\MAGIC\scripts\phase1\module_U\1U_placeholder_READY.py","D:\MAGIC\scripts\phase00\INBOX\1U_placeholder_READY_EB4D1CF1.py","1U_placeholder_READY_EB4D1CF1.py",".py"
"D:\MAGIC\scripts\phase1\module_V\1V_placeholder_READY.py","D:\MAGIC\scripts\phase00\INBOX\1V_placeholder_READY_0637B66F.py","1V_placeholder_READY_0637B66F.py",".py"
"D:\MAGIC\scripts\phase1\module_W\1W_placeholder_READY.py","D:\MAGIC\scripts\phase00\INBOX\1W_placeholder_READY_6A95F9EE.py","1W_placeholder_READY_6A95F9EE.py",".py"
"D:\MAGIC\scripts\phase1\module_X\1X_placeholder_READY.py","D:\MAGIC\scripts\phase00\INBOX\1X_placeholder_READY_CEF6F579.py","1X_placeholder_READY_CEF6F579.py",".py"
"D:\MAGIC\scripts\phase1\module_Y\1Y_placeholder_READY.py","D:\MAGIC\scripts\phase00\INBOX\1Y_placeholder_READY_C0EF3486.py","1Y_placeholder_READY_C0EF3486.py",".py"
"D:\MAGIC\scripts\phase1\module_Z\1Z_placeholder_READY.py","D:\MAGIC\scripts\phase00\INBOX\1Z_placeholder_READY_9885BE24.py","1Z_placeholder_READY_9885BE24.py",".py"
"D:\MAGIC\scripts\phase2\module_A\2A_placeholder_READY.py","D:\MAGIC\scripts\phase00\INBOX\2A_placeholder_READY_269FCD11.py","2A_placeholder_READY_269FCD11.py",".py"
"D:\MAGIC\scripts\phase2\module_B\2B_placeholder_READY.py","D:\MAGIC\scripts\phase00\INBOX\2B_placeholder_READY_9FF31136.py","2B_placeholder_READY_9FF31136.py",".py"
"D:\MAGIC\scripts\phase2\module_C\2C_placeholder_READY.py","D:\MAGIC\scripts\phase00\INBOX\2C_placeholder_READY_727DEE2D.py","2C_placeholder_READY_727DEE2D.py",".py"
"D:\MAGIC\scripts\phase2\module_D\2D_placeholder_READY.py","D:\MAGIC\scripts\phase00\INBOX\2D_placeholder_READY_00F15162.py","2D_placeholder_READY_00F15162.py",".py"
"D:\MAGIC\scripts\phase2\module_E\2E_placeholder_READY.py","D:\MAGIC\scripts\phase00\INBOX\2E_placeholder_READY_934E3B95.py","2E_placeholder_READY_934E3B95.py",".py"
"D:\MAGIC\scripts\phase2\module_F\2F_placeholder_READY.py","D:\MAGIC\scripts\phase00\INBOX\2F_placeholder_READY_C5ECA609.py","2F_placeholder_READY_C5ECA609.py",".py"
"D:\MAGIC\scripts\phase2\module_G\2G_placeholder_READY.py","D:\MAGIC\scripts\phase00\INBOX\2G_placeholder_READY_DEA69E5C.py","2G_placeholder_READY_DEA69E5C.py",".py"
"D:\MAGIC\scripts\phase2\module_H\2H_placeholder_READY.py","D:\MAGIC\scripts\phase00\INBOX\2H_placeholder_READY_BF3D4DCB.py","2H_placeholder_READY_BF3D4DCB.py",".py"
"D:\MAGIC\scripts\phase2\module_I\2I_placeholder_READY.py","D:\MAGIC\scripts\phase00\INBOX\2I_placeholder_READY_515257EB.py","2I_placeholder_READY_515257EB.py",".py"
"D:\MAGIC\scripts\phase2\module_J\2J_placeholder_READY.py","D:\MAGIC\scripts\phase00\INBOX\2J_placeholder_READY_FCC71D48.py","2J_placeholder_READY_FCC71D48.py",".py"
"D:\MAGIC\scripts\phase2\module_K\2K_placeholder_READY.py","D:\MAGIC\scripts\phase00\INBOX\2K_placeholder_READY_205B4B98.py","2K_placeholder_READY_205B4B98.py",".py"
"D:\MAGIC\scripts\phase2\module_L\2L_placeholder_READY.py","D:\MAGIC\scripts\phase00\INBOX\2L_placeholder_READY_4F97938C.py","2L_placeholder_READY_4F97938C.py",".py"
"D:\MAGIC\scripts\phase2\module_M\2M_placeholder_READY.py","D:\MAGIC\scripts\phase00\INBOX\2M_placeholder_READY_16BC858B.py","2M_placeholder_READY_16BC858B.py",".py"
"D:\MAGIC\scripts\phase2\module_N\2N_placeholder_READY.py","D:\MAGIC\scripts\phase00\INBOX\2N_placeholder_READY_1ED5F3DC.py","2N_placeholder_READY_1ED5F3DC.py",".py"
"D:\MAGIC\scripts\phase2\module_O\2O_placeholder_READY.py","D:\MAGIC\scripts\phase00\INBOX\2O_placeholder_READY_107628A0.py","2O_placeholder_READY_107628A0.py",".py"
"D:\MAGIC\scripts\phase2\module_P\2P_placeholder_READY.py","D:\MAGIC\scripts\phase00\INBOX\2P_placeholder_READY_8F89AC3B.py","2P_placeholder_READY_8F89AC3B.py",".py"
"D:\MAGIC\scripts\phase2\module_Q\2Q_placeholder_READY.py","D:\MAGIC\scripts\phase00\INBOX\2Q_placeholder_READY_27C842AF.py","2Q_placeholder_READY_27C842AF.py",".py"
"D:\MAGIC\scripts\phase2\module_R\2R_placeholder_READY.py","D:\MAGIC\scripts\phase00\INBOX\2R_placeholder_READY_04F75E58.py","2R_placeholder_READY_04F75E58.py",".py"
"D:\MAGIC\scripts\phase2\module_S\2S_placeholder_READY.py","D:\MAGIC\scripts\phase00\INBOX\2S_placeholder_READY_0DAB7EAA.py","2S_placeholder_READY_0DAB7EAA.py",".py"
"D:\MAGIC\scripts\phase2\module_T\2T_placeholder_READY.py","D:\MAGIC\scripts\phase00\INBOX\2T_placeholder_READY_D17F030D.py","2T_placeholder_READY_D17F030D.py",".py"
"D:\MAGIC\scripts\phase2\module_U\2U_placeholder_READY.py","D:\MAGIC\scripts\phase00\INBOX\2U_placeholder_READY_258A2F5F.py","2U_placeholder_READY_258A2F5F.py",".py"
"D:\MAGIC\scripts\phase2\module_V\2V_placeholder_READY.py","D:\MAGIC\scripts\phase00\INBOX\2V_placeholder_READY_87525B42.py","2V_placeholder_READY_87525B42.py",".py"
"D:\MAGIC\scripts\phase2\module_W\2W_placeholder_READY.py","D:\MAGIC\scripts\phase00\INBOX\2W_placeholder_READY_7CAFA1A9.py","2W_placeholder_READY_7CAFA1A9.py",".py"
"D:\MAGIC\scripts\phase2\module_X\2X_placeholder_READY.py","D:\MAGIC\scripts\phase00\INBOX\2X_placeholder_READY_F99D9B5A.py","2X_placeholder_READY_F99D9B5A.py",".py"
"D:\MAGIC\scripts\phase2\module_Y\2Y_placeholder_READY.py","D:\MAGIC\scripts\phase00\INBOX\2Y_placeholder_READY_65AFA8BC.py","2Y_placeholder_READY_65AFA8BC.py",".py"
"D:\MAGIC\scripts\phase2\module_Z\2Z_placeholder_READY.py","D:\MAGIC\scripts\phase00\INBOX\2Z_placeholder_READY_1CAD2FDB.py","2Z_placeholder_READY_1CAD2FDB.py",".py"
"D:\MAGIC\scripts\phase3\module_A\3A_placeholder_READY.py","D:\MAGIC\scripts\phase00\INBOX\3A_placeholder_READY_F0A377F7.py","3A_placeholder_READY_F0A377F7.py",".py"
"D:\MAGIC\scripts\phase3\module_B\3B_placeholder_READY.py","D:\MAGIC\scripts\phase00\INBOX\3B_placeholder_READY_DFF6C6DE.py","3B_placeholder_READY_DFF6C6DE.py",".py"
"D:\MAGIC\scripts\phase3\module_C\3C_placeholder_READY.py","D:\MAGIC\scripts\phase00\INBOX\3C_placeholder_READY_4BD159CE.py","3C_placeholder_READY_4BD159CE.py",".py"
"D:\MAGIC\scripts\phase3\module_D\3D_placeholder_READY.py","D:\MAGIC\scripts\phase00\INBOX\3D_placeholder_READY_95809D04.py","3D_placeholder_READY_95809D04.py",".py"
"D:\MAGIC\scripts\phase3\module_E\3E_placeholder_READY.py","D:\MAGIC\scripts\phase00\INBOX\3E_placeholder_READY_593FC4C7.py","3E_placeholder_READY_593FC4C7.py",".py"
"D:\MAGIC\scripts\phase3\module_F\3F_placeholder_READY.py","D:\MAGIC\scripts\phase00\INBOX\3F_placeholder_READY_563EDEF1.py","3F_placeholder_READY_563EDEF1.py",".py"
"D:\MAGIC\scripts\phase3\module_G\3G_placeholder_READY.py","D:\MAGIC\scripts\phase00\INBOX\3G_placeholder_READY_9014AA19.py","3G_placeholder_READY_9014AA19.py",".py"
"D:\MAGIC\scripts\phase3\module_H\3H_placeholder_READY.py","D:\MAGIC\scripts\phase00\INBOX\3H_placeholder_READY_8BBAA33E.py","3H_placeholder_READY_8BBAA33E.py",".py"
"D:\MAGIC\scripts\phase3\module_I\3I_placeholder_READY.py","D:\MAGIC\scripts\phase00\INBOX\3I_placeholder_READY_B7922E06.py","3I_placeholder_READY_B7922E06.py",".py"
"D:\MAGIC\scripts\phase3\module_J\3J_placeholder_READY.py","D:\MAGIC\scripts\phase00\INBOX\3J_placeholder_READY_27AE8DD9.py","3J_placeholder_READY_27AE8DD9.py",".py"
"D:\MAGIC\scripts\phase3\module_K\3K_placeholder_READY.py","D:\MAGIC\scripts\phase00\INBOX\3K_placeholder_READY_03502BEA.py","3K_placeholder_READY_03502BEA.py",".py"
"D:\MAGIC\scripts\phase3\module_L\3L_placeholder_READY.py","D:\MAGIC\scripts\phase00\INBOX\3L_placeholder_READY_08B562F0.py","3L_placeholder_READY_08B562F0.py",".py"
"D:\MAGIC\scripts\phase3\module_M\3M_placeholder_READY.py","D:\MAGIC\scripts\phase00\INBOX\3M_placeholder_READY_5FE993E0.py","3M_placeholder_READY_5FE993E0.py",".py"
"D:\MAGIC\scripts\phase3\module_N\3N_placeholder_READY.py","D:\MAGIC\scripts\phase00\INBOX\3N_placeholder_READY_A8545F28.py","3N_placeholder_READY_A8545F28.py",".py"
"D:\MAGIC\scripts\phase3\module_O\3O_placeholder_READY.py","D:\MAGIC\scripts\phase00\INBOX\3O_placeholder_READY_3BF2C350.py","3O_placeholder_READY_3BF2C350.py",".py"
"D:\MAGIC\scripts\phase3\module_P\3P_placeholder_READY.py","D:\MAGIC\scripts\phase00\INBOX\3P_placeholder_READY_5CB653C8.py","3P_placeholder_READY_5CB653C8.py",".py"
"D:\MAGIC\scripts\phase3\module_Q\3Q_placeholder_READY.py","D:\MAGIC\scripts\phase00\INBOX\3Q_placeholder_READY_940D73A4.py","3Q_placeholder_READY_940D73A4.py",".py"
"D:\MAGIC\scripts\phase3\module_R\3R_placeholder_READY.py","D:\MAGIC\scripts\phase00\INBOX\3R_placeholder_READY_499EA749.py","3R_placeholder_READY_499EA749.py",".py"
"D:\MAGIC\scripts\phase3\module_S\3S_placeholder_READY.py","D:\MAGIC\scripts\phase00\INBOX\3S_placeholder_READY_F390B19F.py","3S_placeholder_READY_F390B19F.py",".py"
"D:\MAGIC\scripts\phase3\module_T\3T_placeholder_READY.py","D:\MAGIC\scripts\phase00\INBOX\3T_placeholder_READY_C2BC4DF8.py","3T_placeholder_READY_C2BC4DF8.py",".py"
"D:\MAGIC\scripts\phase3\module_U\3U_placeholder_READY.py","D:\MAGIC\scripts\phase00\INBOX\3U_placeholder_READY_5BA6F9AB.py","3U_placeholder_READY_5BA6F9AB.py",".py"
"D:\MAGIC\scripts\phase3\module_V\3V_placeholder_READY.py","D:\MAGIC\scripts\phase00\INBOX\3V_placeholder_READY_A061DE4D.py","3V_placeholder_READY_A061DE4D.py",".py"
"D:\MAGIC\scripts\phase3\module_W\3W_placeholder_READY.py","D:\MAGIC\scripts\phase00\INBOX\3W_placeholder_READY_D1FC408C.py","3W_placeholder_READY_D1FC408C.py",".py"
"D:\MAGIC\scripts\phase3\module_X\3X_placeholder_READY.py","D:\MAGIC\scripts\phase00\INBOX\3X_placeholder_READY_A5047553.py","3X_placeholder_READY_A5047553.py",".py"
"D:\MAGIC\scripts\phase3\module_Y\3Y_placeholder_READY.py","D:\MAGIC\scripts\phase00\INBOX\3Y_placeholder_READY_8617DDB7.py","3Y_placeholder_READY_8617DDB7.py",".py"
"D:\MAGIC\scripts\phase3\module_Z\3Z_placeholder_READY.py","D:\MAGIC\scripts\phase00\INBOX\3Z_placeholder_READY_3C8EF017.py","3Z_placeholder_READY_3C8EF017.py",".py"
"D:\MAGIC\scripts\phase4\module_A\4A_placeholder_READY.py","D:\MAGIC\scripts\phase00\INBOX\4A_placeholder_READY_71D23700.py","4A_placeholder_READY_71D23700.py",".py"
"D:\MAGIC\scripts\phase4\module_B\4B_placeholder_READY.py","D:\MAGIC\scripts\phase00\INBOX\4B_placeholder_READY_CFF62F75.py","4B_placeholder_READY_CFF62F75.py",".py"
"D:\MAGIC\scripts\phase4\module_C\4C_placeholder_READY.py","D:\MAGIC\scripts\phase00\INBOX\4C_placeholder_READY_FC3C5CC6.py","4C_placeholder_READY_FC3C5CC6.py",".py"
"D:\MAGIC\scripts\phase4\module_D\4D_placeholder_READY.py","D:\MAGIC\scripts\phase00\INBOX\4D_placeholder_READY_A29BA178.py","4D_placeholder_READY_A29BA178.py",".py"
"D:\MAGIC\scripts\phase4\module_E\4E_placeholder_READY.py","D:\MAGIC\scripts\phase00\INBOX\4E_placeholder_READY_0D446195.py","4E_placeholder_READY_0D446195.py",".py"
"D:\MAGIC\scripts\phase4\module_F\4F_placeholder_READY.py","D:\MAGIC\scripts\phase00\INBOX\4F_placeholder_READY_B9DC5115.py","4F_placeholder_READY_B9DC5115.py",".py"
"D:\MAGIC\scripts\phase4\module_G\4G_placeholder_READY.py","D:\MAGIC\scripts\phase00\INBOX\4G_placeholder_READY_C7FF5510.py","4G_placeholder_READY_C7FF5510.py",".py"
"D:\MAGIC\scripts\phase4\module_H\4H_placeholder_READY.py","D:\MAGIC\scripts\phase00\INBOX\4H_placeholder_READY_2463576A.py","4H_placeholder_READY_2463576A.py",".py"
"D:\MAGIC\scripts\phase4\module_I\4I_placeholder_READY.py","D:\MAGIC\scripts\phase00\INBOX\4I_placeholder_READY_BFBCBE0D.py","4I_placeholder_READY_BFBCBE0D.py",".py"
"D:\MAGIC\scripts\phase4\module_J\4J_placeholder_READY.py","D:\MAGIC\scripts\phase00\INBOX\4J_placeholder_READY_E9F71A96.py","4J_placeholder_READY_E9F71A96.py",".py"
"D:\MAGIC\scripts\phase4\module_K\4K_placeholder_READY.py","D:\MAGIC\scripts\phase00\INBOX\4K_placeholder_READY_E155898C.py","4K_placeholder_READY_E155898C.py",".py"
"D:\MAGIC\scripts\phase4\module_L\4L_placeholder_READY.py","D:\MAGIC\scripts\phase00\INBOX\4L_placeholder_READY_53354F56.py","4L_placeholder_READY_53354F56.py",".py"
"D:\MAGIC\scripts\phase4\module_M\4M_placeholder_READY.py","D:\MAGIC\scripts\phase00\INBOX\4M_placeholder_READY_EBD4C368.py","4M_placeholder_READY_EBD4C368.py",".py"
"D:\MAGIC\scripts\phase4\module_N\4N_placeholder_READY.py","D:\MAGIC\scripts\phase00\INBOX\4N_placeholder_READY_EE53A37F.py","4N_placeholder_READY_EE53A37F.py",".py"
"D:\MAGIC\scripts\phase4\module_O\4O_placeholder_READY.py","D:\MAGIC\scripts\phase00\INBOX\4O_placeholder_READY_A69CF2D1.py","4O_placeholder_READY_A69CF2D1.py",".py"
"D:\MAGIC\scripts\phase4\module_P\4P_placeholder_READY.py","D:\MAGIC\scripts\phase00\INBOX\4P_placeholder_READY_75375A7B.py","4P_placeholder_READY_75375A7B.py",".py"
"D:\MAGIC\scripts\phase4\module_Q\4Q_placeholder_READY.py","D:\MAGIC\scripts\phase00\INBOX\4Q_placeholder_READY_53A560DE.py","4Q_placeholder_READY_53A560DE.py",".py"
"D:\MAGIC\scripts\phase4\module_R\4R_placeholder_READY.py","D:\MAGIC\scripts\phase00\INBOX\4R_placeholder_READY_5EC866F9.py","4R_placeholder_READY_5EC866F9.py",".py"
"D:\MAGIC\scripts\phase4\module_S\4S_placeholder_READY.py","D:\MAGIC\scripts\phase00\INBOX\4S_placeholder_READY_5216C8BB.py","4S_placeholder_READY_5216C8BB.py",".py"
"D:\MAGIC\scripts\phase4\module_T\4T_placeholder_READY.py","D:\MAGIC\scripts\phase00\INBOX\4T_placeholder_READY_9D043480.py","4T_placeholder_READY_9D043480.py",".py"
"D:\MAGIC\scripts\phase4\module_U\4U_placeholder_READY.py","D:\MAGIC\scripts\phase00\INBOX\4U_placeholder_READY_B4FDE2BF.py","4U_placeholder_READY_B4FDE2BF.py",".py"
"D:\MAGIC\scripts\phase4\module_V\4V_placeholder_READY.py","D:\MAGIC\scripts\phase00\INBOX\4V_placeholder_READY_422CEE21.py","4V_placeholder_READY_422CEE21.py",".py"
"D:\MAGIC\scripts\phase4\module_W\4W_placeholder_READY.py","D:\MAGIC\scripts\phase00\INBOX\4W_placeholder_READY_C7A0B6D1.py","4W_placeholder_READY_C7A0B6D1.py",".py"
"D:\MAGIC\scripts\phase4\module_X\4X_placeholder_READY.py","D:\MAGIC\scripts\phase00\INBOX\4X_placeholder_READY_C1272A47.py","4X_placeholder_READY_C1272A47.py",".py"
"D:\MAGIC\scripts\phase4\module_Y\4Y_placeholder_READY.py","D:\MAGIC\scripts\phase00\INBOX\4Y_placeholder_READY_C04B7419.py","4Y_placeholder_READY_C04B7419.py",".py"
"D:\MAGIC\scripts\phase4\module_Z\4Z_placeholder_READY.py","D:\MAGIC\scripts\phase00\INBOX\4Z_placeholder_READY_18FF3975.py","4Z_placeholder_READY_18FF3975.py",".py"
"D:\MAGIC\scripts\phase5\module_A\5A_placeholder_READY.py","D:\MAGIC\scripts\phase00\INBOX\5A_placeholder_READY_549E08EB.py","5A_placeholder_READY_549E08EB.py",".py"
"D:\MAGIC\scripts\phase5\module_B\5B_placeholder_READY.py","D:\MAGIC\scripts\phase00\INBOX\5B_placeholder_READY_1D17301D.py","5B_placeholder_READY_1D17301D.py",".py"
"D:\MAGIC\scripts\phase5\module_C\5C_placeholder_READY.py","D:\MAGIC\scripts\phase00\INBOX\5C_placeholder_READY_CEFDA4D8.py","5C_placeholder_READY_CEFDA4D8.py",".py"
"D:\MAGIC\scripts\phase5\module_D\5D_placeholder_READY.py","D:\MAGIC\scripts\phase00\INBOX\5D_placeholder_READY_9D67B3B5.py","5D_placeholder_READY_9D67B3B5.py",".py"
"D:\MAGIC\scripts\phase5\module_E\5E_placeholder_READY.py","D:\MAGIC\scripts\phase00\INBOX\5E_placeholder_READY_1171579C.py","5E_placeholder_READY_1171579C.py",".py"
"D:\MAGIC\scripts\phase5\module_F\5F_placeholder_READY.py","D:\MAGIC\scripts\phase00\INBOX\5F_placeholder_READY_85D5A9AA.py","5F_placeholder_READY_85D5A9AA.py",".py"
"D:\MAGIC\scripts\phase5\module_G\5G_placeholder_READY.py","D:\MAGIC\scripts\phase00\INBOX\5G_placeholder_READY_0945EFF9.py","5G_placeholder_READY_0945EFF9.py",".py"
"D:\MAGIC\scripts\phase5\module_H\5H_placeholder_READY.py","D:\MAGIC\scripts\phase00\INBOX\5H_placeholder_READY_27C4B4BC.py","5H_placeholder_READY_27C4B4BC.py",".py"
"D:\MAGIC\scripts\phase5\module_I\5I_placeholder_READY.py","D:\MAGIC\scripts\phase00\INBOX\5I_placeholder_READY_898AFE23.py","5I_placeholder_READY_898AFE23.py",".py"
"D:\MAGIC\scripts\phase5\module_J\5J_placeholder_READY.py","D:\MAGIC\scripts\phase00\INBOX\5J_placeholder_READY_7A3E284F.py","5J_placeholder_READY_7A3E284F.py",".py"
"D:\MAGIC\scripts\phase5\module_K\5K_placeholder_READY.py","D:\MAGIC\scripts\phase00\INBOX\5K_placeholder_READY_58C55059.py","5K_placeholder_READY_58C55059.py",".py"
"D:\MAGIC\scripts\phase5\module_L\5L_placeholder_READY.py","D:\MAGIC\scripts\phase00\INBOX\5L_placeholder_READY_CE0B1FF8.py","5L_placeholder_READY_CE0B1FF8.py",".py"
"D:\MAGIC\scripts\phase5\module_M\5M_placeholder_READY.py","D:\MAGIC\scripts\phase00\INBOX\5M_placeholder_READY_C0F83F3C.py","5M_placeholder_READY_C0F83F3C.py",".py"
"D:\MAGIC\scripts\phase5\module_N\5N_placeholder_READY.py","D:\MAGIC\scripts\phase00\INBOX\5N_placeholder_READY_F0B7BAA0.py","5N_placeholder_READY_F0B7BAA0.py",".py"
"D:\MAGIC\scripts\phase5\module_O\5O_placeholder_READY.py","D:\MAGIC\scripts\phase00\INBOX\5O_placeholder_READY_ED30EABE.py","5O_placeholder_READY_ED30EABE.py",".py"
"D:\MAGIC\scripts\phase5\module_P\5P_placeholder_READY.py","D:\MAGIC\scripts\phase00\INBOX\5P_placeholder_READY_BDBB0C45.py","5P_placeholder_READY_BDBB0C45.py",".py"
"D:\MAGIC\scripts\phase5\module_Q\5Q_placeholder_READY.py","D:\MAGIC\scripts\phase00\INBOX\5Q_placeholder_READY_071BF765.py","5Q_placeholder_READY_071BF765.py",".py"
"D:\MAGIC\scripts\phase5\module_R\5R_placeholder_READY.py","D:\MAGIC\scripts\phase00\INBOX\5R_placeholder_READY_D8B8078B.py","5R_placeholder_READY_D8B8078B.py",".py"
"D:\MAGIC\scripts\phase5\module_S\5S_placeholder_READY.py","D:\MAGIC\scripts\phase00\INBOX\5S_placeholder_READY_F2523FB4.py","5S_placeholder_READY_F2523FB4.py",".py"
"D:\MAGIC\scripts\phase5\module_T\5T_placeholder_READY.py","D:\MAGIC\scripts\phase00\INBOX\5T_placeholder_READY_7FF4B29A.py","5T_placeholder_READY_7FF4B29A.py",".py"
"D:\MAGIC\scripts\phase5\module_U\5U_placeholder_READY.py","D:\MAGIC\scripts\phase00\INBOX\5U_placeholder_READY_EF61278E.py","5U_placeholder_READY_EF61278E.py",".py"
"D:\MAGIC\scripts\phase5\module_V\5V_placeholder_READY.py","D:\MAGIC\scripts\phase00\INBOX\5V_placeholder_READY_3E7A3ECB.py","5V_placeholder_READY_3E7A3ECB.py",".py"
"D:\MAGIC\scripts\phase5\module_W\5W_placeholder_READY.py","D:\MAGIC\scripts\phase00\INBOX\5W_placeholder_READY_F69C5E54.py","5W_placeholder_READY_F69C5E54.py",".py"
"D:\MAGIC\scripts\phase5\module_X\5X_placeholder_READY.py","D:\MAGIC\scripts\phase00\INBOX\5X_placeholder_READY_F95082FC.py","5X_placeholder_READY_F95082FC.py",".py"
"D:\MAGIC\scripts\phase5\module_Y\5Y_placeholder_READY.py","D:\MAGIC\scripts\phase00\INBOX\5Y_placeholder_READY_11C86BFF.py","5Y_placeholder_READY_11C86BFF.py",".py"
"D:\MAGIC\scripts\phase5\module_Z\5Z_placeholder_READY.py","D:\MAGIC\scripts\phase00\INBOX\5Z_placeholder_READY_D24B5007.py","5Z_placeholder_READY_D24B5007.py",".py"
"D:\MAGIC\scripts\phase6\module_A\6A_placeholder_READY.py","D:\MAGIC\scripts\phase00\INBOX\6A_placeholder_READY_6D8A16C0.py","6A_placeholder_READY_6D8A16C0.py",".py"
"D:\MAGIC\scripts\phase6\module_B\6B_placeholder_READY.py","D:\MAGIC\scripts\phase00\INBOX\6B_placeholder_READY_B6847FF9.py","6B_placeholder_READY_B6847FF9.py",".py"
"D:\MAGIC\scripts\phase6\module_C\6C_placeholder_READY.py","D:\MAGIC\scripts\phase00\INBOX\6C_placeholder_READY_5DA83129.py","6C_placeholder_READY_5DA83129.py",".py"
"D:\MAGIC\scripts\phase6\module_D\6D_placeholder_READY.py","D:\MAGIC\scripts\phase00\INBOX\6D_placeholder_READY_0C000354.py","6D_placeholder_READY_0C000354.py",".py"
"D:\MAGIC\scripts\phase6\module_E\6E_placeholder_READY.py","D:\MAGIC\scripts\phase00\INBOX\6E_placeholder_READY_69162446.py","6E_placeholder_READY_69162446.py",".py"
"D:\MAGIC\scripts\phase6\module_F\6F_placeholder_READY.py","D:\MAGIC\scripts\phase00\INBOX\6F_placeholder_READY_58C79F93.py","6F_placeholder_READY_58C79F93.py",".py"
"D:\MAGIC\scripts\phase6\module_G\6G_placeholder_READY.py","D:\MAGIC\scripts\phase00\INBOX\6G_placeholder_READY_A97D5A8B.py","6G_placeholder_READY_A97D5A8B.py",".py"
"D:\MAGIC\scripts\phase6\module_H\6H_placeholder_READY.py","D:\MAGIC\scripts\phase00\INBOX\6H_placeholder_READY_24EE4CF3.py","6H_placeholder_READY_24EE4CF3.py",".py"
"D:\MAGIC\scripts\phase6\module_I\6I_placeholder_READY.py","D:\MAGIC\scripts\phase00\INBOX\6I_placeholder_READY_CA5101B8.py","6I_placeholder_READY_CA5101B8.py",".py"
"D:\MAGIC\scripts\phase6\module_J\6J_placeholder_READY.py","D:\MAGIC\scripts\phase00\INBOX\6J_placeholder_READY_BC607EA3.py","6J_placeholder_READY_BC607EA3.py",".py"
"D:\MAGIC\scripts\phase6\module_K\6K_placeholder_READY.py","D:\MAGIC\scripts\phase00\INBOX\6K_placeholder_READY_706D4D19.py","6K_placeholder_READY_706D4D19.py",".py"
"D:\MAGIC\scripts\phase6\module_L\6L_placeholder_READY.py","D:\MAGIC\scripts\phase00\INBOX\6L_placeholder_READY_17EB4005.py","6L_placeholder_READY_17EB4005.py",".py"
"D:\MAGIC\scripts\phase6\module_M\6M_placeholder_READY.py","D:\MAGIC\scripts\phase00\INBOX\6M_placeholder_READY_DA45310C.py","6M_placeholder_READY_DA45310C.py",".py"
"D:\MAGIC\scripts\phase6\module_N\6N_placeholder_READY.py","D:\MAGIC\scripts\phase00\INBOX\6N_placeholder_READY_38DF0770.py","6N_placeholder_READY_38DF0770.py",".py"
"D:\MAGIC\scripts\phase6\module_O\6O_placeholder_READY.py","D:\MAGIC\scripts\phase00\INBOX\6O_placeholder_READY_54394E89.py","6O_placeholder_READY_54394E89.py",".py"
"D:\MAGIC\scripts\phase6\module_P\6P_placeholder_READY.py","D:\MAGIC\scripts\phase00\INBOX\6P_placeholder_READY_5E5A7206.py","6P_placeholder_READY_5E5A7206.py",".py"
"D:\MAGIC\scripts\phase6\module_Q\6Q_placeholder_READY.py","D:\MAGIC\scripts\phase00\INBOX\6Q_placeholder_READY_7B7F5093.py","6Q_placeholder_READY_7B7F5093.py",".py"
"D:\MAGIC\scripts\phase6\module_R\6R_placeholder_READY.py","D:\MAGIC\scripts\phase00\INBOX\6R_placeholder_READY_8465D68E.py","6R_placeholder_READY_8465D68E.py",".py"
"D:\MAGIC\scripts\phase6\module_S\6S_placeholder_READY.py","D:\MAGIC\scripts\phase00\INBOX\6S_placeholder_READY_3B47EB82.py","6S_placeholder_READY_3B47EB82.py",".py"
"D:\MAGIC\scripts\phase6\module_T\6T_placeholder_READY.py","D:\MAGIC\scripts\phase00\INBOX\6T_placeholder_READY_DB7D651C.py","6T_placeholder_READY_DB7D651C.py",".py"
"D:\MAGIC\scripts\phase6\module_U\6U_placeholder_READY.py","D:\MAGIC\scripts\phase00\INBOX\6U_placeholder_READY_36932220.py","6U_placeholder_READY_36932220.py",".py"
"D:\MAGIC\scripts\phase6\module_V\6V_placeholder_READY.py","D:\MAGIC\scripts\phase00\INBOX\6V_placeholder_READY_53D7E132.py","6V_placeholder_READY_53D7E132.py",".py"
"D:\MAGIC\scripts\phase6\module_W\6W_placeholder_READY.py","D:\MAGIC\scripts\phase00\INBOX\6W_placeholder_READY_747CC73C.py","6W_placeholder_READY_747CC73C.py",".py"
"D:\MAGIC\scripts\phase6\module_X\6X_placeholder_READY.py","D:\MAGIC\scripts\phase00\INBOX\6X_placeholder_READY_D391CFFB.py","6X_placeholder_READY_D391CFFB.py",".py"
"D:\MAGIC\scripts\phase6\module_Y\6Y_placeholder_READY.py","D:\MAGIC\scripts\phase00\INBOX\6Y_placeholder_READY_6B56752E.py","6Y_placeholder_READY_6B56752E.py",".py"
"D:\MAGIC\scripts\phase6\module_Z\6Z_placeholder_READY.py","D:\MAGIC\scripts\phase00\INBOX\6Z_placeholder_READY_D985E334.py","6Z_placeholder_READY_D985E334.py",".py"
"D:\MAGIC\scripts\phase7\module_A\7A_placeholder_READY.py","D:\MAGIC\scripts\phase00\INBOX\7A_placeholder_READY_ED55C378.py","7A_placeholder_READY_ED55C378.py",".py"
"D:\MAGIC\scripts\phase7\module_B\7B_placeholder_READY.py","D:\MAGIC\scripts\phase00\INBOX\7B_placeholder_READY_9564AA45.py","7B_placeholder_READY_9564AA45.py",".py"
"D:\MAGIC\scripts\phase7\module_C\7C_placeholder_READY.py","D:\MAGIC\scripts\phase00\INBOX\7C_placeholder_READY_62E031E7.py","7C_placeholder_READY_62E031E7.py",".py"
"D:\MAGIC\scripts\phase7\module_D\7D_placeholder_READY.py","D:\MAGIC\scripts\phase00\INBOX\7D_placeholder_READY_C911CE19.py","7D_placeholder_READY_C911CE19.py",".py"
"D:\MAGIC\scripts\phase7\module_E\7E_placeholder_READY.py","D:\MAGIC\scripts\phase00\INBOX\7E_placeholder_READY_7A4C64D0.py","7E_placeholder_READY_7A4C64D0.py",".py"
"D:\MAGIC\scripts\phase7\module_F\7F_placeholder_READY.py","D:\MAGIC\scripts\phase00\INBOX\7F_placeholder_READY_77DBF5BB.py","7F_placeholder_READY_77DBF5BB.py",".py"
"D:\MAGIC\scripts\phase7\module_G\7G_placeholder_READY.py","D:\MAGIC\scripts\phase00\INBOX\7G_placeholder_READY_CFFF1853.py","7G_placeholder_READY_CFFF1853.py",".py"
"D:\MAGIC\scripts\phase7\module_H\7H_placeholder_READY.py","D:\MAGIC\scripts\phase00\INBOX\7H_placeholder_READY_8566A4E4.py","7H_placeholder_READY_8566A4E4.py",".py"
"D:\MAGIC\scripts\phase7\module_I\7I_placeholder_READY.py","D:\MAGIC\scripts\phase00\INBOX\7I_placeholder_READY_1C1D33A3.py","7I_placeholder_READY_1C1D33A3.py",".py"
"D:\MAGIC\scripts\phase7\module_J\7J_placeholder_READY.py","D:\MAGIC\scripts\phase00\INBOX\7J_placeholder_READY_B94B9F90.py","7J_placeholder_READY_B94B9F90.py",".py"
"D:\MAGIC\scripts\phase7\module_K\7K_placeholder_READY.py","D:\MAGIC\scripts\phase00\INBOX\7K_placeholder_READY_0C648DF3.py","7K_placeholder_READY_0C648DF3.py",".py"
"D:\MAGIC\scripts\phase7\module_L\7L_placeholder_READY.py","D:\MAGIC\scripts\phase00\INBOX\7L_placeholder_READY_B326682C.py","7L_placeholder_READY_B326682C.py",".py"
"D:\MAGIC\scripts\phase7\module_M\7M_placeholder_READY.py","D:\MAGIC\scripts\phase00\INBOX\7M_placeholder_READY_5C492185.py","7M_placeholder_READY_5C492185.py",".py"
"D:\MAGIC\scripts\phase7\module_N\7N_placeholder_READY.py","D:\MAGIC\scripts\phase00\INBOX\7N_placeholder_READY_5F2F46D6.py","7N_placeholder_READY_5F2F46D6.py",".py"
"D:\MAGIC\scripts\phase7\module_O\7O_placeholder_READY.py","D:\MAGIC\scripts\phase00\INBOX\7O_placeholder_READY_043BBCDC.py","7O_placeholder_READY_043BBCDC.py",".py"
"D:\MAGIC\scripts\phase7\module_P\7P_placeholder_READY.py","D:\MAGIC\scripts\phase00\INBOX\7P_placeholder_READY_53FEA47A.py","7P_placeholder_READY_53FEA47A.py",".py"
"D:\MAGIC\scripts\phase7\module_Q\7Q_placeholder_READY.py","D:\MAGIC\scripts\phase00\INBOX\7Q_placeholder_READY_16C2FABD.py","7Q_placeholder_READY_16C2FABD.py",".py"
"D:\MAGIC\scripts\phase7\module_R\7R_placeholder_READY.py","D:\MAGIC\scripts\phase00\INBOX\7R_placeholder_READY_3D64AF6E.py","7R_placeholder_READY_3D64AF6E.py",".py"
"D:\MAGIC\scripts\phase7\module_S\7S_placeholder_READY.py","D:\MAGIC\scripts\phase00\INBOX\7S_placeholder_READY_540B58C1.py","7S_placeholder_READY_540B58C1.py",".py"
"D:\MAGIC\scripts\phase7\module_T\7T_placeholder_READY.py","D:\MAGIC\scripts\phase00\INBOX\7T_placeholder_READY_91A79637.py","7T_placeholder_READY_91A79637.py",".py"
"D:\MAGIC\scripts\phase7\module_U\7U_placeholder_READY.py","D:\MAGIC\scripts\phase00\INBOX\7U_placeholder_READY_F177D84F.py","7U_placeholder_READY_F177D84F.py",".py"
"D:\MAGIC\scripts\phase7\module_V\7V_placeholder_READY.py","D:\MAGIC\scripts\phase00\INBOX\7V_placeholder_READY_EAC1FA88.py","7V_placeholder_READY_EAC1FA88.py",".py"
"D:\MAGIC\scripts\phase7\module_W\7W_placeholder_READY.py","D:\MAGIC\scripts\phase00\INBOX\7W_placeholder_READY_62A3F376.py","7W_placeholder_READY_62A3F376.py",".py"
"D:\MAGIC\scripts\phase7\module_X\7X_placeholder_READY.py","D:\MAGIC\scripts\phase00\INBOX\7X_placeholder_READY_F18A514A.py","7X_placeholder_READY_F18A514A.py",".py"
"D:\MAGIC\scripts\phase7\module_Y\7Y_placeholder_READY.py","D:\MAGIC\scripts\phase00\INBOX\7Y_placeholder_READY_B85536EF.py","7Y_placeholder_READY_B85536EF.py",".py"
"D:\MAGIC\scripts\phase7\module_Z\7Z_placeholder_READY.py","D:\MAGIC\scripts\phase00\INBOX\7Z_placeholder_READY_D5014047.py","7Z_placeholder_READY_D5014047.py",".py"
"D:\MAGIC\scripts\phase8\module_A\8A_placeholder_READY.py","D:\MAGIC\scripts\phase00\INBOX\8A_placeholder_READY_9A22204E.py","8A_placeholder_READY_9A22204E.py",".py"
"D:\MAGIC\scripts\phase8\module_B\8B_placeholder_READY.py","D:\MAGIC\scripts\phase00\INBOX\8B_placeholder_READY_889207AA.py","8B_placeholder_READY_889207AA.py",".py"
"D:\MAGIC\scripts\phase8\module_C\8C_placeholder_READY.py","D:\MAGIC\scripts\phase00\INBOX\8C_placeholder_READY_C626E7A7.py","8C_placeholder_READY_C626E7A7.py",".py"
"D:\MAGIC\scripts\phase8\module_D\8D_placeholder_READY.py","D:\MAGIC\scripts\phase00\INBOX\8D_placeholder_READY_E4913AFA.py","8D_placeholder_READY_E4913AFA.py",".py"
"D:\MAGIC\scripts\phase8\module_E\8E_placeholder_READY.py","D:\MAGIC\scripts\phase00\INBOX\8E_placeholder_READY_FF3A5D84.py","8E_placeholder_READY_FF3A5D84.py",".py"
"D:\MAGIC\scripts\phase8\module_F\8F_placeholder_READY.py","D:\MAGIC\scripts\phase00\INBOX\8F_placeholder_READY_C78A87D3.py","8F_placeholder_READY_C78A87D3.py",".py"
"D:\MAGIC\scripts\phase8\module_G\8G_placeholder_READY.py","D:\MAGIC\scripts\phase00\INBOX\8G_placeholder_READY_DD313FE7.py","8G_placeholder_READY_DD313FE7.py",".py"
"D:\MAGIC\scripts\phase8\module_H\8H_placeholder_READY.py","D:\MAGIC\scripts\phase00\INBOX\8H_placeholder_READY_95CA3821.py","8H_placeholder_READY_95CA3821.py",".py"
"D:\MAGIC\scripts\phase8\module_I\8I_placeholder_READY.py","D:\MAGIC\scripts\phase00\INBOX\8I_placeholder_READY_59D6F5CC.py","8I_placeholder_READY_59D6F5CC.py",".py"
"D:\MAGIC\scripts\phase8\module_J\8J_placeholder_READY.py","D:\MAGIC\scripts\phase00\INBOX\8J_placeholder_READY_63DCB102.py","8J_placeholder_READY_63DCB102.py",".py"
"D:\MAGIC\scripts\phase8\module_K\8K_placeholder_READY.py","D:\MAGIC\scripts\phase00\INBOX\8K_placeholder_READY_B86664CF.py","8K_placeholder_READY_B86664CF.py",".py"
"D:\MAGIC\scripts\phase8\module_L\8L_placeholder_READY.py","D:\MAGIC\scripts\phase00\INBOX\8L_placeholder_READY_26991BAC.py","8L_placeholder_READY_26991BAC.py",".py"
"D:\MAGIC\scripts\phase8\module_M\8M_placeholder_READY.py","D:\MAGIC\scripts\phase00\INBOX\8M_placeholder_READY_734E879A.py","8M_placeholder_READY_734E879A.py",".py"
"D:\MAGIC\scripts\phase8\module_N\8N_placeholder_READY.py","D:\MAGIC\scripts\phase00\INBOX\8N_placeholder_READY_0D53AF1E.py","8N_placeholder_READY_0D53AF1E.py",".py"
"D:\MAGIC\scripts\phase8\module_O\8O_placeholder_READY.py","D:\MAGIC\scripts\phase00\INBOX\8O_placeholder_READY_BFE41B7F.py","8O_placeholder_READY_BFE41B7F.py",".py"
"D:\MAGIC\scripts\phase8\module_P\8P_placeholder_READY.py","D:\MAGIC\scripts\phase00\INBOX\8P_placeholder_READY_234C3419.py","8P_placeholder_READY_234C3419.py",".py"
"D:\MAGIC\scripts\phase8\module_Q\8Q_placeholder_READY.py","D:\MAGIC\scripts\phase00\INBOX\8Q_placeholder_READY_0A80882B.py","8Q_placeholder_READY_0A80882B.py",".py"
"D:\MAGIC\scripts\phase8\module_R\8R_placeholder_READY.py","D:\MAGIC\scripts\phase00\INBOX\8R_placeholder_READY_6E7ED0C4.py","8R_placeholder_READY_6E7ED0C4.py",".py"
"D:\MAGIC\scripts\phase8\module_S\8S_placeholder_READY.py","D:\MAGIC\scripts\phase00\INBOX\8S_placeholder_READY_CD177A8A.py","8S_placeholder_READY_CD177A8A.py",".py"
"D:\MAGIC\scripts\phase8\module_T\8T_placeholder_READY.py","D:\MAGIC\scripts\phase00\INBOX\8T_placeholder_READY_4C07BEE7.py","8T_placeholder_READY_4C07BEE7.py",".py"
"D:\MAGIC\scripts\phase8\module_U\8U_placeholder_READY.py","D:\MAGIC\scripts\phase00\INBOX\8U_placeholder_READY_65201DB9.py","8U_placeholder_READY_65201DB9.py",".py"
"D:\MAGIC\scripts\phase8\module_V\8V_placeholder_READY.py","D:\MAGIC\scripts\phase00\INBOX\8V_placeholder_READY_0C58C38D.py","8V_placeholder_READY_0C58C38D.py",".py"
"D:\MAGIC\scripts\phase8\module_W\8W_placeholder_READY.py","D:\MAGIC\scripts\phase00\INBOX\8W_placeholder_READY_5790AE31.py","8W_placeholder_READY_5790AE31.py",".py"
"D:\MAGIC\scripts\phase8\module_X\8X_placeholder_READY.py","D:\MAGIC\scripts\phase00\INBOX\8X_placeholder_READY_BE0507C1.py","8X_placeholder_READY_BE0507C1.py",".py"
"D:\MAGIC\scripts\phase8\module_Y\8Y_placeholder_READY.py","D:\MAGIC\scripts\phase00\INBOX\8Y_placeholder_READY_13E0867D.py","8Y_placeholder_READY_13E0867D.py",".py"
"D:\MAGIC\scripts\phase8\module_Z\8Z_placeholder_READY.py","D:\MAGIC\scripts\phase00\INBOX\8Z_placeholder_READY_2CDF810D.py","8Z_placeholder_READY_2CDF810D.py",".py"
"D:\MAGIC\scripts\phase9\module_A\9A_placeholder_READY.py","D:\MAGIC\scripts\phase00\INBOX\9A_placeholder_READY_694AD94E.py","9A_placeholder_READY_694AD94E.py",".py"
"D:\MAGIC\scripts\phase9\module_B\9B_placeholder_READY.py","D:\MAGIC\scripts\phase00\INBOX\9B_placeholder_READY_37BC3131.py","9B_placeholder_READY_37BC3131.py",".py"
"D:\MAGIC\scripts\phase9\module_C\9C_placeholder_READY.py","D:\MAGIC\scripts\phase00\INBOX\9C_placeholder_READY_5CCA2686.py","9C_placeholder_READY_5CCA2686.py",".py"
"D:\MAGIC\scripts\phase9\module_D\9D_placeholder_READY.py","D:\MAGIC\scripts\phase00\INBOX\9D_placeholder_READY_64C57F14.py","9D_placeholder_READY_64C57F14.py",".py"
"D:\MAGIC\scripts\phase9\module_E\9E_placeholder_READY.py","D:\MAGIC\scripts\phase00\INBOX\9E_placeholder_READY_31B848A6.py","9E_placeholder_READY_31B848A6.py",".py"
"D:\MAGIC\scripts\phase9\module_F\9F_placeholder_READY.py","D:\MAGIC\scripts\phase00\INBOX\9F_placeholder_READY_36863382.py","9F_placeholder_READY_36863382.py",".py"
"D:\MAGIC\scripts\phase9\module_G\9G_placeholder_READY.py","D:\MAGIC\scripts\phase00\INBOX\9G_placeholder_READY_F675785B.py","9G_placeholder_READY_F675785B.py",".py"
"D:\MAGIC\scripts\phase9\module_H\9H_placeholder_READY.py","D:\MAGIC\scripts\phase00\INBOX\9H_placeholder_READY_07223D8D.py","9H_placeholder_READY_07223D8D.py",".py"
"D:\MAGIC\scripts\phase9\module_I\9I_placeholder_READY.py","D:\MAGIC\scripts\phase00\INBOX\9I_placeholder_READY_ECEAE454.py","9I_placeholder_READY_ECEAE454.py",".py"
"D:\MAGIC\scripts\phase9\module_J\9J_placeholder_READY.py","D:\MAGIC\scripts\phase00\INBOX\9J_placeholder_READY_285FB16C.py","9J_placeholder_READY_285FB16C.py",".py"
"D:\MAGIC\scripts\phase9\module_K\9K_placeholder_READY.py","D:\MAGIC\scripts\phase00\INBOX\9K_placeholder_READY_AEDD5392.py","9K_placeholder_READY_AEDD5392.py",".py"
"D:\MAGIC\scripts\phase9\module_L\9L_placeholder_READY.py","D:\MAGIC\scripts\phase00\INBOX\9L_placeholder_READY_83B904CC.py","9L_placeholder_READY_83B904CC.py",".py"
"D:\MAGIC\scripts\phase9\module_M\9M_placeholder_READY.py","D:\MAGIC\scripts\phase00\INBOX\9M_placeholder_READY_4F72D975.py","9M_placeholder_READY_4F72D975.py",".py"
"D:\MAGIC\scripts\phase9\module_N\9N_placeholder_READY.py","D:\MAGIC\scripts\phase00\INBOX\9N_placeholder_READY_E3D7EC84.py","9N_placeholder_READY_E3D7EC84.py",".py"
"D:\MAGIC\scripts\phase9\module_O\9O_placeholder_READY.py","D:\MAGIC\scripts\phase00\INBOX\9O_placeholder_READY_2AA8DA58.py","9O_placeholder_READY_2AA8DA58.py",".py"
"D:\MAGIC\scripts\phase9\module_P\9P_placeholder_READY.py","D:\MAGIC\scripts\phase00\INBOX\9P_placeholder_READY_97BA7D06.py","9P_placeholder_READY_97BA7D06.py",".py"
"D:\MAGIC\scripts\phase9\module_Q\9Q_placeholder_READY.py","D:\MAGIC\scripts\phase00\INBOX\9Q_placeholder_READY_0E28CC65.py","9Q_placeholder_READY_0E28CC65.py",".py"
"D:\MAGIC\scripts\phase9\module_R\9R_placeholder_READY.py","D:\MAGIC\scripts\phase00\INBOX\9R_placeholder_READY_8DCCFCA3.py","9R_placeholder_READY_8DCCFCA3.py",".py"
"D:\MAGIC\scripts\phase9\module_S\9S_placeholder_READY.py","D:\MAGIC\scripts\phase00\INBOX\9S_placeholder_READY_F10069DC.py","9S_placeholder_READY_F10069DC.py",".py"
"D:\MAGIC\scripts\phase9\module_T\9T_placeholder_READY.py","D:\MAGIC\scripts\phase00\INBOX\9T_placeholder_READY_DA1E0EB3.py","9T_placeholder_READY_DA1E0EB3.py",".py"
"D:\MAGIC\scripts\phase9\module_U\9U_placeholder_READY.py","D:\MAGIC\scripts\phase00\INBOX\9U_placeholder_READY_6C403376.py","9U_placeholder_READY_6C403376.py",".py"
"D:\MAGIC\scripts\phase9\module_V\9V_placeholder_READY.py","D:\MAGIC\scripts\phase00\INBOX\9V_placeholder_READY_5E10B131.py","9V_placeholder_READY_5E10B131.py",".py"
"D:\MAGIC\scripts\phase9\module_W\9W_placeholder_READY.py","D:\MAGIC\scripts\phase00\INBOX\9W_placeholder_READY_C8A377EA.py","9W_placeholder_READY_C8A377EA.py",".py"
"D:\MAGIC\scripts\phase9\module_X\9X_placeholder_READY.py","D:\MAGIC\scripts\phase00\INBOX\9X_placeholder_READY_FD54B1E7.py","9X_placeholder_READY_FD54B1E7.py",".py"
"D:\MAGIC\scripts\phase9\module_Y\9Y_placeholder_READY.py","D:\MAGIC\scripts\phase00\INBOX\9Y_placeholder_READY_022C40F5.py","9Y_placeholder_READY_022C40F5.py",".py"
"D:\MAGIC\scripts\phase9\module_Z\9Z_placeholder_READY.py","D:\MAGIC\scripts\phase00\INBOX\9Z_placeholder_READY_B3ADEECB.py","9Z_placeholder_READY_B3ADEECB.py",".py"
"D:\MAGIC\sync\magic_patch.csv","D:\MAGIC\scripts\phase00\INBOX\magic_patch_DF0CAE27.csv","magic_patch_DF0CAE27.csv",".csv"
"D:\MAGIC\tests\conftest.py","D:\MAGIC\scripts\phase00\INBOX\conftest_67A0CE97.py","conftest_67A0CE97.py",".py"
"D:\MAGIC\tests\fix_and_test_zephyr.ps1","D:\MAGIC\scripts\phase00\INBOX\fix_and_test_zephyr_D384A2F7.ps1","fix_and_test_zephyr_D384A2F7.ps1",".ps1"
"D:\MAGIC\tests\run_tests.ps1","D:\MAGIC\scripts\phase00\INBOX\run_tests_33CD6473.ps1","run_tests_33CD6473.ps1",".ps1"
"D:\MAGIC\tests\test_all_zephyr.ps1","D:\MAGIC\scripts\phase00\INBOX\test_all_zephyr_4486766B.ps1","test_all_zephyr_4486766B.ps1",".ps1"
"D:\MAGIC\tests\test_build_dashboard.py","D:\MAGIC\scripts\phase00\INBOX\test_build_dashboard_64F4C8E8.py","test_build_dashboard_64F4C8E8.py",".py"
"D:\MAGIC\tests\test_create_manifest_covfill.py","D:\MAGIC\scripts\phase00\INBOX\test_create_manifest_covfill_8C311A6E.py","test_create_manifest_covfill_8C311A6E.py",".py"
"D:\MAGIC\tests\test_dashboard_suite.ps1","D:\MAGIC\scripts\phase00\INBOX\test_dashboard_suite_6DEF2A8A.ps1","test_dashboard_suite_6DEF2A8A.ps1",".ps1"
"D:\MAGIC\tests\test_e2e_smoketest.py","D:\MAGIC\scripts\phase00\INBOX\test_e2e_smoketest_EB82E289.py","test_e2e_smoketest_EB82E289.py",".py"
"D:\MAGIC\tests\test_integrity_checker.py","D:\MAGIC\scripts\phase00\INBOX\test_integrity_checker_98FA0B8A.py","test_integrity_checker_98FA0B8A.py",".py"
"D:\MAGIC\tests\test_metrics_emitter.py","D:\MAGIC\scripts\phase00\INBOX\test_metrics_emitter_43313FE5.py","test_metrics_emitter_43313FE5.py",".py"
"D:\MAGIC\tests\test_remediator_unit.py","D:\MAGIC\scripts\phase00\INBOX\test_remediator_unit_16FFA75B.py","test_remediator_unit_16FFA75B.py",".py"
"D:\MAGIC\tests\test_scripts_status.ps1","D:\MAGIC\scripts\phase00\INBOX\test_scripts_status_41F005A2.ps1","test_scripts_status_41F005A2.ps1",".ps1"
"D:\MAGIC\tests\test_smoke.py","D:\MAGIC\scripts\phase00\INBOX\test_smoke_6273A0AD.py","test_smoke_6273A0AD.py",".py"
"D:\MAGIC\tools\add-ci-with-lint.ps1","D:\MAGIC\scripts\phase00\INBOX\add-ci-with-lint_0363F83E.ps1","add-ci-with-lint_0363F83E.ps1",".ps1"
"D:\MAGIC\tools\apply_remediation_ai.py","D:\MAGIC\scripts\phase00\INBOX\apply_remediation_ai_B63B4052.py","apply_remediation_ai_B63B4052.py",".py"
"D:\MAGIC\tools\auto_fix_placeholders.ps1","D:\MAGIC\scripts\phase00\INBOX\auto_fix_placeholders_5502C501.ps1","auto_fix_placeholders_5502C501.ps1",".ps1"
"D:\MAGIC\tools\auto_patcher.py","D:\MAGIC\scripts\phase00\INBOX\auto_patcher_263FABAC.py","auto_patcher_263FABAC.py",".py"
"D:\MAGIC\tools\auto_recover_watchdog.ps1","D:\MAGIC\scripts\phase00\INBOX\auto_recover_watchdog_EF0A3D81.ps1","auto_recover_watchdog_EF0A3D81.ps1",".ps1"
"D:\MAGIC\tools\backup_failed_scripts.ps1","D:\MAGIC\scripts\phase00\INBOX\backup_failed_scripts_09FC9EF0.ps1","backup_failed_scripts_09FC9EF0.ps1",".ps1"
"D:\MAGIC\tools\backup_failed_scripts.py","D:\MAGIC\scripts\phase00\INBOX\backup_failed_scripts_6469D5F0.py","backup_failed_scripts_6469D5F0.py",".py"
"D:\MAGIC\tools\backup_manifest.py","D:\MAGIC\scripts\phase00\INBOX\backup_manifest_3408A91D.py","backup_manifest_3408A91D.py",".py"
"D:\MAGIC\tools\branch-protection.ps1","D:\MAGIC\scripts\phase00\INBOX\branch-protection_3FA1B7EF.ps1","branch-protection_3FA1B7EF.ps1",".ps1"
"D:\MAGIC\tools\build_dashboard.py","D:\MAGIC\scripts\phase00\INBOX\build_dashboard_A6337C9E.py","build_dashboard_A6337C9E.py",".py"
"D:\MAGIC\tools\build_manifest_v2.ps1","D:\MAGIC\scripts\phase00\INBOX\build_manifest_v2_4146AAEA.ps1","build_manifest_v2_4146AAEA.ps1",".ps1"
"D:\MAGIC\tools\check_script_clean.ps1","D:\MAGIC\scripts\phase00\INBOX\check_script_clean_F3E7F1DA.ps1","check_script_clean_F3E7F1DA.ps1",".ps1"
"D:\MAGIC\tools\cleanup_agent.py","D:\MAGIC\scripts\phase00\INBOX\cleanup_agent_D9197A6B.py","cleanup_agent_D9197A6B.py",".py"
"D:\MAGIC\tools\cleanup_logs.ps1","D:\MAGIC\scripts\phase00\INBOX\cleanup_logs_28D69DF6.ps1","cleanup_logs_28D69DF6.ps1",".ps1"
"D:\MAGIC\tools\create_manifest.py","D:\MAGIC\scripts\phase00\INBOX\create_manifest_F36D0D34.py","create_manifest_F36D0D34.py",".py"
"D:\MAGIC\tools\create_phase11_moduleA_placeholders.ps1","D:\MAGIC\scripts\phase00\INBOX\create_phase11_moduleA_placeholders_50EB37D9.ps1","create_phase11_moduleA_placeholders_50EB37D9.ps1",".ps1"
"D:\MAGIC\tools\debug_manifest.py","D:\MAGIC\scripts\phase00\INBOX\debug_manifest_F55DD992.py","debug_manifest_F55DD992.py",".py"
"D:\MAGIC\tools\dev_all.ps1","D:\MAGIC\scripts\phase00\INBOX\dev_all_FD2211FA.ps1","dev_all_FD2211FA.ps1",".ps1"
"D:\MAGIC\tools\e2e_smoketest.py","D:\MAGIC\scripts\phase00\INBOX\e2e_smoketest_0D0931C9.py","e2e_smoketest_0D0931C9.py",".py"
"D:\MAGIC\tools\emit_metrics_from_summaries.py","D:\MAGIC\scripts\phase00\INBOX\emit_metrics_from_summaries_0E11B196.py","emit_metrics_from_summaries_0E11B196.py",".py"
"D:\MAGIC\tools\ensure_placeholders.py","D:\MAGIC\scripts\phase00\INBOX\ensure_placeholders_39AAF280.py","ensure_placeholders_39AAF280.py",".py"
"D:\MAGIC\tools\fix_e2e_and_rerun.ps1","D:\MAGIC\scripts\phase00\INBOX\fix_e2e_and_rerun_77A4D986.ps1","fix_e2e_and_rerun_77A4D986.ps1",".ps1"
"D:\MAGIC\tools\fix_e2e_and_rerun.ps1 -Phase 11.txt","D:\MAGIC\scripts\phase00\INBOX\fix_e2e_and_rerun.ps1 -Phase 11_D48000FD.txt","fix_e2e_and_rerun.ps1 -Phase 11_D48000FD.txt",".txt"
"D:\MAGIC\tools\fix_log_writer_agent.py","D:\MAGIC\scripts\phase00\INBOX\fix_log_writer_agent_048F6291.py","fix_log_writer_agent_048F6291.py",".py"
"D:\MAGIC\tools\generate_manifest_and_placeholders.ps1","D:\MAGIC\scripts\phase00\INBOX\generate_manifest_and_placeholders_DC6C2F03.ps1","generate_manifest_and_placeholders_DC6C2F03.ps1",".ps1"
"D:\MAGIC\tools\generate_patch_csv.py","D:\MAGIC\scripts\phase00\INBOX\generate_patch_csv_62973F09.py","generate_patch_csv_62973F09.py",".py"
"D:\MAGIC\tools\magic_full_audit.ps1","D:\MAGIC\scripts\phase00\INBOX\magic_full_audit_167304FA.ps1","magic_full_audit_167304FA.ps1",".ps1"
"D:\MAGIC\tools\magic_full_tree_audit.ps1","D:\MAGIC\scripts\phase00\INBOX\magic_full_tree_audit_B32F4405.ps1","magic_full_tree_audit_B32F4405.ps1",".ps1"
"D:\MAGIC\tools\Magic_Orchestrator_Master.ps1","D:\MAGIC\scripts\phase00\INBOX\Magic_Orchestrator_Master_A3586629.ps1","Magic_Orchestrator_Master_A3586629.ps1",".ps1"
"D:\MAGIC\tools\Magic_Orchestrator_Master_FIXED.ps1","D:\MAGIC\scripts\phase00\INBOX\Magic_Orchestrator_Master_FIXED_CFF973FB.ps1","Magic_Orchestrator_Master_FIXED_CFF973FB.ps1",".ps1"
"D:\MAGIC\tools\magic_phase11_autoheal_and_test.ps1","D:\MAGIC\scripts\phase00\INBOX\magic_phase11_autoheal_and_test_B5EA57EC.ps1","magic_phase11_autoheal_and_test_B5EA57EC.ps1",".ps1"
"D:\MAGIC\tools\magic_phase11_autostub.ps1","D:\MAGIC\scripts\phase00\INBOX\magic_phase11_autostub_B430F787.ps1","magic_phase11_autostub_B430F787.ps1",".ps1"
"D:\MAGIC\tools\magic_phase11_full_cycle.py","D:\MAGIC\scripts\phase00\INBOX\magic_phase11_full_cycle_7FF8245A.py","magic_phase11_full_cycle_7FF8245A.py",".py"
"D:\MAGIC\tools\Magic_Placeholder_Rebuilder.ps1","D:\MAGIC\scripts\phase00\INBOX\Magic_Placeholder_Rebuilder_9BD65B38.ps1","Magic_Placeholder_Rebuilder_9BD65B38.ps1",".ps1"
"D:\MAGIC\tools\Magic_Placeholder_Rebuilder_FIXED.ps1","D:\MAGIC\scripts\phase00\INBOX\Magic_Placeholder_Rebuilder_FIXED_A9F0DDD0.ps1","Magic_Placeholder_Rebuilder_FIXED_A9F0DDD0.ps1",".ps1"
"D:\MAGIC\tools\magic_scan_status.ps1","D:\MAGIC\scripts\phase00\INBOX\magic_scan_status_A7327CFA.ps1","magic_scan_status_A7327CFA.ps1",".ps1"
"D:\MAGIC\tools\magic_self_test.ps1","D:\MAGIC\scripts\phase00\INBOX\magic_self_test_4D99EE0C.ps1","magic_self_test_4D99EE0C.ps1",".ps1"
"D:\MAGIC\tools\magic_todo_audit.ps1","D:\MAGIC\scripts\phase00\INBOX\magic_todo_audit_20F6B79E.ps1","magic_todo_audit_20F6B79E.ps1",".ps1"
"D:\MAGIC\tools\magic_unified_watchdog.ps1","D:\MAGIC\scripts\phase00\INBOX\magic_unified_watchdog_8ABFDB19.ps1","magic_unified_watchdog_8ABFDB19.ps1",".ps1"
"D:\MAGIC\tools\make_release_notes.ps1","D:\MAGIC\scripts\phase00\INBOX\make_release_notes_1A78F982.ps1","make_release_notes_1A78F982.ps1",".ps1"
"D:\MAGIC\tools\manifest_filter_patch2.py","D:\MAGIC\scripts\phase00\INBOX\manifest_filter_patch2_BCC9DB63.py","manifest_filter_patch2_BCC9DB63.py",".py"
"D:\MAGIC\tools\merge_summaries.py","D:\MAGIC\scripts\phase00\INBOX\merge_summaries_B301918B.py","merge_summaries_B301918B.py",".py"
"D:\MAGIC\tools\New Text Document.txt","D:\MAGIC\scripts\phase00\INBOX\New Text Document_E3B0C442.txt","New Text Document_E3B0C442.txt",".txt"
"D:\MAGIC\tools\notion_status_patcher_FIXED.py","D:\MAGIC\scripts\phase00\INBOX\notion_status_patcher_FIXED_55FC3C08.py","notion_status_patcher_FIXED_55FC3C08.py",".py"
"D:\MAGIC\tools\notion_status_updater.py","D:\MAGIC\scripts\phase00\INBOX\notion_status_updater_CDDA43E7.py","notion_status_updater_CDDA43E7.py",".py"
"D:\MAGIC\tools\notion_sync_agent.py","D:\MAGIC\scripts\phase00\INBOX\notion_sync_agent_FE18BBDC.py","notion_sync_agent_FE18BBDC.py",".py"
"D:\MAGIC\tools\parse_phase11_test_log.ps1","D:\MAGIC\scripts\phase00\INBOX\parse_phase11_test_log_A8FE05E4.ps1","parse_phase11_test_log_A8FE05E4.ps1",".ps1"
"D:\MAGIC\tools\patch_manifest_c.py","D:\MAGIC\scripts\phase00\INBOX\patch_manifest_c_8B4E6857.py","patch_manifest_c_8B4E6857.py",".py"
"D:\MAGIC\tools\phase11_master_test_runner.ps1","D:\MAGIC\scripts\phase00\INBOX\phase11_master_test_runner_78EA260A.ps1","phase11_master_test_runner_78EA260A.ps1",".ps1"
"D:\MAGIC\tools\phase11_orchestrator.ps1","D:\MAGIC\scripts\phase00\INBOX\phase11_orchestrator_BFE78EF4.ps1","phase11_orchestrator_BFE78EF4.ps1",".ps1"
"D:\MAGIC\tools\phase11_sanity_runner.py","D:\MAGIC\scripts\phase00\INBOX\phase11_sanity_runner_617EB760.py","phase11_sanity_runner_617EB760.py",".py"
"D:\MAGIC\tools\phase11_sanity_test.ps1","D:\MAGIC\scripts\phase00\INBOX\phase11_sanity_test_A7C98927.ps1","phase11_sanity_test_A7C98927.ps1",".ps1"
"D:\MAGIC\tools\plan_cleanup.ps1","D:\MAGIC\scripts\phase00\INBOX\plan_cleanup_998BA7FA.ps1","plan_cleanup_998BA7FA.ps1",".ps1"
"D:\MAGIC\tools\ps_parallel_probe.ps1","D:\MAGIC\scripts\phase00\INBOX\ps_parallel_probe_3988D6ED.ps1","ps_parallel_probe_3988D6ED.ps1",".ps1"
"D:\MAGIC\tools\publish-release.ps1","D:\MAGIC\scripts\phase00\INBOX\publish-release_74B8E32F.ps1","publish-release_74B8E32F.ps1",".ps1"
"D:\MAGIC\tools\remediator.py","D:\MAGIC\scripts\phase00\INBOX\remediator_0950F4F0.py","remediator_0950F4F0.py",".py"
"D:\MAGIC\tools\remove_emoji_from_prints.ps1","D:\MAGIC\scripts\phase00\INBOX\remove_emoji_from_prints_8FB29F00.ps1","remove_emoji_from_prints_8FB29F00.ps1",".ps1"
"D:\MAGIC\tools\run_allphases.ps1","D:\MAGIC\scripts\phase00\INBOX\run_allphases_CBF37CDF.ps1","run_allphases_CBF37CDF.ps1",".ps1"
"D:\MAGIC\tools\run_self_healing_agent.py","D:\MAGIC\scripts\phase00\INBOX\run_self_healing_agent_06A9DC76.py","run_self_healing_agent_06A9DC76.py",".py"
"D:\MAGIC\tools\scan_magic.ps1","D:\MAGIC\scripts\phase00\INBOX\scan_magic_184BD241.ps1","scan_magic_184BD241.ps1",".ps1"
"D:\MAGIC\tools\self_healing_runner_v5_parallel.py","D:\MAGIC\scripts\phase00\INBOX\self_healing_runner_v5_parallel_496B0FCD.py","self_healing_runner_v5_parallel_496B0FCD.py",".py"
"D:\MAGIC\tools\self_heal_agents.py","D:\MAGIC\scripts\phase00\INBOX\self_heal_agents_40E3226D.py","self_heal_agents_40E3226D.py",".py"
"D:\MAGIC\tools\setup_test_errors.ps1","D:\MAGIC\scripts\phase00\INBOX\setup_test_errors_641F3D30.ps1","setup_test_errors_641F3D30.ps1",".ps1"
"D:\MAGIC\tools\verify_magic_complete.ps1","D:\MAGIC\scripts\phase00\INBOX\verify_magic_complete_A74CFBBC.ps1","verify_magic_complete_A74CFBBC.ps1",".ps1"
"D:\MAGIC\tools\week10_selfcheck.ps1","D:\MAGIC\scripts\phase00\INBOX\week10_selfcheck_C730CE2D.ps1","week10_selfcheck_C730CE2D.ps1",".ps1"
"D:\MAGIC\tools\__init__.py","D:\MAGIC\scripts\phase00\INBOX\__init___E3B0C442.py","__init___E3B0C442.py",".py"
"D:\MAGIC\tools\gates\check_weeks.ps1","D:\MAGIC\scripts\phase00\INBOX\check_weeks_B9B30084.ps1","check_weeks_B9B30084.ps1",".ps1"
"D:\MAGIC\tools\gates\fix_weeks_5_to_9.ps1","D:\MAGIC\scripts\phase00\INBOX\fix_weeks_5_to_9_5F7F6DF1.ps1","fix_weeks_5_to_9_5F7F6DF1.ps1",".ps1"
"D:\MAGIC\tools\scan_reports\magic_scan_report.md","D:\MAGIC\scripts\phase00\INBOX\magic_scan_report_463A47F6.md","magic_scan_report_463A47F6.md",".md"
